0 verbose cli C:\Program Files\nodejs\node.exe C:\Program Files\nodejs\node_modules\npm\bin\npm-cli.js
1 info using npm@11.13.0
2 info using node@v24.16.0
3 silly config load:file:C:\Program Files\nodejs\node_modules\npm\npmrc
4 silly config load:file:C:\Users\tupai\OneDrive\Área de Trabalho\amigo_pet\projeto-amigopet\front\.npmrc
5 silly config load:file:C:\Users\tupai\.npmrc
6 silly config load:file:C:\Users\tupai\AppData\Roaming\npm\etc\npmrc
7 verbose title npm ci
8 verbose argv "ci" "--legacy-peer-deps" "--cache" ".\\.npm-cache"
9 verbose logfile logs-max:10 dir:C:\Users\tupai\OneDrive\Área de Trabalho\amigo_pet\projeto-amigopet\front\.npm-cache\_logs\2026-06-10T19_46_45_700Z-
10 verbose logfile C:\Users\tupai\OneDrive\Área de Trabalho\amigo_pet\projeto-amigopet\front\.npm-cache\_logs\2026-06-10T19_46_45_700Z-debug-0.log
11 silly logfile done cleaning log files
12 silly packumentCache heap:2192310272 maxSize:548077568 maxEntrySize:274038784
13 silly packumentCache heap:2192310272 maxSize:548077568 maxEntrySize:274038784
14 silly idealTree buildDeps
15 silly fetch manifest @angular/animations@^19.0.0
16 silly packumentCache full:https://registry.npmjs.org/@angular%2fanimations cache-miss
17 http cache https://registry.npmjs.org/@angular%2fanimations 133ms (cache hit)
18 silly packumentCache full:https://registry.npmjs.org/@angular%2fanimations set size:2842091 disposed:false
19 silly fetch manifest @angular/common@^19.0.0
20 silly packumentCache full:https://registry.npmjs.org/@angular%2fcommon cache-miss
21 http cache https://registry.npmjs.org/@angular%2fcommon 72ms (cache hit)
22 silly packumentCache full:https://registry.npmjs.org/@angular%2fcommon set size:3141660 disposed:false
23 silly fetch manifest @angular/compiler@^19.0.0
24 silly packumentCache full:https://registry.npmjs.org/@angular%2fcompiler cache-miss
25 http cache https://registry.npmjs.org/@angular%2fcompiler 27ms (cache hit)
26 silly packumentCache full:https://registry.npmjs.org/@angular%2fcompiler set size:2732726 disposed:false
27 silly fetch manifest @angular/core@^19.0.0
28 silly packumentCache full:https://registry.npmjs.org/@angular%2fcore cache-miss
29 http cache https://registry.npmjs.org/@angular%2fcore 84ms (cache hit)
30 silly packumentCache full:https://registry.npmjs.org/@angular%2fcore set size:3030757 disposed:false
31 silly fetch manifest @angular/forms@^19.0.0
32 silly packumentCache full:https://registry.npmjs.org/@angular%2fforms cache-miss
33 http cache https://registry.npmjs.org/@angular%2fforms 57ms (cache hit)
34 silly packumentCache full:https://registry.npmjs.org/@angular%2fforms set size:2786019 disposed:false
35 silly fetch manifest @angular/platform-browser@^19.0.0
36 silly packumentCache full:https://registry.npmjs.org/@angular%2fplatform-browser cache-miss
37 http cache https://registry.npmjs.org/@angular%2fplatform-browser 97ms (cache hit)
38 silly packumentCache full:https://registry.npmjs.org/@angular%2fplatform-browser set size:3135222 disposed:false
39 silly fetch manifest @angular/platform-browser-dynamic@^19.0.0
40 silly packumentCache full:https://registry.npmjs.org/@angular%2fplatform-browser-dynamic cache-miss
41 http cache https://registry.npmjs.org/@angular%2fplatform-browser-dynamic 140ms (cache hit)
42 silly packumentCache full:https://registry.npmjs.org/@angular%2fplatform-browser-dynamic set size:3135974 disposed:false
43 silly fetch manifest @angular/router@^19.0.0
44 silly packumentCache full:https://registry.npmjs.org/@angular%2frouter cache-miss
45 http cache https://registry.npmjs.org/@angular%2frouter 76ms (cache hit)
46 silly packumentCache full:https://registry.npmjs.org/@angular%2frouter set size:3025404 disposed:false
47 silly fetch manifest @primeng/themes@^19.0.0
48 silly packumentCache full:https://registry.npmjs.org/@primeng%2fthemes cache-miss
49 http cache https://registry.npmjs.org/@primeng%2fthemes 83ms (cache hit)
50 silly packumentCache full:https://registry.npmjs.org/@primeng%2fthemes set size:121302 disposed:false
51 silly fetch manifest primeicons@^7.0.0
52 silly packumentCache full:https://registry.npmjs.org/primeicons cache-miss
53 http cache https://registry.npmjs.org/primeicons 67ms (cache hit)
54 silly packumentCache full:https://registry.npmjs.org/primeicons set size:66240 disposed:false
55 silly fetch manifest primeng@^19.0.0
56 silly packumentCache full:https://registry.npmjs.org/primeng cache-miss
57 http cache https://registry.npmjs.org/primeng 85ms (cache hit)
58 silly packumentCache full:https://registry.npmjs.org/primeng set size:8319577 disposed:false
59 silly fetch manifest zone.js@~0.15.0
60 silly packumentCache full:https://registry.npmjs.org/zone.js cache-miss
61 http cache https://registry.npmjs.org/zone.js 95ms (cache hit)
62 silly packumentCache full:https://registry.npmjs.org/zone.js set size:378576 disposed:false
63 silly fetch manifest @angular-devkit/build-angular@^19.0.0
64 silly packumentCache full:https://registry.npmjs.org/@angular-devkit%2fbuild-angular cache-miss
65 http cache https://registry.npmjs.org/@angular-devkit%2fbuild-angular 44ms (cache hit)
66 silly packumentCache full:https://registry.npmjs.org/@angular-devkit%2fbuild-angular set size:4154705 disposed:false
67 silly fetch manifest @angular/cli@^19.0.0
68 silly packumentCache full:https://registry.npmjs.org/@angular%2fcli cache-miss
69 http cache https://registry.npmjs.org/@angular%2fcli 63ms (cache hit)
70 silly packumentCache full:https://registry.npmjs.org/@angular%2fcli set size:3155217 disposed:false
71 silly fetch manifest @angular/compiler-cli@^19.0.0
72 silly packumentCache full:https://registry.npmjs.org/@angular%2fcompiler-cli cache-miss
73 http cache https://registry.npmjs.org/@angular%2fcompiler-cli 44ms (cache hit)
74 silly packumentCache full:https://registry.npmjs.org/@angular%2fcompiler-cli set size:3312211 disposed:false
75 silly fetch manifest @types/jasmine@~5.1.0
76 silly packumentCache full:https://registry.npmjs.org/@types%2fjasmine cache-miss
77 http cache https://registry.npmjs.org/@types%2fjasmine 81ms (cache hit)
78 silly packumentCache full:https://registry.npmjs.org/@types%2fjasmine set size:520126 disposed:false
79 silly fetch manifest jasmine-core@~5.2.0
80 silly packumentCache full:https://registry.npmjs.org/jasmine-core cache-miss
81 http cache https://registry.npmjs.org/jasmine-core 81ms (cache hit)
82 silly packumentCache full:https://registry.npmjs.org/jasmine-core set size:234688 disposed:false
83 silly fetch manifest typescript@~5.5.0
84 silly packumentCache full:https://registry.npmjs.org/typescript cache-miss
85 http cache https://registry.npmjs.org/typescript 164ms (cache hit)
86 silly packumentCache full:https://registry.npmjs.org/typescript set size:15409943 disposed:false
87 silly placeDep ROOT @angular-devkit/build-angular@19.2.27 REPLACE for: amigopet-front@1.0.0 want: ^19.0.0
88 silly placeDep ROOT @angular/animations@19.2.25 REPLACE for: amigopet-front@1.0.0 want: ^19.0.0
89 silly placeDep ROOT @angular/cli@19.2.27 REPLACE for: amigopet-front@1.0.0 want: ^19.0.0
90 silly placeDep ROOT @angular/common@19.2.25 REPLACE for: amigopet-front@1.0.0 want: ^19.0.0
91 silly placeDep ROOT @angular/compiler@19.2.25 REPLACE for: amigopet-front@1.0.0 want: ^19.0.0
92 silly placeDep ROOT @angular/compiler-cli@19.2.25 REPLACE for: amigopet-front@1.0.0 want: ^19.0.0
93 silly placeDep ROOT @angular/core@19.2.25 REPLACE for: amigopet-front@1.0.0 want: ^19.0.0
94 silly placeDep ROOT @angular/forms@19.2.25 REPLACE for: amigopet-front@1.0.0 want: ^19.0.0
95 silly placeDep ROOT @angular/platform-browser@19.2.25 REPLACE for: amigopet-front@1.0.0 want: ^19.0.0
96 silly placeDep ROOT @angular/platform-browser-dynamic@19.2.25 REPLACE for: amigopet-front@1.0.0 want: ^19.0.0
97 silly placeDep ROOT @angular/router@19.2.25 REPLACE for: amigopet-front@1.0.0 want: ^19.0.0
98 silly placeDep ROOT @primeng/themes@19.1.4 OK for: amigopet-front@1.0.0 want: ^19.0.0
99 silly placeDep ROOT @types/jasmine@5.1.15 REPLACE for: amigopet-front@1.0.0 want: ~5.1.0
100 silly placeDep ROOT jasmine-core@5.2.0 REPLACE for: amigopet-front@1.0.0 want: ~5.2.0
101 silly placeDep ROOT primeicons@7.0.0 REPLACE for: amigopet-front@1.0.0 want: ^7.0.0
102 silly placeDep ROOT primeng@19.1.4 REPLACE for: amigopet-front@1.0.0 want: ^19.0.0
103 silly placeDep ROOT typescript@5.5.4 REPLACE for: amigopet-front@1.0.0 want: ~5.5.0
104 silly placeDep ROOT zone.js@0.15.1 REPLACE for: amigopet-front@1.0.0 want: ~0.15.0
105 silly fetch manifest less@4.2.2
106 silly packumentCache full:https://registry.npmjs.org/less cache-miss
107 silly fetch manifest open@10.1.0
108 silly packumentCache full:https://registry.npmjs.org/open cache-miss
109 silly fetch manifest sass@1.85.0
110 silly packumentCache full:https://registry.npmjs.org/sass cache-miss
111 silly fetch manifest semver@7.7.1
112 silly packumentCache full:https://registry.npmjs.org/semver cache-miss
113 silly fetch manifest terser@5.39.0
114 silly packumentCache full:https://registry.npmjs.org/terser cache-miss
115 silly fetch manifest piscina@4.8.0
116 silly packumentCache full:https://registry.npmjs.org/piscina cache-miss
117 silly fetch manifest postcss@8.5.12
118 silly packumentCache full:https://registry.npmjs.org/postcss cache-miss
119 http fetch GET 200 https://registry.npmjs.org/open 640ms (cache miss)
120 silly packumentCache full:https://registry.npmjs.org/open set size:undefined disposed:false
121 silly fetch manifest webpack@5.105.0
122 silly packumentCache full:https://registry.npmjs.org/webpack cache-miss
123 http fetch GET 200 https://registry.npmjs.org/semver 727ms (cache miss)
124 silly packumentCache full:https://registry.npmjs.org/semver set size:undefined disposed:false
125 silly fetch manifest fast-glob@3.3.3
126 silly packumentCache full:https://registry.npmjs.org/fast-glob cache-miss
127 http fetch GET 200 https://registry.npmjs.org/less 841ms (cache miss)
128 silly packumentCache full:https://registry.npmjs.org/less set size:undefined disposed:false
129 silly fetch manifest picomatch@4.0.4
130 silly packumentCache full:https://registry.npmjs.org/picomatch cache-miss
131 http fetch GET 200 https://registry.npmjs.org/piscina 1069ms (cache miss)
132 silly packumentCache full:https://registry.npmjs.org/piscina set size:undefined disposed:false
133 silly fetch manifest css-loader@7.1.2
134 silly packumentCache full:https://registry.npmjs.org/css-loader cache-miss
135 http fetch GET 200 https://registry.npmjs.org/fast-glob 360ms (cache miss)
136 silly packumentCache full:https://registry.npmjs.org/fast-glob set size:undefined disposed:false
137 silly fetch manifest @babel/core@7.26.10
138 silly packumentCache full:https://registry.npmjs.org/@babel%2fcore cache-miss
139 http fetch GET 200 https://registry.npmjs.org/sass 1119ms (cache miss)
140 silly packumentCache full:https://registry.npmjs.org/sass set size:undefined disposed:false
141 silly fetch manifest less-loader@12.2.0
142 silly packumentCache full:https://registry.npmjs.org/less-loader cache-miss
143 http fetch GET 200 https://registry.npmjs.org/picomatch 289ms (cache miss)
144 silly packumentCache full:https://registry.npmjs.org/picomatch set size:undefined disposed:false
145 silly fetch manifest sass-loader@16.0.5
146 silly packumentCache full:https://registry.npmjs.org/sass-loader cache-miss
147 http fetch GET 200 https://registry.npmjs.org/postcss 1189ms (cache miss)
148 silly packumentCache full:https://registry.npmjs.org/postcss set size:undefined disposed:false
149 silly fetch manifest autoprefixer@10.4.20
150 silly packumentCache full:https://registry.npmjs.org/autoprefixer cache-miss
151 http fetch GET 200 https://registry.npmjs.org/terser 1334ms (cache miss)
152 silly packumentCache full:https://registry.npmjs.org/terser set size:undefined disposed:false
153 silly fetch manifest babel-loader@9.2.1
154 silly packumentCache full:https://registry.npmjs.org/babel-loader cache-miss
155 http fetch GET 200 https://registry.npmjs.org/less-loader 320ms (cache miss)
156 silly packumentCache full:https://registry.npmjs.org/less-loader set size:undefined disposed:false
157 silly fetch manifest esbuild-wasm@0.28.0
158 silly packumentCache full:https://registry.npmjs.org/esbuild-wasm cache-miss
159 http fetch GET 200 https://registry.npmjs.org/sass-loader 371ms (cache miss)
160 silly packumentCache full:https://registry.npmjs.org/sass-loader set size:undefined disposed:false
161 silly fetch manifest jsonc-parser@3.3.1
162 silly packumentCache full:https://registry.npmjs.org/jsonc-parser cache-miss
163 http fetch GET 200 https://registry.npmjs.org/babel-loader 207ms (cache miss)
164 silly packumentCache full:https://registry.npmjs.org/babel-loader set size:undefined disposed:false
165 silly fetch manifest loader-utils@3.3.1
166 silly packumentCache full:https://registry.npmjs.org/loader-utils cache-miss
167 http fetch GET 200 https://registry.npmjs.org/css-loader 516ms (cache miss)
168 silly packumentCache full:https://registry.npmjs.org/css-loader set size:undefined disposed:false
169 silly fetch manifest webpack-merge@6.0.1
170 silly packumentCache full:https://registry.npmjs.org/webpack-merge cache-miss
171 http fetch GET 200 https://registry.npmjs.org/@babel%2fcore 511ms (cache miss)
172 silly packumentCache full:https://registry.npmjs.org/@babel%2fcore set size:undefined disposed:false
173 silly fetch manifest @angular/build@19.2.27
174 silly packumentCache full:https://registry.npmjs.org/@angular%2fbuild cache-miss
175 http fetch GET 200 https://registry.npmjs.org/jsonc-parser 193ms (cache miss)
176 silly packumentCache full:https://registry.npmjs.org/jsonc-parser set size:undefined disposed:false
177 silly fetch manifest @babel/runtime@7.26.10
178 silly packumentCache full:https://registry.npmjs.org/@babel%2fruntime cache-miss
179 http fetch GET 200 https://registry.npmjs.org/autoprefixer 588ms (cache miss)
180 silly packumentCache full:https://registry.npmjs.org/autoprefixer set size:undefined disposed:false
181 silly fetch manifest postcss-loader@8.1.1
182 silly packumentCache full:https://registry.npmjs.org/postcss-loader cache-miss
183 http fetch GET 200 https://registry.npmjs.org/loader-utils 276ms (cache miss)
184 silly packumentCache full:https://registry.npmjs.org/loader-utils set size:undefined disposed:false
185 silly fetch manifest @babel/generator@7.26.10
186 silly packumentCache full:https://registry.npmjs.org/@babel%2fgenerator cache-miss
187 http fetch GET 200 https://registry.npmjs.org/webpack-merge 276ms (cache miss)
188 silly packumentCache full:https://registry.npmjs.org/webpack-merge set size:undefined disposed:false
189 silly fetch manifest @ngtools/webpack@19.2.27
190 silly packumentCache full:https://registry.npmjs.org/@ngtools%2fwebpack cache-miss
191 http fetch GET 200 https://registry.npmjs.org/esbuild-wasm 517ms (cache miss)
192 silly packumentCache full:https://registry.npmjs.org/esbuild-wasm set size:undefined disposed:false
193 silly fetch manifest @babel/preset-env@7.26.9
194 silly packumentCache full:https://registry.npmjs.org/@babel%2fpreset-env cache-miss
195 http fetch GET 200 https://registry.npmjs.org/postcss-loader 284ms (cache miss)
196 silly packumentCache full:https://registry.npmjs.org/postcss-loader set size:undefined disposed:false
197 silly fetch manifest source-map-loader@5.0.0
198 silly packumentCache full:https://registry.npmjs.org/source-map-loader cache-miss
199 http fetch GET 200 https://registry.npmjs.org/@babel%2fgenerator 402ms (cache miss)
200 silly packumentCache full:https://registry.npmjs.org/@babel%2fgenerator set size:undefined disposed:false
201 silly fetch manifest webpack-dev-server@5.2.2
202 silly packumentCache full:https://registry.npmjs.org/webpack-dev-server cache-miss
203 http fetch GET 200 https://registry.npmjs.org/@angular%2fbuild 785ms (cache miss)
204 silly packumentCache full:https://registry.npmjs.org/@angular%2fbuild set size:undefined disposed:false
205 silly fetch manifest copy-webpack-plugin@12.0.2
206 silly packumentCache full:https://registry.npmjs.org/copy-webpack-plugin cache-miss
207 http fetch GET 200 https://registry.npmjs.org/source-map-loader 351ms (cache miss)
208 silly packumentCache full:https://registry.npmjs.org/source-map-loader set size:undefined disposed:false
209 silly fetch manifest @angular-devkit/core@19.2.27
210 silly packumentCache full:https://registry.npmjs.org/@angular-devkit%2fcore cache-miss
211 http fetch GET 200 https://registry.npmjs.org/@babel%2fpreset-env 724ms (cache miss)
212 silly packumentCache full:https://registry.npmjs.org/@babel%2fpreset-env set size:undefined disposed:false
213 silly fetch manifest @ampproject/remapping@2.3.0
214 silly packumentCache full:https://registry.npmjs.org/@ampproject%2fremapping cache-miss
215 http fetch GET 200 https://registry.npmjs.org/copy-webpack-plugin 317ms (cache miss)
216 silly packumentCache full:https://registry.npmjs.org/copy-webpack-plugin set size:undefined disposed:false
217 silly fetch manifest @discoveryjs/json-ext@0.6.3
218 silly packumentCache full:https://registry.npmjs.org/@discoveryjs%2fjson-ext cache-miss
219 http fetch GET 200 https://registry.npmjs.org/webpack 2221ms (cache miss)
220 silly packumentCache full:https://registry.npmjs.org/webpack set size:undefined disposed:false
221 silly fetch manifest http-proxy-middleware@3.0.5
222 silly packumentCache full:https://registry.npmjs.org/http-proxy-middleware cache-miss
223 http fetch GET 200 https://registry.npmjs.org/webpack-dev-server 738ms (cache miss)
224 silly packumentCache full:https://registry.npmjs.org/webpack-dev-server set size:undefined disposed:false
225 silly fetch manifest webpack-dev-middleware@7.4.2
226 silly packumentCache full:https://registry.npmjs.org/webpack-dev-middleware cache-miss
227 http fetch GET 200 https://registry.npmjs.org/@discoveryjs%2fjson-ext 399ms (cache miss)
228 silly packumentCache full:https://registry.npmjs.org/@discoveryjs%2fjson-ext set size:undefined disposed:false
229 silly fetch manifest istanbul-lib-instrument@6.0.3
230 silly packumentCache full:https://registry.npmjs.org/istanbul-lib-instrument cache-miss
231 http fetch GET 200 https://registry.npmjs.org/@ampproject%2fremapping 430ms (cache miss)
232 silly packumentCache full:https://registry.npmjs.org/@ampproject%2fremapping set size:undefined disposed:false
233 silly fetch manifest mini-css-extract-plugin@2.9.2
234 silly packumentCache full:https://registry.npmjs.org/mini-css-extract-plugin cache-miss
235 http fetch GET 200 https://registry.npmjs.org/http-proxy-middleware 410ms (cache miss)
236 silly packumentCache full:https://registry.npmjs.org/http-proxy-middleware set size:undefined disposed:false
237 silly fetch manifest @vitejs/plugin-basic-ssl@1.2.0
238 silly packumentCache full:https://registry.npmjs.org/@vitejs%2fplugin-basic-ssl cache-miss
239 http fetch GET 200 https://registry.npmjs.org/@ngtools%2fwebpack 1510ms (cache miss)
240 silly packumentCache full:https://registry.npmjs.org/@ngtools%2fwebpack set size:undefined disposed:false
241 silly fetch manifest @angular-devkit/architect@0.1902.27
242 silly packumentCache full:https://registry.npmjs.org/@angular-devkit%2farchitect cache-miss
243 http fetch GET 200 https://registry.npmjs.org/webpack-dev-middleware 483ms (cache miss)
244 silly packumentCache full:https://registry.npmjs.org/webpack-dev-middleware set size:undefined disposed:false
245 silly fetch manifest @angular-devkit/build-webpack@0.1902.27
246 silly packumentCache full:https://registry.npmjs.org/@angular-devkit%2fbuild-webpack cache-miss
247 http fetch GET 200 https://registry.npmjs.org/istanbul-lib-instrument 407ms (cache miss)
248 silly packumentCache full:https://registry.npmjs.org/istanbul-lib-instrument set size:undefined disposed:false
249 silly fetch manifest @babel/helper-annotate-as-pure@7.25.9
250 silly packumentCache full:https://registry.npmjs.org/@babel%2fhelper-annotate-as-pure cache-miss
251 http fetch GET 200 https://registry.npmjs.org/mini-css-extract-plugin 421ms (cache miss)
252 silly packumentCache full:https://registry.npmjs.org/mini-css-extract-plugin set size:undefined disposed:false
253 silly fetch manifest @babel/plugin-transform-runtime@7.26.10
254 silly packumentCache full:https://registry.npmjs.org/@babel%2fplugin-transform-runtime cache-miss
255 http fetch GET 200 https://registry.npmjs.org/@babel%2fruntime 1975ms (cache miss)
256 silly packumentCache full:https://registry.npmjs.org/@babel%2fruntime set size:undefined disposed:false
257 silly fetch manifest @babel/helper-split-export-declaration@7.24.7
258 silly packumentCache full:https://registry.npmjs.org/@babel%2fhelper-split-export-declaration cache-miss
259 http fetch GET 200 https://registry.npmjs.org/@angular-devkit%2fcore 1370ms (cache miss)
260 silly packumentCache full:https://registry.npmjs.org/@angular-devkit%2fcore set size:undefined disposed:false
261 silly fetch manifest @babel/plugin-transform-async-to-generator@7.25.9
262 silly packumentCache full:https://registry.npmjs.org/@babel%2fplugin-transform-async-to-generator cache-miss
263 http fetch GET 200 https://registry.npmjs.org/@vitejs%2fplugin-basic-ssl 626ms (cache miss)
264 silly packumentCache full:https://registry.npmjs.org/@vitejs%2fplugin-basic-ssl set size:undefined disposed:false
265 silly fetch manifest @babel/plugin-transform-async-generator-functions@7.26.8
266 silly packumentCache full:https://registry.npmjs.org/@babel%2fplugin-transform-async-generator-functions cache-miss
267 http fetch GET 200 https://registry.npmjs.org/@babel%2fhelper-annotate-as-pure 457ms (cache miss)
268 silly packumentCache full:https://registry.npmjs.org/@babel%2fhelper-annotate-as-pure set size:undefined disposed:false
269 silly fetch manifest esbuild@0.28.0
270 silly packumentCache full:https://registry.npmjs.org/esbuild cache-miss
271 http fetch GET 200 https://registry.npmjs.org/@angular-devkit%2farchitect 769ms (cache miss)
272 silly packumentCache full:https://registry.npmjs.org/@angular-devkit%2farchitect set size:undefined disposed:false
273 silly fetch manifest ini@5.0.0
274 silly packumentCache full:https://registry.npmjs.org/ini cache-miss
275 http fetch GET 200 https://registry.npmjs.org/@babel%2fplugin-transform-runtime 699ms (cache miss)
276 silly packumentCache full:https://registry.npmjs.org/@babel%2fplugin-transform-runtime set size:undefined disposed:false
277 silly fetch manifest listr2@8.2.5
278 silly packumentCache full:https://registry.npmjs.org/listr2 cache-miss
279 http fetch GET 200 https://registry.npmjs.org/@babel%2fplugin-transform-async-generator-functions 437ms (cache miss)
280 silly packumentCache full:https://registry.npmjs.org/@babel%2fplugin-transform-async-generator-functions set size:undefined disposed:false
281 silly fetch manifest pacote@20.0.0
282 silly packumentCache full:https://registry.npmjs.org/pacote cache-miss
283 http fetch GET 200 https://registry.npmjs.org/@babel%2fhelper-split-export-declaration 701ms (cache miss)
284 silly packumentCache full:https://registry.npmjs.org/@babel%2fhelper-split-export-declaration set size:undefined disposed:false
285 silly fetch manifest resolve@1.22.10
286 silly packumentCache full:https://registry.npmjs.org/resolve cache-miss
287 http fetch GET 200 https://registry.npmjs.org/@angular-devkit%2fbuild-webpack 979ms (cache miss)
288 silly packumentCache full:https://registry.npmjs.org/@angular-devkit%2fbuild-webpack set size:undefined disposed:false
289 silly fetch manifest npm-package-arg@12.0.2
290 silly packumentCache full:https://registry.npmjs.org/npm-package-arg cache-miss
291 http fetch GET 200 https://registry.npmjs.org/ini 305ms (cache miss)
292 silly packumentCache full:https://registry.npmjs.org/ini set size:undefined disposed:false
293 silly fetch manifest @inquirer/prompts@7.3.2
294 silly packumentCache full:https://registry.npmjs.org/@inquirer%2fprompts cache-miss
295 http fetch GET 200 https://registry.npmjs.org/@babel%2fplugin-transform-async-to-generator 766ms (cache miss)
296 silly packumentCache full:https://registry.npmjs.org/@babel%2fplugin-transform-async-to-generator set size:undefined disposed:false
297 silly fetch manifest npm-pick-manifest@10.0.0
298 silly packumentCache full:https://registry.npmjs.org/npm-pick-manifest cache-miss
299 http fetch GET 200 https://registry.npmjs.org/resolve 283ms (cache miss)
300 silly packumentCache full:https://registry.npmjs.org/resolve set size:undefined disposed:false
301 silly fetch manifest @schematics/angular@19.2.27
302 silly packumentCache full:https://registry.npmjs.org/@schematics%2fangular cache-miss
303 http fetch GET 200 https://registry.npmjs.org/esbuild 838ms (cache miss)
304 silly packumentCache full:https://registry.npmjs.org/esbuild set size:undefined disposed:false
305 silly fetch manifest @angular-devkit/schematics@19.2.27
306 silly packumentCache full:https://registry.npmjs.org/@angular-devkit%2fschematics cache-miss
307 http fetch GET 200 https://registry.npmjs.org/npm-package-arg 384ms (cache miss)
308 silly packumentCache full:https://registry.npmjs.org/npm-package-arg set size:undefined disposed:false
309 silly fetch manifest @listr2/prompt-adapter-inquirer@2.0.18
310 silly packumentCache full:https://registry.npmjs.org/@listr2%2fprompt-adapter-inquirer cache-miss
311 http fetch GET 200 https://registry.npmjs.org/@inquirer%2fprompts 551ms (cache miss)
312 silly packumentCache full:https://registry.npmjs.org/@inquirer%2fprompts set size:undefined disposed:false
313 silly fetch manifest chokidar@^4.0.0
314 silly packumentCache full:https://registry.npmjs.org/chokidar cache-miss
315 http fetch GET 200 https://registry.npmjs.org/npm-pick-manifest 470ms (cache miss)
316 silly packumentCache full:https://registry.npmjs.org/npm-pick-manifest set size:undefined disposed:false
317 silly fetch manifest @babel/core@7.26.9
318 silly packumentCache full:https://registry.npmjs.org/@babel%2fcore cache-miss
319 http fetch GET 200 https://registry.npmjs.org/pacote 702ms (cache miss)
320 silly packumentCache full:https://registry.npmjs.org/pacote set size:undefined disposed:false
321 silly fetch manifest reflect-metadata@^0.2.0
322 silly packumentCache full:https://registry.npmjs.org/reflect-metadata cache-miss
323 http fetch GET 200 https://registry.npmjs.org/@listr2%2fprompt-adapter-inquirer 240ms (cache miss)
324 silly packumentCache full:https://registry.npmjs.org/@listr2%2fprompt-adapter-inquirer set size:undefined disposed:false
325 silly fetch manifest @primeuix/styled@^0.3.2
326 silly packumentCache full:https://registry.npmjs.org/@primeuix%2fstyled cache-miss
327 http cache https://registry.npmjs.org/@babel%2fcore 79ms (cache hit)
328 silly packumentCache full:https://registry.npmjs.org/@babel%2fcore set size:779631 disposed:false
329 silly fetch manifest @primeuix/utils@^0.3.2
330 silly packumentCache full:https://registry.npmjs.org/@primeuix%2futils cache-miss
331 http fetch GET 200 https://registry.npmjs.org/listr2 966ms (cache miss)
332 silly packumentCache full:https://registry.npmjs.org/listr2 set size:undefined disposed:false
333 silly fetch manifest @primeuix/styled@^0.3.2
334 silly packumentCache full:https://registry.npmjs.org/@primeuix%2fstyled cache-miss
335 http fetch GET 200 https://registry.npmjs.org/reflect-metadata 222ms (cache miss)
336 silly packumentCache full:https://registry.npmjs.org/reflect-metadata set size:undefined disposed:false
337 http fetch GET 200 https://registry.npmjs.org/chokidar 321ms (cache miss)
338 silly packumentCache full:https://registry.npmjs.org/chokidar set size:undefined disposed:false
339 http fetch GET 200 https://registry.npmjs.org/@primeuix%2futils 322ms (cache miss)
340 silly packumentCache full:https://registry.npmjs.org/@primeuix%2futils set size:undefined disposed:false
341 http fetch GET 200 https://registry.npmjs.org/@angular-devkit%2fschematics 714ms (cache miss)
342 silly packumentCache full:https://registry.npmjs.org/@angular-devkit%2fschematics set size:undefined disposed:false
343 http fetch GET 200 https://registry.npmjs.org/@schematics%2fangular 896ms (cache miss)
344 silly packumentCache full:https://registry.npmjs.org/@schematics%2fangular set size:undefined disposed:false
345 http fetch GET 200 https://registry.npmjs.org/@primeuix%2fstyled 410ms (cache miss)
346 silly packumentCache full:https://registry.npmjs.org/@primeuix%2fstyled set size:undefined disposed:false
347 http fetch GET 200 https://registry.npmjs.org/@primeuix%2fstyled 548ms (cache miss)
348 silly packumentCache full:https://registry.npmjs.org/@primeuix%2fstyled set size:undefined disposed:false
349 silly placeDep ROOT @ampproject/remapping@2.3.0 REPLACE for: @angular-devkit/build-angular@19.2.27 want: 2.3.0
350 silly placeDep ROOT @angular-devkit/architect@0.1902.27 OK for: @angular-devkit/build-angular@19.2.27 want: 0.1902.27
351 silly placeDep ROOT @angular-devkit/build-webpack@0.1902.27 OK for: @angular-devkit/build-angular@19.2.27 want: 0.1902.27
352 silly placeDep ROOT @angular-devkit/core@19.2.27 OK for: @angular-devkit/build-angular@19.2.27 want: 19.2.27
353 silly placeDep ROOT @angular/build@19.2.27 OK for: @angular-devkit/build-angular@19.2.27 want: 19.2.27
354 silly placeDep node_modules/@angular-devkit/build-angular @babel/core@7.26.10 OK for: @angular-devkit/build-angular@19.2.27 want: 7.26.10
355 silly placeDep ROOT @babel/generator@7.26.10 REPLACE for: @angular-devkit/build-angular@19.2.27 want: 7.26.10
356 silly placeDep ROOT @babel/helper-annotate-as-pure@7.25.9 OK for: @angular-devkit/build-angular@19.2.27 want: 7.25.9
357 silly placeDep ROOT @babel/helper-split-export-declaration@7.24.7 OK for: @angular-devkit/build-angular@19.2.27 want: 7.24.7
358 silly placeDep ROOT @babel/plugin-transform-async-generator-functions@7.26.8 OK for: @angular-devkit/build-angular@19.2.27 want: 7.26.8
359 silly placeDep ROOT @babel/plugin-transform-async-to-generator@7.25.9 OK for: @angular-devkit/build-angular@19.2.27 want: 7.25.9
360 silly placeDep ROOT @babel/plugin-transform-runtime@7.26.10 OK for: @angular-devkit/build-angular@19.2.27 want: 7.26.10
361 silly placeDep ROOT @babel/preset-env@7.26.9 OK for: @angular-devkit/build-angular@19.2.27 want: 7.26.9
362 silly placeDep ROOT @babel/runtime@7.26.10 OK for: @angular-devkit/build-angular@19.2.27 want: 7.26.10
363 silly placeDep ROOT @discoveryjs/json-ext@0.6.3 OK for: @angular-devkit/build-angular@19.2.27 want: 0.6.3
364 silly placeDep ROOT @ngtools/webpack@19.2.27 OK for: @angular-devkit/build-angular@19.2.27 want: 19.2.27
365 silly placeDep ROOT @vitejs/plugin-basic-ssl@1.2.0 OK for: @angular-devkit/build-angular@19.2.27 want: 1.2.0
366 silly placeDep ROOT autoprefixer@10.4.20 OK for: @angular-devkit/build-angular@19.2.27 want: 10.4.20
367 silly placeDep ROOT babel-loader@9.2.1 OK for: @angular-devkit/build-angular@19.2.27 want: 9.2.1
368 silly placeDep ROOT copy-webpack-plugin@12.0.2 OK for: @angular-devkit/build-angular@19.2.27 want: 12.0.2
369 silly placeDep ROOT css-loader@7.1.2 OK for: @angular-devkit/build-angular@19.2.27 want: 7.1.2
370 silly placeDep ROOT esbuild@0.28.0 OK for: @angular-devkit/build-angular@19.2.27 want: 0.28.0
371 silly placeDep ROOT esbuild-wasm@0.28.0 OK for: @angular-devkit/build-angular@19.2.27 want: 0.28.0
372 silly placeDep ROOT fast-glob@3.3.3 OK for: @angular-devkit/build-angular@19.2.27 want: 3.3.3
373 silly placeDep ROOT http-proxy-middleware@3.0.5 OK for: @angular-devkit/build-angular@19.2.27 want: 3.0.5
374 silly placeDep node_modules/@angular-devkit/build-angular istanbul-lib-instrument@6.0.3 OK for: @angular-devkit/build-angular@19.2.27 want: 6.0.3
375 silly placeDep ROOT jsonc-parser@3.3.1 OK for: @angular-devkit/build-angular@19.2.27 want: 3.3.1
376 silly placeDep ROOT less@4.2.2 OK for: @angular-devkit/build-angular@19.2.27 want: 4.2.2
377 silly placeDep ROOT less-loader@12.2.0 OK for: @angular-devkit/build-angular@19.2.27 want: 12.2.0
378 silly placeDep ROOT loader-utils@3.3.1 OK for: @angular-devkit/build-angular@19.2.27 want: 3.3.1
379 silly placeDep ROOT mini-css-extract-plugin@2.9.2 OK for: @angular-devkit/build-angular@19.2.27 want: 2.9.2
380 silly placeDep ROOT open@10.1.0 OK for: @angular-devkit/build-angular@19.2.27 want: 10.1.0
381 silly placeDep node_modules/@angular-devkit/build-angular picomatch@4.0.4 OK for: @angular-devkit/build-angular@19.2.27 want: 4.0.4
382 silly placeDep ROOT piscina@4.8.0 OK for: @angular-devkit/build-angular@19.2.27 want: 4.8.0
383 silly placeDep ROOT postcss@8.5.12 REPLACE for: @angular-devkit/build-angular@19.2.27 want: 8.5.12
384 silly placeDep ROOT postcss-loader@8.1.1 OK for: @angular-devkit/build-angular@19.2.27 want: 8.1.1
385 silly placeDep ROOT sass@1.85.0 OK for: @angular-devkit/build-angular@19.2.27 want: 1.85.0
386 silly placeDep ROOT sass-loader@16.0.5 OK for: @angular-devkit/build-angular@19.2.27 want: 16.0.5
387 silly placeDep node_modules/@angular-devkit/build-angular semver@7.7.1 OK for: @angular-devkit/build-angular@19.2.27 want: 7.7.1
388 silly placeDep ROOT source-map-loader@5.0.0 OK for: @angular-devkit/build-angular@19.2.27 want: 5.0.0
389 silly placeDep ROOT terser@5.39.0 OK for: @angular-devkit/build-angular@19.2.27 want: 5.39.0
390 silly placeDep ROOT webpack@5.105.0 OK for: @angular-devkit/build-angular@19.2.27 want: 5.105.0
391 silly placeDep ROOT webpack-dev-middleware@7.4.2 OK for: @angular-devkit/build-angular@19.2.27 want: 7.4.2
392 silly placeDep ROOT webpack-dev-server@5.2.2 OK for: @angular-devkit/build-angular@19.2.27 want: 5.2.2
393 silly placeDep ROOT webpack-merge@6.0.1 OK for: @angular-devkit/build-angular@19.2.27 want: 6.0.1
394 silly fetch manifest rxjs@7.8.1
395 silly packumentCache full:https://registry.npmjs.org/rxjs cache-miss
396 silly fetch manifest rxjs@7.8.1
397 silly packumentCache full:https://registry.npmjs.org/rxjs cache-miss
398 silly fetch manifest ajv@8.18.0
399 silly packumentCache full:https://registry.npmjs.org/ajv cache-miss
400 silly fetch manifest rxjs@7.8.1
401 silly packumentCache full:https://registry.npmjs.org/rxjs cache-miss
402 silly fetch manifest source-map@0.7.4
403 silly packumentCache full:https://registry.npmjs.org/source-map cache-miss
404 silly fetch manifest ajv-formats@3.0.1
405 silly packumentCache full:https://registry.npmjs.org/ajv-formats cache-miss
406 silly fetch manifest vite@6.4.2
407 silly packumentCache full:https://registry.npmjs.org/vite cache-miss
408 http cache https://registry.npmjs.org/rxjs 82ms (cache hit)
409 silly packumentCache full:https://registry.npmjs.org/rxjs set size:980097 disposed:false
410 silly fetch manifest mrmime@2.0.1
411 silly packumentCache full:https://registry.npmjs.org/mrmime cache-miss
412 http cache https://registry.npmjs.org/rxjs 125ms (cache hit)
413 silly packumentCache full:https://registry.npmjs.org/rxjs set size:980097 disposed:false
414 silly packumentCache full:https://registry.npmjs.org/rxjs dispose
415 silly fetch manifest rollup@4.59.0
416 silly packumentCache full:https://registry.npmjs.org/rollup cache-miss
417 http cache https://registry.npmjs.org/rxjs 167ms (cache hit)
418 silly packumentCache full:https://registry.npmjs.org/rxjs set size:980097 disposed:true
419 silly packumentCache full:https://registry.npmjs.org/rxjs dispose
420 silly fetch manifest beasties@0.3.2
421 silly packumentCache full:https://registry.npmjs.org/beasties cache-miss
422 http fetch GET 200 https://registry.npmjs.org/mrmime 232ms (cache miss)
423 silly packumentCache full:https://registry.npmjs.org/mrmime set size:undefined disposed:false
424 silly fetch manifest watchpack@2.4.2
425 silly packumentCache full:https://registry.npmjs.org/watchpack cache-miss
426 http fetch GET 200 https://registry.npmjs.org/beasties 159ms (cache miss)
427 silly packumentCache full:https://registry.npmjs.org/beasties set size:undefined disposed:false
428 silly fetch manifest magic-string@0.30.17
429 silly packumentCache full:https://registry.npmjs.org/magic-string cache-miss
430 http fetch GET 200 https://registry.npmjs.org/ajv-formats 407ms (cache miss)
431 silly packumentCache full:https://registry.npmjs.org/ajv-formats set size:undefined disposed:false
432 silly fetch manifest @inquirer/confirm@5.1.6
433 silly packumentCache full:https://registry.npmjs.org/@inquirer%2fconfirm cache-miss
434 http fetch GET 200 https://registry.npmjs.org/source-map 521ms (cache miss)
435 silly packumentCache full:https://registry.npmjs.org/source-map set size:undefined disposed:false
436 silly fetch manifest https-proxy-agent@7.0.6
437 silly packumentCache full:https://registry.npmjs.org/https-proxy-agent cache-miss
438 http fetch GET 200 https://registry.npmjs.org/ajv 633ms (cache miss)
439 silly packumentCache full:https://registry.npmjs.org/ajv set size:undefined disposed:false
440 silly fetch manifest parse5-html-rewriting-stream@7.0.0
441 silly packumentCache full:https://registry.npmjs.org/parse5-html-rewriting-stream cache-miss
442 http fetch GET 200 https://registry.npmjs.org/watchpack 334ms (cache miss)
443 silly packumentCache full:https://registry.npmjs.org/watchpack set size:undefined disposed:false
444 silly fetch manifest @babel/plugin-syntax-import-attributes@7.26.0
445 silly packumentCache full:https://registry.npmjs.org/@babel%2fplugin-syntax-import-attributes cache-miss
446 http fetch GET 200 https://registry.npmjs.org/magic-string 415ms (cache miss)
447 silly packumentCache full:https://registry.npmjs.org/magic-string set size:undefined disposed:false
448 silly fetch manifest lmdb@3.2.6
449 silly packumentCache full:https://registry.npmjs.org/lmdb cache-miss
450 http fetch GET 200 https://registry.npmjs.org/https-proxy-agent 270ms (cache miss)
451 silly packumentCache full:https://registry.npmjs.org/https-proxy-agent set size:undefined disposed:false
452 silly fetch manifest semver@^6.3.1
453 silly packumentCache full:https://registry.npmjs.org/semver cache-miss
454 http fetch GET 200 https://registry.npmjs.org/@inquirer%2fconfirm 439ms (cache miss)
455 silly packumentCache full:https://registry.npmjs.org/@inquirer%2fconfirm set size:undefined disposed:false
456 silly fetch manifest @babel/template@^7.26.9
457 silly packumentCache full:https://registry.npmjs.org/@babel%2ftemplate cache-miss
458 http fetch GET 200 https://registry.npmjs.org/parse5-html-rewriting-stream 247ms (cache miss)
459 silly packumentCache full:https://registry.npmjs.org/parse5-html-rewriting-stream set size:undefined disposed:false
460 silly fetch manifest @babel/generator@^7.26.10
461 silly packumentCache full:https://registry.npmjs.org/@babel%2fgenerator cache-miss
462 http cache https://registry.npmjs.org/semver 118ms (cache hit)
463 silly packumentCache full:https://registry.npmjs.org/semver set size:243512 disposed:false
464 silly fetch manifest convert-source-map@^2.0.0
465 silly packumentCache full:https://registry.npmjs.org/convert-source-map cache-miss
466 http fetch GET 200 https://registry.npmjs.org/@babel%2fplugin-syntax-import-attributes 285ms (cache miss)
467 silly packumentCache full:https://registry.npmjs.org/@babel%2fplugin-syntax-import-attributes set size:undefined disposed:false
468 silly fetch manifest jsesc@^3.0.2
469 silly packumentCache full:https://registry.npmjs.org/jsesc cache-miss
470 http cache https://registry.npmjs.org/@babel%2fgenerator 167ms (cache hit)
471 silly packumentCache full:https://registry.npmjs.org/@babel%2fgenerator set size:518214 disposed:false
472 silly fetch manifest @babel/helper-plugin-utils@^7.26.5
473 silly packumentCache full:https://registry.npmjs.org/@babel%2fhelper-plugin-utils cache-miss
474 http fetch GET 200 https://registry.npmjs.org/convert-source-map 324ms (cache miss)
475 silly packumentCache full:https://registry.npmjs.org/convert-source-map set size:undefined disposed:false
476 silly fetch manifest @babel/helper-remap-async-to-generator@^7.25.9
477 silly packumentCache full:https://registry.npmjs.org/@babel%2fhelper-remap-async-to-generator cache-miss
478 http fetch GET 200 https://registry.npmjs.org/@babel%2ftemplate 418ms (cache miss)
479 silly packumentCache full:https://registry.npmjs.org/@babel%2ftemplate set size:undefined disposed:false
480 silly fetch manifest @babel/helper-plugin-utils@^7.25.9
481 silly packumentCache full:https://registry.npmjs.org/@babel%2fhelper-plugin-utils cache-miss
482 http fetch GET 200 https://registry.npmjs.org/jsesc 360ms (cache miss)
483 silly packumentCache full:https://registry.npmjs.org/jsesc set size:undefined disposed:false
484 silly fetch manifest @babel/helper-remap-async-to-generator@^7.25.9
485 silly packumentCache full:https://registry.npmjs.org/@babel%2fhelper-remap-async-to-generator cache-miss
486 http fetch GET 200 https://registry.npmjs.org/@babel%2fhelper-plugin-utils 317ms (cache miss)
487 silly packumentCache full:https://registry.npmjs.org/@babel%2fhelper-plugin-utils set size:undefined disposed:false
488 silly fetch manifest babel-plugin-polyfill-corejs2@^0.4.10
489 silly packumentCache full:https://registry.npmjs.org/babel-plugin-polyfill-corejs2 cache-miss
490 http fetch GET 200 https://registry.npmjs.org/lmdb 665ms (cache miss)
491 silly packumentCache full:https://registry.npmjs.org/lmdb set size:undefined disposed:false
492 silly fetch manifest babel-plugin-polyfill-corejs3@^0.11.0
493 silly packumentCache full:https://registry.npmjs.org/babel-plugin-polyfill-corejs3 cache-miss
494 http fetch GET 200 https://registry.npmjs.org/@babel%2fhelper-plugin-utils 167ms (cache miss)
495 silly packumentCache full:https://registry.npmjs.org/@babel%2fhelper-plugin-utils set size:undefined disposed:false
496 silly fetch manifest babel-plugin-polyfill-regenerator@^0.6.1
497 silly packumentCache full:https://registry.npmjs.org/babel-plugin-polyfill-regenerator cache-miss
498 http fetch GET 200 https://registry.npmjs.org/babel-plugin-polyfill-corejs2 195ms (cache miss)
499 silly packumentCache full:https://registry.npmjs.org/babel-plugin-polyfill-corejs2 set size:undefined disposed:false
500 silly fetch manifest core-js-compat@^3.40.0
501 silly packumentCache full:https://registry.npmjs.org/core-js-compat cache-miss
502 http fetch GET 200 https://registry.npmjs.org/babel-plugin-polyfill-regenerator 193ms (cache miss)
503 silly packumentCache full:https://registry.npmjs.org/babel-plugin-polyfill-regenerator set size:undefined disposed:false
504 silly fetch manifest @babel/preset-modules@0.1.6-no-external-plugins
505 silly packumentCache full:https://registry.npmjs.org/@babel%2fpreset-modules cache-miss
506 http fetch GET 200 https://registry.npmjs.org/babel-plugin-polyfill-corejs3 232ms (cache miss)
507 silly packumentCache full:https://registry.npmjs.org/babel-plugin-polyfill-corejs3 set size:undefined disposed:false
508 silly fetch manifest @babel/plugin-transform-for-of@^7.26.9
509 silly packumentCache full:https://registry.npmjs.org/@babel%2fplugin-transform-for-of cache-miss
510 http fetch GET 200 https://registry.npmjs.org/@babel%2fhelper-remap-async-to-generator 374ms (cache miss)
511 silly packumentCache full:https://registry.npmjs.org/@babel%2fhelper-remap-async-to-generator set size:undefined disposed:false
512 silly fetch manifest @babel/plugin-transform-spread@^7.25.9
513 silly packumentCache full:https://registry.npmjs.org/@babel%2fplugin-transform-spread cache-miss
514 http fetch GET 200 https://registry.npmjs.org/@babel%2fhelper-remap-async-to-generator 486ms (cache miss)
515 silly packumentCache full:https://registry.npmjs.org/@babel%2fhelper-remap-async-to-generator set size:undefined disposed:false
516 silly fetch manifest @babel/plugin-transform-classes@^7.25.9
517 silly packumentCache full:https://registry.npmjs.org/@babel%2fplugin-transform-classes cache-miss
518 http fetch GET 200 https://registry.npmjs.org/core-js-compat 292ms (cache miss)
519 silly packumentCache full:https://registry.npmjs.org/core-js-compat set size:undefined disposed:false
520 silly fetch manifest @babel/plugin-transform-literals@^7.25.9
521 silly packumentCache full:https://registry.npmjs.org/@babel%2fplugin-transform-literals cache-miss
522 http fetch GET 200 https://registry.npmjs.org/@babel%2fplugin-transform-for-of 291ms (cache miss)
523 silly packumentCache full:https://registry.npmjs.org/@babel%2fplugin-transform-for-of set size:undefined disposed:false
524 silly fetch manifest @babel/plugin-transform-new-target@^7.25.9
525 silly packumentCache full:https://registry.npmjs.org/@babel%2fplugin-transform-new-target cache-miss
526 http fetch GET 200 https://registry.npmjs.org/@babel%2fpreset-modules 369ms (cache miss)
527 silly packumentCache full:https://registry.npmjs.org/@babel%2fpreset-modules set size:undefined disposed:false
528 silly fetch manifest @babel/plugin-transform-parameters@^7.25.9
529 silly packumentCache full:https://registry.npmjs.org/@babel%2fplugin-transform-parameters cache-miss
530 http fetch GET 200 https://registry.npmjs.org/rollup 1924ms (cache miss)
531 silly packumentCache full:https://registry.npmjs.org/rollup set size:undefined disposed:false
532 silly fetch manifest @babel/plugin-transform-modules-amd@^7.25.9
533 silly packumentCache full:https://registry.npmjs.org/@babel%2fplugin-transform-modules-amd cache-miss
534 http fetch GET 200 https://registry.npmjs.org/@babel%2fplugin-transform-literals 312ms (cache miss)
535 silly packumentCache full:https://registry.npmjs.org/@babel%2fplugin-transform-literals set size:undefined disposed:false
536 silly fetch manifest @babel/plugin-transform-modules-umd@^7.25.9
537 silly packumentCache full:https://registry.npmjs.org/@babel%2fplugin-transform-modules-umd cache-miss
538 http fetch GET 200 https://registry.npmjs.org/@babel%2fplugin-transform-classes 508ms (cache miss)
539 silly packumentCache full:https://registry.npmjs.org/@babel%2fplugin-transform-classes set size:undefined disposed:false
540 silly fetch manifest @babel/plugin-transform-regenerator@^7.25.9
541 silly packumentCache full:https://registry.npmjs.org/@babel%2fplugin-transform-regenerator cache-miss
542 http fetch GET 200 https://registry.npmjs.org/@babel%2fplugin-transform-new-target 267ms (cache miss)
543 silly packumentCache full:https://registry.npmjs.org/@babel%2fplugin-transform-new-target set size:undefined disposed:false
544 silly fetch manifest @babel/plugin-transform-dotall-regex@^7.25.9
545 silly packumentCache full:https://registry.npmjs.org/@babel%2fplugin-transform-dotall-regex cache-miss
546 http fetch GET 200 https://registry.npmjs.org/@babel%2fplugin-transform-parameters 230ms (cache miss)
547 silly packumentCache full:https://registry.npmjs.org/@babel%2fplugin-transform-parameters set size:undefined disposed:false
548 silly fetch manifest @babel/plugin-transform-json-strings@^7.25.9
549 silly packumentCache full:https://registry.npmjs.org/@babel%2fplugin-transform-json-strings cache-miss
550 http fetch GET 200 https://registry.npmjs.org/@babel%2fplugin-transform-spread 575ms (cache miss)
551 silly packumentCache full:https://registry.npmjs.org/@babel%2fplugin-transform-spread set size:undefined disposed:false
552 silly fetch manifest @babel/plugin-transform-object-super@^7.25.9
553 silly packumentCache full:https://registry.npmjs.org/@babel%2fplugin-transform-object-super cache-miss
554 http fetch GET 200 https://registry.npmjs.org/@babel%2fplugin-transform-dotall-regex 156ms (cache miss)
555 silly packumentCache full:https://registry.npmjs.org/@babel%2fplugin-transform-dotall-regex set size:undefined disposed:false
556 silly fetch manifest @babel/plugin-transform-sticky-regex@^7.25.9
557 silly packumentCache full:https://registry.npmjs.org/@babel%2fplugin-transform-sticky-regex cache-miss
558 http fetch GET 200 https://registry.npmjs.org/@babel%2fplugin-transform-modules-umd 390ms (cache miss)
559 silly packumentCache full:https://registry.npmjs.org/@babel%2fplugin-transform-modules-umd set size:undefined disposed:false
560 silly fetch manifest @babel/plugin-transform-block-scoping@^7.25.9
561 silly packumentCache full:https://registry.npmjs.org/@babel%2fplugin-transform-block-scoping cache-miss
562 http fetch GET 200 https://registry.npmjs.org/@babel%2fplugin-transform-json-strings 357ms (cache miss)
563 silly packumentCache full:https://registry.npmjs.org/@babel%2fplugin-transform-json-strings set size:undefined disposed:false
564 silly fetch manifest @babel/plugin-transform-destructuring@^7.25.9
565 silly packumentCache full:https://registry.npmjs.org/@babel%2fplugin-transform-destructuring cache-miss
566 http fetch GET 200 https://registry.npmjs.org/@babel%2fplugin-transform-regenerator 389ms (cache miss)
567 silly packumentCache full:https://registry.npmjs.org/@babel%2fplugin-transform-regenerator set size:undefined disposed:false
568 silly fetch manifest @babel/plugin-transform-function-name@^7.25.9
569 silly packumentCache full:https://registry.npmjs.org/@babel%2fplugin-transform-function-name cache-miss
570 http fetch GET 200 https://registry.npmjs.org/@babel%2fplugin-transform-object-super 366ms (cache miss)
571 silly packumentCache full:https://registry.npmjs.org/@babel%2fplugin-transform-object-super set size:undefined disposed:false
572 silly fetch manifest @babel/plugin-transform-typeof-symbol@^7.26.7
573 silly packumentCache full:https://registry.npmjs.org/@babel%2fplugin-transform-typeof-symbol cache-miss
574 http fetch GET 200 https://registry.npmjs.org/@babel%2fplugin-transform-modules-amd 554ms (cache miss)
575 silly packumentCache full:https://registry.npmjs.org/@babel%2fplugin-transform-modules-amd set size:undefined disposed:false
576 silly fetch manifest @babel/plugin-transform-unicode-regex@^7.25.9
577 silly packumentCache full:https://registry.npmjs.org/@babel%2fplugin-transform-unicode-regex cache-miss
578 http fetch GET 200 https://registry.npmjs.org/@babel%2fplugin-transform-sticky-regex 370ms (cache miss)
579 silly packumentCache full:https://registry.npmjs.org/@babel%2fplugin-transform-sticky-regex set size:undefined disposed:false
580 silly fetch manifest @babel/plugin-syntax-import-assertions@^7.26.0
581 silly packumentCache full:https://registry.npmjs.org/@babel%2fplugin-syntax-import-assertions cache-miss
582 http fetch GET 200 https://registry.npmjs.org/@babel%2fplugin-transform-function-name 176ms (cache miss)
583 silly packumentCache full:https://registry.npmjs.org/@babel%2fplugin-transform-function-name set size:undefined disposed:false
584 silly fetch manifest @babel/plugin-syntax-import-attributes@^7.26.0
585 silly packumentCache full:https://registry.npmjs.org/@babel%2fplugin-syntax-import-attributes cache-miss
586 http fetch GET 200 https://registry.npmjs.org/@babel%2fplugin-transform-destructuring 212ms (cache miss)
587 silly packumentCache full:https://registry.npmjs.org/@babel%2fplugin-transform-destructuring set size:undefined disposed:false
588 silly fetch manifest @babel/plugin-transform-duplicate-keys@^7.25.9
589 silly packumentCache full:https://registry.npmjs.org/@babel%2fplugin-transform-duplicate-keys cache-miss
590 http cache https://registry.npmjs.org/@babel%2fplugin-syntax-import-attributes 36ms (cache hit)
591 silly packumentCache full:https://registry.npmjs.org/@babel%2fplugin-syntax-import-attributes set size:73361 disposed:false
592 silly fetch manifest @babel/plugin-transform-dynamic-import@^7.25.9
593 silly packumentCache full:https://registry.npmjs.org/@babel%2fplugin-transform-dynamic-import cache-miss
594 http fetch GET 200 https://registry.npmjs.org/@babel%2fplugin-transform-unicode-regex 199ms (cache miss)
595 silly packumentCache full:https://registry.npmjs.org/@babel%2fplugin-transform-unicode-regex set size:undefined disposed:false
596 silly fetch manifest @babel/plugin-transform-reserved-words@^7.25.9
597 silly packumentCache full:https://registry.npmjs.org/@babel%2fplugin-transform-reserved-words cache-miss
598 http fetch GET 200 https://registry.npmjs.org/@babel%2fplugin-transform-typeof-symbol 334ms (cache miss)
599 silly packumentCache full:https://registry.npmjs.org/@babel%2fplugin-transform-typeof-symbol set size:undefined disposed:false
600 silly fetch manifest @babel/plugin-syntax-unicode-sets-regex@^7.18.6
601 silly packumentCache full:https://registry.npmjs.org/@babel%2fplugin-syntax-unicode-sets-regex cache-miss
602 http fetch GET 200 https://registry.npmjs.org/@babel%2fplugin-transform-dynamic-import 149ms (cache miss)
603 silly packumentCache full:https://registry.npmjs.org/@babel%2fplugin-transform-dynamic-import set size:undefined disposed:false
604 silly fetch manifest @babel/plugin-transform-arrow-functions@^7.25.9
605 silly packumentCache full:https://registry.npmjs.org/@babel%2fplugin-transform-arrow-functions cache-miss
606 http fetch GET 200 https://registry.npmjs.org/@babel%2fplugin-transform-block-scoping 441ms (cache miss)
607 silly packumentCache full:https://registry.npmjs.org/@babel%2fplugin-transform-block-scoping set size:undefined disposed:false
608 silly fetch manifest @babel/plugin-transform-private-methods@^7.25.9
609 silly packumentCache full:https://registry.npmjs.org/@babel%2fplugin-transform-private-methods cache-miss
610 http fetch GET 200 https://registry.npmjs.org/@babel%2fplugin-syntax-import-assertions 332ms (cache miss)
611 silly packumentCache full:https://registry.npmjs.org/@babel%2fplugin-syntax-import-assertions set size:undefined disposed:false
612 silly fetch manifest @babel/plugin-transform-unicode-escapes@^7.25.9
613 silly packumentCache full:https://registry.npmjs.org/@babel%2fplugin-transform-unicode-escapes cache-miss
614 http fetch GET 200 https://registry.npmjs.org/@babel%2fplugin-syntax-unicode-sets-regex 152ms (cache miss)
615 silly packumentCache full:https://registry.npmjs.org/@babel%2fplugin-syntax-unicode-sets-regex set size:undefined disposed:false
616 silly fetch manifest @babel/plugin-transform-class-properties@^7.25.9
617 silly packumentCache full:https://registry.npmjs.org/@babel%2fplugin-transform-class-properties cache-miss
618 http fetch GET 200 https://registry.npmjs.org/@babel%2fplugin-transform-arrow-functions 166ms (cache miss)
619 silly packumentCache full:https://registry.npmjs.org/@babel%2fplugin-transform-arrow-functions set size:undefined disposed:false
620 silly fetch manifest @babel/plugin-transform-modules-commonjs@^7.26.3
621 silly packumentCache full:https://registry.npmjs.org/@babel%2fplugin-transform-modules-commonjs cache-miss
622 http fetch GET 200 https://registry.npmjs.org/@babel%2fplugin-transform-duplicate-keys 345ms (cache miss)
623 silly packumentCache full:https://registry.npmjs.org/@babel%2fplugin-transform-duplicate-keys set size:undefined disposed:false
624 silly fetch manifest @babel/plugin-transform-modules-systemjs@^7.25.9
625 silly packumentCache full:https://registry.npmjs.org/@babel%2fplugin-transform-modules-systemjs cache-miss
626 http fetch GET 200 https://registry.npmjs.org/@babel%2fplugin-transform-reserved-words 349ms (cache miss)
627 silly packumentCache full:https://registry.npmjs.org/@babel%2fplugin-transform-reserved-words set size:undefined disposed:false
628 silly fetch manifest @babel/plugin-transform-regexp-modifiers@^7.26.0
629 silly packumentCache full:https://registry.npmjs.org/@babel%2fplugin-transform-regexp-modifiers cache-miss
630 http fetch GET 200 https://registry.npmjs.org/@babel%2fplugin-transform-private-methods 307ms (cache miss)
631 silly packumentCache full:https://registry.npmjs.org/@babel%2fplugin-transform-private-methods set size:undefined disposed:false
632 silly fetch manifest @babel/plugin-transform-numeric-separator@^7.25.9
633 silly packumentCache full:https://registry.npmjs.org/@babel%2fplugin-transform-numeric-separator cache-miss
634 http fetch GET 200 https://registry.npmjs.org/@babel%2fplugin-transform-unicode-escapes 316ms (cache miss)
635 silly packumentCache full:https://registry.npmjs.org/@babel%2fplugin-transform-unicode-escapes set size:undefined disposed:false
636 silly fetch manifest @babel/plugin-transform-optional-chaining@^7.25.9
637 silly packumentCache full:https://registry.npmjs.org/@babel%2fplugin-transform-optional-chaining cache-miss
638 http fetch GET 200 https://registry.npmjs.org/@babel%2fplugin-transform-class-properties 311ms (cache miss)
639 silly packumentCache full:https://registry.npmjs.org/@babel%2fplugin-transform-class-properties set size:undefined disposed:false
640 silly fetch manifest @babel/plugin-transform-property-literals@^7.25.9
641 silly packumentCache full:https://registry.npmjs.org/@babel%2fplugin-transform-property-literals cache-miss
642 http fetch GET 200 https://registry.npmjs.org/@babel%2fplugin-transform-numeric-separator 108ms (cache miss)
643 silly packumentCache full:https://registry.npmjs.org/@babel%2fplugin-transform-numeric-separator set size:undefined disposed:false
644 silly fetch manifest @babel/plugin-transform-template-literals@^7.26.8
645 silly packumentCache full:https://registry.npmjs.org/@babel%2fplugin-transform-template-literals cache-miss
646 http fetch GET 200 https://registry.npmjs.org/@babel%2fplugin-transform-regexp-modifiers 283ms (cache miss)
647 silly packumentCache full:https://registry.npmjs.org/@babel%2fplugin-transform-regexp-modifiers set size:undefined disposed:false
648 silly fetch manifest @babel/plugin-transform-class-static-block@^7.26.0
649 silly packumentCache full:https://registry.npmjs.org/@babel%2fplugin-transform-class-static-block cache-miss
650 http fetch GET 200 https://registry.npmjs.org/@babel%2fplugin-transform-modules-systemjs 350ms (cache miss)
651 silly packumentCache full:https://registry.npmjs.org/@babel%2fplugin-transform-modules-systemjs set size:undefined disposed:false
652 silly fetch manifest @babel/plugin-transform-object-rest-spread@^7.25.9
653 silly packumentCache full:https://registry.npmjs.org/@babel%2fplugin-transform-object-rest-spread cache-miss
654 http fetch GET 200 https://registry.npmjs.org/@babel%2fplugin-transform-template-literals 125ms (cache miss)
655 silly packumentCache full:https://registry.npmjs.org/@babel%2fplugin-transform-template-literals set size:undefined disposed:false
656 silly fetch manifest @babel/plugin-transform-unicode-sets-regex@^7.25.9
657 silly packumentCache full:https://registry.npmjs.org/@babel%2fplugin-transform-unicode-sets-regex cache-miss
658 http fetch GET 200 https://registry.npmjs.org/@babel%2fplugin-transform-unicode-sets-regex 107ms (cache miss)
659 silly packumentCache full:https://registry.npmjs.org/@babel%2fplugin-transform-unicode-sets-regex set size:undefined disposed:false
660 silly fetch manifest @babel/plugin-transform-computed-properties@^7.25.9
661 silly packumentCache full:https://registry.npmjs.org/@babel%2fplugin-transform-computed-properties cache-miss
662 http fetch GET 200 https://registry.npmjs.org/@babel%2fplugin-transform-modules-commonjs 545ms (cache miss)
663 silly packumentCache full:https://registry.npmjs.org/@babel%2fplugin-transform-modules-commonjs set size:undefined disposed:false
664 silly fetch manifest @babel/plugin-transform-shorthand-properties@^7.25.9
665 silly packumentCache full:https://registry.npmjs.org/@babel%2fplugin-transform-shorthand-properties cache-miss
666 http fetch GET 200 https://registry.npmjs.org/@babel%2fplugin-transform-optional-chaining 357ms (cache miss)
667 silly packumentCache full:https://registry.npmjs.org/@babel%2fplugin-transform-optional-chaining set size:undefined disposed:false
668 silly fetch manifest @babel/plugin-transform-export-namespace-from@^7.25.9
669 silly packumentCache full:https://registry.npmjs.org/@babel%2fplugin-transform-export-namespace-from cache-miss
670 http fetch GET 200 https://registry.npmjs.org/@babel%2fplugin-transform-property-literals 397ms (cache miss)
671 silly packumentCache full:https://registry.npmjs.org/@babel%2fplugin-transform-property-literals set size:undefined disposed:false
672 silly fetch manifest @babel/plugin-transform-block-scoped-functions@^7.26.5
673 silly packumentCache full:https://registry.npmjs.org/@babel%2fplugin-transform-block-scoped-functions cache-miss
674 http fetch GET 200 https://registry.npmjs.org/@babel%2fplugin-transform-object-rest-spread 353ms (cache miss)
675 silly packumentCache full:https://registry.npmjs.org/@babel%2fplugin-transform-object-rest-spread set size:undefined disposed:false
676 silly fetch manifest @babel/plugin-transform-optional-catch-binding@^7.25.9
677 silly packumentCache full:https://registry.npmjs.org/@babel%2fplugin-transform-optional-catch-binding cache-miss
678 http fetch GET 200 https://registry.npmjs.org/@babel%2fplugin-transform-class-static-block 407ms (cache miss)
679 silly packumentCache full:https://registry.npmjs.org/@babel%2fplugin-transform-class-static-block set size:undefined disposed:false
680 silly fetch manifest @babel/plugin-transform-unicode-property-regex@^7.25.9
681 silly packumentCache full:https://registry.npmjs.org/@babel%2fplugin-transform-unicode-property-regex cache-miss
682 http fetch GET 200 https://registry.npmjs.org/@babel%2fplugin-transform-computed-properties 241ms (cache miss)
683 silly packumentCache full:https://registry.npmjs.org/@babel%2fplugin-transform-computed-properties set size:undefined disposed:false
684 silly fetch manifest @babel/plugin-transform-exponentiation-operator@^7.26.3
685 silly packumentCache full:https://registry.npmjs.org/@babel%2fplugin-transform-exponentiation-operator cache-miss
686 http fetch GET 200 https://registry.npmjs.org/@babel%2fplugin-transform-export-namespace-from 207ms (cache miss)
687 silly packumentCache full:https://registry.npmjs.org/@babel%2fplugin-transform-export-namespace-from set size:undefined disposed:false
688 silly fetch manifest @babel/plugin-proposal-private-property-in-object@7.21.0-placeholder-for-preset-env.2
689 silly packumentCache full:https://registry.npmjs.org/@babel%2fplugin-proposal-private-property-in-object cache-miss
690 http fetch GET 200 https://registry.npmjs.org/@babel%2fplugin-transform-block-scoped-functions 204ms (cache miss)
691 silly packumentCache full:https://registry.npmjs.org/@babel%2fplugin-transform-block-scoped-functions set size:undefined disposed:false
692 silly fetch manifest @babel/plugin-transform-member-expression-literals@^7.25.9
693 silly packumentCache full:https://registry.npmjs.org/@babel%2fplugin-transform-member-expression-literals cache-miss
694 http fetch GET 200 https://registry.npmjs.org/@babel%2fplugin-transform-exponentiation-operator 158ms (cache miss)
695 silly packumentCache full:https://registry.npmjs.org/@babel%2fplugin-transform-exponentiation-operator set size:undefined disposed:false
696 silly fetch manifest @babel/plugin-transform-private-property-in-object@^7.25.9
697 silly packumentCache full:https://registry.npmjs.org/@babel%2fplugin-transform-private-property-in-object cache-miss
698 http fetch GET 200 https://registry.npmjs.org/@babel%2fplugin-proposal-private-property-in-object 133ms (cache miss)
699 silly packumentCache full:https://registry.npmjs.org/@babel%2fplugin-proposal-private-property-in-object set size:undefined disposed:false
700 silly fetch manifest @babel/plugin-transform-nullish-coalescing-operator@^7.26.6
701 silly packumentCache full:https://registry.npmjs.org/@babel%2fplugin-transform-nullish-coalescing-operator cache-miss
702 http fetch GET 200 https://registry.npmjs.org/@babel%2fplugin-transform-optional-catch-binding 354ms (cache miss)
703 silly packumentCache full:https://registry.npmjs.org/@babel%2fplugin-transform-optional-catch-binding set size:undefined disposed:false
704 silly fetch manifest @babel/plugin-transform-logical-assignment-operators@^7.25.9
705 silly packumentCache full:https://registry.npmjs.org/@babel%2fplugin-transform-logical-assignment-operators cache-miss
706 http fetch GET 200 https://registry.npmjs.org/@babel%2fplugin-transform-member-expression-literals 223ms (cache miss)
707 silly packumentCache full:https://registry.npmjs.org/@babel%2fplugin-transform-member-expression-literals set size:undefined disposed:false
708 silly fetch manifest @babel/plugin-transform-named-capturing-groups-regex@^7.25.9
709 silly packumentCache full:https://registry.npmjs.org/@babel%2fplugin-transform-named-capturing-groups-regex cache-miss
710 http fetch GET 200 https://registry.npmjs.org/@babel%2fplugin-transform-unicode-property-regex 398ms (cache miss)
711 silly packumentCache full:https://registry.npmjs.org/@babel%2fplugin-transform-unicode-property-regex set size:undefined disposed:false
712 silly fetch manifest @babel/plugin-bugfix-firefox-class-in-computed-class-key@^7.25.9
713 silly packumentCache full:https://registry.npmjs.org/@babel%2fplugin-bugfix-firefox-class-in-computed-class-key cache-miss
714 http fetch GET 200 https://registry.npmjs.org/@babel%2fplugin-transform-shorthand-properties 633ms (cache miss)
715 silly packumentCache full:https://registry.npmjs.org/@babel%2fplugin-transform-shorthand-properties set size:undefined disposed:false
716 silly fetch manifest @babel/plugin-bugfix-safari-class-field-initializer-scope@^7.25.9
717 silly packumentCache full:https://registry.npmjs.org/@babel%2fplugin-bugfix-safari-class-field-initializer-scope cache-miss
718 http fetch GET 200 https://registry.npmjs.org/@babel%2fplugin-transform-logical-assignment-operators 249ms (cache miss)
719 silly packumentCache full:https://registry.npmjs.org/@babel%2fplugin-transform-logical-assignment-operators set size:undefined disposed:false
720 silly fetch manifest @babel/plugin-bugfix-v8-static-class-fields-redefine-readonly@^7.25.9
721 silly packumentCache full:https://registry.npmjs.org/@babel%2fplugin-bugfix-v8-static-class-fields-redefine-readonly cache-miss
722 http fetch GET 200 https://registry.npmjs.org/@babel%2fplugin-transform-private-property-in-object 407ms (cache miss)
723 silly packumentCache full:https://registry.npmjs.org/@babel%2fplugin-transform-private-property-in-object set size:undefined disposed:false
724 silly fetch manifest @babel/plugin-bugfix-v8-spread-parameters-in-optional-chaining@^7.25.9
725 silly packumentCache full:https://registry.npmjs.org/@babel%2fplugin-bugfix-v8-spread-parameters-in-optional-chaining cache-miss
726 http fetch GET 200 https://registry.npmjs.org/@babel%2fplugin-bugfix-firefox-class-in-computed-class-key 223ms (cache miss)
727 silly packumentCache full:https://registry.npmjs.org/@babel%2fplugin-bugfix-firefox-class-in-computed-class-key set size:undefined disposed:false
728 silly fetch manifest @babel/plugin-transform-duplicate-named-capturing-groups-regex@^7.25.9
729 silly packumentCache full:https://registry.npmjs.org/@babel%2fplugin-transform-duplicate-named-capturing-groups-regex cache-miss
730 http fetch GET 200 https://registry.npmjs.org/@babel%2fplugin-bugfix-safari-class-field-initializer-scope 249ms (cache miss)
731 silly packumentCache full:https://registry.npmjs.org/@babel%2fplugin-bugfix-safari-class-field-initializer-scope set size:undefined disposed:false
732 silly fetch manifest @babel/plugin-bugfix-safari-id-destructuring-collision-in-function-expression@^7.25.9
733 silly packumentCache full:https://registry.npmjs.org/@babel%2fplugin-bugfix-safari-id-destructuring-collision-in-function-expression cache-miss
734 http fetch GET 200 https://registry.npmjs.org/@babel%2fplugin-transform-nullish-coalescing-operator 487ms (cache miss)
735 silly packumentCache full:https://registry.npmjs.org/@babel%2fplugin-transform-nullish-coalescing-operator set size:undefined disposed:false
736 silly fetch manifest regenerator-runtime@^0.14.0
737 silly packumentCache full:https://registry.npmjs.org/regenerator-runtime cache-miss
738 http fetch GET 200 https://registry.npmjs.org/@babel%2fplugin-bugfix-v8-static-class-fields-redefine-readonly 152ms (cache miss)
739 silly packumentCache full:https://registry.npmjs.org/@babel%2fplugin-bugfix-v8-static-class-fields-redefine-readonly set size:undefined disposed:false
740 silly fetch manifest fraction.js@^4.3.7
741 silly packumentCache full:https://registry.npmjs.org/fraction.js cache-miss
742 http fetch GET 200 https://registry.npmjs.org/@babel%2fplugin-bugfix-v8-spread-parameters-in-optional-chaining 151ms (cache miss)
743 silly packumentCache full:https://registry.npmjs.org/@babel%2fplugin-bugfix-v8-spread-parameters-in-optional-chaining set size:undefined disposed:false
744 silly fetch manifest normalize-range@^0.1.2
745 silly packumentCache full:https://registry.npmjs.org/normalize-range cache-miss
746 http fetch GET 200 https://registry.npmjs.org/vite 4763ms (cache miss)
747 silly packumentCache full:https://registry.npmjs.org/vite set size:undefined disposed:false
748 silly fetch manifest postcss-value-parser@^4.2.0
749 silly packumentCache full:https://registry.npmjs.org/postcss-value-parser cache-miss
750 http fetch GET 200 https://registry.npmjs.org/regenerator-runtime 926ms (cache miss)
751 silly packumentCache full:https://registry.npmjs.org/regenerator-runtime set size:undefined disposed:false
752 silly fetch manifest schema-utils@^4.0.0
753 silly packumentCache full:https://registry.npmjs.org/schema-utils cache-miss
754 http fetch GET 200 https://registry.npmjs.org/normalize-range 891ms (cache miss)
755 silly packumentCache full:https://registry.npmjs.org/normalize-range set size:undefined disposed:false
756 silly fetch manifest find-cache-dir@^4.0.0
757 silly packumentCache full:https://registry.npmjs.org/find-cache-dir cache-miss
758 http fetch GET 200 https://registry.npmjs.org/fraction.js 928ms (cache miss)
759 silly packumentCache full:https://registry.npmjs.org/fraction.js set size:undefined disposed:false
760 silly fetch manifest globby@^14.0.0
761 silly packumentCache full:https://registry.npmjs.org/globby cache-miss
762 http fetch GET 200 https://registry.npmjs.org/@babel%2fplugin-transform-duplicate-named-capturing-groups-regex 1038ms (cache miss)
763 silly packumentCache full:https://registry.npmjs.org/@babel%2fplugin-transform-duplicate-named-capturing-groups-regex set size:undefined disposed:false
764 silly fetch manifest fast-glob@^3.3.2
765 silly packumentCache full:https://registry.npmjs.org/fast-glob cache-miss
766 http fetch GET 200 https://registry.npmjs.org/@babel%2fplugin-transform-named-capturing-groups-regex 1338ms (cache miss)
767 silly packumentCache full:https://registry.npmjs.org/@babel%2fplugin-transform-named-capturing-groups-regex set size:undefined disposed:false
768 silly fetch manifest glob-parent@^6.0.1
769 silly packumentCache full:https://registry.npmjs.org/glob-parent cache-miss
770 http fetch GET 200 https://registry.npmjs.org/@babel%2fplugin-bugfix-safari-id-destructuring-collision-in-function-expression 1046ms (cache miss)
771 silly packumentCache full:https://registry.npmjs.org/@babel%2fplugin-bugfix-safari-id-destructuring-collision-in-function-expression set size:undefined disposed:false
772 silly fetch manifest schema-utils@^4.2.0
773 silly packumentCache full:https://registry.npmjs.org/schema-utils cache-miss
774 http fetch GET 200 https://registry.npmjs.org/postcss-value-parser 263ms (cache miss)
775 silly packumentCache full:https://registry.npmjs.org/postcss-value-parser set size:undefined disposed:false
776 silly fetch manifest serialize-javascript@^6.0.2
777 silly packumentCache full:https://registry.npmjs.org/serialize-javascript cache-miss
778 http cache https://registry.npmjs.org/fast-glob 262ms (cache hit)
779 silly packumentCache full:https://registry.npmjs.org/fast-glob set size:220556 disposed:false
780 silly fetch manifest postcss@^8.4.33
781 silly packumentCache full:https://registry.npmjs.org/postcss cache-miss
782 http fetch GET 200 https://registry.npmjs.org/find-cache-dir 313ms (cache miss)
783 silly packumentCache full:https://registry.npmjs.org/find-cache-dir set size:undefined disposed:false
784 silly fetch manifest icss-utils@^5.1.0
785 silly packumentCache full:https://registry.npmjs.org/icss-utils cache-miss
786 http fetch GET 200 https://registry.npmjs.org/globby 343ms (cache miss)
787 silly packumentCache full:https://registry.npmjs.org/globby set size:undefined disposed:false
788 silly fetch manifest postcss-modules-scope@^3.2.0
789 silly packumentCache full:https://registry.npmjs.org/postcss-modules-scope cache-miss
790 http fetch GET 200 https://registry.npmjs.org/glob-parent 315ms (cache miss)
791 silly packumentCache full:https://registry.npmjs.org/glob-parent set size:undefined disposed:false
792 silly fetch manifest postcss-modules-values@^4.0.0
793 silly packumentCache full:https://registry.npmjs.org/postcss-modules-values cache-miss
794 http fetch GET 200 https://registry.npmjs.org/schema-utils 437ms (cache miss)
795 silly packumentCache full:https://registry.npmjs.org/schema-utils set size:undefined disposed:false
796 silly fetch manifest postcss-modules-extract-imports@^3.1.0
797 silly packumentCache full:https://registry.npmjs.org/postcss-modules-extract-imports cache-miss
798 http cache https://registry.npmjs.org/postcss 175ms (cache hit)
799 silly packumentCache full:https://registry.npmjs.org/postcss set size:723316 disposed:false
800 silly fetch manifest postcss-modules-local-by-default@^4.0.5
801 silly packumentCache full:https://registry.npmjs.org/postcss-modules-local-by-default cache-miss
802 http fetch GET 200 https://registry.npmjs.org/schema-utils 491ms (cache miss)
803 silly packumentCache full:https://registry.npmjs.org/schema-utils set size:undefined disposed:false
804 silly fetch manifest @esbuild/aix-ppc64@0.28.0
805 silly packumentCache full:https://registry.npmjs.org/@esbuild%2faix-ppc64 cache-miss
806 http fetch GET 200 https://registry.npmjs.org/serialize-javascript 440ms (cache miss)
807 silly packumentCache full:https://registry.npmjs.org/serialize-javascript set size:undefined disposed:false
808 silly fetch manifest @esbuild/android-arm@0.28.0
809 silly packumentCache full:https://registry.npmjs.org/@esbuild%2fandroid-arm cache-miss
810 http fetch GET 200 https://registry.npmjs.org/icss-utils 318ms (cache miss)
811 silly packumentCache full:https://registry.npmjs.org/icss-utils set size:undefined disposed:false
812 silly fetch manifest @esbuild/android-arm64@0.28.0
813 silly packumentCache full:https://registry.npmjs.org/@esbuild%2fandroid-arm64 cache-miss
814 http fetch GET 200 https://registry.npmjs.org/postcss-modules-scope 299ms (cache miss)
815 silly packumentCache full:https://registry.npmjs.org/postcss-modules-scope set size:undefined disposed:false
816 silly fetch manifest @esbuild/android-x64@0.28.0
817 silly packumentCache full:https://registry.npmjs.org/@esbuild%2fandroid-x64 cache-miss
818 http fetch GET 200 https://registry.npmjs.org/postcss-modules-values 294ms (cache miss)
819 silly packumentCache full:https://registry.npmjs.org/postcss-modules-values set size:undefined disposed:false
820 silly fetch manifest @esbuild/darwin-arm64@0.28.0
821 silly packumentCache full:https://registry.npmjs.org/@esbuild%2fdarwin-arm64 cache-miss
822 http fetch GET 200 https://registry.npmjs.org/postcss-modules-extract-imports 297ms (cache miss)
823 silly packumentCache full:https://registry.npmjs.org/postcss-modules-extract-imports set size:undefined disposed:false
824 silly fetch manifest @esbuild/darwin-x64@0.28.0
825 silly packumentCache full:https://registry.npmjs.org/@esbuild%2fdarwin-x64 cache-miss
826 http fetch GET 200 https://registry.npmjs.org/@esbuild%2faix-ppc64 383ms (cache miss)
827 silly packumentCache full:https://registry.npmjs.org/@esbuild%2faix-ppc64 set size:undefined disposed:false
828 silly fetch manifest @esbuild/freebsd-arm64@0.28.0
829 silly packumentCache full:https://registry.npmjs.org/@esbuild%2ffreebsd-arm64 cache-miss
830 http fetch GET 200 https://registry.npmjs.org/@esbuild%2fandroid-arm 523ms (cache miss)
831 silly packumentCache full:https://registry.npmjs.org/@esbuild%2fandroid-arm set size:undefined disposed:false
832 silly fetch manifest @esbuild/freebsd-x64@0.28.0
833 silly packumentCache full:https://registry.npmjs.org/@esbuild%2ffreebsd-x64 cache-miss
834 http fetch GET 200 https://registry.npmjs.org/postcss-modules-local-by-default 645ms (cache miss)
835 silly packumentCache full:https://registry.npmjs.org/postcss-modules-local-by-default set size:undefined disposed:false
836 silly fetch manifest @esbuild/linux-arm@0.28.0
837 silly packumentCache full:https://registry.npmjs.org/@esbuild%2flinux-arm cache-miss
838 http fetch GET 200 https://registry.npmjs.org/@esbuild%2fandroid-arm64 658ms (cache miss)
839 silly packumentCache full:https://registry.npmjs.org/@esbuild%2fandroid-arm64 set size:undefined disposed:false
840 silly fetch manifest @esbuild/linux-arm64@0.28.0
841 silly packumentCache full:https://registry.npmjs.org/@esbuild%2flinux-arm64 cache-miss
842 http fetch GET 200 https://registry.npmjs.org/@esbuild%2fandroid-x64 642ms (cache miss)
843 silly packumentCache full:https://registry.npmjs.org/@esbuild%2fandroid-x64 set size:undefined disposed:false
844 silly fetch manifest @esbuild/linux-ia32@0.28.0
845 silly packumentCache full:https://registry.npmjs.org/@esbuild%2flinux-ia32 cache-miss
846 http fetch GET 200 https://registry.npmjs.org/@esbuild%2fdarwin-arm64 719ms (cache miss)
847 silly packumentCache full:https://registry.npmjs.org/@esbuild%2fdarwin-arm64 set size:undefined disposed:false
848 silly fetch manifest @esbuild/linux-loong64@0.28.0
849 silly packumentCache full:https://registry.npmjs.org/@esbuild%2flinux-loong64 cache-miss
850 http fetch GET 200 https://registry.npmjs.org/@esbuild%2fdarwin-x64 672ms (cache miss)
851 silly packumentCache full:https://registry.npmjs.org/@esbuild%2fdarwin-x64 set size:undefined disposed:false
852 silly fetch manifest @esbuild/linux-mips64el@0.28.0
853 silly packumentCache full:https://registry.npmjs.org/@esbuild%2flinux-mips64el cache-miss
854 http fetch GET 200 https://registry.npmjs.org/@esbuild%2ffreebsd-arm64 538ms (cache miss)
855 silly packumentCache full:https://registry.npmjs.org/@esbuild%2ffreebsd-arm64 set size:undefined disposed:false
856 silly fetch manifest @esbuild/linux-ppc64@0.28.0
857 silly packumentCache full:https://registry.npmjs.org/@esbuild%2flinux-ppc64 cache-miss
858 http fetch GET 200 https://registry.npmjs.org/@esbuild%2ffreebsd-x64 387ms (cache miss)
859 silly packumentCache full:https://registry.npmjs.org/@esbuild%2ffreebsd-x64 set size:undefined disposed:false
860 silly fetch manifest @esbuild/linux-riscv64@0.28.0
861 silly packumentCache full:https://registry.npmjs.org/@esbuild%2flinux-riscv64 cache-miss
862 http fetch GET 200 https://registry.npmjs.org/@esbuild%2flinux-arm 351ms (cache miss)
863 silly packumentCache full:https://registry.npmjs.org/@esbuild%2flinux-arm set size:undefined disposed:false
864 silly fetch manifest @esbuild/linux-s390x@0.28.0
865 silly packumentCache full:https://registry.npmjs.org/@esbuild%2flinux-s390x cache-miss
866 http fetch GET 200 https://registry.npmjs.org/@esbuild%2flinux-arm64 341ms (cache miss)
867 silly packumentCache full:https://registry.npmjs.org/@esbuild%2flinux-arm64 set size:undefined disposed:false
868 silly fetch manifest @esbuild/linux-x64@0.28.0
869 silly packumentCache full:https://registry.npmjs.org/@esbuild%2flinux-x64 cache-miss
870 http fetch GET 200 https://registry.npmjs.org/@esbuild%2flinux-ia32 290ms (cache miss)
871 silly packumentCache full:https://registry.npmjs.org/@esbuild%2flinux-ia32 set size:undefined disposed:false
872 silly fetch manifest @esbuild/netbsd-arm64@0.28.0
873 silly packumentCache full:https://registry.npmjs.org/@esbuild%2fnetbsd-arm64 cache-miss
874 http fetch GET 200 https://registry.npmjs.org/@esbuild%2flinux-mips64el 281ms (cache miss)
875 silly packumentCache full:https://registry.npmjs.org/@esbuild%2flinux-mips64el set size:undefined disposed:false
876 silly fetch manifest @esbuild/netbsd-x64@0.28.0
877 silly packumentCache full:https://registry.npmjs.org/@esbuild%2fnetbsd-x64 cache-miss
878 http fetch GET 200 https://registry.npmjs.org/@esbuild%2flinux-loong64 308ms (cache miss)
879 silly packumentCache full:https://registry.npmjs.org/@esbuild%2flinux-loong64 set size:undefined disposed:false
880 silly fetch manifest @esbuild/openbsd-arm64@0.28.0
881 silly packumentCache full:https://registry.npmjs.org/@esbuild%2fopenbsd-arm64 cache-miss
882 http fetch GET 200 https://registry.npmjs.org/@esbuild%2flinux-ppc64 237ms (cache miss)
883 silly packumentCache full:https://registry.npmjs.org/@esbuild%2flinux-ppc64 set size:undefined disposed:false
884 silly fetch manifest @esbuild/openbsd-x64@0.28.0
885 silly packumentCache full:https://registry.npmjs.org/@esbuild%2fopenbsd-x64 cache-miss
886 http fetch GET 200 https://registry.npmjs.org/@esbuild%2flinux-riscv64 231ms (cache miss)
887 silly packumentCache full:https://registry.npmjs.org/@esbuild%2flinux-riscv64 set size:undefined disposed:false
888 silly fetch manifest @esbuild/openharmony-arm64@0.28.0
889 silly packumentCache full:https://registry.npmjs.org/@esbuild%2fopenharmony-arm64 cache-miss
890 http fetch GET 200 https://registry.npmjs.org/@esbuild%2flinux-s390x 225ms (cache miss)
891 silly packumentCache full:https://registry.npmjs.org/@esbuild%2flinux-s390x set size:undefined disposed:false
892 silly fetch manifest @esbuild/sunos-x64@0.28.0
893 silly packumentCache full:https://registry.npmjs.org/@esbuild%2fsunos-x64 cache-miss
894 http fetch GET 200 https://registry.npmjs.org/@esbuild%2flinux-x64 167ms (cache miss)
895 silly packumentCache full:https://registry.npmjs.org/@esbuild%2flinux-x64 set size:undefined disposed:false
896 silly fetch manifest @esbuild/win32-arm64@0.28.0
897 silly packumentCache full:https://registry.npmjs.org/@esbuild%2fwin32-arm64 cache-miss
898 http fetch GET 200 https://registry.npmjs.org/@esbuild%2fopenbsd-arm64 111ms (cache miss)
899 silly packumentCache full:https://registry.npmjs.org/@esbuild%2fopenbsd-arm64 set size:undefined disposed:false
900 silly fetch manifest @esbuild/win32-ia32@0.28.0
901 silly packumentCache full:https://registry.npmjs.org/@esbuild%2fwin32-ia32 cache-miss
902 http fetch GET 200 https://registry.npmjs.org/@esbuild%2fnetbsd-x64 145ms (cache miss)
903 silly packumentCache full:https://registry.npmjs.org/@esbuild%2fnetbsd-x64 set size:undefined disposed:false
904 silly fetch manifest @esbuild/win32-x64@0.28.0
905 silly packumentCache full:https://registry.npmjs.org/@esbuild%2fwin32-x64 cache-miss
906 http fetch GET 200 https://registry.npmjs.org/@esbuild%2fopenharmony-arm64 113ms (cache miss)
907 silly packumentCache full:https://registry.npmjs.org/@esbuild%2fopenharmony-arm64 set size:undefined disposed:false
908 silly fetch manifest @nodelib/fs.stat@^2.0.2
909 silly packumentCache full:https://registry.npmjs.org/@nodelib%2ffs.stat cache-miss
910 http fetch GET 200 https://registry.npmjs.org/@esbuild%2fopenbsd-x64 137ms (cache miss)
911 silly packumentCache full:https://registry.npmjs.org/@esbuild%2fopenbsd-x64 set size:undefined disposed:false
912 silly fetch manifest @nodelib/fs.walk@^1.2.3
913 silly packumentCache full:https://registry.npmjs.org/@nodelib%2ffs.walk cache-miss
914 http fetch GET 200 https://registry.npmjs.org/@esbuild%2fnetbsd-arm64 224ms (cache miss)
915 silly packumentCache full:https://registry.npmjs.org/@esbuild%2fnetbsd-arm64 set size:undefined disposed:false
916 silly fetch manifest merge2@^1.3.0
917 silly packumentCache full:https://registry.npmjs.org/merge2 cache-miss
918 http fetch GET 200 https://registry.npmjs.org/@esbuild%2fsunos-x64 143ms (cache miss)
919 silly packumentCache full:https://registry.npmjs.org/@esbuild%2fsunos-x64 set size:undefined disposed:false
920 silly fetch manifest micromatch@^4.0.8
921 silly packumentCache full:https://registry.npmjs.org/micromatch cache-miss
922 http fetch GET 200 https://registry.npmjs.org/@esbuild%2fwin32-arm64 144ms (cache miss)
923 silly packumentCache full:https://registry.npmjs.org/@esbuild%2fwin32-arm64 set size:undefined disposed:false
924 silly fetch manifest micromatch@^4.0.8
925 silly packumentCache full:https://registry.npmjs.org/micromatch cache-miss
926 http fetch GET 200 https://registry.npmjs.org/@esbuild%2fwin32-ia32 155ms (cache miss)
927 silly packumentCache full:https://registry.npmjs.org/@esbuild%2fwin32-ia32 set size:undefined disposed:false
928 silly fetch manifest is-plain-object@^5.0.0
929 silly packumentCache full:https://registry.npmjs.org/is-plain-object cache-miss
930 http fetch GET 200 https://registry.npmjs.org/@esbuild%2fwin32-x64 150ms (cache miss)
931 silly packumentCache full:https://registry.npmjs.org/@esbuild%2fwin32-x64 set size:undefined disposed:false
932 silly fetch manifest @types/http-proxy@^1.17.15
933 silly packumentCache full:https://registry.npmjs.org/@types%2fhttp-proxy cache-miss
934 http fetch GET 200 https://registry.npmjs.org/merge2 120ms (cache miss)
935 silly packumentCache full:https://registry.npmjs.org/merge2 set size:undefined disposed:false
936 silly fetch manifest copy-anything@^2.0.1
937 silly packumentCache full:https://registry.npmjs.org/copy-anything cache-miss
938 http fetch GET 200 https://registry.npmjs.org/@nodelib%2ffs.walk 143ms (cache miss)
939 silly packumentCache full:https://registry.npmjs.org/@nodelib%2ffs.walk set size:undefined disposed:false
940 silly fetch manifest parse-node-version@^1.0.1
941 silly packumentCache full:https://registry.npmjs.org/parse-node-version cache-miss
942 http fetch GET 200 https://registry.npmjs.org/micromatch 138ms (cache miss)
943 silly packumentCache full:https://registry.npmjs.org/micromatch set size:undefined disposed:false
944 silly fetch manifest mime@^1.4.1
945 silly packumentCache full:https://registry.npmjs.org/mime cache-miss
946 http fetch GET 200 https://registry.npmjs.org/micromatch 121ms (cache miss)
947 silly packumentCache full:https://registry.npmjs.org/micromatch set size:undefined disposed:false
948 silly fetch manifest errno@^0.1.1
949 silly packumentCache full:https://registry.npmjs.org/errno cache-miss
950 http fetch GET 200 https://registry.npmjs.org/is-plain-object 116ms (cache miss)
951 silly packumentCache full:https://registry.npmjs.org/is-plain-object set size:undefined disposed:false
952 silly fetch manifest needle@^3.1.0
953 silly packumentCache full:https://registry.npmjs.org/needle cache-miss
954 http fetch GET 200 https://registry.npmjs.org/@types%2fhttp-proxy 123ms (cache miss)
955 silly packumentCache full:https://registry.npmjs.org/@types%2fhttp-proxy set size:undefined disposed:false
956 silly fetch manifest make-dir@^2.1.0
957 silly packumentCache full:https://registry.npmjs.org/make-dir cache-miss
958 http fetch GET 200 https://registry.npmjs.org/copy-anything 112ms (cache miss)
959 silly packumentCache full:https://registry.npmjs.org/copy-anything set size:undefined disposed:false
960 silly fetch manifest image-size@~0.5.0
961 silly packumentCache full:https://registry.npmjs.org/image-size cache-miss
962 http fetch GET 200 https://registry.npmjs.org/parse-node-version 116ms (cache miss)
963 silly packumentCache full:https://registry.npmjs.org/parse-node-version set size:undefined disposed:false
964 silly fetch manifest source-map@~0.6.0
965 silly packumentCache full:https://registry.npmjs.org/source-map cache-miss
966 http fetch GET 200 https://registry.npmjs.org/@nodelib%2ffs.stat 297ms (cache miss)
967 silly packumentCache full:https://registry.npmjs.org/@nodelib%2ffs.stat set size:undefined disposed:false
968 silly fetch manifest tapable@^2.2.1
969 silly packumentCache full:https://registry.npmjs.org/tapable cache-miss
970 http cache https://registry.npmjs.org/source-map 24ms (cache hit)
971 silly packumentCache full:https://registry.npmjs.org/source-map set size:226212 disposed:false
972 silly fetch manifest is-wsl@^3.1.0
973 silly packumentCache full:https://registry.npmjs.org/is-wsl cache-miss
974 http fetch GET 200 https://registry.npmjs.org/mime 142ms (cache miss)
975 silly packumentCache full:https://registry.npmjs.org/mime set size:undefined disposed:false
976 silly fetch manifest default-browser@^5.2.1
977 silly packumentCache full:https://registry.npmjs.org/default-browser cache-miss
978 http fetch GET 200 https://registry.npmjs.org/errno 156ms (cache miss)
979 silly packumentCache full:https://registry.npmjs.org/errno set size:undefined disposed:false
980 silly fetch manifest define-lazy-prop@^3.0.0
981 silly packumentCache full:https://registry.npmjs.org/define-lazy-prop cache-miss
982 http fetch GET 200 https://registry.npmjs.org/make-dir 141ms (cache miss)
983 silly packumentCache full:https://registry.npmjs.org/make-dir set size:undefined disposed:false
984 silly fetch manifest is-inside-container@^1.0.0
985 silly packumentCache full:https://registry.npmjs.org/is-inside-container cache-miss
986 http fetch GET 200 https://registry.npmjs.org/needle 173ms (cache miss)
987 silly packumentCache full:https://registry.npmjs.org/needle set size:undefined disposed:false
988 silly fetch manifest @napi-rs/nice@^1.0.1
989 silly packumentCache full:https://registry.npmjs.org/@napi-rs%2fnice cache-miss
990 http fetch GET 200 https://registry.npmjs.org/image-size 155ms (cache miss)
991 silly packumentCache full:https://registry.npmjs.org/image-size set size:undefined disposed:false
992 silly fetch manifest jiti@^1.20.0
993 silly packumentCache full:https://registry.npmjs.org/jiti cache-miss
994 http fetch GET 200 https://registry.npmjs.org/is-wsl 125ms (cache miss)
995 silly packumentCache full:https://registry.npmjs.org/is-wsl set size:undefined disposed:false
996 silly fetch manifest cosmiconfig@^9.0.0
997 silly packumentCache full:https://registry.npmjs.org/cosmiconfig cache-miss
998 http fetch GET 200 https://registry.npmjs.org/tapable 157ms (cache miss)
999 silly packumentCache full:https://registry.npmjs.org/tapable set size:undefined disposed:false
1000 silly fetch manifest immutable@^5.0.2
1001 silly packumentCache full:https://registry.npmjs.org/immutable cache-miss
1002 http fetch GET 200 https://registry.npmjs.org/default-browser 121ms (cache miss)
1003 silly packumentCache full:https://registry.npmjs.org/default-browser set size:undefined disposed:false
1004 silly fetch manifest @parcel/watcher@^2.4.1
1005 silly packumentCache full:https://registry.npmjs.org/@parcel%2fwatcher cache-miss
1006 http fetch GET 200 https://registry.npmjs.org/define-lazy-prop 109ms (cache miss)
1007 silly packumentCache full:https://registry.npmjs.org/define-lazy-prop set size:undefined disposed:false
1008 silly fetch manifest neo-async@^2.6.2
1009 silly packumentCache full:https://registry.npmjs.org/neo-async cache-miss
1010 http fetch GET 200 https://registry.npmjs.org/is-inside-container 116ms (cache miss)
1011 silly packumentCache full:https://registry.npmjs.org/is-inside-container set size:undefined disposed:false
1012 silly fetch manifest iconv-lite@^0.6.3
1013 silly packumentCache full:https://registry.npmjs.org/iconv-lite cache-miss
1014 http fetch GET 200 https://registry.npmjs.org/cosmiconfig 122ms (cache miss)
1015 silly packumentCache full:https://registry.npmjs.org/cosmiconfig set size:undefined disposed:false
1016 silly fetch manifest acorn@^8.8.2
1017 silly packumentCache full:https://registry.npmjs.org/acorn cache-miss
1018 http fetch GET 200 https://registry.npmjs.org/immutable 133ms (cache miss)
1019 silly packumentCache full:https://registry.npmjs.org/immutable set size:undefined disposed:false
1020 silly fetch manifest commander@^2.20.0
1021 silly packumentCache full:https://registry.npmjs.org/commander cache-miss
1022 http fetch GET 200 https://registry.npmjs.org/jiti 174ms (cache miss)
1023 silly packumentCache full:https://registry.npmjs.org/jiti set size:undefined disposed:false
1024 silly fetch manifest @jridgewell/source-map@^0.3.3
1025 silly packumentCache full:https://registry.npmjs.org/@jridgewell%2fsource-map cache-miss
1026 http fetch GET 200 https://registry.npmjs.org/@parcel%2fwatcher 150ms (cache miss)
1027 silly packumentCache full:https://registry.npmjs.org/@parcel%2fwatcher set size:undefined disposed:false
1028 silly fetch manifest acorn@^8.15.0
1029 silly packumentCache full:https://registry.npmjs.org/acorn cache-miss
1030 http fetch GET 200 https://registry.npmjs.org/neo-async 144ms (cache miss)
1031 silly packumentCache full:https://registry.npmjs.org/neo-async set size:undefined disposed:false
1032 silly fetch manifest events@^3.2.0
1033 silly packumentCache full:https://registry.npmjs.org/events cache-miss
1034 http fetch GET 200 https://registry.npmjs.org/iconv-lite 134ms (cache miss)
1035 silly packumentCache full:https://registry.npmjs.org/iconv-lite set size:undefined disposed:false
1036 silly fetch manifest tapable@^2.3.0
1037 silly packumentCache full:https://registry.npmjs.org/tapable cache-miss
1038 http cache https://registry.npmjs.org/tapable 14ms (cache hit)
1039 silly packumentCache full:https://registry.npmjs.org/tapable set size:141233 disposed:false
1040 silly fetch manifest watchpack@^2.5.1
1041 silly packumentCache full:https://registry.npmjs.org/watchpack cache-miss
1042 http cache https://registry.npmjs.org/watchpack 14ms (cache hit)
1043 silly packumentCache full:https://registry.npmjs.org/watchpack set size:144588 disposed:false
1044 silly fetch manifest browserslist@^4.28.1
1045 silly packumentCache full:https://registry.npmjs.org/browserslist cache-miss
1046 http fetch GET 200 https://registry.npmjs.org/acorn 141ms (cache miss)
1047 silly packumentCache full:https://registry.npmjs.org/acorn set size:undefined disposed:false
1048 silly fetch manifest eslint-scope@5.1.1
1049 silly packumentCache full:https://registry.npmjs.org/eslint-scope cache-miss
1050 http fetch GET 200 https://registry.npmjs.org/commander 149ms (cache miss)
1051 silly packumentCache full:https://registry.npmjs.org/commander set size:undefined disposed:false
1052 silly fetch manifest schema-utils@^4.3.3
1053 silly packumentCache full:https://registry.npmjs.org/schema-utils cache-miss
1054 http fetch GET 200 https://registry.npmjs.org/@jridgewell%2fsource-map 148ms (cache miss)
1055 silly packumentCache full:https://registry.npmjs.org/@jridgewell%2fsource-map set size:undefined disposed:false
1056 silly fetch manifest @types/estree@^1.0.8
1057 silly packumentCache full:https://registry.npmjs.org/@types%2festree cache-miss
1058 http fetch GET 200 https://registry.npmjs.org/events 149ms (cache miss)
1059 silly packumentCache full:https://registry.npmjs.org/events set size:undefined disposed:false
1060 silly fetch manifest loader-runner@^4.3.1
1061 silly packumentCache full:https://registry.npmjs.org/loader-runner cache-miss
1062 http cache https://registry.npmjs.org/schema-utils 54ms (cache hit)
1063 silly packumentCache full:https://registry.npmjs.org/schema-utils set size:166563 disposed:false
1064 silly fetch manifest glob-to-regexp@^0.4.1
1065 silly packumentCache full:https://registry.npmjs.org/glob-to-regexp cache-miss
1066 http fetch GET 200 https://registry.npmjs.org/acorn 204ms (cache miss)
1067 silly packumentCache full:https://registry.npmjs.org/acorn set size:undefined disposed:false
1068 silly fetch manifest es-module-lexer@^2.0.0
1069 silly packumentCache full:https://registry.npmjs.org/es-module-lexer cache-miss
1070 http fetch GET 200 https://registry.npmjs.org/eslint-scope 185ms (cache miss)
1071 silly packumentCache full:https://registry.npmjs.org/eslint-scope set size:undefined disposed:false
1072 silly fetch manifest enhanced-resolve@^5.19.0
1073 silly packumentCache full:https://registry.npmjs.org/enhanced-resolve cache-miss
1074 http fetch GET 200 https://registry.npmjs.org/@types%2festree 179ms (cache miss)
1075 silly packumentCache full:https://registry.npmjs.org/@types%2festree set size:undefined disposed:false
1076 silly fetch manifest @types/json-schema@^7.0.15
1077 silly packumentCache full:https://registry.npmjs.org/@types%2fjson-schema cache-miss
1078 http fetch GET 200 https://registry.npmjs.org/browserslist 252ms (cache miss)
1079 silly packumentCache full:https://registry.npmjs.org/browserslist set size:undefined disposed:false
1080 silly fetch manifest @webassemblyjs/ast@^1.14.1
1081 silly packumentCache full:https://registry.npmjs.org/@webassemblyjs%2fast cache-miss
1082 http fetch GET 200 https://registry.npmjs.org/@napi-rs%2fnice 572ms (cache miss)
1083 silly packumentCache full:https://registry.npmjs.org/@napi-rs%2fnice set size:undefined disposed:false
1084 silly fetch manifest chrome-trace-event@^1.0.2
1085 silly packumentCache full:https://registry.npmjs.org/chrome-trace-event cache-miss
1086 http fetch GET 200 https://registry.npmjs.org/glob-to-regexp 168ms (cache miss)
1087 silly packumentCache full:https://registry.npmjs.org/glob-to-regexp set size:undefined disposed:false
1088 silly fetch manifest @types/eslint-scope@^3.7.7
1089 silly packumentCache full:https://registry.npmjs.org/@types%2feslint-scope cache-miss
1090 http fetch GET 200 https://registry.npmjs.org/loader-runner 206ms (cache miss)
1091 silly packumentCache full:https://registry.npmjs.org/loader-runner set size:undefined disposed:false
1092 silly fetch manifest acorn-import-phases@^1.0.3
1093 silly packumentCache full:https://registry.npmjs.org/acorn-import-phases cache-miss
1094 http fetch GET 200 https://registry.npmjs.org/es-module-lexer 180ms (cache miss)
1095 silly packumentCache full:https://registry.npmjs.org/es-module-lexer set size:undefined disposed:false
1096 silly fetch manifest terser-webpack-plugin@^5.3.16
1097 silly packumentCache full:https://registry.npmjs.org/terser-webpack-plugin cache-miss
1098 http fetch GET 200 https://registry.npmjs.org/@types%2fjson-schema 126ms (cache miss)
1099 silly packumentCache full:https://registry.npmjs.org/@types%2fjson-schema set size:undefined disposed:false
1100 silly fetch manifest @webassemblyjs/wasm-edit@^1.14.1
1101 silly packumentCache full:https://registry.npmjs.org/@webassemblyjs%2fwasm-edit cache-miss
1102 http fetch GET 200 https://registry.npmjs.org/enhanced-resolve 181ms (cache miss)
1103 silly packumentCache full:https://registry.npmjs.org/enhanced-resolve set size:undefined disposed:false
1104 silly fetch manifest @webassemblyjs/wasm-parser@^1.14.1
1105 silly packumentCache full:https://registry.npmjs.org/@webassemblyjs%2fwasm-parser cache-miss
1106 http fetch GET 200 https://registry.npmjs.org/acorn-import-phases 99ms (cache miss)
1107 silly packumentCache full:https://registry.npmjs.org/acorn-import-phases set size:undefined disposed:false
1108 silly fetch manifest json-parse-even-better-errors@^2.3.1
1109 silly packumentCache full:https://registry.npmjs.org/json-parse-even-better-errors cache-miss
1110 http fetch GET 200 https://registry.npmjs.org/chrome-trace-event 127ms (cache miss)
1111 silly packumentCache full:https://registry.npmjs.org/chrome-trace-event set size:undefined disposed:false
1112 silly fetch manifest memfs@^4.6.0
1113 silly packumentCache full:https://registry.npmjs.org/memfs cache-miss
1114 http fetch GET 200 https://registry.npmjs.org/@webassemblyjs%2fast 171ms (cache miss)
1115 silly packumentCache full:https://registry.npmjs.org/@webassemblyjs%2fast set size:undefined disposed:false
1116 silly fetch manifest colorette@^2.0.10
1117 silly packumentCache full:https://registry.npmjs.org/colorette cache-miss
1118 http fetch GET 200 https://registry.npmjs.org/terser-webpack-plugin 164ms (cache miss)
1119 silly packumentCache full:https://registry.npmjs.org/terser-webpack-plugin set size:undefined disposed:false
1120 silly fetch manifest ws@^8.18.0
1121 silly packumentCache full:https://registry.npmjs.org/ws cache-miss
1122 http fetch GET 200 https://registry.npmjs.org/json-parse-even-better-errors 115ms (cache miss)
1123 silly packumentCache full:https://registry.npmjs.org/json-parse-even-better-errors set size:undefined disposed:false
1124 silly fetch manifest spdy@^4.0.2
1125 silly packumentCache full:https://registry.npmjs.org/spdy cache-miss
1126 http fetch GET 200 https://registry.npmjs.org/@webassemblyjs%2fwasm-edit 156ms (cache miss)
1127 silly packumentCache full:https://registry.npmjs.org/@webassemblyjs%2fwasm-edit set size:undefined disposed:false
1128 silly fetch manifest sockjs@^0.3.24
1129 silly packumentCache full:https://registry.npmjs.org/sockjs cache-miss
1130 http fetch GET 200 https://registry.npmjs.org/colorette 107ms (cache miss)
1131 silly packumentCache full:https://registry.npmjs.org/colorette set size:undefined disposed:false
1132 silly fetch manifest express@^4.21.2
1133 silly packumentCache full:https://registry.npmjs.org/express cache-miss
1134 http fetch GET 200 https://registry.npmjs.org/@webassemblyjs%2fwasm-parser 157ms (cache miss)
1135 silly packumentCache full:https://registry.npmjs.org/@webassemblyjs%2fwasm-parser set size:undefined disposed:false
1136 silly fetch manifest p-retry@^6.2.0
1137 silly packumentCache full:https://registry.npmjs.org/p-retry cache-miss
1138 http fetch GET 200 https://registry.npmjs.org/@types%2feslint-scope 385ms (cache miss)
1139 silly packumentCache full:https://registry.npmjs.org/@types%2feslint-scope set size:undefined disposed:false
1140 silly fetch manifest chokidar@^3.6.0
1141 silly packumentCache full:https://registry.npmjs.org/chokidar cache-miss
1142 http fetch GET 200 https://registry.npmjs.org/sockjs 178ms (cache miss)
1143 silly packumentCache full:https://registry.npmjs.org/sockjs set size:undefined disposed:false
1144 silly fetch manifest @types/ws@^8.5.10
1145 silly packumentCache full:https://registry.npmjs.org/@types%2fws cache-miss
1146 http cache https://registry.npmjs.org/chokidar 47ms (cache hit)
1147 silly packumentCache full:https://registry.npmjs.org/chokidar set size:255902 disposed:false
1148 silly fetch manifest ipaddr.js@^2.1.0
1149 silly packumentCache full:https://registry.npmjs.org/ipaddr.js cache-miss
1150 http fetch GET 200 https://registry.npmjs.org/p-retry 177ms (cache miss)
1151 silly packumentCache full:https://registry.npmjs.org/p-retry set size:undefined disposed:false
1152 silly fetch manifest selfsigned@^2.4.1
1153 silly packumentCache full:https://registry.npmjs.org/selfsigned cache-miss
1154 http fetch GET 200 https://registry.npmjs.org/ws 252ms (cache miss)
1155 silly packumentCache full:https://registry.npmjs.org/ws set size:undefined disposed:false
1156 silly fetch manifest compression@^1.7.4
1157 silly packumentCache full:https://registry.npmjs.org/compression cache-miss
1158 http fetch GET 200 https://registry.npmjs.org/memfs 357ms (cache miss)
1159 silly packumentCache full:https://registry.npmjs.org/memfs set size:undefined disposed:false
1160 silly fetch manifest serve-index@^1.9.1
1161 silly packumentCache full:https://registry.npmjs.org/serve-index cache-miss
1162 http fetch GET 200 https://registry.npmjs.org/spdy 300ms (cache miss)
1163 silly packumentCache full:https://registry.npmjs.org/spdy set size:undefined disposed:false
1164 silly fetch manifest @types/sockjs@^0.3.36
1165 silly packumentCache full:https://registry.npmjs.org/@types%2fsockjs cache-miss
1166 http fetch GET 200 https://registry.npmjs.org/selfsigned 178ms (cache miss)
1167 silly packumentCache full:https://registry.npmjs.org/selfsigned set size:undefined disposed:false
1168 silly fetch manifest launch-editor@^2.6.1
1169 silly packumentCache full:https://registry.npmjs.org/launch-editor cache-miss
1170 http fetch GET 200 https://registry.npmjs.org/ipaddr.js 201ms (cache miss)
1171 silly packumentCache full:https://registry.npmjs.org/ipaddr.js set size:undefined disposed:false
1172 silly fetch manifest @types/bonjour@^3.5.13
1173 silly packumentCache full:https://registry.npmjs.org/@types%2fbonjour cache-miss
1174 http fetch GET 200 https://registry.npmjs.org/compression 184ms (cache miss)
1175 silly packumentCache full:https://registry.npmjs.org/compression set size:undefined disposed:false
1176 silly fetch manifest @types/express@^4.17.21
1177 silly packumentCache full:https://registry.npmjs.org/@types%2fexpress cache-miss
1178 http fetch GET 200 https://registry.npmjs.org/express 416ms (cache miss)
1179 silly packumentCache full:https://registry.npmjs.org/express set size:undefined disposed:false
1180 silly fetch manifest bonjour-service@^1.2.1
1181 silly packumentCache full:https://registry.npmjs.org/bonjour-service cache-miss
1182 http fetch GET 200 https://registry.npmjs.org/@types%2fws 293ms (cache miss)
1183 silly packumentCache full:https://registry.npmjs.org/@types%2fws set size:undefined disposed:false
1184 silly fetch manifest @types/serve-index@^1.9.4
1185 silly packumentCache full:https://registry.npmjs.org/@types%2fserve-index cache-miss
1186 http fetch GET 200 https://registry.npmjs.org/serve-index 379ms (cache miss)
1187 silly packumentCache full:https://registry.npmjs.org/serve-index set size:undefined disposed:false
1188 silly fetch manifest @types/serve-static@^1.15.5
1189 silly packumentCache full:https://registry.npmjs.org/@types%2fserve-static cache-miss
1190 http fetch GET 200 https://registry.npmjs.org/launch-editor 5018ms (cache miss)
1191 silly packumentCache full:https://registry.npmjs.org/launch-editor set size:undefined disposed:false
1192 silly fetch manifest ansi-html-community@^0.0.8
1193 silly packumentCache full:https://registry.npmjs.org/ansi-html-community cache-miss
1194 http fetch GET 200 https://registry.npmjs.org/@types%2fserve-index 4947ms (cache miss)
1195 silly packumentCache full:https://registry.npmjs.org/@types%2fserve-index set size:undefined disposed:false
1196 silly fetch manifest http-proxy-middleware@^2.0.9
1197 silly packumentCache full:https://registry.npmjs.org/http-proxy-middleware cache-miss
1198 http fetch GET 200 https://registry.npmjs.org/@types%2fbonjour 5059ms (cache miss)
1199 silly packumentCache full:https://registry.npmjs.org/@types%2fbonjour set size:undefined disposed:false
1200 silly fetch manifest connect-history-api-fallback@^2.0.0
1201 silly packumentCache full:https://registry.npmjs.org/connect-history-api-fallback cache-miss
1202 http fetch GET 200 https://registry.npmjs.org/@types%2fexpress 5102ms (cache miss)
1203 silly packumentCache full:https://registry.npmjs.org/@types%2fexpress set size:undefined disposed:false
1204 silly fetch manifest @types/express-serve-static-core@^4.17.21
1205 silly packumentCache full:https://registry.npmjs.org/@types%2fexpress-serve-static-core cache-miss
1206 http fetch GET 200 https://registry.npmjs.org/@types%2fsockjs 5248ms (cache miss)
1207 silly packumentCache full:https://registry.npmjs.org/@types%2fsockjs set size:undefined disposed:false
1208 silly fetch manifest @types/connect-history-api-fallback@^1.5.4
1209 silly packumentCache full:https://registry.npmjs.org/@types%2fconnect-history-api-fallback cache-miss
1210 http fetch GET 200 https://registry.npmjs.org/@types%2fserve-static 4486ms (cache miss)
1211 silly packumentCache full:https://registry.npmjs.org/@types%2fserve-static set size:undefined disposed:false
1212 silly fetch manifest flat@^5.0.2
1213 silly packumentCache full:https://registry.npmjs.org/flat cache-miss
1214 http fetch GET 200 https://registry.npmjs.org/bonjour-service 5121ms (cache miss)
1215 silly packumentCache full:https://registry.npmjs.org/bonjour-service set size:undefined disposed:false
1216 silly fetch manifest wildcard@^2.0.1
1217 silly packumentCache full:https://registry.npmjs.org/wildcard cache-miss
1218 http fetch GET 200 https://registry.npmjs.org/ansi-html-community 208ms (cache miss)
1219 silly packumentCache full:https://registry.npmjs.org/ansi-html-community set size:undefined disposed:false
1220 silly fetch manifest clone-deep@^4.0.1
1221 silly packumentCache full:https://registry.npmjs.org/clone-deep cache-miss
1222 http cache https://registry.npmjs.org/http-proxy-middleware 209ms (cache hit)
1223 silly packumentCache full:https://registry.npmjs.org/http-proxy-middleware set size:359220 disposed:false
1224 http fetch GET 200 https://registry.npmjs.org/connect-history-api-fallback 229ms (cache miss)
1225 silly packumentCache full:https://registry.npmjs.org/connect-history-api-fallback set size:undefined disposed:false
1226 http fetch GET 200 https://registry.npmjs.org/@types%2fconnect-history-api-fallback 194ms (cache miss)
1227 silly packumentCache full:https://registry.npmjs.org/@types%2fconnect-history-api-fallback set size:undefined disposed:false
1228 http fetch GET 200 https://registry.npmjs.org/flat 184ms (cache miss)
1229 silly packumentCache full:https://registry.npmjs.org/flat set size:undefined disposed:false
1230 http fetch GET 200 https://registry.npmjs.org/wildcard 163ms (cache miss)
1231 silly packumentCache full:https://registry.npmjs.org/wildcard set size:undefined disposed:false
1232 http fetch GET 200 https://registry.npmjs.org/clone-deep 149ms (cache miss)
1233 silly packumentCache full:https://registry.npmjs.org/clone-deep set size:undefined disposed:false
1234 http fetch GET 200 https://registry.npmjs.org/@types%2fexpress-serve-static-core 358ms (cache miss)
1235 silly packumentCache full:https://registry.npmjs.org/@types%2fexpress-serve-static-core set size:undefined disposed:false
1236 silly placeDep node_modules/@angular-devkit/architect rxjs@7.8.1 OK for: @angular-devkit/architect@0.1902.27 want: 7.8.1
1237 silly placeDep node_modules/@angular-devkit/build-webpack rxjs@7.8.1 OK for: @angular-devkit/build-webpack@0.1902.27 want: 7.8.1
1238 silly placeDep ROOT ajv@8.18.0 OK for: @angular-devkit/core@19.2.27 want: 8.18.0
1239 silly placeDep ROOT ajv-formats@3.0.1 OK for: @angular-devkit/core@19.2.27 want: 3.0.1
1240 silly placeDep node_modules/@angular-devkit/core picomatch@4.0.4 OK for: @angular-devkit/core@19.2.27 want: 4.0.4
1241 silly placeDep node_modules/@angular-devkit/core rxjs@7.8.1 OK for: @angular-devkit/core@19.2.27 want: 7.8.1
1242 silly placeDep ROOT source-map@0.7.4 OK for: @angular-devkit/core@19.2.27 want: 0.7.4
1243 silly fetch manifest fast-uri@^3.0.1
1244 silly packumentCache full:https://registry.npmjs.org/fast-uri cache-miss
1245 silly fetch manifest fast-deep-equal@^3.1.3
1246 silly packumentCache full:https://registry.npmjs.org/fast-deep-equal cache-miss
1247 silly fetch manifest require-from-string@^2.0.2
1248 silly packumentCache full:https://registry.npmjs.org/require-from-string cache-miss
1249 silly fetch manifest json-schema-traverse@^1.0.0
1250 silly packumentCache full:https://registry.npmjs.org/json-schema-traverse cache-miss
1251 http fetch GET 200 https://registry.npmjs.org/fast-deep-equal 97ms (cache miss)
1252 silly packumentCache full:https://registry.npmjs.org/fast-deep-equal set size:undefined disposed:false
1253 http fetch GET 200 https://registry.npmjs.org/json-schema-traverse 99ms (cache miss)
1254 silly packumentCache full:https://registry.npmjs.org/json-schema-traverse set size:undefined disposed:false
1255 http fetch GET 200 https://registry.npmjs.org/fast-uri 110ms (cache miss)
1256 silly packumentCache full:https://registry.npmjs.org/fast-uri set size:undefined disposed:false
1257 http fetch GET 200 https://registry.npmjs.org/require-from-string 109ms (cache miss)
1258 silly packumentCache full:https://registry.npmjs.org/require-from-string set size:undefined disposed:false
1259 silly placeDep node_modules/@angular/build @babel/core@7.26.10 OK for: @angular/build@19.2.27 want: 7.26.10
1260 silly placeDep ROOT @babel/plugin-syntax-import-attributes@7.26.0 OK for: @angular/build@19.2.27 want: 7.26.0
1261 silly placeDep ROOT @inquirer/confirm@5.1.6 OK for: @angular/build@19.2.27 want: 5.1.6
1262 silly placeDep ROOT beasties@0.3.2 OK for: @angular/build@19.2.27 want: 0.3.2
1263 silly placeDep ROOT https-proxy-agent@7.0.6 OK for: @angular/build@19.2.27 want: 7.0.6
1264 silly placeDep node_modules/@angular/build istanbul-lib-instrument@6.0.3 OK for: @angular/build@19.2.27 want: 6.0.3
1265 silly placeDep ROOT listr2@8.2.5 OK for: @angular/build@19.2.27 want: 8.2.5
1266 silly placeDep ROOT lmdb@3.2.6 OK for: @angular/build@19.2.27 want: 3.2.6
1267 silly placeDep ROOT magic-string@0.30.17 OK for: @angular/build@19.2.27 want: 0.30.17
1268 silly placeDep ROOT mrmime@2.0.1 OK for: @angular/build@19.2.27 want: 2.0.1
1269 silly placeDep ROOT parse5-html-rewriting-stream@7.0.0 OK for: @angular/build@19.2.27 want: 7.0.0
1270 silly placeDep node_modules/@angular/build picomatch@4.0.4 OK for: @angular/build@19.2.27 want: 4.0.4
1271 silly placeDep ROOT rollup@4.59.0 OK for: @angular/build@19.2.27 want: 4.59.0
1272 silly placeDep node_modules/@angular/build semver@7.7.1 OK for: @angular/build@19.2.27 want: 7.7.1
1273 silly placeDep ROOT vite@6.4.2 OK for: @angular/build@19.2.27 want: 6.4.2
1274 silly placeDep ROOT watchpack@2.4.2 OK for: @angular/build@19.2.27 want: 2.4.2
1275 silly fetch manifest @inquirer/core@^10.1.7
1276 silly packumentCache full:https://registry.npmjs.org/@inquirer%2fcore cache-miss
1277 silly fetch manifest @inquirer/type@^3.0.4
1278 silly packumentCache full:https://registry.npmjs.org/@inquirer%2ftype cache-miss
1279 silly fetch manifest css-what@^6.1.0
1280 silly packumentCache full:https://registry.npmjs.org/css-what cache-miss
1281 silly fetch manifest css-select@^5.1.0
1282 silly packumentCache full:https://registry.npmjs.org/css-select cache-miss
1283 silly fetch manifest domhandler@^5.0.3
1284 silly packumentCache full:https://registry.npmjs.org/domhandler cache-miss
1285 silly fetch manifest htmlparser2@^10.0.0
1286 silly packumentCache full:https://registry.npmjs.org/htmlparser2 cache-miss
1287 silly fetch manifest dom-serializer@^2.0.0
1288 silly packumentCache full:https://registry.npmjs.org/dom-serializer cache-miss
1289 http fetch GET 200 https://registry.npmjs.org/css-what 154ms (cache miss)
1290 silly packumentCache full:https://registry.npmjs.org/css-what set size:undefined disposed:false
1291 silly fetch manifest postcss-media-query-parser@^0.2.3
1292 silly packumentCache full:https://registry.npmjs.org/postcss-media-query-parser cache-miss
1293 http fetch GET 200 https://registry.npmjs.org/domhandler 205ms (cache miss)
1294 silly packumentCache full:https://registry.npmjs.org/domhandler set size:undefined disposed:false
1295 silly fetch manifest agent-base@^7.1.2
1296 silly packumentCache full:https://registry.npmjs.org/agent-base cache-miss
1297 http fetch GET 200 https://registry.npmjs.org/dom-serializer 221ms (cache miss)
1298 silly packumentCache full:https://registry.npmjs.org/dom-serializer set size:undefined disposed:false
1299 silly fetch manifest colorette@^2.0.20
1300 silly packumentCache full:https://registry.npmjs.org/colorette cache-miss
1301 http fetch GET 200 https://registry.npmjs.org/css-select 234ms (cache miss)
1302 silly packumentCache full:https://registry.npmjs.org/css-select set size:undefined disposed:false
1303 silly fetch manifest wrap-ansi@^9.0.0
1304 silly packumentCache full:https://registry.npmjs.org/wrap-ansi cache-miss
1305 http fetch GET 200 https://registry.npmjs.org/@inquirer%2ftype 244ms (cache miss)
1306 silly packumentCache full:https://registry.npmjs.org/@inquirer%2ftype set size:undefined disposed:false
1307 silly fetch manifest log-update@^6.1.0
1308 silly packumentCache full:https://registry.npmjs.org/log-update cache-miss
1309 http fetch GET 200 https://registry.npmjs.org/htmlparser2 245ms (cache miss)
1310 silly packumentCache full:https://registry.npmjs.org/htmlparser2 set size:undefined disposed:false
1311 silly fetch manifest cli-truncate@^4.0.0
1312 silly packumentCache full:https://registry.npmjs.org/cli-truncate cache-miss
1313 http fetch GET 200 https://registry.npmjs.org/@inquirer%2fcore 315ms (cache miss)
1314 silly packumentCache full:https://registry.npmjs.org/@inquirer%2fcore set size:undefined disposed:false
1315 silly fetch manifest eventemitter3@^5.0.1
1316 silly packumentCache full:https://registry.npmjs.org/eventemitter3 cache-miss
1317 http cache https://registry.npmjs.org/colorette 134ms (cache hit)
1318 silly packumentCache full:https://registry.npmjs.org/colorette set size:92733 disposed:false
1319 silly fetch manifest msgpackr@^1.11.2
1320 silly packumentCache full:https://registry.npmjs.org/msgpackr cache-miss
1321 http fetch GET 200 https://registry.npmjs.org/wrap-ansi 184ms (cache miss)
1322 silly packumentCache full:https://registry.npmjs.org/wrap-ansi set size:undefined disposed:false
1323 silly fetch manifest node-addon-api@^6.1.0
1324 silly packumentCache full:https://registry.npmjs.org/node-addon-api cache-miss
1325 http fetch GET 200 https://registry.npmjs.org/log-update 199ms (cache miss)
1326 silly packumentCache full:https://registry.npmjs.org/log-update set size:undefined disposed:false
1327 silly fetch manifest ordered-binary@^1.5.3
1328 silly packumentCache full:https://registry.npmjs.org/ordered-binary cache-miss
1329 http fetch GET 200 https://registry.npmjs.org/cli-truncate 189ms (cache miss)
1330 silly packumentCache full:https://registry.npmjs.org/cli-truncate set size:undefined disposed:false
1331 silly fetch manifest weak-lru-cache@^1.2.2
1332 silly packumentCache full:https://registry.npmjs.org/weak-lru-cache cache-miss
1333 http fetch GET 200 https://registry.npmjs.org/eventemitter3 152ms (cache miss)
1334 silly packumentCache full:https://registry.npmjs.org/eventemitter3 set size:undefined disposed:false
1335 silly fetch manifest node-gyp-build-optional-packages@5.2.2
1336 silly packumentCache full:https://registry.npmjs.org/node-gyp-build-optional-packages cache-miss
1337 http fetch GET 200 https://registry.npmjs.org/postcss-media-query-parser 323ms (cache miss)
1338 silly packumentCache full:https://registry.npmjs.org/postcss-media-query-parser set size:undefined disposed:false
1339 silly fetch manifest @lmdb/lmdb-linux-arm@3.2.6
1340 silly packumentCache full:https://registry.npmjs.org/@lmdb%2flmdb-linux-arm cache-miss
1341 http fetch GET 200 https://registry.npmjs.org/agent-base 322ms (cache miss)
1342 silly packumentCache full:https://registry.npmjs.org/agent-base set size:undefined disposed:false
1343 silly fetch manifest @lmdb/lmdb-linux-x64@3.2.6
1344 silly packumentCache full:https://registry.npmjs.org/@lmdb%2flmdb-linux-x64 cache-miss
1345 http fetch GET 200 https://registry.npmjs.org/msgpackr 182ms (cache miss)
1346 silly packumentCache full:https://registry.npmjs.org/msgpackr set size:undefined disposed:false
1347 silly fetch manifest @lmdb/lmdb-win32-x64@3.2.6
1348 silly packumentCache full:https://registry.npmjs.org/@lmdb%2flmdb-win32-x64 cache-miss
1349 http fetch GET 200 https://registry.npmjs.org/ordered-binary 175ms (cache miss)
1350 silly packumentCache full:https://registry.npmjs.org/ordered-binary set size:undefined disposed:false
1351 silly fetch manifest @lmdb/lmdb-darwin-x64@3.2.6
1352 silly packumentCache full:https://registry.npmjs.org/@lmdb%2flmdb-darwin-x64 cache-miss
1353 http fetch GET 200 https://registry.npmjs.org/node-addon-api 202ms (cache miss)
1354 silly packumentCache full:https://registry.npmjs.org/node-addon-api set size:undefined disposed:false
1355 silly fetch manifest @lmdb/lmdb-linux-arm64@3.2.6
1356 silly packumentCache full:https://registry.npmjs.org/@lmdb%2flmdb-linux-arm64 cache-miss
1357 http fetch GET 200 https://registry.npmjs.org/weak-lru-cache 212ms (cache miss)
1358 silly packumentCache full:https://registry.npmjs.org/weak-lru-cache set size:undefined disposed:false
1359 silly fetch manifest @lmdb/lmdb-darwin-arm64@3.2.6
1360 silly packumentCache full:https://registry.npmjs.org/@lmdb%2flmdb-darwin-arm64 cache-miss
1361 http fetch GET 200 https://registry.npmjs.org/node-gyp-build-optional-packages 213ms (cache miss)
1362 silly packumentCache full:https://registry.npmjs.org/node-gyp-build-optional-packages set size:undefined disposed:false
1363 silly fetch manifest entities@^4.3.0
1364 silly packumentCache full:https://registry.npmjs.org/entities cache-miss
1365 http fetch GET 200 https://registry.npmjs.org/@lmdb%2flmdb-linux-x64 207ms (cache miss)
1366 silly packumentCache full:https://registry.npmjs.org/@lmdb%2flmdb-linux-x64 set size:undefined disposed:false
1367 silly fetch manifest parse5-sax-parser@^7.0.0
1368 silly packumentCache full:https://registry.npmjs.org/parse5-sax-parser cache-miss
1369 http fetch GET 200 https://registry.npmjs.org/@lmdb%2flmdb-linux-arm 346ms (cache miss)
1370 silly packumentCache full:https://registry.npmjs.org/@lmdb%2flmdb-linux-arm set size:undefined disposed:false
1371 silly fetch manifest @types/estree@1.0.8
1372 silly packumentCache full:https://registry.npmjs.org/@types%2festree cache-miss
1373 http fetch GET 200 https://registry.npmjs.org/@lmdb%2flmdb-darwin-x64 264ms (cache miss)
1374 silly packumentCache full:https://registry.npmjs.org/@lmdb%2flmdb-darwin-x64 set size:undefined disposed:false
1375 silly fetch manifest @rollup/rollup-darwin-x64@4.59.0
1376 silly packumentCache full:https://registry.npmjs.org/@rollup%2frollup-darwin-x64 cache-miss
1377 http cache https://registry.npmjs.org/@types%2festree 67ms (cache hit)
1378 silly packumentCache full:https://registry.npmjs.org/@types%2festree set size:76072 disposed:false
1379 silly fetch manifest @rollup/rollup-freebsd-x64@4.59.0
1380 silly packumentCache full:https://registry.npmjs.org/@rollup%2frollup-freebsd-x64 cache-miss
1381 http fetch GET 200 https://registry.npmjs.org/entities 223ms (cache miss)
1382 silly packumentCache full:https://registry.npmjs.org/entities set size:undefined disposed:false
1383 silly fetch manifest @rollup/rollup-openbsd-x64@4.59.0
1384 silly packumentCache full:https://registry.npmjs.org/@rollup%2frollup-openbsd-x64 cache-miss
1385 http fetch GET 200 https://registry.npmjs.org/@lmdb%2flmdb-darwin-arm64 302ms (cache miss)
1386 silly packumentCache full:https://registry.npmjs.org/@lmdb%2flmdb-darwin-arm64 set size:undefined disposed:false
1387 silly fetch manifest @rollup/rollup-darwin-arm64@4.59.0
1388 silly packumentCache full:https://registry.npmjs.org/@rollup%2frollup-darwin-arm64 cache-miss
1389 http fetch GET 200 https://registry.npmjs.org/@rollup%2frollup-darwin-x64 118ms (cache miss)
1390 silly packumentCache full:https://registry.npmjs.org/@rollup%2frollup-darwin-x64 set size:undefined disposed:false
1391 silly fetch manifest @rollup/rollup-android-arm64@4.59.0
1392 silly packumentCache full:https://registry.npmjs.org/@rollup%2frollup-android-arm64 cache-miss
1393 http fetch GET 200 https://registry.npmjs.org/@rollup%2frollup-freebsd-x64 133ms (cache miss)
1394 silly packumentCache full:https://registry.npmjs.org/@rollup%2frollup-freebsd-x64 set size:undefined disposed:false
1395 silly fetch manifest @rollup/rollup-freebsd-arm64@4.59.0
1396 silly packumentCache full:https://registry.npmjs.org/@rollup%2frollup-freebsd-arm64 cache-miss
1397 http fetch GET 200 https://registry.npmjs.org/@rollup%2frollup-openbsd-x64 123ms (cache miss)
1398 silly packumentCache full:https://registry.npmjs.org/@rollup%2frollup-openbsd-x64 set size:undefined disposed:false
1399 silly fetch manifest @rollup/rollup-linux-x64-gnu@4.59.0
1400 silly packumentCache full:https://registry.npmjs.org/@rollup%2frollup-linux-x64-gnu cache-miss
1401 http fetch GET 200 https://registry.npmjs.org/parse5-sax-parser 352ms (cache miss)
1402 silly packumentCache full:https://registry.npmjs.org/parse5-sax-parser set size:undefined disposed:false
1403 silly fetch manifest @rollup/rollup-win32-x64-gnu@4.59.0
1404 silly packumentCache full:https://registry.npmjs.org/@rollup%2frollup-win32-x64-gnu cache-miss
1405 http fetch GET 200 https://registry.npmjs.org/@rollup%2frollup-darwin-arm64 149ms (cache miss)
1406 silly packumentCache full:https://registry.npmjs.org/@rollup%2frollup-darwin-arm64 set size:undefined disposed:false
1407 silly fetch manifest @rollup/rollup-linux-x64-musl@4.59.0
1408 silly packumentCache full:https://registry.npmjs.org/@rollup%2frollup-linux-x64-musl cache-miss
1409 http fetch GET 200 https://registry.npmjs.org/@lmdb%2flmdb-linux-arm64 494ms (cache miss)
1410 silly packumentCache full:https://registry.npmjs.org/@lmdb%2flmdb-linux-arm64 set size:undefined disposed:false
1411 silly fetch manifest @rollup/rollup-win32-x64-msvc@4.59.0
1412 silly packumentCache full:https://registry.npmjs.org/@rollup%2frollup-win32-x64-msvc cache-miss
1413 http fetch GET 200 https://registry.npmjs.org/@rollup%2frollup-android-arm64 146ms (cache miss)
1414 silly packumentCache full:https://registry.npmjs.org/@rollup%2frollup-android-arm64 set size:undefined disposed:false
1415 silly fetch manifest @rollup/rollup-linux-arm64-gnu@4.59.0
1416 silly packumentCache full:https://registry.npmjs.org/@rollup%2frollup-linux-arm64-gnu cache-miss
1417 http fetch GET 200 https://registry.npmjs.org/@rollup%2frollup-freebsd-arm64 137ms (cache miss)
1418 silly packumentCache full:https://registry.npmjs.org/@rollup%2frollup-freebsd-arm64 set size:undefined disposed:false
1419 silly fetch manifest @rollup/rollup-linux-ppc64-gnu@4.59.0
1420 silly packumentCache full:https://registry.npmjs.org/@rollup%2frollup-linux-ppc64-gnu cache-miss
1421 http fetch GET 200 https://registry.npmjs.org/@rollup%2frollup-linux-x64-gnu 152ms (cache miss)
1422 silly packumentCache full:https://registry.npmjs.org/@rollup%2frollup-linux-x64-gnu set size:undefined disposed:false
1423 silly fetch manifest @rollup/rollup-linux-s390x-gnu@4.59.0
1424 silly packumentCache full:https://registry.npmjs.org/@rollup%2frollup-linux-s390x-gnu cache-miss
1425 http fetch GET 200 https://registry.npmjs.org/@rollup%2frollup-win32-x64-gnu 112ms (cache miss)
1426 silly packumentCache full:https://registry.npmjs.org/@rollup%2frollup-win32-x64-gnu set size:undefined disposed:false
1427 silly fetch manifest @rollup/rollup-win32-ia32-msvc@4.59.0
1428 silly packumentCache full:https://registry.npmjs.org/@rollup%2frollup-win32-ia32-msvc cache-miss
1429 http fetch GET 200 https://registry.npmjs.org/@rollup%2frollup-linux-x64-musl 161ms (cache miss)
1430 silly packumentCache full:https://registry.npmjs.org/@rollup%2frollup-linux-x64-musl set size:undefined disposed:false
1431 silly fetch manifest @rollup/rollup-android-arm-eabi@4.59.0
1432 silly packumentCache full:https://registry.npmjs.org/@rollup%2frollup-android-arm-eabi cache-miss
1433 http fetch GET 200 https://registry.npmjs.org/@rollup%2frollup-linux-ppc64-gnu 160ms (cache miss)
1434 silly packumentCache full:https://registry.npmjs.org/@rollup%2frollup-linux-ppc64-gnu set size:undefined disposed:false
1435 silly fetch manifest @rollup/rollup-linux-arm64-musl@4.59.0
1436 silly packumentCache full:https://registry.npmjs.org/@rollup%2frollup-linux-arm64-musl cache-miss
1437 http fetch GET 200 https://registry.npmjs.org/@rollup%2frollup-linux-arm64-gnu 184ms (cache miss)
1438 silly packumentCache full:https://registry.npmjs.org/@rollup%2frollup-linux-arm64-gnu set size:undefined disposed:false
1439 silly fetch manifest @rollup/rollup-linux-ppc64-musl@4.59.0
1440 silly packumentCache full:https://registry.npmjs.org/@rollup%2frollup-linux-ppc64-musl cache-miss
1441 http fetch GET 200 https://registry.npmjs.org/@rollup%2frollup-win32-ia32-msvc 150ms (cache miss)
1442 silly packumentCache full:https://registry.npmjs.org/@rollup%2frollup-win32-ia32-msvc set size:undefined disposed:false
1443 silly fetch manifest @rollup/rollup-win32-arm64-msvc@4.59.0
1444 silly packumentCache full:https://registry.npmjs.org/@rollup%2frollup-win32-arm64-msvc cache-miss
1445 http fetch GET 200 https://registry.npmjs.org/@rollup%2frollup-linux-s390x-gnu 242ms (cache miss)
1446 silly packumentCache full:https://registry.npmjs.org/@rollup%2frollup-linux-s390x-gnu set size:undefined disposed:false
1447 silly fetch manifest @rollup/rollup-linux-loong64-gnu@4.59.0
1448 silly packumentCache full:https://registry.npmjs.org/@rollup%2frollup-linux-loong64-gnu cache-miss
1449 http fetch GET 200 https://registry.npmjs.org/@rollup%2frollup-android-arm-eabi 208ms (cache miss)
1450 silly packumentCache full:https://registry.npmjs.org/@rollup%2frollup-android-arm-eabi set size:undefined disposed:false
1451 silly fetch manifest @rollup/rollup-linux-riscv64-gnu@4.59.0
1452 silly packumentCache full:https://registry.npmjs.org/@rollup%2frollup-linux-riscv64-gnu cache-miss
1453 http fetch GET 200 https://registry.npmjs.org/@rollup%2frollup-linux-ppc64-musl 163ms (cache miss)
1454 silly packumentCache full:https://registry.npmjs.org/@rollup%2frollup-linux-ppc64-musl set size:undefined disposed:false
1455 silly fetch manifest @rollup/rollup-openharmony-arm64@4.59.0
1456 silly packumentCache full:https://registry.npmjs.org/@rollup%2frollup-openharmony-arm64 cache-miss
1457 http fetch GET 200 https://registry.npmjs.org/@rollup%2frollup-win32-arm64-msvc 221ms (cache miss)
1458 silly packumentCache full:https://registry.npmjs.org/@rollup%2frollup-win32-arm64-msvc set size:undefined disposed:false
1459 silly fetch manifest @rollup/rollup-linux-loong64-musl@4.59.0
1460 silly packumentCache full:https://registry.npmjs.org/@rollup%2frollup-linux-loong64-musl cache-miss
1461 http fetch GET 200 https://registry.npmjs.org/@rollup%2frollup-linux-loong64-gnu 199ms (cache miss)
1462 silly packumentCache full:https://registry.npmjs.org/@rollup%2frollup-linux-loong64-gnu set size:undefined disposed:false
1463 silly fetch manifest @rollup/rollup-linux-riscv64-musl@4.59.0
1464 silly packumentCache full:https://registry.npmjs.org/@rollup%2frollup-linux-riscv64-musl cache-miss
1465 http fetch GET 200 https://registry.npmjs.org/@rollup%2frollup-win32-x64-msvc 548ms (cache miss)
1466 silly packumentCache full:https://registry.npmjs.org/@rollup%2frollup-win32-x64-msvc set size:undefined disposed:false
1467 silly fetch manifest @rollup/rollup-linux-arm-gnueabihf@4.59.0
1468 silly packumentCache full:https://registry.npmjs.org/@rollup%2frollup-linux-arm-gnueabihf cache-miss
1469 http fetch GET 200 https://registry.npmjs.org/@rollup%2frollup-openharmony-arm64 182ms (cache miss)
1470 silly packumentCache full:https://registry.npmjs.org/@rollup%2frollup-openharmony-arm64 set size:undefined disposed:false
1471 silly fetch manifest @rollup/rollup-linux-arm-musleabihf@4.59.0
1472 silly packumentCache full:https://registry.npmjs.org/@rollup%2frollup-linux-arm-musleabihf cache-miss
1473 http fetch GET 200 https://registry.npmjs.org/@rollup%2frollup-linux-arm64-musl 451ms (cache miss)
1474 silly packumentCache full:https://registry.npmjs.org/@rollup%2frollup-linux-arm64-musl set size:undefined disposed:false
1475 silly fetch manifest fdir@^6.4.4
1476 silly packumentCache full:https://registry.npmjs.org/fdir cache-miss
1477 http fetch GET 200 https://registry.npmjs.org/@rollup%2frollup-linux-loong64-musl 205ms (cache miss)
1478 silly packumentCache full:https://registry.npmjs.org/@rollup%2frollup-linux-loong64-musl set size:undefined disposed:false
1479 silly fetch manifest esbuild@^0.25.0
1480 silly packumentCache full:https://registry.npmjs.org/esbuild cache-miss
1481 http fetch GET 200 https://registry.npmjs.org/@lmdb%2flmdb-win32-x64 1279ms (cache miss)
1482 silly packumentCache full:https://registry.npmjs.org/@lmdb%2flmdb-win32-x64 set size:undefined disposed:false
1483 silly fetch manifest picomatch@^4.0.2
1484 silly packumentCache full:https://registry.npmjs.org/picomatch cache-miss
1485 http fetch GET 200 https://registry.npmjs.org/@rollup%2frollup-linux-riscv64-musl 258ms (cache miss)
1486 silly packumentCache full:https://registry.npmjs.org/@rollup%2frollup-linux-riscv64-musl set size:undefined disposed:false
1487 silly fetch manifest tinyglobby@^0.2.13
1488 silly packumentCache full:https://registry.npmjs.org/tinyglobby cache-miss
1489 http cache https://registry.npmjs.org/esbuild 124ms (cache hit)
1490 silly packumentCache full:https://registry.npmjs.org/esbuild set size:1254708 disposed:false
1491 http cache https://registry.npmjs.org/picomatch 124ms (cache hit)
1492 silly packumentCache full:https://registry.npmjs.org/picomatch set size:126376 disposed:false
1493 http fetch GET 200 https://registry.npmjs.org/@rollup%2frollup-linux-arm-musleabihf 271ms (cache miss)
1494 silly packumentCache full:https://registry.npmjs.org/@rollup%2frollup-linux-arm-musleabihf set size:undefined disposed:false
1495 http fetch GET 200 https://registry.npmjs.org/@rollup%2frollup-linux-riscv64-gnu 474ms (cache miss)
1496 silly packumentCache full:https://registry.npmjs.org/@rollup%2frollup-linux-riscv64-gnu set size:undefined disposed:false
1497 http fetch GET 200 https://registry.npmjs.org/@rollup%2frollup-linux-arm-gnueabihf 296ms (cache miss)
1498 silly packumentCache full:https://registry.npmjs.org/@rollup%2frollup-linux-arm-gnueabihf set size:undefined disposed:false
1499 http fetch GET 200 https://registry.npmjs.org/fdir 201ms (cache miss)
1500 silly packumentCache full:https://registry.npmjs.org/fdir set size:undefined disposed:false
1501 http fetch GET 200 https://registry.npmjs.org/tinyglobby 325ms (cache miss)
1502 silly packumentCache full:https://registry.npmjs.org/tinyglobby set size:undefined disposed:false
1503 silly placeDep ROOT @angular-devkit/schematics@19.2.27 OK for: @angular/cli@19.2.27 want: 19.2.27
1504 silly placeDep ROOT @inquirer/prompts@7.3.2 OK for: @angular/cli@19.2.27 want: 7.3.2
1505 silly placeDep ROOT @listr2/prompt-adapter-inquirer@2.0.18 OK for: @angular/cli@19.2.27 want: 2.0.18
1506 silly placeDep ROOT @schematics/angular@19.2.27 OK for: @angular/cli@19.2.27 want: 19.2.27
1507 silly placeDep ROOT ini@5.0.0 OK for: @angular/cli@19.2.27 want: 5.0.0
1508 silly placeDep ROOT npm-package-arg@12.0.2 OK for: @angular/cli@19.2.27 want: 12.0.2
1509 silly placeDep ROOT npm-pick-manifest@10.0.0 OK for: @angular/cli@19.2.27 want: 10.0.0
1510 silly placeDep ROOT pacote@20.0.0 OK for: @angular/cli@19.2.27 want: 20.0.0
1511 silly placeDep ROOT resolve@1.22.10 OK for: @angular/cli@19.2.27 want: 1.22.10
1512 silly placeDep node_modules/@angular/cli semver@7.7.1 OK for: @angular/cli@19.2.27 want: 7.7.1
1513 silly fetch manifest @inquirer/input@^4.1.6
1514 silly packumentCache full:https://registry.npmjs.org/@inquirer%2finput cache-miss
1515 silly fetch manifest @inquirer/editor@^4.2.7
1516 silly packumentCache full:https://registry.npmjs.org/@inquirer%2feditor cache-miss
1517 silly fetch manifest @inquirer/expand@^4.0.9
1518 silly packumentCache full:https://registry.npmjs.org/@inquirer%2fexpand cache-miss
1519 silly fetch manifest @inquirer/number@^3.0.9
1520 silly packumentCache full:https://registry.npmjs.org/@inquirer%2fnumber cache-miss
1521 silly fetch manifest @inquirer/search@^3.0.9
1522 silly packumentCache full:https://registry.npmjs.org/@inquirer%2fsearch cache-miss
1523 silly fetch manifest @inquirer/select@^4.0.9
1524 silly packumentCache full:https://registry.npmjs.org/@inquirer%2fselect cache-miss
1525 silly fetch manifest @inquirer/rawlist@^4.0.9
1526 silly packumentCache full:https://registry.npmjs.org/@inquirer%2frawlist cache-miss
1527 http fetch GET 200 https://registry.npmjs.org/@inquirer%2fnumber 117ms (cache miss)
1528 silly packumentCache full:https://registry.npmjs.org/@inquirer%2fnumber set size:undefined disposed:false
1529 silly fetch manifest @inquirer/checkbox@^4.1.2
1530 silly packumentCache full:https://registry.npmjs.org/@inquirer%2fcheckbox cache-miss
1531 http fetch GET 200 https://registry.npmjs.org/@inquirer%2fsearch 143ms (cache miss)
1532 silly packumentCache full:https://registry.npmjs.org/@inquirer%2fsearch set size:undefined disposed:false
1533 silly fetch manifest @inquirer/password@^4.0.9
1534 silly packumentCache full:https://registry.npmjs.org/@inquirer%2fpassword cache-miss
1535 http fetch GET 200 https://registry.npmjs.org/@inquirer%2finput 156ms (cache miss)
1536 silly packumentCache full:https://registry.npmjs.org/@inquirer%2finput set size:undefined disposed:false
1537 silly fetch manifest @inquirer/type@^1.5.5
1538 silly packumentCache full:https://registry.npmjs.org/@inquirer%2ftype cache-miss
1539 http fetch GET 200 https://registry.npmjs.org/@inquirer%2fselect 168ms (cache miss)
1540 silly packumentCache full:https://registry.npmjs.org/@inquirer%2fselect set size:undefined disposed:false
1541 silly fetch manifest proc-log@^5.0.0
1542 silly packumentCache full:https://registry.npmjs.org/proc-log cache-miss
1543 http fetch GET 200 https://registry.npmjs.org/@inquirer%2fexpand 185ms (cache miss)
1544 silly packumentCache full:https://registry.npmjs.org/@inquirer%2fexpand set size:undefined disposed:false
1545 silly fetch manifest hosted-git-info@^8.0.0
1546 silly packumentCache full:https://registry.npmjs.org/hosted-git-info cache-miss
1547 http cache https://registry.npmjs.org/@inquirer%2ftype 43ms (cache hit)
1548 silly packumentCache full:https://registry.npmjs.org/@inquirer%2ftype set size:119899 disposed:false
1549 silly fetch manifest validate-npm-package-name@^6.0.0
1550 silly packumentCache full:https://registry.npmjs.org/validate-npm-package-name cache-miss
1551 http fetch GET 200 https://registry.npmjs.org/@inquirer%2fcheckbox 139ms (cache miss)
1552 silly packumentCache full:https://registry.npmjs.org/@inquirer%2fcheckbox set size:undefined disposed:false
1553 silly fetch manifest npm-install-checks@^7.1.0
1554 silly packumentCache full:https://registry.npmjs.org/npm-install-checks cache-miss
1555 http fetch GET 200 https://registry.npmjs.org/proc-log 121ms (cache miss)
1556 silly packumentCache full:https://registry.npmjs.org/proc-log set size:undefined disposed:false
1557 silly fetch manifest npm-normalize-package-bin@^4.0.0
1558 silly packumentCache full:https://registry.npmjs.org/npm-normalize-package-bin cache-miss
1559 http fetch GET 200 https://registry.npmjs.org/@inquirer%2fpassword 154ms (cache miss)
1560 silly packumentCache full:https://registry.npmjs.org/@inquirer%2fpassword set size:undefined disposed:false
1561 silly fetch manifest tar@^6.1.11
1562 silly packumentCache full:https://registry.npmjs.org/tar cache-miss
1563 http fetch GET 200 https://registry.npmjs.org/validate-npm-package-name 103ms (cache miss)
1564 silly packumentCache full:https://registry.npmjs.org/validate-npm-package-name set size:undefined disposed:false
1565 silly fetch manifest ssri@^12.0.0
1566 silly packumentCache full:https://registry.npmjs.org/ssri cache-miss
1567 http fetch GET 200 https://registry.npmjs.org/hosted-git-info 133ms (cache miss)
1568 silly packumentCache full:https://registry.npmjs.org/hosted-git-info set size:undefined disposed:false
1569 silly fetch manifest cacache@^19.0.0
1570 silly packumentCache full:https://registry.npmjs.org/cacache cache-miss
1571 http fetch GET 200 https://registry.npmjs.org/npm-install-checks 86ms (cache miss)
1572 silly packumentCache full:https://registry.npmjs.org/npm-install-checks set size:undefined disposed:false
1573 silly fetch manifest minipass@^7.0.2
1574 silly packumentCache full:https://registry.npmjs.org/minipass cache-miss
1575 http fetch GET 200 https://registry.npmjs.org/npm-normalize-package-bin 88ms (cache miss)
1576 silly packumentCache full:https://registry.npmjs.org/npm-normalize-package-bin set size:undefined disposed:false
1577 silly fetch manifest sigstore@^3.0.0
1578 silly packumentCache full:https://registry.npmjs.org/sigstore cache-miss
1579 http fetch GET 200 https://registry.npmjs.org/ssri 126ms (cache miss)
1580 silly packumentCache full:https://registry.npmjs.org/ssri set size:undefined disposed:false
1581 silly fetch manifest @npmcli/git@^6.0.0
1582 silly packumentCache full:https://registry.npmjs.org/@npmcli%2fgit cache-miss
1583 http fetch GET 200 https://registry.npmjs.org/tar 146ms (cache miss)
1584 silly packumentCache full:https://registry.npmjs.org/tar set size:undefined disposed:false
1585 silly fetch manifest fs-minipass@^3.0.0
1586 silly packumentCache full:https://registry.npmjs.org/fs-minipass cache-miss
1587 http fetch GET 200 https://registry.npmjs.org/cacache 153ms (cache miss)
1588 silly packumentCache full:https://registry.npmjs.org/cacache set size:undefined disposed:false
1589 silly fetch manifest npm-packlist@^9.0.0
1590 silly packumentCache full:https://registry.npmjs.org/npm-packlist cache-miss
1591 http fetch GET 200 https://registry.npmjs.org/minipass 156ms (cache miss)
1592 silly packumentCache full:https://registry.npmjs.org/minipass set size:undefined disposed:false
1593 silly fetch manifest promise-retry@^2.0.1
1594 silly packumentCache full:https://registry.npmjs.org/promise-retry cache-miss
1595 http fetch GET 200 https://registry.npmjs.org/sigstore 138ms (cache miss)
1596 silly packumentCache full:https://registry.npmjs.org/sigstore set size:undefined disposed:false
1597 silly fetch manifest @npmcli/run-script@^9.0.0
1598 silly packumentCache full:https://registry.npmjs.org/@npmcli%2frun-script cache-miss
1599 http fetch GET 200 https://registry.npmjs.org/fs-minipass 97ms (cache miss)
1600 silly packumentCache full:https://registry.npmjs.org/fs-minipass set size:undefined disposed:false
1601 silly fetch manifest npm-registry-fetch@^18.0.0
1602 silly packumentCache full:https://registry.npmjs.org/npm-registry-fetch cache-miss
1603 http fetch GET 200 https://registry.npmjs.org/@inquirer%2feditor 598ms (cache miss)
1604 silly packumentCache full:https://registry.npmjs.org/@inquirer%2feditor set size:undefined disposed:false
1605 silly fetch manifest @npmcli/package-json@^6.0.0
1606 silly packumentCache full:https://registry.npmjs.org/@npmcli%2fpackage-json cache-miss
1607 http fetch GET 200 https://registry.npmjs.org/promise-retry 98ms (cache miss)
1608 silly packumentCache full:https://registry.npmjs.org/promise-retry set size:undefined disposed:false
1609 silly fetch manifest @npmcli/promise-spawn@^8.0.0
1610 silly packumentCache full:https://registry.npmjs.org/@npmcli%2fpromise-spawn cache-miss
1611 http fetch GET 200 https://registry.npmjs.org/npm-packlist 138ms (cache miss)
1612 silly packumentCache full:https://registry.npmjs.org/npm-packlist set size:undefined disposed:false
1613 silly fetch manifest @npmcli/installed-package-contents@^3.0.0
1614 silly packumentCache full:https://registry.npmjs.org/@npmcli%2finstalled-package-contents cache-miss
1615 http fetch GET 200 https://registry.npmjs.org/@npmcli%2fgit 188ms (cache miss)
1616 silly packumentCache full:https://registry.npmjs.org/@npmcli%2fgit set size:undefined disposed:false
1617 silly fetch manifest path-parse@^1.0.7
1618 silly packumentCache full:https://registry.npmjs.org/path-parse cache-miss
1619 http fetch GET 200 https://registry.npmjs.org/npm-registry-fetch 135ms (cache miss)
1620 silly packumentCache full:https://registry.npmjs.org/npm-registry-fetch set size:undefined disposed:false
1621 silly fetch manifest is-core-module@^2.16.0
1622 silly packumentCache full:https://registry.npmjs.org/is-core-module cache-miss
1623 http fetch GET 200 https://registry.npmjs.org/path-parse 89ms (cache miss)
1624 silly packumentCache full:https://registry.npmjs.org/path-parse set size:undefined disposed:false
1625 silly fetch manifest supports-preserve-symlinks-flag@^1.0.0
1626 silly packumentCache full:https://registry.npmjs.org/supports-preserve-symlinks-flag cache-miss
1627 http fetch GET 200 https://registry.npmjs.org/@npmcli%2fpackage-json 137ms (cache miss)
1628 silly packumentCache full:https://registry.npmjs.org/@npmcli%2fpackage-json set size:undefined disposed:false
1629 http fetch GET 200 https://registry.npmjs.org/@npmcli%2fpromise-spawn 128ms (cache miss)
1630 silly packumentCache full:https://registry.npmjs.org/@npmcli%2fpromise-spawn set size:undefined disposed:false
1631 http fetch GET 200 https://registry.npmjs.org/@npmcli%2finstalled-package-contents 115ms (cache miss)
1632 silly packumentCache full:https://registry.npmjs.org/@npmcli%2finstalled-package-contents set size:undefined disposed:false
1633 http fetch GET 200 https://registry.npmjs.org/supports-preserve-symlinks-flag 77ms (cache miss)
1634 silly packumentCache full:https://registry.npmjs.org/supports-preserve-symlinks-flag set size:undefined disposed:false
1635 http fetch GET 200 https://registry.npmjs.org/is-core-module 110ms (cache miss)
1636 silly packumentCache full:https://registry.npmjs.org/is-core-module set size:undefined disposed:false
1637 http fetch GET 200 https://registry.npmjs.org/@inquirer%2frawlist 850ms (cache miss)
1638 silly packumentCache full:https://registry.npmjs.org/@inquirer%2frawlist set size:undefined disposed:false
1639 http fetch GET 200 https://registry.npmjs.org/@npmcli%2frun-script 355ms (cache miss)
1640 silly packumentCache full:https://registry.npmjs.org/@npmcli%2frun-script set size:undefined disposed:false
1641 silly placeDep node_modules/@angular-devkit/schematics rxjs@7.8.1 OK for: @angular-devkit/schematics@19.2.27 want: 7.8.1
1642 silly placeDep ROOT @babel/core@7.26.9 REPLACE for: @angular/compiler-cli@19.2.25 want: 7.26.9
1643 silly placeDep node_modules/@angular/compiler-cli chokidar@4.0.3 OK for: @angular/compiler-cli@19.2.25 want: ^4.0.0
1644 silly placeDep ROOT reflect-metadata@0.2.2 OK for: @angular/compiler-cli@19.2.25 want: ^0.2.0
1645 silly fetch manifest readdirp@^4.0.1
1646 silly packumentCache full:https://registry.npmjs.org/readdirp cache-miss
1647 http fetch GET 200 https://registry.npmjs.org/readdirp 127ms (cache miss)
1648 silly packumentCache full:https://registry.npmjs.org/readdirp set size:undefined disposed:false
1649 silly placeDep ROOT @babel/template@7.29.7 OK for: @babel/core@7.26.9 want: ^7.26.9
1650 silly placeDep node_modules/@babel/core convert-source-map@2.0.0 OK for: @babel/core@7.26.9 want: ^2.0.0
1651 silly fetch manifest @babel/code-frame@^7.29.7
1652 silly packumentCache full:https://registry.npmjs.org/@babel%2fcode-frame cache-miss
1653 silly fetch manifest @babel/parser@^7.29.7
1654 silly packumentCache full:https://registry.npmjs.org/@babel%2fparser cache-miss
1655 silly fetch manifest @babel/types@^7.29.7
1656 silly packumentCache full:https://registry.npmjs.org/@babel%2ftypes cache-miss
1657 http fetch GET 200 https://registry.npmjs.org/@babel%2fcode-frame 179ms (cache miss)
1658 silly packumentCache full:https://registry.npmjs.org/@babel%2fcode-frame set size:undefined disposed:false
1659 http fetch GET 200 https://registry.npmjs.org/@babel%2fparser 246ms (cache miss)
1660 silly packumentCache full:https://registry.npmjs.org/@babel%2fparser set size:undefined disposed:false
1661 http fetch GET 200 https://registry.npmjs.org/@babel%2ftypes 270ms (cache miss)
1662 silly packumentCache full:https://registry.npmjs.org/@babel%2ftypes set size:undefined disposed:false
1663 silly placeDep ROOT jsesc@3.1.0 OK for: @babel/generator@7.26.10 want: ^3.0.2
1664 silly placeDep ROOT @babel/helper-plugin-utils@7.29.7 OK for: @babel/plugin-syntax-import-attributes@7.26.0 want: ^7.25.9
1665 silly placeDep ROOT @babel/helper-remap-async-to-generator@7.29.7 OK for: @babel/plugin-transform-async-generator-functions@7.26.8 want: ^7.25.9
1666 silly fetch manifest @babel/helper-annotate-as-pure@^7.29.7
1667 silly packumentCache full:https://registry.npmjs.org/@babel%2fhelper-annotate-as-pure cache-miss
1668 silly fetch manifest @babel/helper-wrap-function@^7.29.7
1669 silly packumentCache full:https://registry.npmjs.org/@babel%2fhelper-wrap-function cache-miss
1670 silly fetch manifest @babel/traverse@^7.29.7
1671 silly packumentCache full:https://registry.npmjs.org/@babel%2ftraverse cache-miss
1672 http cache https://registry.npmjs.org/@babel%2fhelper-annotate-as-pure 17ms (cache hit)
1673 silly packumentCache full:https://registry.npmjs.org/@babel%2fhelper-annotate-as-pure set size:179510 disposed:false
1674 http fetch GET 200 https://registry.npmjs.org/@babel%2fhelper-wrap-function 199ms (cache miss)
1675 silly packumentCache full:https://registry.npmjs.org/@babel%2fhelper-wrap-function set size:undefined disposed:false
1676 http fetch GET 200 https://registry.npmjs.org/@babel%2ftraverse 2050ms (cache miss)
1677 silly packumentCache full:https://registry.npmjs.org/@babel%2ftraverse set size:undefined disposed:false
1678 silly placeDep node_modules/@babel/helper-remap-async-to-generator @babel/helper-annotate-as-pure@7.29.7 OK for: @babel/helper-remap-async-to-generator@7.29.7 want: ^7.29.7
1679 silly placeDep ROOT @babel/helper-wrap-function@7.29.7 OK for: @babel/helper-remap-async-to-generator@7.29.7 want: ^7.29.7
1680 silly placeDep ROOT @babel/traverse@7.29.7 REPLACE for: @babel/helper-remap-async-to-generator@7.29.7 want: ^7.29.7
1681 silly fetch manifest @babel/generator@^7.29.7
1682 silly packumentCache full:https://registry.npmjs.org/@babel%2fgenerator cache-hit
1683 silly fetch manifest @babel/helper-globals@^7.29.7
1684 silly packumentCache full:https://registry.npmjs.org/@babel%2fhelper-globals cache-miss
1685 http fetch GET 200 https://registry.npmjs.org/@babel%2fhelper-globals 200ms (cache miss)
1686 silly packumentCache full:https://registry.npmjs.org/@babel%2fhelper-globals set size:undefined disposed:false
1687 silly placeDep ROOT @babel/types@7.29.7 REPLACE for: @babel/helper-wrap-function@7.29.7 want: ^7.29.7
1688 silly fetch manifest @babel/helper-string-parser@^7.29.7
1689 silly packumentCache full:https://registry.npmjs.org/@babel%2fhelper-string-parser cache-miss
1690 silly fetch manifest @babel/helper-validator-identifier@^7.29.7
1691 silly packumentCache full:https://registry.npmjs.org/@babel%2fhelper-validator-identifier cache-miss
1692 http fetch GET 200 https://registry.npmjs.org/@babel%2fhelper-validator-identifier 1221ms (cache miss)
1693 silly packumentCache full:https://registry.npmjs.org/@babel%2fhelper-validator-identifier set size:undefined disposed:false
1694 http fetch GET 200 https://registry.npmjs.org/@babel%2fhelper-string-parser 1231ms (cache miss)
1695 silly packumentCache full:https://registry.npmjs.org/@babel%2fhelper-string-parser set size:undefined disposed:false
1696 silly placeDep ROOT babel-plugin-polyfill-corejs2@0.4.17 OK for: @babel/plugin-transform-runtime@7.26.10 want: ^0.4.10
1697 silly placeDep ROOT babel-plugin-polyfill-corejs3@0.11.1 OK for: @babel/plugin-transform-runtime@7.26.10 want: ^0.11.0
1698 silly placeDep ROOT babel-plugin-polyfill-regenerator@0.6.8 OK for: @babel/plugin-transform-runtime@7.26.10 want: ^0.6.1
1699 silly placeDep node_modules/@babel/plugin-transform-runtime semver@6.3.1 OK for: @babel/plugin-transform-runtime@7.26.10 want: ^6.3.1
1700 silly fetch manifest @babel/compat-data@^7.28.6
1701 silly packumentCache full:https://registry.npmjs.org/@babel%2fcompat-data cache-miss
1702 silly fetch manifest @babel/helper-define-polyfill-provider@^0.6.8
1703 silly packumentCache full:https://registry.npmjs.org/@babel%2fhelper-define-polyfill-provider cache-miss
1704 silly fetch manifest @babel/helper-define-polyfill-provider@^0.6.3
1705 silly packumentCache full:https://registry.npmjs.org/@babel%2fhelper-define-polyfill-provider cache-miss
1706 silly fetch manifest @babel/helper-define-polyfill-provider@^0.6.8
1707 silly packumentCache full:https://registry.npmjs.org/@babel%2fhelper-define-polyfill-provider cache-miss
1708 http fetch GET 200 https://registry.npmjs.org/@babel%2fcompat-data 1538ms (cache miss)
1709 silly packumentCache full:https://registry.npmjs.org/@babel%2fcompat-data set size:undefined disposed:false
1710 http fetch GET 200 https://registry.npmjs.org/@babel%2fhelper-define-polyfill-provider 1542ms (cache miss)
1711 silly packumentCache full:https://registry.npmjs.org/@babel%2fhelper-define-polyfill-provider set size:undefined disposed:false
1712 http fetch GET 200 https://registry.npmjs.org/@babel%2fhelper-define-polyfill-provider 1731ms (cache miss)
1713 silly packumentCache full:https://registry.npmjs.org/@babel%2fhelper-define-polyfill-provider set size:undefined disposed:false
1714 http fetch GET 200 https://registry.npmjs.org/@babel%2fhelper-define-polyfill-provider 2175ms (cache miss)
1715 silly packumentCache full:https://registry.npmjs.org/@babel%2fhelper-define-polyfill-provider set size:undefined disposed:false
1716 silly placeDep ROOT @babel/plugin-bugfix-firefox-class-in-computed-class-key@7.29.7 OK for: @babel/preset-env@7.26.9 want: ^7.25.9
1717 silly placeDep ROOT @babel/plugin-bugfix-safari-class-field-initializer-scope@7.29.7 OK for: @babel/preset-env@7.26.9 want: ^7.25.9
1718 silly placeDep ROOT @babel/plugin-bugfix-safari-id-destructuring-collision-in-function-expression@7.29.7 OK for: @babel/preset-env@7.26.9 want: ^7.25.9
1719 silly placeDep ROOT @babel/plugin-bugfix-v8-spread-parameters-in-optional-chaining@7.29.7 OK for: @babel/preset-env@7.26.9 want: ^7.25.9
1720 silly placeDep ROOT @babel/plugin-bugfix-v8-static-class-fields-redefine-readonly@7.29.7 OK for: @babel/preset-env@7.26.9 want: ^7.25.9
1721 silly placeDep ROOT @babel/plugin-proposal-private-property-in-object@7.21.0-placeholder-for-preset-env.2 OK for: @babel/preset-env@7.26.9 want: 7.21.0-placeholder-for-preset-env.2
1722 silly placeDep ROOT @babel/plugin-syntax-import-assertions@7.29.7 OK for: @babel/preset-env@7.26.9 want: ^7.26.0
1723 silly placeDep ROOT @babel/plugin-syntax-unicode-sets-regex@7.18.6 OK for: @babel/preset-env@7.26.9 want: ^7.18.6
1724 silly placeDep ROOT @babel/plugin-transform-arrow-functions@7.29.7 OK for: @babel/preset-env@7.26.9 want: ^7.25.9
1725 silly placeDep ROOT @babel/plugin-transform-block-scoped-functions@7.29.7 OK for: @babel/preset-env@7.26.9 want: ^7.26.5
1726 silly placeDep ROOT @babel/plugin-transform-block-scoping@7.29.7 OK for: @babel/preset-env@7.26.9 want: ^7.25.9
1727 silly placeDep ROOT @babel/plugin-transform-class-properties@7.29.7 OK for: @babel/preset-env@7.26.9 want: ^7.25.9
1728 silly placeDep ROOT @babel/plugin-transform-class-static-block@7.29.7 OK for: @babel/preset-env@7.26.9 want: ^7.26.0
1729 silly placeDep ROOT @babel/plugin-transform-classes@7.29.7 OK for: @babel/preset-env@7.26.9 want: ^7.25.9
1730 silly placeDep ROOT @babel/plugin-transform-computed-properties@7.29.7 OK for: @babel/preset-env@7.26.9 want: ^7.25.9
1731 silly placeDep ROOT @babel/plugin-transform-destructuring@7.29.7 OK for: @babel/preset-env@7.26.9 want: ^7.25.9
1732 silly placeDep ROOT @babel/plugin-transform-dotall-regex@7.29.7 OK for: @babel/preset-env@7.26.9 want: ^7.25.9
1733 silly placeDep ROOT @babel/plugin-transform-duplicate-keys@7.29.7 OK for: @babel/preset-env@7.26.9 want: ^7.25.9
1734 silly placeDep ROOT @babel/plugin-transform-duplicate-named-capturing-groups-regex@7.29.7 OK for: @babel/preset-env@7.26.9 want: ^7.25.9
1735 silly placeDep ROOT @babel/plugin-transform-dynamic-import@7.29.7 OK for: @babel/preset-env@7.26.9 want: ^7.25.9
1736 silly placeDep ROOT @babel/plugin-transform-exponentiation-operator@7.29.7 OK for: @babel/preset-env@7.26.9 want: ^7.26.3
1737 silly placeDep ROOT @babel/plugin-transform-export-namespace-from@7.29.7 OK for: @babel/preset-env@7.26.9 want: ^7.25.9
1738 silly placeDep ROOT @babel/plugin-transform-for-of@7.29.7 OK for: @babel/preset-env@7.26.9 want: ^7.26.9
1739 silly placeDep ROOT @babel/plugin-transform-function-name@7.29.7 OK for: @babel/preset-env@7.26.9 want: ^7.25.9
1740 silly placeDep ROOT @babel/plugin-transform-json-strings@7.29.7 OK for: @babel/preset-env@7.26.9 want: ^7.25.9
1741 silly placeDep ROOT @babel/plugin-transform-literals@7.29.7 OK for: @babel/preset-env@7.26.9 want: ^7.25.9
1742 silly placeDep ROOT @babel/plugin-transform-logical-assignment-operators@7.29.7 OK for: @babel/preset-env@7.26.9 want: ^7.25.9
1743 silly placeDep ROOT @babel/plugin-transform-member-expression-literals@7.29.7 OK for: @babel/preset-env@7.26.9 want: ^7.25.9
1744 silly placeDep ROOT @babel/plugin-transform-modules-amd@7.29.7 OK for: @babel/preset-env@7.26.9 want: ^7.25.9
1745 silly placeDep ROOT @babel/plugin-transform-modules-commonjs@7.29.7 OK for: @babel/preset-env@7.26.9 want: ^7.26.3
1746 silly placeDep ROOT @babel/plugin-transform-modules-systemjs@7.29.7 OK for: @babel/preset-env@7.26.9 want: ^7.25.9
1747 silly placeDep ROOT @babel/plugin-transform-modules-umd@7.29.7 OK for: @babel/preset-env@7.26.9 want: ^7.25.9
1748 silly placeDep ROOT @babel/plugin-transform-named-capturing-groups-regex@7.29.7 OK for: @babel/preset-env@7.26.9 want: ^7.25.9
1749 silly placeDep ROOT @babel/plugin-transform-new-target@7.29.7 OK for: @babel/preset-env@7.26.9 want: ^7.25.9
1750 silly placeDep ROOT @babel/plugin-transform-nullish-coalescing-operator@7.29.7 OK for: @babel/preset-env@7.26.9 want: ^7.26.6
1751 silly placeDep ROOT @babel/plugin-transform-numeric-separator@7.29.7 OK for: @babel/preset-env@7.26.9 want: ^7.25.9
1752 silly placeDep ROOT @babel/plugin-transform-object-rest-spread@7.29.7 OK for: @babel/preset-env@7.26.9 want: ^7.25.9
1753 silly placeDep ROOT @babel/plugin-transform-object-super@7.29.7 OK for: @babel/preset-env@7.26.9 want: ^7.25.9
1754 silly placeDep ROOT @babel/plugin-transform-optional-catch-binding@7.29.7 OK for: @babel/preset-env@7.26.9 want: ^7.25.9
1755 silly placeDep ROOT @babel/plugin-transform-optional-chaining@7.29.7 OK for: @babel/preset-env@7.26.9 want: ^7.25.9
1756 silly placeDep ROOT @babel/plugin-transform-parameters@7.29.7 OK for: @babel/preset-env@7.26.9 want: ^7.25.9
1757 silly placeDep ROOT @babel/plugin-transform-private-methods@7.29.7 OK for: @babel/preset-env@7.26.9 want: ^7.25.9
1758 silly placeDep ROOT @babel/plugin-transform-private-property-in-object@7.29.7 OK for: @babel/preset-env@7.26.9 want: ^7.25.9
1759 silly placeDep ROOT @babel/plugin-transform-property-literals@7.29.7 OK for: @babel/preset-env@7.26.9 want: ^7.25.9
1760 silly placeDep ROOT @babel/plugin-transform-regenerator@7.29.7 OK for: @babel/preset-env@7.26.9 want: ^7.25.9
1761 silly placeDep ROOT @babel/plugin-transform-regexp-modifiers@7.29.7 OK for: @babel/preset-env@7.26.9 want: ^7.26.0
1762 silly placeDep ROOT @babel/plugin-transform-reserved-words@7.29.7 OK for: @babel/preset-env@7.26.9 want: ^7.25.9
1763 silly placeDep ROOT @babel/plugin-transform-shorthand-properties@7.29.7 OK for: @babel/preset-env@7.26.9 want: ^7.25.9
1764 silly placeDep ROOT @babel/plugin-transform-spread@7.29.7 OK for: @babel/preset-env@7.26.9 want: ^7.25.9
1765 silly placeDep ROOT @babel/plugin-transform-sticky-regex@7.29.7 OK for: @babel/preset-env@7.26.9 want: ^7.25.9
1766 silly placeDep ROOT @babel/plugin-transform-template-literals@7.29.7 OK for: @babel/preset-env@7.26.9 want: ^7.26.8
1767 silly placeDep ROOT @babel/plugin-transform-typeof-symbol@7.29.7 OK for: @babel/preset-env@7.26.9 want: ^7.26.7
1768 silly placeDep ROOT @babel/plugin-transform-unicode-escapes@7.29.7 OK for: @babel/preset-env@7.26.9 want: ^7.25.9
1769 silly placeDep ROOT @babel/plugin-transform-unicode-property-regex@7.29.7 OK for: @babel/preset-env@7.26.9 want: ^7.25.9
1770 silly placeDep ROOT @babel/plugin-transform-unicode-regex@7.29.7 OK for: @babel/preset-env@7.26.9 want: ^7.25.9
1771 silly placeDep ROOT @babel/plugin-transform-unicode-sets-regex@7.29.7 OK for: @babel/preset-env@7.26.9 want: ^7.25.9
1772 silly placeDep ROOT @babel/preset-modules@0.1.6-no-external-plugins OK for: @babel/preset-env@7.26.9 want: 0.1.6-no-external-plugins
1773 silly placeDep ROOT core-js-compat@3.49.0 OK for: @babel/preset-env@7.26.9 want: ^3.40.0
1774 silly placeDep node_modules/@babel/preset-env semver@6.3.1 OK for: @babel/preset-env@7.26.9 want: ^6.3.1
1775 silly fetch manifest @babel/helper-skip-transparent-expression-wrappers@^7.29.7
1776 silly packumentCache full:https://registry.npmjs.org/@babel%2fhelper-skip-transparent-expression-wrappers cache-miss
1777 silly fetch manifest @babel/plugin-transform-optional-chaining@^7.29.7
1778 silly packumentCache full:https://registry.npmjs.org/@babel%2fplugin-transform-optional-chaining cache-miss
1779 silly fetch manifest @babel/helper-create-regexp-features-plugin@^7.18.6
1780 silly packumentCache full:https://registry.npmjs.org/@babel%2fhelper-create-regexp-features-plugin cache-miss
1781 silly fetch manifest @babel/helper-create-class-features-plugin@^7.29.7
1782 silly packumentCache full:https://registry.npmjs.org/@babel%2fhelper-create-class-features-plugin cache-miss
1783 silly fetch manifest @babel/helper-create-class-features-plugin@^7.29.7
1784 silly packumentCache full:https://registry.npmjs.org/@babel%2fhelper-create-class-features-plugin cache-miss
1785 silly fetch manifest @babel/helper-compilation-targets@^7.29.7
1786 silly packumentCache full:https://registry.npmjs.org/@babel%2fhelper-compilation-targets cache-miss
1787 silly fetch manifest @babel/helper-replace-supers@^7.29.7
1788 silly packumentCache full:https://registry.npmjs.org/@babel%2fhelper-replace-supers cache-miss
1789 http cache https://registry.npmjs.org/@babel%2fplugin-transform-optional-chaining 550ms (cache hit)
1790 silly packumentCache full:https://registry.npmjs.org/@babel%2fplugin-transform-optional-chaining set size:113941 disposed:false
1791 silly fetch manifest @babel/helper-create-regexp-features-plugin@^7.29.7
1792 silly packumentCache full:https://registry.npmjs.org/@babel%2fhelper-create-regexp-features-plugin cache-miss
1793 http fetch GET 200 https://registry.npmjs.org/@babel%2fhelper-skip-transparent-expression-wrappers 651ms (cache miss)
1794 silly packumentCache full:https://registry.npmjs.org/@babel%2fhelper-skip-transparent-expression-wrappers set size:undefined disposed:false
1795 silly fetch manifest @babel/helper-create-regexp-features-plugin@^7.29.7
1796 silly packumentCache full:https://registry.npmjs.org/@babel%2fhelper-create-regexp-features-plugin cache-miss
1797 http fetch GET 200 https://registry.npmjs.org/@babel%2fhelper-create-regexp-features-plugin 948ms (cache miss)
1798 silly packumentCache full:https://registry.npmjs.org/@babel%2fhelper-create-regexp-features-plugin set size:undefined disposed:false
1799 silly fetch manifest @babel/helper-compilation-targets@^7.29.7
1800 silly packumentCache full:https://registry.npmjs.org/@babel%2fhelper-compilation-targets cache-miss
1801 http fetch GET 200 https://registry.npmjs.org/@babel%2fhelper-compilation-targets 953ms (cache miss)
1802 silly packumentCache full:https://registry.npmjs.org/@babel%2fhelper-compilation-targets set size:undefined disposed:false
1803 silly fetch manifest @babel/helper-module-transforms@^7.29.7
1804 silly packumentCache full:https://registry.npmjs.org/@babel%2fhelper-module-transforms cache-miss
1805 http fetch GET 200 https://registry.npmjs.org/@babel%2fhelper-replace-supers 971ms (cache miss)
1806 silly packumentCache full:https://registry.npmjs.org/@babel%2fhelper-replace-supers set size:undefined disposed:false
1807 silly fetch manifest @babel/helper-module-transforms@^7.29.7
1808 silly packumentCache full:https://registry.npmjs.org/@babel%2fhelper-module-transforms cache-miss
1809 http fetch GET 200 https://registry.npmjs.org/@babel%2fhelper-create-class-features-plugin 1020ms (cache miss)
1810 silly packumentCache full:https://registry.npmjs.org/@babel%2fhelper-create-class-features-plugin set size:undefined disposed:false
1811 silly fetch manifest @babel/helper-module-transforms@^7.29.7
1812 silly packumentCache full:https://registry.npmjs.org/@babel%2fhelper-module-transforms cache-miss
1813 http fetch GET 200 https://registry.npmjs.org/@babel%2fhelper-create-regexp-features-plugin 375ms (cache miss)
1814 silly packumentCache full:https://registry.npmjs.org/@babel%2fhelper-create-regexp-features-plugin set size:undefined disposed:false
1815 silly fetch manifest @babel/helper-module-transforms@^7.29.7
1816 silly packumentCache full:https://registry.npmjs.org/@babel%2fhelper-module-transforms cache-miss
1817 http fetch GET 200 https://registry.npmjs.org/@babel%2fhelper-create-regexp-features-plugin 488ms (cache miss)
1818 silly packumentCache full:https://registry.npmjs.org/@babel%2fhelper-create-regexp-features-plugin set size:undefined disposed:false
1819 silly fetch manifest @babel/plugin-transform-parameters@^7.29.7
1820 silly packumentCache full:https://registry.npmjs.org/@babel%2fplugin-transform-parameters cache-miss
1821 http cache https://registry.npmjs.org/@babel%2fhelper-compilation-targets 100ms (cache hit)
1822 silly packumentCache full:https://registry.npmjs.org/@babel%2fhelper-compilation-targets set size:227372 disposed:false
1823 silly fetch manifest esutils@^2.0.2
1824 silly packumentCache full:https://registry.npmjs.org/esutils cache-miss
1825 http fetch GET 200 https://registry.npmjs.org/@babel%2fhelper-create-class-features-plugin 1070ms (cache miss)
1826 silly packumentCache full:https://registry.npmjs.org/@babel%2fhelper-create-class-features-plugin set size:undefined disposed:false
1827 http cache https://registry.npmjs.org/@babel%2fplugin-transform-parameters 187ms (cache hit)
1828 silly packumentCache full:https://registry.npmjs.org/@babel%2fplugin-transform-parameters set size:277891 disposed:false
1829 http fetch GET 200 https://registry.npmjs.org/esutils 197ms (cache miss)
1830 silly packumentCache full:https://registry.npmjs.org/esutils set size:undefined disposed:false
1831 http fetch GET 200 https://registry.npmjs.org/@babel%2fhelper-module-transforms 432ms (cache miss)
1832 silly packumentCache full:https://registry.npmjs.org/@babel%2fhelper-module-transforms set size:undefined disposed:false
1833 http fetch GET 200 https://registry.npmjs.org/@babel%2fhelper-module-transforms 419ms (cache miss)
1834 silly packumentCache full:https://registry.npmjs.org/@babel%2fhelper-module-transforms set size:undefined disposed:false
1835 http fetch GET 200 https://registry.npmjs.org/@babel%2fhelper-module-transforms 380ms (cache miss)
1836 silly packumentCache full:https://registry.npmjs.org/@babel%2fhelper-module-transforms set size:undefined disposed:false
1837 http fetch GET 200 https://registry.npmjs.org/@babel%2fhelper-module-transforms 394ms (cache miss)
1838 silly packumentCache full:https://registry.npmjs.org/@babel%2fhelper-module-transforms set size:undefined disposed:false
1839 silly placeDep ROOT @babel/helper-skip-transparent-expression-wrappers@7.29.7 OK for: @babel/plugin-bugfix-v8-spread-parameters-in-optional-chaining@7.29.7 want: ^7.29.7
1840 silly placeDep ROOT @babel/helper-create-regexp-features-plugin@7.29.7 OK for: @babel/plugin-syntax-unicode-sets-regex@7.18.6 want: ^7.18.6
1841 silly fetch manifest regexpu-core@^6.3.1
1842 silly packumentCache full:https://registry.npmjs.org/regexpu-core cache-miss
1843 http fetch GET 200 https://registry.npmjs.org/regexpu-core 185ms (cache miss)
1844 silly packumentCache full:https://registry.npmjs.org/regexpu-core set size:undefined disposed:false
1845 silly placeDep node_modules/@babel/helper-create-regexp-features-plugin @babel/helper-annotate-as-pure@7.29.7 OK for: @babel/helper-create-regexp-features-plugin@7.29.7 want: ^7.29.7
1846 silly placeDep ROOT regexpu-core@6.4.0 OK for: @babel/helper-create-regexp-features-plugin@7.29.7 want: ^6.3.1
1847 silly placeDep node_modules/@babel/helper-create-regexp-features-plugin semver@6.3.1 OK for: @babel/helper-create-regexp-features-plugin@7.29.7 want: ^6.3.1
1848 silly fetch manifest regenerate@^1.4.2
1849 silly packumentCache full:https://registry.npmjs.org/regenerate cache-miss
1850 silly fetch manifest regenerate-unicode-properties@^10.2.2
1851 silly packumentCache full:https://registry.npmjs.org/regenerate-unicode-properties cache-miss
1852 silly fetch manifest regjsgen@^0.8.0
1853 silly packumentCache full:https://registry.npmjs.org/regjsgen cache-miss
1854 silly fetch manifest regjsparser@^0.13.0
1855 silly packumentCache full:https://registry.npmjs.org/regjsparser cache-miss
1856 silly fetch manifest unicode-match-property-ecmascript@^2.0.0
1857 silly packumentCache full:https://registry.npmjs.org/unicode-match-property-ecmascript cache-miss
1858 silly fetch manifest unicode-match-property-value-ecmascript@^2.2.1
1859 silly packumentCache full:https://registry.npmjs.org/unicode-match-property-value-ecmascript cache-miss
1860 http fetch GET 200 https://registry.npmjs.org/regenerate 104ms (cache miss)
1861 silly packumentCache full:https://registry.npmjs.org/regenerate set size:undefined disposed:false
1862 http fetch GET 200 https://registry.npmjs.org/regjsgen 111ms (cache miss)
1863 silly packumentCache full:https://registry.npmjs.org/regjsgen set size:undefined disposed:false
1864 http fetch GET 200 https://registry.npmjs.org/unicode-match-property-ecmascript 113ms (cache miss)
1865 silly packumentCache full:https://registry.npmjs.org/unicode-match-property-ecmascript set size:undefined disposed:false
1866 http fetch GET 200 https://registry.npmjs.org/regenerate-unicode-properties 118ms (cache miss)
1867 silly packumentCache full:https://registry.npmjs.org/regenerate-unicode-properties set size:undefined disposed:false
1868 http fetch GET 200 https://registry.npmjs.org/unicode-match-property-value-ecmascript 118ms (cache miss)
1869 silly packumentCache full:https://registry.npmjs.org/unicode-match-property-value-ecmascript set size:undefined disposed:false
1870 http fetch GET 200 https://registry.npmjs.org/regjsparser 122ms (cache miss)
1871 silly packumentCache full:https://registry.npmjs.org/regjsparser set size:undefined disposed:false
1872 silly placeDep ROOT @babel/helper-create-class-features-plugin@7.29.7 OK for: @babel/plugin-transform-class-properties@7.29.7 want: ^7.29.7
1873 silly fetch manifest @babel/helper-member-expression-to-functions@^7.29.7
1874 silly packumentCache full:https://registry.npmjs.org/@babel%2fhelper-member-expression-to-functions cache-miss
1875 silly fetch manifest @babel/helper-optimise-call-expression@^7.29.7
1876 silly packumentCache full:https://registry.npmjs.org/@babel%2fhelper-optimise-call-expression cache-miss
1877 http fetch GET 200 https://registry.npmjs.org/@babel%2fhelper-optimise-call-expression 137ms (cache miss)
1878 silly packumentCache full:https://registry.npmjs.org/@babel%2fhelper-optimise-call-expression set size:undefined disposed:false
1879 http fetch GET 200 https://registry.npmjs.org/@babel%2fhelper-member-expression-to-functions 230ms (cache miss)
1880 silly packumentCache full:https://registry.npmjs.org/@babel%2fhelper-member-expression-to-functions set size:undefined disposed:false
1881 silly placeDep node_modules/@babel/helper-create-class-features-plugin @babel/helper-annotate-as-pure@7.29.7 OK for: @babel/helper-create-class-features-plugin@7.29.7 want: ^7.29.7
1882 silly placeDep ROOT @babel/helper-member-expression-to-functions@7.29.7 OK for: @babel/helper-create-class-features-plugin@7.29.7 want: ^7.29.7
1883 silly placeDep ROOT @babel/helper-optimise-call-expression@7.29.7 OK for: @babel/helper-create-class-features-plugin@7.29.7 want: ^7.29.7
1884 silly placeDep ROOT @babel/helper-replace-supers@7.29.7 OK for: @babel/helper-create-class-features-plugin@7.29.7 want: ^7.29.7
1885 silly placeDep node_modules/@babel/helper-create-class-features-plugin semver@6.3.1 OK for: @babel/helper-create-class-features-plugin@7.29.7 want: ^6.3.1
1886 silly placeDep node_modules/@babel/plugin-transform-classes @babel/helper-annotate-as-pure@7.29.7 OK for: @babel/plugin-transform-classes@7.29.7 want: ^7.29.7
1887 silly placeDep ROOT @babel/helper-compilation-targets@7.29.7 REPLACE for: @babel/plugin-transform-classes@7.29.7 want: ^7.29.7
1888 silly placeDep ROOT @babel/helper-globals@7.29.7 OK for: @babel/plugin-transform-classes@7.29.7 want: ^7.29.7
1889 silly fetch manifest @babel/compat-data@^7.29.7
1890 silly packumentCache full:https://registry.npmjs.org/@babel%2fcompat-data cache-miss
1891 silly fetch manifest @babel/helper-validator-option@^7.29.7
1892 silly packumentCache full:https://registry.npmjs.org/@babel%2fhelper-validator-option cache-miss
1893 http cache https://registry.npmjs.org/@babel%2fcompat-data 27ms (cache hit)
1894 silly packumentCache full:https://registry.npmjs.org/@babel%2fcompat-data set size:316558 disposed:false
1895 http fetch GET 200 https://registry.npmjs.org/@babel%2fhelper-validator-option 112ms (cache miss)
1896 silly packumentCache full:https://registry.npmjs.org/@babel%2fhelper-validator-option set size:undefined disposed:false
1897 silly placeDep ROOT @babel/compat-data@7.29.7 REPLACE for: @babel/helper-compilation-targets@7.29.7 want: ^7.29.7
1898 silly placeDep ROOT @babel/helper-validator-option@7.29.7 REPLACE for: @babel/helper-compilation-targets@7.29.7 want: ^7.29.7
1899 silly placeDep ROOT @babel/helper-module-transforms@7.29.7 REPLACE for: @babel/plugin-transform-modules-amd@7.29.7 want: ^7.29.7
1900 silly fetch manifest @babel/helper-module-imports@^7.29.7
1901 silly packumentCache full:https://registry.npmjs.org/@babel%2fhelper-module-imports cache-miss
1902 http fetch GET 200 https://registry.npmjs.org/@babel%2fhelper-module-imports 132ms (cache miss)
1903 silly packumentCache full:https://registry.npmjs.org/@babel%2fhelper-module-imports set size:undefined disposed:false
1904 silly placeDep ROOT @babel/helper-module-imports@7.29.7 REPLACE for: @babel/helper-module-transforms@7.29.7 want: ^7.29.7
1905 silly placeDep ROOT @babel/helper-validator-identifier@7.29.7 REPLACE for: @babel/helper-module-transforms@7.29.7 want: ^7.29.7
1906 silly placeDep node_modules/@babel/plugin-transform-private-property-in-object @babel/helper-annotate-as-pure@7.29.7 OK for: @babel/plugin-transform-private-property-in-object@7.29.7 want: ^7.29.7
1907 silly placeDep ROOT esutils@2.0.3 OK for: @babel/preset-modules@0.1.6-no-external-plugins want: ^2.0.2
1908 silly placeDep ROOT regenerator-runtime@0.14.1 OK for: @babel/runtime@7.26.10 want: ^0.14.0
1909 silly placeDep ROOT @babel/code-frame@7.29.7 REPLACE for: @babel/template@7.29.7 want: ^7.29.7
1910 silly placeDep ROOT @babel/parser@7.29.7 REPLACE for: @babel/template@7.29.7 want: ^7.29.7
1911 silly placeDep node_modules/@babel/traverse @babel/generator@7.29.7 OK for: @babel/traverse@7.29.7 want: ^7.29.7
1912 silly placeDep ROOT @babel/helper-string-parser@7.29.7 OK for: @babel/types@7.29.7 want: ^7.29.7
1913 silly placeDep ROOT @inquirer/core@10.3.2 OK for: @inquirer/confirm@5.1.6 want: ^10.1.7
1914 silly placeDep ROOT @inquirer/type@3.0.10 OK for: @inquirer/confirm@5.1.6 want: ^3.0.4
1915 silly fetch manifest cli-width@^4.1.0
1916 silly packumentCache full:https://registry.npmjs.org/cli-width cache-miss
1917 silly fetch manifest wrap-ansi@^6.2.0
1918 silly packumentCache full:https://registry.npmjs.org/wrap-ansi cache-miss
1919 silly fetch manifest mute-stream@^2.0.0
1920 silly packumentCache full:https://registry.npmjs.org/mute-stream cache-miss
1921 silly fetch manifest signal-exit@^4.1.0
1922 silly packumentCache full:https://registry.npmjs.org/signal-exit cache-miss
1923 silly fetch manifest @inquirer/ansi@^1.0.2
1924 silly packumentCache full:https://registry.npmjs.org/@inquirer%2fansi cache-miss
1925 silly fetch manifest @inquirer/type@^3.0.10
1926 silly packumentCache full:https://registry.npmjs.org/@inquirer%2ftype cache-hit
1927 silly fetch manifest yoctocolors-cjs@^2.1.3
1928 silly packumentCache full:https://registry.npmjs.org/yoctocolors-cjs cache-miss
1929 silly fetch manifest @inquirer/figures@^1.0.15
1930 silly packumentCache full:https://registry.npmjs.org/@inquirer%2ffigures cache-miss
1931 http cache https://registry.npmjs.org/wrap-ansi 332ms (cache hit)
1932 silly packumentCache full:https://registry.npmjs.org/wrap-ansi set size:55299 disposed:false
1933 http fetch GET 200 https://registry.npmjs.org/yoctocolors-cjs 448ms (cache miss)
1934 silly packumentCache full:https://registry.npmjs.org/yoctocolors-cjs set size:undefined disposed:false
1935 http fetch GET 200 https://registry.npmjs.org/mute-stream 458ms (cache miss)
1936 silly packumentCache full:https://registry.npmjs.org/mute-stream set size:undefined disposed:false
1937 http fetch GET 200 https://registry.npmjs.org/cli-width 466ms (cache miss)
1938 silly packumentCache full:https://registry.npmjs.org/cli-width set size:undefined disposed:false
1939 http fetch GET 200 https://registry.npmjs.org/signal-exit 485ms (cache miss)
1940 silly packumentCache full:https://registry.npmjs.org/signal-exit set size:undefined disposed:false
1941 http fetch GET 200 https://registry.npmjs.org/@inquirer%2ffigures 456ms (cache miss)
1942 silly packumentCache full:https://registry.npmjs.org/@inquirer%2ffigures set size:undefined disposed:false
1943 http fetch GET 200 https://registry.npmjs.org/@inquirer%2fansi 528ms (cache miss)
1944 silly packumentCache full:https://registry.npmjs.org/@inquirer%2fansi set size:undefined disposed:false
1945 silly placeDep ROOT @inquirer/ansi@1.0.2 OK for: @inquirer/core@10.3.2 want: ^1.0.2
1946 silly placeDep ROOT @inquirer/figures@1.0.15 OK for: @inquirer/core@10.3.2 want: ^1.0.15
1947 silly placeDep ROOT cli-width@4.1.0 OK for: @inquirer/core@10.3.2 want: ^4.1.0
1948 silly placeDep ROOT mute-stream@2.0.0 OK for: @inquirer/core@10.3.2 want: ^2.0.0
1949 silly placeDep node_modules/@inquirer/core signal-exit@4.1.0 OK for: @inquirer/core@10.3.2 want: ^4.1.0
1950 silly placeDep node_modules/@inquirer/core wrap-ansi@6.2.0 OK for: @inquirer/core@10.3.2 want: ^6.2.0
1951 silly placeDep ROOT yoctocolors-cjs@2.1.3 OK for: @inquirer/core@10.3.2 want: ^2.1.3
1952 silly placeDep ROOT @inquirer/checkbox@4.3.2 OK for: @inquirer/prompts@7.3.2 want: ^4.1.2
1953 silly placeDep ROOT @inquirer/editor@4.2.23 OK for: @inquirer/prompts@7.3.2 want: ^4.2.7
1954 silly placeDep ROOT @inquirer/expand@4.0.23 OK for: @inquirer/prompts@7.3.2 want: ^4.0.9
1955 silly placeDep ROOT @inquirer/input@4.3.1 OK for: @inquirer/prompts@7.3.2 want: ^4.1.6
1956 silly placeDep ROOT @inquirer/number@3.0.23 OK for: @inquirer/prompts@7.3.2 want: ^3.0.9
1957 silly placeDep ROOT @inquirer/password@4.0.23 OK for: @inquirer/prompts@7.3.2 want: ^4.0.9
1958 silly placeDep ROOT @inquirer/rawlist@4.1.11 OK for: @inquirer/prompts@7.3.2 want: ^4.0.9
1959 silly placeDep ROOT @inquirer/search@3.2.2 OK for: @inquirer/prompts@7.3.2 want: ^3.0.9
1960 silly placeDep ROOT @inquirer/select@4.4.2 OK for: @inquirer/prompts@7.3.2 want: ^4.0.9
1961 silly fetch manifest @inquirer/external-editor@^1.0.3
1962 silly packumentCache full:https://registry.npmjs.org/@inquirer%2fexternal-editor cache-miss
1963 http fetch GET 200 https://registry.npmjs.org/@inquirer%2fexternal-editor 110ms (cache miss)
1964 silly packumentCache full:https://registry.npmjs.org/@inquirer%2fexternal-editor set size:undefined disposed:false
1965 silly placeDep ROOT @inquirer/external-editor@1.0.3 OK for: @inquirer/editor@4.2.23 want: ^1.0.3
1966 silly fetch manifest chardet@^2.1.1
1967 silly packumentCache full:https://registry.npmjs.org/chardet cache-miss
1968 silly fetch manifest iconv-lite@^0.7.0
1969 silly packumentCache full:https://registry.npmjs.org/iconv-lite cache-miss
1970 http cache https://registry.npmjs.org/iconv-lite 17ms (cache hit)
1971 silly packumentCache full:https://registry.npmjs.org/iconv-lite set size:120557 disposed:false
1972 http fetch GET 200 https://registry.npmjs.org/chardet 106ms (cache miss)
1973 silly packumentCache full:https://registry.npmjs.org/chardet set size:undefined disposed:false
1974 silly placeDep ROOT chardet@2.1.1 OK for: @inquirer/external-editor@1.0.3 want: ^2.1.1
1975 silly placeDep node_modules/@inquirer/external-editor iconv-lite@0.7.2 OK for: @inquirer/external-editor@1.0.3 want: ^0.7.0
1976 silly placeDep node_modules/@listr2/prompt-adapter-inquirer @inquirer/type@1.5.5 OK for: @listr2/prompt-adapter-inquirer@2.0.18 want: ^1.5.5
1977 silly fetch manifest mute-stream@^1.0.0
1978 silly packumentCache full:https://registry.npmjs.org/mute-stream cache-miss
1979 http cache https://registry.npmjs.org/mute-stream 12ms (cache hit)
1980 silly packumentCache full:https://registry.npmjs.org/mute-stream set size:24469 disposed:false
1981 silly placeDep ROOT @primeuix/styled@0.3.2 OK for: @primeng/themes@19.1.4 want: ^0.3.2
1982 silly placeDep ROOT @primeuix/utils@0.3.2 OK for: @primeuix/styled@0.3.2 want: ^0.3.2
1983 silly placeDep ROOT fast-deep-equal@3.1.3 OK for: ajv@8.18.0 want: ^3.1.3
1984 silly placeDep ROOT fast-uri@3.1.2 OK for: ajv@8.18.0 want: ^3.0.1
1985 silly placeDep ROOT json-schema-traverse@1.0.0 OK for: ajv@8.18.0 want: ^1.0.0
1986 silly placeDep ROOT require-from-string@2.0.2 OK for: ajv@8.18.0 want: ^2.0.2
1987 silly placeDep ROOT fraction.js@4.3.7 OK for: autoprefixer@10.4.20 want: ^4.3.7
1988 silly placeDep ROOT normalize-range@0.1.2 OK for: autoprefixer@10.4.20 want: ^0.1.2
1989 silly placeDep ROOT postcss-value-parser@4.2.0 OK for: autoprefixer@10.4.20 want: ^4.2.0
1990 silly placeDep ROOT find-cache-dir@4.0.0 OK for: babel-loader@9.2.1 want: ^4.0.0
1991 silly placeDep ROOT schema-utils@4.3.3 OK for: babel-loader@9.2.1 want: ^4.0.0
1992 silly fetch manifest pkg-dir@^7.0.0
1993 silly packumentCache full:https://registry.npmjs.org/pkg-dir cache-miss
1994 silly fetch manifest common-path-prefix@^3.0.0
1995 silly packumentCache full:https://registry.npmjs.org/common-path-prefix cache-miss
1996 silly fetch manifest ajv-formats@^2.1.1
1997 silly packumentCache full:https://registry.npmjs.org/ajv-formats cache-miss
1998 silly fetch manifest ajv-keywords@^5.1.0
1999 silly packumentCache full:https://registry.npmjs.org/ajv-keywords cache-miss
2000 silly fetch manifest @types/json-schema@^7.0.9
2001 silly packumentCache full:https://registry.npmjs.org/@types%2fjson-schema cache-miss
2002 http cache https://registry.npmjs.org/ajv-formats 110ms (cache hit)
2003 silly packumentCache full:https://registry.npmjs.org/ajv-formats set size:141264 disposed:false
2004 http cache https://registry.npmjs.org/@types%2fjson-schema 112ms (cache hit)
2005 silly packumentCache full:https://registry.npmjs.org/@types%2fjson-schema set size:44704 disposed:false
2006 http fetch GET 200 https://registry.npmjs.org/common-path-prefix 119ms (cache miss)
2007 silly packumentCache full:https://registry.npmjs.org/common-path-prefix set size:undefined disposed:false
2008 http fetch GET 200 https://registry.npmjs.org/pkg-dir 122ms (cache miss)
2009 silly packumentCache full:https://registry.npmjs.org/pkg-dir set size:undefined disposed:false
2010 http fetch GET 200 https://registry.npmjs.org/ajv-keywords 132ms (cache miss)
2011 silly packumentCache full:https://registry.npmjs.org/ajv-keywords set size:undefined disposed:false
2012 silly placeDep ROOT @babel/helper-define-polyfill-provider@0.6.8 OK for: babel-plugin-polyfill-corejs2@0.4.17 want: ^0.6.8
2013 silly placeDep node_modules/babel-plugin-polyfill-corejs2 semver@6.3.1 OK for: babel-plugin-polyfill-corejs2@0.4.17 want: ^6.3.1
2014 silly fetch manifest resolve@^1.22.11
2015 silly packumentCache full:https://registry.npmjs.org/resolve cache-miss
2016 silly fetch manifest lodash.debounce@^4.0.8
2017 silly packumentCache full:https://registry.npmjs.org/lodash.debounce cache-miss
2018 http cache https://registry.npmjs.org/resolve 189ms (cache hit)
2019 silly packumentCache full:https://registry.npmjs.org/resolve set size:244568 disposed:false
2020 http fetch GET 200 https://registry.npmjs.org/lodash.debounce 379ms (cache miss)
2021 silly packumentCache full:https://registry.npmjs.org/lodash.debounce set size:undefined disposed:false
2022 silly placeDep ROOT lodash.debounce@4.0.8 OK for: @babel/helper-define-polyfill-provider@0.6.8 want: ^4.0.8
2023 silly placeDep node_modules/@babel/helper-define-polyfill-provider resolve@1.22.12 OK for: @babel/helper-define-polyfill-provider@0.6.8 want: ^1.22.11
2024 silly fetch manifest is-core-module@^2.16.1
2025 silly packumentCache full:https://registry.npmjs.org/is-core-module cache-miss
2026 http cache https://registry.npmjs.org/is-core-module 143ms (cache hit)
2027 silly packumentCache full:https://registry.npmjs.org/is-core-module set size:74378 disposed:false
2028 silly placeDep ROOT css-select@5.2.2 OK for: beasties@0.3.2 want: ^5.1.0
2029 silly placeDep ROOT css-what@6.2.2 OK for: beasties@0.3.2 want: ^6.1.0
2030 silly placeDep ROOT dom-serializer@2.0.0 OK for: beasties@0.3.2 want: ^2.0.0
2031 silly placeDep ROOT domhandler@5.0.3 OK for: beasties@0.3.2 want: ^5.0.3
2032 silly placeDep ROOT htmlparser2@10.1.0 OK for: beasties@0.3.2 want: ^10.0.0
2033 silly placeDep ROOT postcss-media-query-parser@0.2.3 OK for: beasties@0.3.2 want: ^0.2.3
2034 silly fetch manifest boolbase@^1.0.0
2035 silly packumentCache full:https://registry.npmjs.org/boolbase cache-miss
2036 silly fetch manifest domutils@^3.0.1
2037 silly packumentCache full:https://registry.npmjs.org/domutils cache-miss
2038 silly fetch manifest nth-check@^2.0.1
2039 silly packumentCache full:https://registry.npmjs.org/nth-check cache-miss
2040 silly fetch manifest domhandler@^5.0.2
2041 silly packumentCache full:https://registry.npmjs.org/domhandler cache-miss
2042 silly fetch manifest entities@^4.2.0
2043 silly packumentCache full:https://registry.npmjs.org/entities cache-miss
2044 silly fetch manifest domhandler@^5.0.2
2045 silly packumentCache full:https://registry.npmjs.org/domhandler cache-miss
2046 silly fetch manifest domelementtype@^2.3.0
2047 silly packumentCache full:https://registry.npmjs.org/domelementtype cache-miss
2048 http cache https://registry.npmjs.org/domhandler 96ms (cache hit)
2049 silly packumentCache full:https://registry.npmjs.org/domhandler set size:78187 disposed:false
2050 silly fetch manifest domelementtype@^2.3.0
2051 silly packumentCache full:https://registry.npmjs.org/domelementtype cache-miss
2052 http cache https://registry.npmjs.org/domhandler 106ms (cache hit)
2053 silly packumentCache full:https://registry.npmjs.org/domhandler set size:78187 disposed:false
2054 silly packumentCache full:https://registry.npmjs.org/domhandler dispose
2055 silly fetch manifest domutils@^3.2.2
2056 silly packumentCache full:https://registry.npmjs.org/domutils cache-miss
2057 http cache https://registry.npmjs.org/entities 112ms (cache hit)
2058 silly packumentCache full:https://registry.npmjs.org/entities set size:101550 disposed:false
2059 silly fetch manifest entities@^7.0.1
2060 silly packumentCache full:https://registry.npmjs.org/entities cache-hit
2061 silly fetch manifest domelementtype@^2.3.0
2062 silly packumentCache full:https://registry.npmjs.org/domelementtype cache-miss
2063 http fetch GET 200 https://registry.npmjs.org/domelementtype 132ms (cache miss)
2064 silly packumentCache full:https://registry.npmjs.org/domelementtype set size:undefined disposed:false
2065 http fetch GET 200 https://registry.npmjs.org/boolbase 143ms (cache miss)
2066 silly packumentCache full:https://registry.npmjs.org/boolbase set size:undefined disposed:false
2067 http fetch GET 200 https://registry.npmjs.org/domutils 143ms (cache miss)
2068 silly packumentCache full:https://registry.npmjs.org/domutils set size:undefined disposed:false
2069 http fetch GET 200 https://registry.npmjs.org/domelementtype 85ms (cache miss)
2070 silly packumentCache full:https://registry.npmjs.org/domelementtype set size:undefined disposed:false
2071 http fetch GET 200 https://registry.npmjs.org/domelementtype 120ms (cache miss)
2072 silly packumentCache full:https://registry.npmjs.org/domelementtype set size:undefined disposed:false
2073 http fetch GET 200 https://registry.npmjs.org/domutils 117ms (cache miss)
2074 silly packumentCache full:https://registry.npmjs.org/domutils set size:undefined disposed:false
2075 http fetch GET 200 https://registry.npmjs.org/nth-check 309ms (cache miss)
2076 silly packumentCache full:https://registry.npmjs.org/nth-check set size:undefined disposed:false
2077 silly placeDep node_modules/copy-webpack-plugin glob-parent@6.0.2 OK for: copy-webpack-plugin@12.0.2 want: ^6.0.1
2078 silly placeDep ROOT globby@14.1.0 OK for: copy-webpack-plugin@12.0.2 want: ^14.0.0
2079 silly placeDep ROOT serialize-javascript@6.0.2 OK for: copy-webpack-plugin@12.0.2 want: ^6.0.2
2080 silly fetch manifest slash@^5.1.0
2081 silly packumentCache full:https://registry.npmjs.org/slash cache-miss
2082 silly fetch manifest ignore@^7.0.3
2083 silly packumentCache full:https://registry.npmjs.org/ignore cache-miss
2084 silly fetch manifest path-type@^6.0.0
2085 silly packumentCache full:https://registry.npmjs.org/path-type cache-miss
2086 silly fetch manifest unicorn-magic@^0.3.0
2087 silly packumentCache full:https://registry.npmjs.org/unicorn-magic cache-miss
2088 silly fetch manifest @sindresorhus/merge-streams@^2.1.0
2089 silly packumentCache full:https://registry.npmjs.org/@sindresorhus%2fmerge-streams cache-miss
2090 silly fetch manifest randombytes@^2.1.0
2091 silly packumentCache full:https://registry.npmjs.org/randombytes cache-miss
2092 http fetch GET 200 https://registry.npmjs.org/unicorn-magic 92ms (cache miss)
2093 silly packumentCache full:https://registry.npmjs.org/unicorn-magic set size:undefined disposed:false
2094 http fetch GET 200 https://registry.npmjs.org/slash 110ms (cache miss)
2095 silly packumentCache full:https://registry.npmjs.org/slash set size:undefined disposed:false
2096 http fetch GET 200 https://registry.npmjs.org/randombytes 121ms (cache miss)
2097 silly packumentCache full:https://registry.npmjs.org/randombytes set size:undefined disposed:false
2098 http fetch GET 200 https://registry.npmjs.org/path-type 125ms (cache miss)
2099 silly packumentCache full:https://registry.npmjs.org/path-type set size:undefined disposed:false
2100 http fetch GET 200 https://registry.npmjs.org/@sindresorhus%2fmerge-streams 130ms (cache miss)
2101 silly packumentCache full:https://registry.npmjs.org/@sindresorhus%2fmerge-streams set size:undefined disposed:false
2102 http fetch GET 200 https://registry.npmjs.org/ignore 147ms (cache miss)
2103 silly packumentCache full:https://registry.npmjs.org/ignore set size:undefined disposed:false
2104 silly placeDep ROOT browserslist@4.28.2 REPLACE for: core-js-compat@3.49.0 want: ^4.28.1
2105 silly fetch manifest baseline-browser-mapping@^2.10.12
2106 silly packumentCache full:https://registry.npmjs.org/baseline-browser-mapping cache-miss
2107 silly fetch manifest caniuse-lite@^1.0.30001782
2108 silly packumentCache full:https://registry.npmjs.org/caniuse-lite cache-miss
2109 silly fetch manifest electron-to-chromium@^1.5.328
2110 silly packumentCache full:https://registry.npmjs.org/electron-to-chromium cache-miss
2111 silly fetch manifest node-releases@^2.0.36
2112 silly packumentCache full:https://registry.npmjs.org/node-releases cache-miss
2113 silly fetch manifest update-browserslist-db@^1.2.3
2114 silly packumentCache full:https://registry.npmjs.org/update-browserslist-db cache-miss
2115 http fetch GET 200 https://registry.npmjs.org/node-releases 161ms (cache miss)
2116 silly packumentCache full:https://registry.npmjs.org/node-releases set size:undefined disposed:false
2117 http fetch GET 200 https://registry.npmjs.org/update-browserslist-db 170ms (cache miss)
2118 silly packumentCache full:https://registry.npmjs.org/update-browserslist-db set size:undefined disposed:false
2119 http fetch GET 200 https://registry.npmjs.org/baseline-browser-mapping 193ms (cache miss)
2120 silly packumentCache full:https://registry.npmjs.org/baseline-browser-mapping set size:undefined disposed:false
2121 http fetch GET 200 https://registry.npmjs.org/caniuse-lite 601ms (cache miss)
2122 silly packumentCache full:https://registry.npmjs.org/caniuse-lite set size:undefined disposed:false
2123 http fetch GET 200 https://registry.npmjs.org/electron-to-chromium 1410ms (cache miss)
2124 silly packumentCache full:https://registry.npmjs.org/electron-to-chromium set size:undefined disposed:false
2125 silly placeDep ROOT baseline-browser-mapping@2.10.35 OK for: browserslist@4.28.2 want: ^2.10.12
2126 silly placeDep ROOT caniuse-lite@1.0.30001797 REPLACE for: browserslist@4.28.2 want: ^1.0.30001782
2127 silly placeDep ROOT electron-to-chromium@1.5.371 OK for: browserslist@4.28.2 want: ^1.5.328
2128 silly placeDep ROOT node-releases@2.0.47 OK for: browserslist@4.28.2 want: ^2.0.36
2129 silly placeDep ROOT update-browserslist-db@1.2.3 OK for: browserslist@4.28.2 want: ^1.2.3
2130 silly placeDep ROOT icss-utils@5.1.0 OK for: css-loader@7.1.2 want: ^5.1.0
2131 silly placeDep ROOT postcss-modules-extract-imports@3.1.0 OK for: css-loader@7.1.2 want: ^3.1.0
2132 silly placeDep ROOT postcss-modules-local-by-default@4.2.0 OK for: css-loader@7.1.2 want: ^4.0.5
2133 silly placeDep ROOT postcss-modules-scope@3.2.1 OK for: css-loader@7.1.2 want: ^3.2.0
2134 silly placeDep ROOT postcss-modules-values@4.0.0 OK for: css-loader@7.1.2 want: ^4.0.0
2135 silly fetch manifest postcss-selector-parser@^7.0.0
2136 silly packumentCache full:https://registry.npmjs.org/postcss-selector-parser cache-miss
2137 silly fetch manifest postcss-selector-parser@^7.0.0
2138 silly packumentCache full:https://registry.npmjs.org/postcss-selector-parser cache-miss
2139 http fetch GET 200 https://registry.npmjs.org/postcss-selector-parser 420ms (cache miss)
2140 silly packumentCache full:https://registry.npmjs.org/postcss-selector-parser set size:undefined disposed:false
2141 http fetch GET 200 https://registry.npmjs.org/postcss-selector-parser 474ms (cache miss)
2142 silly packumentCache full:https://registry.npmjs.org/postcss-selector-parser set size:undefined disposed:false
2143 silly placeDep ROOT boolbase@1.0.0 OK for: css-select@5.2.2 want: ^1.0.0
2144 silly placeDep ROOT domutils@3.2.2 OK for: css-select@5.2.2 want: ^3.0.1
2145 silly placeDep ROOT nth-check@2.1.1 OK for: css-select@5.2.2 want: ^2.0.1
2146 silly placeDep ROOT domelementtype@2.3.0 OK for: dom-serializer@2.0.0 want: ^2.3.0
2147 silly placeDep ROOT entities@4.5.0 OK for: dom-serializer@2.0.0 want: ^4.2.0
2148 silly placeDep ROOT @esbuild/aix-ppc64@0.28.0 OK for: esbuild@0.28.0 want: 0.28.0
2149 silly placeDep ROOT @esbuild/android-arm@0.28.0 OK for: esbuild@0.28.0 want: 0.28.0
2150 silly placeDep ROOT @esbuild/android-arm64@0.28.0 OK for: esbuild@0.28.0 want: 0.28.0
2151 silly placeDep ROOT @esbuild/android-x64@0.28.0 OK for: esbuild@0.28.0 want: 0.28.0
2152 silly placeDep ROOT @esbuild/darwin-arm64@0.28.0 OK for: esbuild@0.28.0 want: 0.28.0
2153 silly placeDep ROOT @esbuild/darwin-x64@0.28.0 OK for: esbuild@0.28.0 want: 0.28.0
2154 silly placeDep ROOT @esbuild/freebsd-arm64@0.28.0 OK for: esbuild@0.28.0 want: 0.28.0
2155 silly placeDep ROOT @esbuild/freebsd-x64@0.28.0 OK for: esbuild@0.28.0 want: 0.28.0
2156 silly placeDep ROOT @esbuild/linux-arm@0.28.0 OK for: esbuild@0.28.0 want: 0.28.0
2157 silly placeDep ROOT @esbuild/linux-arm64@0.28.0 OK for: esbuild@0.28.0 want: 0.28.0
2158 silly placeDep ROOT @esbuild/linux-ia32@0.28.0 OK for: esbuild@0.28.0 want: 0.28.0
2159 silly placeDep ROOT @esbuild/linux-loong64@0.28.0 OK for: esbuild@0.28.0 want: 0.28.0
2160 silly placeDep ROOT @esbuild/linux-mips64el@0.28.0 OK for: esbuild@0.28.0 want: 0.28.0
2161 silly placeDep ROOT @esbuild/linux-ppc64@0.28.0 OK for: esbuild@0.28.0 want: 0.28.0
2162 silly placeDep ROOT @esbuild/linux-riscv64@0.28.0 OK for: esbuild@0.28.0 want: 0.28.0
2163 silly placeDep ROOT @esbuild/linux-s390x@0.28.0 OK for: esbuild@0.28.0 want: 0.28.0
2164 silly placeDep ROOT @esbuild/linux-x64@0.28.0 OK for: esbuild@0.28.0 want: 0.28.0
2165 silly placeDep ROOT @esbuild/netbsd-arm64@0.28.0 OK for: esbuild@0.28.0 want: 0.28.0
2166 silly placeDep ROOT @esbuild/netbsd-x64@0.28.0 OK for: esbuild@0.28.0 want: 0.28.0
2167 silly placeDep ROOT @esbuild/openbsd-arm64@0.28.0 OK for: esbuild@0.28.0 want: 0.28.0
2168 silly placeDep ROOT @esbuild/openbsd-x64@0.28.0 OK for: esbuild@0.28.0 want: 0.28.0
2169 silly placeDep ROOT @esbuild/openharmony-arm64@0.28.0 OK for: esbuild@0.28.0 want: 0.28.0
2170 silly placeDep ROOT @esbuild/sunos-x64@0.28.0 OK for: esbuild@0.28.0 want: 0.28.0
2171 silly placeDep ROOT @esbuild/win32-arm64@0.28.0 OK for: esbuild@0.28.0 want: 0.28.0
2172 silly placeDep ROOT @esbuild/win32-ia32@0.28.0 OK for: esbuild@0.28.0 want: 0.28.0
2173 silly placeDep ROOT @esbuild/win32-x64@0.28.0 OK for: esbuild@0.28.0 want: 0.28.0
2174 silly placeDep ROOT @nodelib/fs.stat@2.0.5 OK for: fast-glob@3.3.3 want: ^2.0.2
2175 silly placeDep ROOT @nodelib/fs.walk@1.2.8 OK for: fast-glob@3.3.3 want: ^1.2.3
2176 silly placeDep ROOT merge2@1.4.1 OK for: fast-glob@3.3.3 want: ^1.3.0
2177 silly placeDep ROOT micromatch@4.0.8 OK for: fast-glob@3.3.3 want: ^4.0.8
2178 silly fetch manifest fastq@^1.6.0
2179 silly packumentCache full:https://registry.npmjs.org/fastq cache-miss
2180 silly fetch manifest @nodelib/fs.scandir@2.1.5
2181 silly packumentCache full:https://registry.npmjs.org/@nodelib%2ffs.scandir cache-miss
2182 http fetch GET 200 https://registry.npmjs.org/fastq 90ms (cache miss)
2183 silly packumentCache full:https://registry.npmjs.org/fastq set size:undefined disposed:false
2184 http fetch GET 200 https://registry.npmjs.org/@nodelib%2ffs.scandir 132ms (cache miss)
2185 silly packumentCache full:https://registry.npmjs.org/@nodelib%2ffs.scandir set size:undefined disposed:false
2186 silly placeDep ROOT @nodelib/fs.scandir@2.1.5 OK for: @nodelib/fs.walk@1.2.8 want: 2.1.5
2187 silly placeDep ROOT fastq@1.20.1 OK for: @nodelib/fs.walk@1.2.8 want: ^1.6.0
2188 silly fetch manifest run-parallel@^1.1.9
2189 silly packumentCache full:https://registry.npmjs.org/run-parallel cache-miss
2190 silly fetch manifest reusify@^1.0.4
2191 silly packumentCache full:https://registry.npmjs.org/reusify cache-miss
2192 http fetch GET 200 https://registry.npmjs.org/run-parallel 83ms (cache miss)
2193 silly packumentCache full:https://registry.npmjs.org/run-parallel set size:undefined disposed:false
2194 http fetch GET 200 https://registry.npmjs.org/reusify 91ms (cache miss)
2195 silly packumentCache full:https://registry.npmjs.org/reusify set size:undefined disposed:false
2196 silly placeDep ROOT run-parallel@1.2.0 OK for: @nodelib/fs.scandir@2.1.5 want: ^1.1.9
2197 silly fetch manifest queue-microtask@^1.2.2
2198 silly packumentCache full:https://registry.npmjs.org/queue-microtask cache-miss
2199 http fetch GET 200 https://registry.npmjs.org/queue-microtask 97ms (cache miss)
2200 silly packumentCache full:https://registry.npmjs.org/queue-microtask set size:undefined disposed:false
2201 silly placeDep ROOT reusify@1.1.0 OK for: fastq@1.20.1 want: ^1.0.4
2202 silly placeDep ROOT common-path-prefix@3.0.0 OK for: find-cache-dir@4.0.0 want: ^3.0.0
2203 silly placeDep ROOT pkg-dir@7.0.0 OK for: find-cache-dir@4.0.0 want: ^7.0.0
2204 silly fetch manifest find-up@^6.3.0
2205 silly packumentCache full:https://registry.npmjs.org/find-up cache-miss
2206 http fetch GET 200 https://registry.npmjs.org/find-up 96ms (cache miss)
2207 silly packumentCache full:https://registry.npmjs.org/find-up set size:undefined disposed:false
2208 silly placeDep ROOT @sindresorhus/merge-streams@2.3.0 OK for: globby@14.1.0 want: ^2.1.0
2209 silly placeDep ROOT ignore@7.0.5 OK for: globby@14.1.0 want: ^7.0.3
2210 silly placeDep ROOT path-type@6.0.0 OK for: globby@14.1.0 want: ^6.0.0
2211 silly placeDep ROOT slash@5.1.0 OK for: globby@14.1.0 want: ^5.1.0
2212 silly placeDep ROOT unicorn-magic@0.3.0 OK for: globby@14.1.0 want: ^0.3.0
2213 silly placeDep node_modules/htmlparser2 entities@7.0.1 OK for: htmlparser2@10.1.0 want: ^7.0.1
2214 silly placeDep ROOT @types/http-proxy@1.17.17 OK for: http-proxy-middleware@3.0.5 want: ^1.17.15
2215 silly placeDep ROOT is-plain-object@5.0.0 OK for: http-proxy-middleware@3.0.5 want: ^5.0.0
2216 silly placeDep ROOT agent-base@7.1.4 OK for: https-proxy-agent@7.0.6 want: ^7.1.2
2217 silly fetch manifest jasmine-core@^4.1.0
2218 silly packumentCache full:https://registry.npmjs.org/jasmine-core cache-hit
2219 silly placeDep node_modules/karma-jasmine jasmine-core@4.6.1 OK for: karma-jasmine@5.1.0 want: ^4.1.0
2220 silly placeDep ROOT copy-anything@2.0.6 OK for: less@4.2.2 want: ^2.0.1
2221 silly placeDep ROOT errno@0.1.8 OK for: less@4.2.2 want: ^0.1.1
2222 silly placeDep ROOT image-size@0.5.5 OK for: less@4.2.2 want: ~0.5.0
2223 silly placeDep node_modules/less make-dir@2.1.0 OK for: less@4.2.2 want: ^2.1.0
2224 silly placeDep node_modules/less mime@1.6.0 OK for: less@4.2.2 want: ^1.4.1
2225 silly placeDep ROOT needle@3.5.0 OK for: less@4.2.2 want: ^3.1.0
2226 silly placeDep ROOT parse-node-version@1.0.1 OK for: less@4.2.2 want: ^1.0.1
2227 silly placeDep node_modules/less source-map@0.6.1 OK for: less@4.2.2 want: ~0.6.0
2228 silly fetch manifest is-what@^3.14.1
2229 silly packumentCache full:https://registry.npmjs.org/is-what cache-miss
2230 silly fetch manifest prr@~1.0.1
2231 silly packumentCache full:https://registry.npmjs.org/prr cache-miss
2232 silly fetch manifest pify@^4.0.1
2233 silly packumentCache full:https://registry.npmjs.org/pify cache-miss
2234 silly fetch manifest semver@^5.6.0
2235 silly packumentCache full:https://registry.npmjs.org/semver cache-hit
2236 silly fetch manifest sax@^1.2.4
2237 silly packumentCache full:https://registry.npmjs.org/sax cache-miss
2238 http fetch GET 200 https://registry.npmjs.org/prr 118ms (cache miss)
2239 silly packumentCache full:https://registry.npmjs.org/prr set size:undefined disposed:false
2240 http fetch GET 200 https://registry.npmjs.org/pify 129ms (cache miss)
2241 silly packumentCache full:https://registry.npmjs.org/pify set size:undefined disposed:false
2242 http fetch GET 200 https://registry.npmjs.org/sax 125ms (cache miss)
2243 silly packumentCache full:https://registry.npmjs.org/sax set size:undefined disposed:false
2244 http fetch GET 200 https://registry.npmjs.org/is-what 251ms (cache miss)
2245 silly packumentCache full:https://registry.npmjs.org/is-what set size:undefined disposed:false
2246 silly placeDep ROOT is-what@3.14.1 OK for: copy-anything@2.0.6 want: ^3.14.1
2247 silly placeDep ROOT prr@1.0.1 OK for: errno@0.1.8 want: ~1.0.1
2248 silly placeDep ROOT cli-truncate@4.0.0 OK for: listr2@8.2.5 want: ^4.0.0
2249 silly placeDep ROOT colorette@2.0.20 OK for: listr2@8.2.5 want: ^2.0.20
2250 silly placeDep node_modules/listr2 eventemitter3@5.0.4 OK for: listr2@8.2.5 want: ^5.0.1
2251 silly placeDep ROOT log-update@6.1.0 OK for: listr2@8.2.5 want: ^6.1.0
2252 silly placeDep node_modules/listr2 wrap-ansi@9.0.2 OK for: listr2@8.2.5 want: ^9.0.0
2253 silly fetch manifest slice-ansi@^5.0.0
2254 silly packumentCache full:https://registry.npmjs.org/slice-ansi cache-miss
2255 silly fetch manifest string-width@^7.0.0
2256 silly packumentCache full:https://registry.npmjs.org/string-width cache-miss
2257 silly fetch manifest cli-cursor@^5.0.0
2258 silly packumentCache full:https://registry.npmjs.org/cli-cursor cache-miss
2259 silly fetch manifest slice-ansi@^7.1.0
2260 silly packumentCache full:https://registry.npmjs.org/slice-ansi cache-miss
2261 silly fetch manifest strip-ansi@^7.1.0
2262 silly packumentCache full:https://registry.npmjs.org/strip-ansi cache-miss
2263 silly fetch manifest ansi-escapes@^7.0.0
2264 silly packumentCache full:https://registry.npmjs.org/ansi-escapes cache-miss
2265 silly fetch manifest strip-ansi@^7.1.0
2266 silly packumentCache full:https://registry.npmjs.org/strip-ansi cache-miss
2267 http fetch GET 200 https://registry.npmjs.org/slice-ansi 150ms (cache miss)
2268 silly packumentCache full:https://registry.npmjs.org/slice-ansi set size:undefined disposed:false
2269 silly fetch manifest ansi-styles@^6.2.1
2270 silly packumentCache full:https://registry.npmjs.org/ansi-styles cache-miss
2271 http fetch GET 200 https://registry.npmjs.org/string-width 156ms (cache miss)
2272 silly packumentCache full:https://registry.npmjs.org/string-width set size:undefined disposed:false
2273 http fetch GET 200 https://registry.npmjs.org/cli-cursor 161ms (cache miss)
2274 silly packumentCache full:https://registry.npmjs.org/cli-cursor set size:undefined disposed:false
2275 http fetch GET 200 https://registry.npmjs.org/slice-ansi 169ms (cache miss)
2276 silly packumentCache full:https://registry.npmjs.org/slice-ansi set size:undefined disposed:false
2277 http fetch GET 200 https://registry.npmjs.org/ansi-escapes 178ms (cache miss)
2278 silly packumentCache full:https://registry.npmjs.org/ansi-escapes set size:undefined disposed:false
2279 http fetch GET 200 https://registry.npmjs.org/strip-ansi 187ms (cache miss)
2280 silly packumentCache full:https://registry.npmjs.org/strip-ansi set size:undefined disposed:false
2281 http fetch GET 200 https://registry.npmjs.org/strip-ansi 179ms (cache miss)
2282 silly packumentCache full:https://registry.npmjs.org/strip-ansi set size:undefined disposed:false
2283 http fetch GET 200 https://registry.npmjs.org/ansi-styles 120ms (cache miss)
2284 silly packumentCache full:https://registry.npmjs.org/ansi-styles set size:undefined disposed:false
2285 silly placeDep ROOT slice-ansi@5.0.0 OK for: cli-truncate@4.0.0 want: ^5.0.0
2286 silly placeDep node_modules/cli-truncate string-width@7.2.0 OK for: cli-truncate@4.0.0 want: ^7.0.0
2287 silly fetch manifest ansi-styles@^6.0.0
2288 silly packumentCache full:https://registry.npmjs.org/ansi-styles cache-miss
2289 silly fetch manifest is-fullwidth-code-point@^4.0.0
2290 silly packumentCache full:https://registry.npmjs.org/is-fullwidth-code-point cache-miss
2291 silly fetch manifest emoji-regex@^10.3.0
2292 silly packumentCache full:https://registry.npmjs.org/emoji-regex cache-miss
2293 silly fetch manifest get-east-asian-width@^1.0.0
2294 silly packumentCache full:https://registry.npmjs.org/get-east-asian-width cache-miss
2295 http cache https://registry.npmjs.org/ansi-styles 23ms (cache hit)
2296 silly packumentCache full:https://registry.npmjs.org/ansi-styles set size:63233 disposed:false
2297 http fetch GET 200 https://registry.npmjs.org/is-fullwidth-code-point 111ms (cache miss)
2298 silly packumentCache full:https://registry.npmjs.org/is-fullwidth-code-point set size:undefined disposed:false
2299 http fetch GET 200 https://registry.npmjs.org/emoji-regex 122ms (cache miss)
2300 silly packumentCache full:https://registry.npmjs.org/emoji-regex set size:undefined disposed:false
2301 http fetch GET 200 https://registry.npmjs.org/get-east-asian-width 127ms (cache miss)
2302 silly packumentCache full:https://registry.npmjs.org/get-east-asian-width set size:undefined disposed:false
2303 silly placeDep ROOT @lmdb/lmdb-darwin-arm64@3.2.6 OK for: lmdb@3.2.6 want: 3.2.6
2304 silly placeDep ROOT @lmdb/lmdb-darwin-x64@3.2.6 OK for: lmdb@3.2.6 want: 3.2.6
2305 silly placeDep ROOT @lmdb/lmdb-linux-arm@3.2.6 OK for: lmdb@3.2.6 want: 3.2.6
2306 silly placeDep ROOT @lmdb/lmdb-linux-arm64@3.2.6 OK for: lmdb@3.2.6 want: 3.2.6
2307 silly placeDep ROOT @lmdb/lmdb-linux-x64@3.2.6 OK for: lmdb@3.2.6 want: 3.2.6
2308 silly placeDep ROOT @lmdb/lmdb-win32-x64@3.2.6 OK for: lmdb@3.2.6 want: 3.2.6
2309 silly placeDep ROOT msgpackr@1.12.1 OK for: lmdb@3.2.6 want: ^1.11.2
2310 silly placeDep ROOT node-addon-api@6.1.0 OK for: lmdb@3.2.6 want: ^6.1.0
2311 silly placeDep ROOT node-gyp-build-optional-packages@5.2.2 OK for: lmdb@3.2.6 want: 5.2.2
2312 silly placeDep ROOT ordered-binary@1.6.1 OK for: lmdb@3.2.6 want: ^1.5.3
2313 silly placeDep ROOT weak-lru-cache@1.2.2 OK for: lmdb@3.2.6 want: ^1.2.2
2314 silly fetch manifest msgpackr-extract@^3.0.2
2315 silly packumentCache full:https://registry.npmjs.org/msgpackr-extract cache-miss
2316 silly fetch manifest detect-libc@^2.0.1
2317 silly packumentCache full:https://registry.npmjs.org/detect-libc cache-miss
2318 http fetch GET 200 https://registry.npmjs.org/msgpackr-extract 122ms (cache miss)
2319 silly packumentCache full:https://registry.npmjs.org/msgpackr-extract set size:undefined disposed:false
2320 http fetch GET 200 https://registry.npmjs.org/detect-libc 136ms (cache miss)
2321 silly packumentCache full:https://registry.npmjs.org/detect-libc set size:undefined disposed:false
2322 silly placeDep ROOT ansi-escapes@7.3.0 OK for: log-update@6.1.0 want: ^7.0.0
2323 silly placeDep node_modules/log-update cli-cursor@5.0.0 OK for: log-update@6.1.0 want: ^5.0.0
2324 silly placeDep node_modules/log-update slice-ansi@7.1.2 OK for: log-update@6.1.0 want: ^7.1.0
2325 silly placeDep node_modules/log-update strip-ansi@7.2.0 OK for: log-update@6.1.0 want: ^7.1.0
2326 silly placeDep node_modules/log-update wrap-ansi@9.0.2 OK for: log-update@6.1.0 want: ^9.0.0
2327 silly fetch manifest environment@^1.0.0
2328 silly packumentCache full:https://registry.npmjs.org/environment cache-miss
2329 silly fetch manifest restore-cursor@^5.0.0
2330 silly packumentCache full:https://registry.npmjs.org/restore-cursor cache-miss
2331 silly fetch manifest is-fullwidth-code-point@^5.0.0
2332 silly packumentCache full:https://registry.npmjs.org/is-fullwidth-code-point cache-miss
2333 silly fetch manifest ansi-regex@^6.2.2
2334 silly packumentCache full:https://registry.npmjs.org/ansi-regex cache-miss
2335 http cache https://registry.npmjs.org/is-fullwidth-code-point 73ms (cache hit)
2336 silly packumentCache full:https://registry.npmjs.org/is-fullwidth-code-point set size:14578 disposed:false
2337 http fetch GET 200 https://registry.npmjs.org/restore-cursor 166ms (cache miss)
2338 silly packumentCache full:https://registry.npmjs.org/restore-cursor set size:undefined disposed:false
2339 http fetch GET 200 https://registry.npmjs.org/ansi-regex 169ms (cache miss)
2340 silly packumentCache full:https://registry.npmjs.org/ansi-regex set size:undefined disposed:false
2341 http fetch GET 200 https://registry.npmjs.org/environment 325ms (cache miss)
2342 silly packumentCache full:https://registry.npmjs.org/environment set size:undefined disposed:false
2343 silly placeDep ROOT environment@1.1.0 OK for: ansi-escapes@7.3.0 want: ^1.0.0
2344 silly placeDep ROOT tapable@2.3.3 OK for: mini-css-extract-plugin@2.9.2 want: ^2.2.1
2345 silly placeDep ROOT msgpackr-extract@3.0.4 OK for: msgpackr@1.12.1 want: ^3.0.2
2346 silly fetch manifest @msgpackr-extract/msgpackr-extract-darwin-arm64@3.0.4
2347 silly packumentCache full:https://registry.npmjs.org/@msgpackr-extract%2fmsgpackr-extract-darwin-arm64 cache-miss
2348 silly fetch manifest @msgpackr-extract/msgpackr-extract-darwin-x64@3.0.4
2349 silly packumentCache full:https://registry.npmjs.org/@msgpackr-extract%2fmsgpackr-extract-darwin-x64 cache-miss
2350 silly fetch manifest @msgpackr-extract/msgpackr-extract-linux-arm@3.0.4
2351 silly packumentCache full:https://registry.npmjs.org/@msgpackr-extract%2fmsgpackr-extract-linux-arm cache-miss
2352 silly fetch manifest @msgpackr-extract/msgpackr-extract-linux-arm64@3.0.4
2353 silly packumentCache full:https://registry.npmjs.org/@msgpackr-extract%2fmsgpackr-extract-linux-arm64 cache-miss
2354 silly fetch manifest @msgpackr-extract/msgpackr-extract-linux-x64@3.0.4
2355 silly packumentCache full:https://registry.npmjs.org/@msgpackr-extract%2fmsgpackr-extract-linux-x64 cache-miss
2356 silly fetch manifest @msgpackr-extract/msgpackr-extract-win32-x64@3.0.4
2357 silly packumentCache full:https://registry.npmjs.org/@msgpackr-extract%2fmsgpackr-extract-win32-x64 cache-miss
2358 http fetch GET 200 https://registry.npmjs.org/@msgpackr-extract%2fmsgpackr-extract-darwin-arm64 137ms (cache miss)
2359 silly packumentCache full:https://registry.npmjs.org/@msgpackr-extract%2fmsgpackr-extract-darwin-arm64 set size:undefined disposed:false
2360 http fetch GET 200 https://registry.npmjs.org/@msgpackr-extract%2fmsgpackr-extract-linux-x64 150ms (cache miss)
2361 silly packumentCache full:https://registry.npmjs.org/@msgpackr-extract%2fmsgpackr-extract-linux-x64 set size:undefined disposed:false
2362 http fetch GET 200 https://registry.npmjs.org/@msgpackr-extract%2fmsgpackr-extract-linux-arm 292ms (cache miss)
2363 silly packumentCache full:https://registry.npmjs.org/@msgpackr-extract%2fmsgpackr-extract-linux-arm set size:undefined disposed:false
2364 http fetch GET 200 https://registry.npmjs.org/@msgpackr-extract%2fmsgpackr-extract-linux-arm64 294ms (cache miss)
2365 silly packumentCache full:https://registry.npmjs.org/@msgpackr-extract%2fmsgpackr-extract-linux-arm64 set size:undefined disposed:false
2366 http fetch GET 200 https://registry.npmjs.org/@msgpackr-extract%2fmsgpackr-extract-win32-x64 294ms (cache miss)
2367 silly packumentCache full:https://registry.npmjs.org/@msgpackr-extract%2fmsgpackr-extract-win32-x64 set size:undefined disposed:false
2368 http fetch GET 200 https://registry.npmjs.org/@msgpackr-extract%2fmsgpackr-extract-darwin-x64 303ms (cache miss)
2369 silly packumentCache full:https://registry.npmjs.org/@msgpackr-extract%2fmsgpackr-extract-darwin-x64 set size:undefined disposed:false
2370 silly placeDep ROOT @msgpackr-extract/msgpackr-extract-darwin-arm64@3.0.4 OK for: msgpackr-extract@3.0.4 want: 3.0.4
2371 silly placeDep ROOT @msgpackr-extract/msgpackr-extract-darwin-x64@3.0.4 OK for: msgpackr-extract@3.0.4 want: 3.0.4
2372 silly placeDep ROOT @msgpackr-extract/msgpackr-extract-linux-arm@3.0.4 OK for: msgpackr-extract@3.0.4 want: 3.0.4
2373 silly placeDep ROOT @msgpackr-extract/msgpackr-extract-linux-arm64@3.0.4 OK for: msgpackr-extract@3.0.4 want: 3.0.4
2374 silly placeDep ROOT @msgpackr-extract/msgpackr-extract-linux-x64@3.0.4 OK for: msgpackr-extract@3.0.4 want: 3.0.4
2375 silly placeDep ROOT @msgpackr-extract/msgpackr-extract-win32-x64@3.0.4 OK for: msgpackr-extract@3.0.4 want: 3.0.4
2376 silly placeDep node_modules/needle iconv-lite@0.6.3 OK for: needle@3.5.0 want: ^0.6.3
2377 silly placeDep ROOT sax@1.6.0 OK for: needle@3.5.0 want: ^1.2.4
2378 silly placeDep ROOT detect-libc@2.1.2 OK for: node-gyp-build-optional-packages@5.2.2 want: ^2.0.1
2379 silly placeDep ROOT hosted-git-info@8.1.0 OK for: npm-package-arg@12.0.2 want: ^8.0.0
2380 silly placeDep ROOT proc-log@5.0.0 OK for: npm-package-arg@12.0.2 want: ^5.0.0
2381 silly placeDep ROOT validate-npm-package-name@6.0.2 OK for: npm-package-arg@12.0.2 want: ^6.0.0
2382 silly fetch manifest lru-cache@^10.0.1
2383 silly packumentCache full:https://registry.npmjs.org/lru-cache cache-miss
2384 http fetch GET 200 https://registry.npmjs.org/lru-cache 314ms (cache miss)
2385 silly packumentCache full:https://registry.npmjs.org/lru-cache set size:undefined disposed:false
2386 silly placeDep node_modules/hosted-git-info lru-cache@10.4.3 OK for: hosted-git-info@8.1.0 want: ^10.0.1
2387 silly placeDep ROOT npm-install-checks@7.1.2 OK for: npm-pick-manifest@10.0.0 want: ^7.1.0
2388 silly placeDep ROOT npm-normalize-package-bin@4.0.0 OK for: npm-pick-manifest@10.0.0 want: ^4.0.0
2389 silly placeDep ROOT default-browser@5.5.0 OK for: open@10.1.0 want: ^5.2.1
2390 silly placeDep ROOT define-lazy-prop@3.0.0 OK for: open@10.1.0 want: ^3.0.0
2391 silly placeDep ROOT is-inside-container@1.0.0 OK for: open@10.1.0 want: ^1.0.0
2392 silly placeDep ROOT is-wsl@3.1.1 OK for: open@10.1.0 want: ^3.1.0
2393 silly fetch manifest bundle-name@^4.1.0
2394 silly packumentCache full:https://registry.npmjs.org/bundle-name cache-miss
2395 silly fetch manifest default-browser-id@^5.0.0
2396 silly packumentCache full:https://registry.npmjs.org/default-browser-id cache-miss
2397 silly fetch manifest is-docker@^3.0.0
2398 silly packumentCache full:https://registry.npmjs.org/is-docker cache-miss
2399 http fetch GET 200 https://registry.npmjs.org/default-browser-id 164ms (cache miss)
2400 silly packumentCache full:https://registry.npmjs.org/default-browser-id set size:undefined disposed:false
2401 http fetch GET 200 https://registry.npmjs.org/is-docker 166ms (cache miss)
2402 silly packumentCache full:https://registry.npmjs.org/is-docker set size:undefined disposed:false
2403 http fetch GET 200 https://registry.npmjs.org/bundle-name 170ms (cache miss)
2404 silly packumentCache full:https://registry.npmjs.org/bundle-name set size:undefined disposed:false
2405 silly placeDep ROOT bundle-name@4.1.0 OK for: default-browser@5.5.0 want: ^4.1.0
2406 silly placeDep ROOT default-browser-id@5.0.1 OK for: default-browser@5.5.0 want: ^5.0.0
2407 silly fetch manifest run-applescript@^7.0.0
2408 silly packumentCache full:https://registry.npmjs.org/run-applescript cache-miss
2409 http fetch GET 200 https://registry.npmjs.org/run-applescript 81ms (cache miss)
2410 silly packumentCache full:https://registry.npmjs.org/run-applescript set size:undefined disposed:false
2411 silly placeDep ROOT run-applescript@7.1.0 OK for: bundle-name@4.1.0 want: ^7.0.0
2412 silly placeDep ROOT is-docker@3.0.0 OK for: is-inside-container@1.0.0 want: ^3.0.0
2413 silly placeDep ROOT @npmcli/git@6.0.3 OK for: pacote@20.0.0 want: ^6.0.0
2414 silly placeDep ROOT @npmcli/installed-package-contents@3.0.0 OK for: pacote@20.0.0 want: ^3.0.0
2415 silly placeDep ROOT @npmcli/package-json@6.2.0 OK for: pacote@20.0.0 want: ^6.0.0
2416 silly placeDep ROOT @npmcli/promise-spawn@8.0.3 OK for: pacote@20.0.0 want: ^8.0.0
2417 silly placeDep ROOT @npmcli/run-script@9.1.0 OK for: pacote@20.0.0 want: ^9.0.0
2418 silly placeDep ROOT cacache@19.0.1 OK for: pacote@20.0.0 want: ^19.0.0
2419 silly placeDep ROOT fs-minipass@3.0.3 OK for: pacote@20.0.0 want: ^3.0.0
2420 silly placeDep ROOT minipass@7.1.3 OK for: pacote@20.0.0 want: ^7.0.2
2421 silly placeDep ROOT npm-packlist@9.0.0 OK for: pacote@20.0.0 want: ^9.0.0
2422 silly placeDep ROOT npm-registry-fetch@18.0.2 OK for: pacote@20.0.0 want: ^18.0.0
2423 silly placeDep ROOT promise-retry@2.0.1 OK for: pacote@20.0.0 want: ^2.0.1
2424 silly placeDep ROOT sigstore@3.1.0 OK for: pacote@20.0.0 want: ^3.0.0
2425 silly placeDep ROOT ssri@12.0.0 OK for: pacote@20.0.0 want: ^12.0.0
2426 silly placeDep ROOT tar@6.2.1 OK for: pacote@20.0.0 want: ^6.1.11
2427 silly fetch manifest which@^5.0.0
2428 silly packumentCache full:https://registry.npmjs.org/which cache-miss
2429 silly fetch manifest npm-bundled@^4.0.0
2430 silly packumentCache full:https://registry.npmjs.org/npm-bundled cache-miss
2431 silly fetch manifest glob@^10.2.2
2432 silly packumentCache full:https://registry.npmjs.org/glob cache-miss
2433 silly fetch manifest validate-npm-package-license@^3.0.4
2434 silly packumentCache full:https://registry.npmjs.org/validate-npm-package-license cache-miss
2435 silly fetch manifest json-parse-even-better-errors@^4.0.0
2436 silly packumentCache full:https://registry.npmjs.org/json-parse-even-better-errors cache-miss
2437 silly fetch manifest which@^5.0.0
2438 silly packumentCache full:https://registry.npmjs.org/which cache-miss
2439 silly fetch manifest which@^5.0.0
2440 silly packumentCache full:https://registry.npmjs.org/which cache-miss
2441 http cache https://registry.npmjs.org/json-parse-even-better-errors 1872ms (cache hit)
2442 silly packumentCache full:https://registry.npmjs.org/json-parse-even-better-errors set size:37274 disposed:false
2443 silly fetch manifest node-gyp@^11.0.0
2444 silly packumentCache full:https://registry.npmjs.org/node-gyp cache-miss
2445 http fetch GET 200 https://registry.npmjs.org/which 1966ms (cache miss)
2446 silly packumentCache full:https://registry.npmjs.org/which set size:undefined disposed:false
2447 silly fetch manifest @npmcli/node-gyp@^4.0.0
2448 silly packumentCache full:https://registry.npmjs.org/@npmcli%2fnode-gyp cache-miss
2449 http fetch GET 200 https://registry.npmjs.org/npm-bundled 2033ms (cache miss)
2450 silly packumentCache full:https://registry.npmjs.org/npm-bundled set size:undefined disposed:false
2451 silly fetch manifest tar@^7.4.3
2452 silly packumentCache full:https://registry.npmjs.org/tar cache-miss
2453 http fetch GET 200 https://registry.npmjs.org/validate-npm-package-license 2036ms (cache miss)
2454 silly packumentCache full:https://registry.npmjs.org/validate-npm-package-license set size:undefined disposed:false
2455 silly fetch manifest glob@^10.2.2
2456 silly packumentCache full:https://registry.npmjs.org/glob cache-miss
2457 http fetch GET 200 https://registry.npmjs.org/which 2040ms (cache miss)
2458 silly packumentCache full:https://registry.npmjs.org/which set size:undefined disposed:false
2459 silly fetch manifest p-map@^7.0.2
2460 silly packumentCache full:https://registry.npmjs.org/p-map cache-miss
2461 http fetch GET 200 https://registry.npmjs.org/which 2138ms (cache miss)
2462 silly packumentCache full:https://registry.npmjs.org/which set size:undefined disposed:false
2463 silly fetch manifest minipass@^7.0.3
2464 silly packumentCache full:https://registry.npmjs.org/minipass cache-miss
2465 http fetch GET 200 https://registry.npmjs.org/node-gyp 422ms (cache miss)
2466 silly packumentCache full:https://registry.npmjs.org/node-gyp set size:undefined disposed:false
2467 silly fetch manifest @npmcli/fs@^4.0.0
2468 silly packumentCache full:https://registry.npmjs.org/@npmcli%2ffs cache-miss
2469 http cache https://registry.npmjs.org/tar 284ms (cache hit)
2470 silly packumentCache full:https://registry.npmjs.org/tar set size:551280 disposed:false
2471 silly fetch manifest minipass-flush@^1.0.5
2472 silly packumentCache full:https://registry.npmjs.org/minipass-flush cache-miss
2473 http fetch GET 200 https://registry.npmjs.org/@npmcli%2fnode-gyp 384ms (cache miss)
2474 silly packumentCache full:https://registry.npmjs.org/@npmcli%2fnode-gyp set size:undefined disposed:false
2475 silly fetch manifest unique-filename@^4.0.0
2476 silly packumentCache full:https://registry.npmjs.org/unique-filename cache-miss
2477 http cache https://registry.npmjs.org/minipass 171ms (cache hit)
2478 silly packumentCache full:https://registry.npmjs.org/minipass set size:276925 disposed:false
2479 silly fetch manifest minipass-collect@^2.0.1
2480 silly packumentCache full:https://registry.npmjs.org/minipass-collect cache-miss
2481 http fetch GET 200 https://registry.npmjs.org/glob 2434ms (cache miss)
2482 silly packumentCache full:https://registry.npmjs.org/glob set size:undefined disposed:false
2483 silly fetch manifest minipass-pipeline@^1.2.4
2484 silly packumentCache full:https://registry.npmjs.org/minipass-pipeline cache-miss
2485 http fetch GET 200 https://registry.npmjs.org/p-map 479ms (cache miss)
2486 silly packumentCache full:https://registry.npmjs.org/p-map set size:undefined disposed:false
2487 silly fetch manifest ignore-walk@^7.0.0
2488 silly packumentCache full:https://registry.npmjs.org/ignore-walk cache-miss
2489 http fetch GET 200 https://registry.npmjs.org/glob 534ms (cache miss)
2490 silly packumentCache full:https://registry.npmjs.org/glob set size:undefined disposed:false
2491 silly fetch manifest minizlib@^3.0.1
2492 silly packumentCache full:https://registry.npmjs.org/minizlib cache-miss
2493 http fetch GET 200 https://registry.npmjs.org/unique-filename 254ms (cache miss)
2494 silly packumentCache full:https://registry.npmjs.org/unique-filename set size:undefined disposed:false
2495 silly fetch manifest jsonparse@^1.3.1
2496 silly packumentCache full:https://registry.npmjs.org/jsonparse cache-miss
2497 http fetch GET 200 https://registry.npmjs.org/minipass-flush 272ms (cache miss)
2498 silly packumentCache full:https://registry.npmjs.org/minipass-flush set size:undefined disposed:false
2499 silly fetch manifest @npmcli/redact@^3.0.0
2500 silly packumentCache full:https://registry.npmjs.org/@npmcli%2fredact cache-miss
2501 http fetch GET 200 https://registry.npmjs.org/@npmcli%2ffs 310ms (cache miss)
2502 silly packumentCache full:https://registry.npmjs.org/@npmcli%2ffs set size:undefined disposed:false
2503 silly fetch manifest minipass-fetch@^4.0.0
2504 silly packumentCache full:https://registry.npmjs.org/minipass-fetch cache-miss
2505 http fetch GET 200 https://registry.npmjs.org/minipass-collect 253ms (cache miss)
2506 silly packumentCache full:https://registry.npmjs.org/minipass-collect set size:undefined disposed:false
2507 silly fetch manifest make-fetch-happen@^14.0.0
2508 silly packumentCache full:https://registry.npmjs.org/make-fetch-happen cache-miss
2509 http fetch GET 200 https://registry.npmjs.org/minipass-pipeline 300ms (cache miss)
2510 silly packumentCache full:https://registry.npmjs.org/minipass-pipeline set size:undefined disposed:false
2511 silly fetch manifest err-code@^2.0.2
2512 silly packumentCache full:https://registry.npmjs.org/err-code cache-miss
2513 http fetch GET 200 https://registry.npmjs.org/ignore-walk 229ms (cache miss)
2514 silly packumentCache full:https://registry.npmjs.org/ignore-walk set size:undefined disposed:false
2515 silly fetch manifest retry@^0.12.0
2516 silly packumentCache full:https://registry.npmjs.org/retry cache-miss
2517 http fetch GET 200 https://registry.npmjs.org/minizlib 250ms (cache miss)
2518 silly packumentCache full:https://registry.npmjs.org/minizlib set size:undefined disposed:false
2519 silly fetch manifest @sigstore/tuf@^3.1.0
2520 silly packumentCache full:https://registry.npmjs.org/@sigstore%2ftuf cache-miss
2521 http fetch GET 200 https://registry.npmjs.org/make-fetch-happen 337ms (cache miss)
2522 silly packumentCache full:https://registry.npmjs.org/make-fetch-happen set size:undefined disposed:false
2523 silly fetch manifest @sigstore/core@^2.0.0
2524 silly packumentCache full:https://registry.npmjs.org/@sigstore%2fcore cache-miss
2525 http fetch GET 200 https://registry.npmjs.org/err-code 250ms (cache miss)
2526 silly packumentCache full:https://registry.npmjs.org/err-code set size:undefined disposed:false
2527 silly fetch manifest @sigstore/sign@^3.1.0
2528 silly packumentCache full:https://registry.npmjs.org/@sigstore%2fsign cache-miss
2529 http fetch GET 200 https://registry.npmjs.org/retry 255ms (cache miss)
2530 silly packumentCache full:https://registry.npmjs.org/retry set size:undefined disposed:false
2531 silly fetch manifest @sigstore/bundle@^3.1.0
2532 silly packumentCache full:https://registry.npmjs.org/@sigstore%2fbundle cache-miss
2533 http fetch GET 200 https://registry.npmjs.org/jsonparse 428ms (cache miss)
2534 silly packumentCache full:https://registry.npmjs.org/jsonparse set size:undefined disposed:false
2535 silly fetch manifest @sigstore/verify@^2.1.0
2536 silly packumentCache full:https://registry.npmjs.org/@sigstore%2fverify cache-miss
2537 http fetch GET 200 https://registry.npmjs.org/@npmcli%2fredact 427ms (cache miss)
2538 silly packumentCache full:https://registry.npmjs.org/@npmcli%2fredact set size:undefined disposed:false
2539 silly fetch manifest @sigstore/protobuf-specs@^0.4.0
2540 silly packumentCache full:https://registry.npmjs.org/@sigstore%2fprotobuf-specs cache-miss
2541 http fetch GET 200 https://registry.npmjs.org/minipass-fetch 431ms (cache miss)
2542 silly packumentCache full:https://registry.npmjs.org/minipass-fetch set size:undefined disposed:false
2543 silly fetch manifest chownr@^2.0.0
2544 silly packumentCache full:https://registry.npmjs.org/chownr cache-miss
2545 http fetch GET 200 https://registry.npmjs.org/@sigstore%2ftuf 246ms (cache miss)
2546 silly packumentCache full:https://registry.npmjs.org/@sigstore%2ftuf set size:undefined disposed:false
2547 silly fetch manifest mkdirp@^1.0.3
2548 silly packumentCache full:https://registry.npmjs.org/mkdirp cache-miss
2549 http fetch GET 200 https://registry.npmjs.org/@sigstore%2fverify 130ms (cache miss)
2550 silly packumentCache full:https://registry.npmjs.org/@sigstore%2fverify set size:undefined disposed:false
2551 silly fetch manifest yallist@^4.0.0
2552 silly packumentCache full:https://registry.npmjs.org/yallist cache-miss
2553 http fetch GET 200 https://registry.npmjs.org/chownr 116ms (cache miss)
2554 silly packumentCache full:https://registry.npmjs.org/chownr set size:undefined disposed:false
2555 silly fetch manifest minipass@^5.0.0
2556 silly packumentCache full:https://registry.npmjs.org/minipass cache-hit
2557 silly fetch manifest minizlib@^2.1.1
2558 silly packumentCache full:https://registry.npmjs.org/minizlib cache-miss
2559 http cache https://registry.npmjs.org/minizlib 101ms (cache hit)
2560 silly packumentCache full:https://registry.npmjs.org/minizlib set size:62862 disposed:false
2561 silly fetch manifest fs-minipass@^2.0.0
2562 silly packumentCache full:https://registry.npmjs.org/fs-minipass cache-miss
2563 http fetch GET 200 https://registry.npmjs.org/mkdirp 190ms (cache miss)
2564 silly packumentCache full:https://registry.npmjs.org/mkdirp set size:undefined disposed:false
2565 http fetch GET 200 https://registry.npmjs.org/@sigstore%2fbundle 312ms (cache miss)
2566 silly packumentCache full:https://registry.npmjs.org/@sigstore%2fbundle set size:undefined disposed:false
2567 http fetch GET 200 https://registry.npmjs.org/yallist 180ms (cache miss)
2568 silly packumentCache full:https://registry.npmjs.org/yallist set size:undefined disposed:false
2569 http cache https://registry.npmjs.org/fs-minipass 72ms (cache hit)
2570 silly packumentCache full:https://registry.npmjs.org/fs-minipass set size:44606 disposed:false
2571 http fetch GET 200 https://registry.npmjs.org/@sigstore%2fsign 339ms (cache miss)
2572 silly packumentCache full:https://registry.npmjs.org/@sigstore%2fsign set size:undefined disposed:false
2573 http fetch GET 200 https://registry.npmjs.org/@sigstore%2fcore 351ms (cache miss)
2574 silly packumentCache full:https://registry.npmjs.org/@sigstore%2fcore set size:undefined disposed:false
2575 http fetch GET 200 https://registry.npmjs.org/@sigstore%2fprotobuf-specs 345ms (cache miss)
2576 silly packumentCache full:https://registry.npmjs.org/@sigstore%2fprotobuf-specs set size:undefined disposed:false
2577 silly placeDep node_modules/@npmcli/git lru-cache@10.4.3 OK for: @npmcli/git@6.0.3 want: ^10.0.1
2578 silly placeDep node_modules/@npmcli/git which@5.0.0 OK for: @npmcli/git@6.0.3 want: ^5.0.0
2579 silly fetch manifest isexe@^3.1.1
2580 silly packumentCache full:https://registry.npmjs.org/isexe cache-miss
2581 http fetch GET 200 https://registry.npmjs.org/isexe 102ms (cache miss)
2582 silly packumentCache full:https://registry.npmjs.org/isexe set size:undefined disposed:false
2583 silly placeDep ROOT npm-bundled@4.0.0 OK for: @npmcli/installed-package-contents@3.0.0 want: ^4.0.0
2584 silly placeDep node_modules/@npmcli/package-json glob@10.5.0 OK for: @npmcli/package-json@6.2.0 want: ^10.2.2
2585 silly placeDep ROOT json-parse-even-better-errors@4.0.0 OK for: @npmcli/package-json@6.2.0 want: ^4.0.0
2586 silly placeDep ROOT validate-npm-package-license@3.0.4 OK for: @npmcli/package-json@6.2.0 want: ^3.0.4
2587 silly fetch manifest jackspeak@^3.1.2
2588 silly packumentCache full:https://registry.npmjs.org/jackspeak cache-miss
2589 silly fetch manifest minimatch@^9.0.4
2590 silly packumentCache full:https://registry.npmjs.org/minimatch cache-miss
2591 silly fetch manifest path-scurry@^1.11.1
2592 silly packumentCache full:https://registry.npmjs.org/path-scurry cache-miss
2593 silly fetch manifest foreground-child@^3.1.0
2594 silly packumentCache full:https://registry.npmjs.org/foreground-child cache-miss
2595 silly fetch manifest package-json-from-dist@^1.0.0
2596 silly packumentCache full:https://registry.npmjs.org/package-json-from-dist cache-miss
2597 silly fetch manifest spdx-correct@^3.0.0
2598 silly packumentCache full:https://registry.npmjs.org/spdx-correct cache-miss
2599 silly fetch manifest spdx-expression-parse@^3.0.0
2600 silly packumentCache full:https://registry.npmjs.org/spdx-expression-parse cache-miss
2601 http fetch GET 200 https://registry.npmjs.org/spdx-correct 116ms (cache miss)
2602 silly packumentCache full:https://registry.npmjs.org/spdx-correct set size:undefined disposed:false
2603 http fetch GET 200 https://registry.npmjs.org/package-json-from-dist 124ms (cache miss)
2604 silly packumentCache full:https://registry.npmjs.org/package-json-from-dist set size:undefined disposed:false
2605 http fetch GET 200 https://registry.npmjs.org/foreground-child 127ms (cache miss)
2606 silly packumentCache full:https://registry.npmjs.org/foreground-child set size:undefined disposed:false
2607 http fetch GET 200 https://registry.npmjs.org/spdx-expression-parse 132ms (cache miss)
2608 silly packumentCache full:https://registry.npmjs.org/spdx-expression-parse set size:undefined disposed:false
2609 http fetch GET 200 https://registry.npmjs.org/path-scurry 136ms (cache miss)
2610 silly packumentCache full:https://registry.npmjs.org/path-scurry set size:undefined disposed:false
2611 http fetch GET 200 https://registry.npmjs.org/jackspeak 148ms (cache miss)
2612 silly packumentCache full:https://registry.npmjs.org/jackspeak set size:undefined disposed:false
2613 http fetch GET 200 https://registry.npmjs.org/minimatch 187ms (cache miss)
2614 silly packumentCache full:https://registry.npmjs.org/minimatch set size:undefined disposed:false
2615 silly placeDep node_modules/@npmcli/promise-spawn which@5.0.0 OK for: @npmcli/promise-spawn@8.0.3 want: ^5.0.0
2616 silly placeDep ROOT @npmcli/node-gyp@4.0.0 OK for: @npmcli/run-script@9.1.0 want: ^4.0.0
2617 silly placeDep ROOT node-gyp@11.5.0 OK for: @npmcli/run-script@9.1.0 want: ^11.0.0
2618 silly placeDep node_modules/@npmcli/run-script which@5.0.0 OK for: @npmcli/run-script@9.1.0 want: ^5.0.0
2619 silly fetch manifest nopt@^8.0.0
2620 silly packumentCache full:https://registry.npmjs.org/nopt cache-miss
2621 silly fetch manifest env-paths@^2.2.0
2622 silly packumentCache full:https://registry.npmjs.org/env-paths cache-miss
2623 silly fetch manifest tinyglobby@^0.2.12
2624 silly packumentCache full:https://registry.npmjs.org/tinyglobby cache-miss
2625 silly fetch manifest make-fetch-happen@^14.0.3
2626 silly packumentCache full:https://registry.npmjs.org/make-fetch-happen cache-miss
2627 silly fetch manifest exponential-backoff@^3.1.1
2628 silly packumentCache full:https://registry.npmjs.org/exponential-backoff cache-miss
2629 http cache https://registry.npmjs.org/make-fetch-happen 120ms (cache hit)
2630 silly packumentCache full:https://registry.npmjs.org/make-fetch-happen set size:382373 disposed:false
2631 http cache https://registry.npmjs.org/tinyglobby 164ms (cache hit)
2632 silly packumentCache full:https://registry.npmjs.org/tinyglobby set size:54291 disposed:false
2633 http fetch GET 200 https://registry.npmjs.org/env-paths 280ms (cache miss)
2634 silly packumentCache full:https://registry.npmjs.org/env-paths set size:undefined disposed:false
2635 http fetch GET 200 https://registry.npmjs.org/exponential-backoff 309ms (cache miss)
2636 silly packumentCache full:https://registry.npmjs.org/exponential-backoff set size:undefined disposed:false
2637 http fetch GET 200 https://registry.npmjs.org/nopt 319ms (cache miss)
2638 silly packumentCache full:https://registry.npmjs.org/nopt set size:undefined disposed:false
2639 silly placeDep ROOT @npmcli/fs@4.0.0 OK for: cacache@19.0.1 want: ^4.0.0
2640 silly placeDep node_modules/cacache glob@10.5.0 OK for: cacache@19.0.1 want: ^10.2.2
2641 silly placeDep node_modules/cacache lru-cache@10.4.3 OK for: cacache@19.0.1 want: ^10.0.1
2642 silly placeDep ROOT minipass-collect@2.0.1 OK for: cacache@19.0.1 want: ^2.0.1
2643 silly placeDep ROOT minipass-flush@1.0.7 OK for: cacache@19.0.1 want: ^1.0.5
2644 silly placeDep ROOT minipass-pipeline@1.2.4 OK for: cacache@19.0.1 want: ^1.2.4
2645 silly placeDep ROOT p-map@7.0.4 OK for: cacache@19.0.1 want: ^7.0.2
2646 silly placeDep node_modules/cacache tar@7.5.16 OK for: cacache@19.0.1 want: ^7.4.3
2647 silly placeDep ROOT unique-filename@4.0.0 OK for: cacache@19.0.1 want: ^4.0.0
2648 silly fetch manifest minipass@^3.0.0
2649 silly packumentCache full:https://registry.npmjs.org/minipass cache-hit
2650 silly fetch manifest minipass@^3.0.0
2651 silly packumentCache full:https://registry.npmjs.org/minipass cache-hit
2652 silly fetch manifest @isaacs/fs-minipass@^4.0.0
2653 silly packumentCache full:https://registry.npmjs.org/@isaacs%2ffs-minipass cache-miss
2654 silly fetch manifest chownr@^3.0.0
2655 silly packumentCache full:https://registry.npmjs.org/chownr cache-miss
2656 silly fetch manifest minizlib@^3.1.0
2657 silly packumentCache full:https://registry.npmjs.org/minizlib cache-hit
2658 silly fetch manifest yallist@^5.0.0
2659 silly packumentCache full:https://registry.npmjs.org/yallist cache-miss
2660 silly fetch manifest unique-slug@^5.0.0
2661 silly packumentCache full:https://registry.npmjs.org/unique-slug cache-miss
2662 http cache https://registry.npmjs.org/yallist 215ms (cache hit)
2663 silly packumentCache full:https://registry.npmjs.org/yallist set size:34610 disposed:false
2664 http cache https://registry.npmjs.org/chownr 221ms (cache hit)
2665 silly packumentCache full:https://registry.npmjs.org/chownr set size:22157 disposed:false
2666 http fetch GET 200 https://registry.npmjs.org/unique-slug 313ms (cache miss)
2667 silly packumentCache full:https://registry.npmjs.org/unique-slug set size:undefined disposed:false
2668 http fetch GET 200 https://registry.npmjs.org/@isaacs%2ffs-minipass 340ms (cache miss)
2669 silly packumentCache full:https://registry.npmjs.org/@isaacs%2ffs-minipass set size:undefined disposed:false
2670 silly placeDep node_modules/minipass-flush minipass@3.3.6 OK for: minipass-flush@1.0.7 want: ^3.0.0
2671 silly placeDep node_modules/minipass-pipeline minipass@3.3.6 OK for: minipass-pipeline@1.2.4 want: ^3.0.0
2672 silly placeDep ROOT env-paths@2.2.1 OK for: node-gyp@11.5.0 want: ^2.2.0
2673 silly placeDep ROOT exponential-backoff@3.1.3 OK for: node-gyp@11.5.0 want: ^3.1.1
2674 silly placeDep ROOT make-fetch-happen@14.0.3 OK for: node-gyp@11.5.0 want: ^14.0.3
2675 silly placeDep ROOT nopt@8.1.0 OK for: node-gyp@11.5.0 want: ^8.0.0
2676 silly placeDep node_modules/node-gyp tar@7.5.16 OK for: node-gyp@11.5.0 want: ^7.4.3
2677 silly placeDep ROOT tinyglobby@0.2.17 OK for: node-gyp@11.5.0 want: ^0.2.12
2678 silly placeDep node_modules/node-gyp which@5.0.0 OK for: node-gyp@11.5.0 want: ^5.0.0
2679 silly fetch manifest negotiator@^1.0.0
2680 silly packumentCache full:https://registry.npmjs.org/negotiator cache-miss
2681 silly fetch manifest @npmcli/agent@^3.0.0
2682 silly packumentCache full:https://registry.npmjs.org/@npmcli%2fagent cache-miss
2683 silly fetch manifest http-cache-semantics@^4.1.1
2684 silly packumentCache full:https://registry.npmjs.org/http-cache-semantics cache-miss
2685 silly fetch manifest abbrev@^3.0.0
2686 silly packumentCache full:https://registry.npmjs.org/abbrev cache-miss
2687 silly fetch manifest fdir@^6.5.0
2688 silly packumentCache full:https://registry.npmjs.org/fdir cache-miss
2689 silly fetch manifest picomatch@^4.0.4
2690 silly packumentCache full:https://registry.npmjs.org/picomatch cache-hit
2691 http cache https://registry.npmjs.org/fdir 69ms (cache hit)
2692 silly packumentCache full:https://registry.npmjs.org/fdir set size:136182 disposed:false
2693 http fetch GET 200 https://registry.npmjs.org/abbrev 204ms (cache miss)
2694 silly packumentCache full:https://registry.npmjs.org/abbrev set size:undefined disposed:false
2695 http fetch GET 200 https://registry.npmjs.org/negotiator 237ms (cache miss)
2696 silly packumentCache full:https://registry.npmjs.org/negotiator set size:undefined disposed:false
2697 http fetch GET 200 https://registry.npmjs.org/http-cache-semantics 239ms (cache miss)
2698 silly packumentCache full:https://registry.npmjs.org/http-cache-semantics set size:undefined disposed:false
2699 http fetch GET 200 https://registry.npmjs.org/@npmcli%2fagent 247ms (cache miss)
2700 silly packumentCache full:https://registry.npmjs.org/@npmcli%2fagent set size:undefined disposed:false
2701 silly placeDep ROOT @npmcli/agent@3.0.0 OK for: make-fetch-happen@14.0.3 want: ^3.0.0
2702 silly placeDep ROOT http-cache-semantics@4.2.0 OK for: make-fetch-happen@14.0.3 want: ^4.1.1
2703 silly placeDep ROOT minipass-fetch@4.0.1 OK for: make-fetch-happen@14.0.3 want: ^4.0.0
2704 silly placeDep ROOT negotiator@1.0.0 OK for: make-fetch-happen@14.0.3 want: ^1.0.0
2705 silly fetch manifest http-proxy-agent@^7.0.0
2706 silly packumentCache full:https://registry.npmjs.org/http-proxy-agent cache-miss
2707 silly fetch manifest socks-proxy-agent@^8.0.3
2708 silly packumentCache full:https://registry.npmjs.org/socks-proxy-agent cache-miss
2709 silly fetch manifest minipass-sized@^1.0.3
2710 silly packumentCache full:https://registry.npmjs.org/minipass-sized cache-miss
2711 silly fetch manifest encoding@^0.1.13
2712 silly packumentCache full:https://registry.npmjs.org/encoding cache-miss
2713 http fetch GET 200 https://registry.npmjs.org/minipass-sized 108ms (cache miss)
2714 silly packumentCache full:https://registry.npmjs.org/minipass-sized set size:undefined disposed:false
2715 http fetch GET 200 https://registry.npmjs.org/http-proxy-agent 121ms (cache miss)
2716 silly packumentCache full:https://registry.npmjs.org/http-proxy-agent set size:undefined disposed:false
2717 http fetch GET 200 https://registry.npmjs.org/encoding 119ms (cache miss)
2718 silly packumentCache full:https://registry.npmjs.org/encoding set size:undefined disposed:false
2719 http fetch GET 200 https://registry.npmjs.org/socks-proxy-agent 139ms (cache miss)
2720 silly packumentCache full:https://registry.npmjs.org/socks-proxy-agent set size:undefined disposed:false
2721 silly placeDep ROOT http-proxy-agent@7.0.2 OK for: @npmcli/agent@3.0.0 want: ^7.0.0
2722 silly placeDep node_modules/@npmcli/agent lru-cache@10.4.3 OK for: @npmcli/agent@3.0.0 want: ^10.0.1
2723 silly placeDep ROOT socks-proxy-agent@8.0.5 OK for: @npmcli/agent@3.0.0 want: ^8.0.3
2724 silly fetch manifest socks@^2.8.3
2725 silly packumentCache full:https://registry.npmjs.org/socks cache-miss
2726 http fetch GET 200 https://registry.npmjs.org/socks 94ms (cache miss)
2727 silly packumentCache full:https://registry.npmjs.org/socks set size:undefined disposed:false
2728 silly placeDep ROOT encoding@0.1.13 OK for: minipass-fetch@4.0.1 want: ^0.1.13
2729 silly placeDep ROOT minipass-sized@1.0.3 OK for: minipass-fetch@4.0.1 want: ^1.0.3
2730 silly placeDep ROOT minizlib@3.1.0 OK for: minipass-fetch@4.0.1 want: ^3.0.1
2731 silly fetch manifest iconv-lite@^0.6.2
2732 silly packumentCache full:https://registry.npmjs.org/iconv-lite cache-hit
2733 silly placeDep node_modules/encoding iconv-lite@0.6.3 OK for: encoding@0.1.13 want: ^0.6.2
2734 silly placeDep node_modules/minipass-sized minipass@3.3.6 OK for: minipass-sized@1.0.3 want: ^3.0.0
2735 silly placeDep ROOT abbrev@3.0.1 OK for: nopt@8.1.0 want: ^3.0.0
2736 silly placeDep ROOT ignore-walk@7.0.0 OK for: npm-packlist@9.0.0 want: ^7.0.0
2737 silly fetch manifest minimatch@^9.0.0
2738 silly packumentCache full:https://registry.npmjs.org/minimatch cache-miss
2739 http cache https://registry.npmjs.org/minimatch 10ms (cache hit)
2740 silly packumentCache full:https://registry.npmjs.org/minimatch set size:375282 disposed:false
2741 silly placeDep node_modules/ignore-walk minimatch@9.0.9 OK for: ignore-walk@7.0.0 want: ^9.0.0
2742 silly fetch manifest brace-expansion@^2.0.2
2743 silly packumentCache full:https://registry.npmjs.org/brace-expansion cache-miss
2744 http fetch GET 200 https://registry.npmjs.org/brace-expansion 90ms (cache miss)
2745 silly packumentCache full:https://registry.npmjs.org/brace-expansion set size:undefined disposed:false
2746 silly placeDep ROOT @npmcli/redact@3.2.2 OK for: npm-registry-fetch@18.0.2 want: ^3.0.0
2747 silly placeDep ROOT jsonparse@1.3.1 OK for: npm-registry-fetch@18.0.2 want: ^1.3.1
2748 silly placeDep ROOT parse5-sax-parser@7.0.0 OK for: parse5-html-rewriting-stream@7.0.0 want: ^7.0.0
2749 silly placeDep ROOT @napi-rs/nice@1.1.1 OK for: piscina@4.8.0 want: ^1.0.1
2750 silly fetch manifest @napi-rs/nice-darwin-x64@1.1.1
2751 silly packumentCache full:https://registry.npmjs.org/@napi-rs%2fnice-darwin-x64 cache-miss
2752 silly fetch manifest @napi-rs/nice-darwin-arm64@1.1.1
2753 silly packumentCache full:https://registry.npmjs.org/@napi-rs%2fnice-darwin-arm64 cache-miss
2754 silly fetch manifest @napi-rs/nice-linux-x64-gnu@1.1.1
2755 silly packumentCache full:https://registry.npmjs.org/@napi-rs%2fnice-linux-x64-gnu cache-miss
2756 silly fetch manifest @napi-rs/nice-win32-x64-msvc@1.1.1
2757 silly packumentCache full:https://registry.npmjs.org/@napi-rs%2fnice-win32-x64-msvc cache-miss
2758 silly fetch manifest @napi-rs/nice-linux-x64-musl@1.1.1
2759 silly packumentCache full:https://registry.npmjs.org/@napi-rs%2fnice-linux-x64-musl cache-miss
2760 silly fetch manifest @napi-rs/nice-linux-arm64-gnu@1.1.1
2761 silly packumentCache full:https://registry.npmjs.org/@napi-rs%2fnice-linux-arm64-gnu cache-miss
2762 silly fetch manifest @napi-rs/nice-win32-ia32-msvc@1.1.1
2763 silly packumentCache full:https://registry.npmjs.org/@napi-rs%2fnice-win32-ia32-msvc cache-miss
2764 http fetch GET 200 https://registry.npmjs.org/@napi-rs%2fnice-darwin-arm64 111ms (cache miss)
2765 silly packumentCache full:https://registry.npmjs.org/@napi-rs%2fnice-darwin-arm64 set size:undefined disposed:false
2766 silly fetch manifest @napi-rs/nice-linux-arm-gnueabihf@1.1.1
2767 silly packumentCache full:https://registry.npmjs.org/@napi-rs%2fnice-linux-arm-gnueabihf cache-miss
2768 http fetch GET 200 https://registry.npmjs.org/@napi-rs%2fnice-darwin-x64 232ms (cache miss)
2769 silly packumentCache full:https://registry.npmjs.org/@napi-rs%2fnice-darwin-x64 set size:undefined disposed:false
2770 silly fetch manifest @napi-rs/nice-android-arm64@1.1.1
2771 silly packumentCache full:https://registry.npmjs.org/@napi-rs%2fnice-android-arm64 cache-miss
2772 http fetch GET 200 https://registry.npmjs.org/@napi-rs%2fnice-linux-arm64-gnu 259ms (cache miss)
2773 silly packumentCache full:https://registry.npmjs.org/@napi-rs%2fnice-linux-arm64-gnu set size:undefined disposed:false
2774 silly fetch manifest @napi-rs/nice-freebsd-x64@1.1.1
2775 silly packumentCache full:https://registry.npmjs.org/@napi-rs%2fnice-freebsd-x64 cache-miss
2776 http fetch GET 200 https://registry.npmjs.org/@napi-rs%2fnice-linux-x64-gnu 295ms (cache miss)
2777 silly packumentCache full:https://registry.npmjs.org/@napi-rs%2fnice-linux-x64-gnu set size:undefined disposed:false
2778 silly fetch manifest @napi-rs/nice-linux-arm64-musl@1.1.1
2779 silly packumentCache full:https://registry.npmjs.org/@napi-rs%2fnice-linux-arm64-musl cache-miss
2780 http fetch GET 200 https://registry.npmjs.org/@napi-rs%2fnice-linux-x64-musl 302ms (cache miss)
2781 silly packumentCache full:https://registry.npmjs.org/@napi-rs%2fnice-linux-x64-musl set size:undefined disposed:false
2782 silly fetch manifest @napi-rs/nice-android-arm-eabi@1.1.1
2783 silly packumentCache full:https://registry.npmjs.org/@napi-rs%2fnice-android-arm-eabi cache-miss
2784 http fetch GET 200 https://registry.npmjs.org/@napi-rs%2fnice-win32-x64-msvc 456ms (cache miss)
2785 silly packumentCache full:https://registry.npmjs.org/@napi-rs%2fnice-win32-x64-msvc set size:undefined disposed:false
2786 silly fetch manifest @napi-rs/nice-win32-arm64-msvc@1.1.1
2787 silly packumentCache full:https://registry.npmjs.org/@napi-rs%2fnice-win32-arm64-msvc cache-miss
2788 http fetch GET 200 https://registry.npmjs.org/@napi-rs%2fnice-win32-ia32-msvc 463ms (cache miss)
2789 silly packumentCache full:https://registry.npmjs.org/@napi-rs%2fnice-win32-ia32-msvc set size:undefined disposed:false
2790 silly fetch manifest @napi-rs/nice-linux-ppc64-gnu@1.1.1
2791 silly packumentCache full:https://registry.npmjs.org/@napi-rs%2fnice-linux-ppc64-gnu cache-miss
2792 http fetch GET 200 https://registry.npmjs.org/@napi-rs%2fnice-android-arm64 249ms (cache miss)
2793 silly packumentCache full:https://registry.npmjs.org/@napi-rs%2fnice-android-arm64 set size:undefined disposed:false
2794 silly fetch manifest @napi-rs/nice-linux-s390x-gnu@1.1.1
2795 silly packumentCache full:https://registry.npmjs.org/@napi-rs%2fnice-linux-s390x-gnu cache-miss
2796 http fetch GET 200 https://registry.npmjs.org/@napi-rs%2fnice-android-arm-eabi 252ms (cache miss)
2797 silly packumentCache full:https://registry.npmjs.org/@napi-rs%2fnice-android-arm-eabi set size:undefined disposed:false
2798 silly fetch manifest @napi-rs/nice-linux-riscv64-gnu@1.1.1
2799 silly packumentCache full:https://registry.npmjs.org/@napi-rs%2fnice-linux-riscv64-gnu cache-miss
2800 http fetch GET 200 https://registry.npmjs.org/@napi-rs%2fnice-linux-arm64-musl 525ms (cache miss)
2801 silly packumentCache full:https://registry.npmjs.org/@napi-rs%2fnice-linux-arm64-musl set size:undefined disposed:false
2802 silly fetch manifest @napi-rs/nice-openharmony-arm64@1.1.1
2803 silly packumentCache full:https://registry.npmjs.org/@napi-rs%2fnice-openharmony-arm64 cache-miss
2804 http fetch GET 200 https://registry.npmjs.org/@napi-rs%2fnice-freebsd-x64 560ms (cache miss)
2805 silly packumentCache full:https://registry.npmjs.org/@napi-rs%2fnice-freebsd-x64 set size:undefined disposed:false
2806 http fetch GET 200 https://registry.npmjs.org/@napi-rs%2fnice-linux-arm-gnueabihf 716ms (cache miss)
2807 silly packumentCache full:https://registry.npmjs.org/@napi-rs%2fnice-linux-arm-gnueabihf set size:undefined disposed:false
2808 http fetch GET 200 https://registry.npmjs.org/@napi-rs%2fnice-linux-ppc64-gnu 361ms (cache miss)
2809 silly packumentCache full:https://registry.npmjs.org/@napi-rs%2fnice-linux-ppc64-gnu set size:undefined disposed:false
2810 http fetch GET 200 https://registry.npmjs.org/@napi-rs%2fnice-linux-riscv64-gnu 275ms (cache miss)
2811 silly packumentCache full:https://registry.npmjs.org/@napi-rs%2fnice-linux-riscv64-gnu set size:undefined disposed:false
2812 http fetch GET 200 https://registry.npmjs.org/@napi-rs%2fnice-win32-arm64-msvc 423ms (cache miss)
2813 silly packumentCache full:https://registry.npmjs.org/@napi-rs%2fnice-win32-arm64-msvc set size:undefined disposed:false
2814 http fetch GET 200 https://registry.npmjs.org/@napi-rs%2fnice-linux-s390x-gnu 415ms (cache miss)
2815 silly packumentCache full:https://registry.npmjs.org/@napi-rs%2fnice-linux-s390x-gnu set size:undefined disposed:false
2816 http fetch GET 200 https://registry.npmjs.org/@napi-rs%2fnice-openharmony-arm64 222ms (cache miss)
2817 silly packumentCache full:https://registry.npmjs.org/@napi-rs%2fnice-openharmony-arm64 set size:undefined disposed:false
2818 silly placeDep ROOT @napi-rs/nice-android-arm-eabi@1.1.1 OK for: @napi-rs/nice@1.1.1 want: 1.1.1
2819 silly placeDep ROOT @napi-rs/nice-android-arm64@1.1.1 OK for: @napi-rs/nice@1.1.1 want: 1.1.1
2820 silly placeDep ROOT @napi-rs/nice-darwin-arm64@1.1.1 OK for: @napi-rs/nice@1.1.1 want: 1.1.1
2821 silly placeDep ROOT @napi-rs/nice-darwin-x64@1.1.1 OK for: @napi-rs/nice@1.1.1 want: 1.1.1
2822 silly placeDep ROOT @napi-rs/nice-freebsd-x64@1.1.1 OK for: @napi-rs/nice@1.1.1 want: 1.1.1
2823 silly placeDep ROOT @napi-rs/nice-linux-arm-gnueabihf@1.1.1 OK for: @napi-rs/nice@1.1.1 want: 1.1.1
2824 silly placeDep ROOT @napi-rs/nice-linux-arm64-gnu@1.1.1 OK for: @napi-rs/nice@1.1.1 want: 1.1.1
2825 silly placeDep ROOT @napi-rs/nice-linux-arm64-musl@1.1.1 OK for: @napi-rs/nice@1.1.1 want: 1.1.1
2826 silly placeDep ROOT @napi-rs/nice-linux-ppc64-gnu@1.1.1 OK for: @napi-rs/nice@1.1.1 want: 1.1.1
2827 silly placeDep ROOT @napi-rs/nice-linux-riscv64-gnu@1.1.1 OK for: @napi-rs/nice@1.1.1 want: 1.1.1
2828 silly placeDep ROOT @napi-rs/nice-linux-s390x-gnu@1.1.1 OK for: @napi-rs/nice@1.1.1 want: 1.1.1
2829 silly placeDep ROOT @napi-rs/nice-linux-x64-gnu@1.1.1 OK for: @napi-rs/nice@1.1.1 want: 1.1.1
2830 silly placeDep ROOT @napi-rs/nice-linux-x64-musl@1.1.1 OK for: @napi-rs/nice@1.1.1 want: 1.1.1
2831 silly placeDep ROOT @napi-rs/nice-openharmony-arm64@1.1.1 OK for: @napi-rs/nice@1.1.1 want: 1.1.1
2832 silly placeDep ROOT @napi-rs/nice-win32-arm64-msvc@1.1.1 OK for: @napi-rs/nice@1.1.1 want: 1.1.1
2833 silly placeDep ROOT @napi-rs/nice-win32-ia32-msvc@1.1.1 OK for: @napi-rs/nice@1.1.1 want: 1.1.1
2834 silly placeDep ROOT @napi-rs/nice-win32-x64-msvc@1.1.1 OK for: @napi-rs/nice@1.1.1 want: 1.1.1
2835 silly placeDep ROOT find-up@6.3.0 OK for: pkg-dir@7.0.0 want: ^6.3.0
2836 silly fetch manifest locate-path@^7.1.0
2837 silly packumentCache full:https://registry.npmjs.org/locate-path cache-miss
2838 silly fetch manifest path-exists@^5.0.0
2839 silly packumentCache full:https://registry.npmjs.org/path-exists cache-miss
2840 http fetch GET 200 https://registry.npmjs.org/locate-path 100ms (cache miss)
2841 silly packumentCache full:https://registry.npmjs.org/locate-path set size:undefined disposed:false
2842 http fetch GET 200 https://registry.npmjs.org/path-exists 103ms (cache miss)
2843 silly packumentCache full:https://registry.npmjs.org/path-exists set size:undefined disposed:false
2844 silly placeDep ROOT locate-path@7.2.0 OK for: find-up@6.3.0 want: ^7.1.0
2845 silly placeDep ROOT path-exists@5.0.0 OK for: find-up@6.3.0 want: ^5.0.0
2846 silly fetch manifest p-locate@^6.0.0
2847 silly packumentCache full:https://registry.npmjs.org/p-locate cache-miss
2848 http fetch GET 200 https://registry.npmjs.org/p-locate 83ms (cache miss)
2849 silly packumentCache full:https://registry.npmjs.org/p-locate set size:undefined disposed:false
2850 silly placeDep ROOT p-locate@6.0.0 OK for: locate-path@7.2.0 want: ^6.0.0
2851 silly fetch manifest p-limit@^4.0.0
2852 silly packumentCache full:https://registry.npmjs.org/p-limit cache-miss
2853 http fetch GET 200 https://registry.npmjs.org/p-limit 107ms (cache miss)
2854 silly packumentCache full:https://registry.npmjs.org/p-limit set size:undefined disposed:false
2855 silly placeDep ROOT p-limit@4.0.0 OK for: p-locate@6.0.0 want: ^4.0.0
2856 silly fetch manifest yocto-queue@^1.0.0
2857 silly packumentCache full:https://registry.npmjs.org/yocto-queue cache-miss
2858 http fetch GET 200 https://registry.npmjs.org/yocto-queue 88ms (cache miss)
2859 silly packumentCache full:https://registry.npmjs.org/yocto-queue set size:undefined disposed:false
2860 silly placeDep ROOT yocto-queue@1.2.2 OK for: p-limit@4.0.0 want: ^1.0.0
2861 silly placeDep ROOT cosmiconfig@9.0.2 OK for: postcss-loader@8.1.1 want: ^9.0.0
2862 silly placeDep ROOT jiti@1.21.7 OK for: postcss-loader@8.1.1 want: ^1.20.0
2863 silly fetch manifest js-yaml@^4.1.0
2864 silly packumentCache full:https://registry.npmjs.org/js-yaml cache-miss
2865 silly fetch manifest parse-json@^5.2.0
2866 silly packumentCache full:https://registry.npmjs.org/parse-json cache-miss
2867 silly fetch manifest import-fresh@^3.3.0
2868 silly packumentCache full:https://registry.npmjs.org/import-fresh cache-miss
2869 http fetch GET 200 https://registry.npmjs.org/parse-json 82ms (cache miss)
2870 silly packumentCache full:https://registry.npmjs.org/parse-json set size:undefined disposed:false
2871 http fetch GET 200 https://registry.npmjs.org/import-fresh 90ms (cache miss)
2872 silly packumentCache full:https://registry.npmjs.org/import-fresh set size:undefined disposed:false
2873 http fetch GET 200 https://registry.npmjs.org/js-yaml 110ms (cache miss)
2874 silly packumentCache full:https://registry.npmjs.org/js-yaml set size:undefined disposed:false
2875 silly placeDep ROOT import-fresh@3.3.1 OK for: cosmiconfig@9.0.2 want: ^3.3.0
2876 silly placeDep ROOT js-yaml@4.2.0 OK for: cosmiconfig@9.0.2 want: ^4.1.0
2877 silly placeDep ROOT parse-json@5.2.0 OK for: cosmiconfig@9.0.2 want: ^5.2.0
2878 silly fetch manifest resolve-from@^4.0.0
2879 silly packumentCache full:https://registry.npmjs.org/resolve-from cache-miss
2880 silly fetch manifest parent-module@^1.0.0
2881 silly packumentCache full:https://registry.npmjs.org/parent-module cache-miss
2882 silly fetch manifest argparse@^2.0.1
2883 silly packumentCache full:https://registry.npmjs.org/argparse cache-miss
2884 silly fetch manifest error-ex@^1.3.1
2885 silly packumentCache full:https://registry.npmjs.org/error-ex cache-miss
2886 silly fetch manifest lines-and-columns@^1.1.6
2887 silly packumentCache full:https://registry.npmjs.org/lines-and-columns cache-miss
2888 silly fetch manifest json-parse-even-better-errors@^2.3.0
2889 silly packumentCache full:https://registry.npmjs.org/json-parse-even-better-errors cache-hit
2890 http fetch GET 200 https://registry.npmjs.org/error-ex 98ms (cache miss)
2891 silly packumentCache full:https://registry.npmjs.org/error-ex set size:undefined disposed:false
2892 http fetch GET 200 https://registry.npmjs.org/parent-module 102ms (cache miss)
2893 silly packumentCache full:https://registry.npmjs.org/parent-module set size:undefined disposed:false
2894 http fetch GET 200 https://registry.npmjs.org/resolve-from 105ms (cache miss)
2895 silly packumentCache full:https://registry.npmjs.org/resolve-from set size:undefined disposed:false
2896 http fetch GET 200 https://registry.npmjs.org/argparse 110ms (cache miss)
2897 silly packumentCache full:https://registry.npmjs.org/argparse set size:undefined disposed:false
2898 http fetch GET 200 https://registry.npmjs.org/lines-and-columns 299ms (cache miss)
2899 silly packumentCache full:https://registry.npmjs.org/lines-and-columns set size:undefined disposed:false
2900 silly placeDep ROOT parent-module@1.0.1 OK for: import-fresh@3.3.1 want: ^1.0.0
2901 silly placeDep ROOT resolve-from@4.0.0 OK for: import-fresh@3.3.1 want: ^4.0.0
2902 silly fetch manifest callsites@^3.0.0
2903 silly packumentCache full:https://registry.npmjs.org/callsites cache-miss
2904 http fetch GET 200 https://registry.npmjs.org/callsites 83ms (cache miss)
2905 silly packumentCache full:https://registry.npmjs.org/callsites set size:undefined disposed:false
2906 silly placeDep ROOT argparse@2.0.1 OK for: js-yaml@4.2.0 want: ^2.0.1
2907 silly placeDep ROOT callsites@3.1.0 OK for: parent-module@1.0.1 want: ^3.0.0
2908 silly placeDep ROOT error-ex@1.3.4 OK for: parse-json@5.2.0 want: ^1.3.1
2909 silly placeDep node_modules/parse-json json-parse-even-better-errors@2.3.1 OK for: parse-json@5.2.0 want: ^2.3.0
2910 silly placeDep ROOT lines-and-columns@1.2.4 OK for: parse-json@5.2.0 want: ^1.1.6
2911 silly fetch manifest is-arrayish@^0.2.1
2912 silly packumentCache full:https://registry.npmjs.org/is-arrayish cache-miss
2913 http fetch GET 200 https://registry.npmjs.org/is-arrayish 72ms (cache miss)
2914 silly packumentCache full:https://registry.npmjs.org/is-arrayish set size:undefined disposed:false
2915 silly placeDep ROOT is-arrayish@0.2.1 OK for: error-ex@1.3.4 want: ^0.2.1
2916 silly placeDep ROOT postcss-selector-parser@7.1.2 OK for: postcss-modules-local-by-default@4.2.0 want: ^7.0.0
2917 silly fetch manifest cssesc@^3.0.0
2918 silly packumentCache full:https://registry.npmjs.org/cssesc cache-miss
2919 http fetch GET 200 https://registry.npmjs.org/cssesc 81ms (cache miss)
2920 silly packumentCache full:https://registry.npmjs.org/cssesc set size:undefined disposed:false
2921 silly placeDep ROOT cssesc@3.0.0 OK for: postcss-selector-parser@7.1.2 want: ^3.0.0
2922 silly placeDep ROOT err-code@2.0.3 OK for: promise-retry@2.0.1 want: ^2.0.2
2923 silly placeDep ROOT retry@0.12.0 OK for: promise-retry@2.0.1 want: ^0.12.0
2924 silly placeDep ROOT regenerate@1.4.2 OK for: regexpu-core@6.4.0 want: ^1.4.2
2925 silly placeDep ROOT regenerate-unicode-properties@10.2.2 OK for: regexpu-core@6.4.0 want: ^10.2.2
2926 silly placeDep ROOT regjsgen@0.8.0 OK for: regexpu-core@6.4.0 want: ^0.8.0
2927 silly placeDep ROOT regjsparser@0.13.1 OK for: regexpu-core@6.4.0 want: ^0.13.0
2928 silly placeDep ROOT unicode-match-property-ecmascript@2.0.0 OK for: regexpu-core@6.4.0 want: ^2.0.0
2929 silly placeDep ROOT unicode-match-property-value-ecmascript@2.2.1 OK for: regexpu-core@6.4.0 want: ^2.2.1
2930 silly fetch manifest unicode-canonical-property-names-ecmascript@^2.0.0
2931 silly packumentCache full:https://registry.npmjs.org/unicode-canonical-property-names-ecmascript cache-miss
2932 silly fetch manifest unicode-property-aliases-ecmascript@^2.0.0
2933 silly packumentCache full:https://registry.npmjs.org/unicode-property-aliases-ecmascript cache-miss
2934 http fetch GET 200 https://registry.npmjs.org/unicode-canonical-property-names-ecmascript 91ms (cache miss)
2935 silly packumentCache full:https://registry.npmjs.org/unicode-canonical-property-names-ecmascript set size:undefined disposed:false
2936 http fetch GET 200 https://registry.npmjs.org/unicode-property-aliases-ecmascript 98ms (cache miss)
2937 silly packumentCache full:https://registry.npmjs.org/unicode-property-aliases-ecmascript set size:undefined disposed:false
2938 silly placeDep ROOT is-core-module@2.16.2 OK for: resolve@1.22.10 want: ^2.16.0
2939 silly placeDep ROOT path-parse@1.0.7 OK for: resolve@1.22.10 want: ^1.0.7
2940 silly placeDep ROOT supports-preserve-symlinks-flag@1.0.0 OK for: resolve@1.22.10 want: ^1.0.0
2941 silly fetch manifest hasown@^2.0.3
2942 silly packumentCache full:https://registry.npmjs.org/hasown cache-miss
2943 http fetch GET 200 https://registry.npmjs.org/hasown 89ms (cache miss)
2944 silly packumentCache full:https://registry.npmjs.org/hasown set size:undefined disposed:false
2945 silly placeDep ROOT hasown@2.0.4 REPLACE for: is-core-module@2.16.2 want: ^2.0.3
2946 silly placeDep ROOT @rollup/rollup-android-arm-eabi@4.59.0 OK for: rollup@4.59.0 want: 4.59.0
2947 silly placeDep ROOT @rollup/rollup-android-arm64@4.59.0 OK for: rollup@4.59.0 want: 4.59.0
2948 silly placeDep ROOT @rollup/rollup-darwin-arm64@4.59.0 OK for: rollup@4.59.0 want: 4.59.0
2949 silly placeDep ROOT @rollup/rollup-darwin-x64@4.59.0 OK for: rollup@4.59.0 want: 4.59.0
2950 silly placeDep ROOT @rollup/rollup-freebsd-arm64@4.59.0 OK for: rollup@4.59.0 want: 4.59.0
2951 silly placeDep ROOT @rollup/rollup-freebsd-x64@4.59.0 OK for: rollup@4.59.0 want: 4.59.0
2952 silly placeDep ROOT @rollup/rollup-linux-arm-gnueabihf@4.59.0 OK for: rollup@4.59.0 want: 4.59.0
2953 silly placeDep ROOT @rollup/rollup-linux-arm-musleabihf@4.59.0 OK for: rollup@4.59.0 want: 4.59.0
2954 silly placeDep ROOT @rollup/rollup-linux-arm64-gnu@4.59.0 OK for: rollup@4.59.0 want: 4.59.0
2955 silly placeDep ROOT @rollup/rollup-linux-arm64-musl@4.59.0 OK for: rollup@4.59.0 want: 4.59.0
2956 silly placeDep ROOT @rollup/rollup-linux-loong64-gnu@4.59.0 OK for: rollup@4.59.0 want: 4.59.0
2957 silly placeDep ROOT @rollup/rollup-linux-loong64-musl@4.59.0 OK for: rollup@4.59.0 want: 4.59.0
2958 silly placeDep ROOT @rollup/rollup-linux-ppc64-gnu@4.59.0 OK for: rollup@4.59.0 want: 4.59.0
2959 silly placeDep ROOT @rollup/rollup-linux-ppc64-musl@4.59.0 OK for: rollup@4.59.0 want: 4.59.0
2960 silly placeDep ROOT @rollup/rollup-linux-riscv64-gnu@4.59.0 OK for: rollup@4.59.0 want: 4.59.0
2961 silly placeDep ROOT @rollup/rollup-linux-riscv64-musl@4.59.0 OK for: rollup@4.59.0 want: 4.59.0
2962 silly placeDep ROOT @rollup/rollup-linux-s390x-gnu@4.59.0 OK for: rollup@4.59.0 want: 4.59.0
2963 silly placeDep ROOT @rollup/rollup-linux-x64-gnu@4.59.0 OK for: rollup@4.59.0 want: 4.59.0
2964 silly placeDep ROOT @rollup/rollup-linux-x64-musl@4.59.0 OK for: rollup@4.59.0 want: 4.59.0
2965 silly placeDep ROOT @rollup/rollup-openbsd-x64@4.59.0 OK for: rollup@4.59.0 want: 4.59.0
2966 silly placeDep ROOT @rollup/rollup-openharmony-arm64@4.59.0 OK for: rollup@4.59.0 want: 4.59.0
2967 silly placeDep ROOT @rollup/rollup-win32-arm64-msvc@4.59.0 OK for: rollup@4.59.0 want: 4.59.0
2968 silly placeDep ROOT @rollup/rollup-win32-ia32-msvc@4.59.0 OK for: rollup@4.59.0 want: 4.59.0
2969 silly placeDep ROOT @rollup/rollup-win32-x64-gnu@4.59.0 OK for: rollup@4.59.0 want: 4.59.0
2970 silly placeDep ROOT @rollup/rollup-win32-x64-msvc@4.59.0 OK for: rollup@4.59.0 want: 4.59.0
2971 silly placeDep ROOT @types/estree@1.0.8 OK for: rollup@4.59.0 want: 1.0.8
2972 silly placeDep ROOT queue-microtask@1.2.3 OK for: run-parallel@1.2.0 want: ^1.2.2
2973 silly placeDep ROOT @parcel/watcher@2.5.6 OK for: sass@1.85.0 want: ^2.4.1
2974 silly placeDep node_modules/sass chokidar@4.0.3 OK for: sass@1.85.0 want: ^4.0.0
2975 silly placeDep ROOT immutable@5.1.6 OK for: sass@1.85.0 want: ^5.0.2
2976 silly fetch manifest node-addon-api@^7.0.0
2977 silly packumentCache full:https://registry.npmjs.org/node-addon-api cache-miss
2978 silly fetch manifest picomatch@^4.0.3
2979 silly packumentCache full:https://registry.npmjs.org/picomatch cache-hit
2980 silly fetch manifest @parcel/watcher-darwin-x64@2.5.6
2981 silly packumentCache full:https://registry.npmjs.org/@parcel%2fwatcher-darwin-x64 cache-miss
2982 silly fetch manifest @parcel/watcher-darwin-arm64@2.5.6
2983 silly packumentCache full:https://registry.npmjs.org/@parcel%2fwatcher-darwin-arm64 cache-miss
2984 silly fetch manifest @parcel/watcher-win32-x64@2.5.6
2985 silly packumentCache full:https://registry.npmjs.org/@parcel%2fwatcher-win32-x64 cache-miss
2986 silly fetch manifest @parcel/watcher-win32-arm64@2.5.6
2987 silly packumentCache full:https://registry.npmjs.org/@parcel%2fwatcher-win32-arm64 cache-miss
2988 silly fetch manifest @parcel/watcher-win32-ia32@2.5.6
2989 silly packumentCache full:https://registry.npmjs.org/@parcel%2fwatcher-win32-ia32 cache-miss
2990 silly fetch manifest @parcel/watcher-linux-x64-glibc@2.5.6
2991 silly packumentCache full:https://registry.npmjs.org/@parcel%2fwatcher-linux-x64-glibc cache-miss
2992 http cache https://registry.npmjs.org/node-addon-api 35ms (cache hit)
2993 silly packumentCache full:https://registry.npmjs.org/node-addon-api set size:356526 disposed:false
2994 silly fetch manifest @parcel/watcher-linux-x64-musl@2.5.6
2995 silly packumentCache full:https://registry.npmjs.org/@parcel%2fwatcher-linux-x64-musl cache-miss
2996 http fetch GET 200 https://registry.npmjs.org/@parcel%2fwatcher-darwin-x64 123ms (cache miss)
2997 silly packumentCache full:https://registry.npmjs.org/@parcel%2fwatcher-darwin-x64 set size:undefined disposed:false
2998 silly fetch manifest @parcel/watcher-linux-arm64-glibc@2.5.6
2999 silly packumentCache full:https://registry.npmjs.org/@parcel%2fwatcher-linux-arm64-glibc cache-miss
3000 http fetch GET 200 https://registry.npmjs.org/@parcel%2fwatcher-darwin-arm64 135ms (cache miss)
3001 silly packumentCache full:https://registry.npmjs.org/@parcel%2fwatcher-darwin-arm64 set size:undefined disposed:false
3002 silly fetch manifest @parcel/watcher-linux-arm64-musl@2.5.6
3003 silly packumentCache full:https://registry.npmjs.org/@parcel%2fwatcher-linux-arm64-musl cache-miss
3004 http fetch GET 200 https://registry.npmjs.org/@parcel%2fwatcher-win32-ia32 140ms (cache miss)
3005 silly packumentCache full:https://registry.npmjs.org/@parcel%2fwatcher-win32-ia32 set size:undefined disposed:false
3006 silly fetch manifest @parcel/watcher-linux-arm-glibc@2.5.6
3007 silly packumentCache full:https://registry.npmjs.org/@parcel%2fwatcher-linux-arm-glibc cache-miss
3008 http fetch GET 200 https://registry.npmjs.org/@parcel%2fwatcher-linux-x64-glibc 140ms (cache miss)
3009 silly packumentCache full:https://registry.npmjs.org/@parcel%2fwatcher-linux-x64-glibc set size:undefined disposed:false
3010 silly fetch manifest @parcel/watcher-linux-arm-musl@2.5.6
3011 silly packumentCache full:https://registry.npmjs.org/@parcel%2fwatcher-linux-arm-musl cache-miss
3012 http fetch GET 200 https://registry.npmjs.org/@parcel%2fwatcher-win32-x64 150ms (cache miss)
3013 silly packumentCache full:https://registry.npmjs.org/@parcel%2fwatcher-win32-x64 set size:undefined disposed:false
3014 silly fetch manifest @parcel/watcher-android-arm64@2.5.6
3015 silly packumentCache full:https://registry.npmjs.org/@parcel%2fwatcher-android-arm64 cache-miss
3016 http fetch GET 200 https://registry.npmjs.org/@parcel%2fwatcher-win32-arm64 158ms (cache miss)
3017 silly packumentCache full:https://registry.npmjs.org/@parcel%2fwatcher-win32-arm64 set size:undefined disposed:false
3018 silly fetch manifest @parcel/watcher-freebsd-x64@2.5.6
3019 silly packumentCache full:https://registry.npmjs.org/@parcel%2fwatcher-freebsd-x64 cache-miss
3020 http fetch GET 200 https://registry.npmjs.org/@parcel%2fwatcher-linux-x64-musl 139ms (cache miss)
3021 silly packumentCache full:https://registry.npmjs.org/@parcel%2fwatcher-linux-x64-musl set size:undefined disposed:false
3022 http fetch GET 200 https://registry.npmjs.org/@parcel%2fwatcher-android-arm64 90ms (cache miss)
3023 silly packumentCache full:https://registry.npmjs.org/@parcel%2fwatcher-android-arm64 set size:undefined disposed:false
3024 http fetch GET 200 https://registry.npmjs.org/@parcel%2fwatcher-linux-arm-musl 109ms (cache miss)
3025 silly packumentCache full:https://registry.npmjs.org/@parcel%2fwatcher-linux-arm-musl set size:undefined disposed:false
3026 http fetch GET 200 https://registry.npmjs.org/@parcel%2fwatcher-linux-arm-glibc 235ms (cache miss)
3027 silly packumentCache full:https://registry.npmjs.org/@parcel%2fwatcher-linux-arm-glibc set size:undefined disposed:false
3028 http fetch GET 200 https://registry.npmjs.org/@parcel%2fwatcher-linux-arm64-glibc 282ms (cache miss)
3029 silly packumentCache full:https://registry.npmjs.org/@parcel%2fwatcher-linux-arm64-glibc set size:undefined disposed:false
3030 http fetch GET 200 https://registry.npmjs.org/@parcel%2fwatcher-linux-arm64-musl 292ms (cache miss)
3031 silly packumentCache full:https://registry.npmjs.org/@parcel%2fwatcher-linux-arm64-musl set size:undefined disposed:false
3032 http fetch GET 200 https://registry.npmjs.org/@parcel%2fwatcher-freebsd-x64 288ms (cache miss)
3033 silly packumentCache full:https://registry.npmjs.org/@parcel%2fwatcher-freebsd-x64 set size:undefined disposed:false
3034 silly placeDep ROOT @parcel/watcher-android-arm64@2.5.6 OK for: @parcel/watcher@2.5.6 want: 2.5.6
3035 silly placeDep ROOT @parcel/watcher-darwin-arm64@2.5.6 OK for: @parcel/watcher@2.5.6 want: 2.5.6
3036 silly placeDep ROOT @parcel/watcher-darwin-x64@2.5.6 OK for: @parcel/watcher@2.5.6 want: 2.5.6
3037 silly placeDep ROOT @parcel/watcher-freebsd-x64@2.5.6 OK for: @parcel/watcher@2.5.6 want: 2.5.6
3038 silly placeDep ROOT @parcel/watcher-linux-arm-glibc@2.5.6 OK for: @parcel/watcher@2.5.6 want: 2.5.6
3039 silly placeDep ROOT @parcel/watcher-linux-arm-musl@2.5.6 OK for: @parcel/watcher@2.5.6 want: 2.5.6
3040 silly placeDep ROOT @parcel/watcher-linux-arm64-glibc@2.5.6 OK for: @parcel/watcher@2.5.6 want: 2.5.6
3041 silly placeDep ROOT @parcel/watcher-linux-arm64-musl@2.5.6 OK for: @parcel/watcher@2.5.6 want: 2.5.6
3042 silly placeDep ROOT @parcel/watcher-linux-x64-glibc@2.5.6 OK for: @parcel/watcher@2.5.6 want: 2.5.6
3043 silly placeDep ROOT @parcel/watcher-linux-x64-musl@2.5.6 OK for: @parcel/watcher@2.5.6 want: 2.5.6
3044 silly placeDep ROOT @parcel/watcher-win32-arm64@2.5.6 OK for: @parcel/watcher@2.5.6 want: 2.5.6
3045 silly placeDep ROOT @parcel/watcher-win32-ia32@2.5.6 OK for: @parcel/watcher@2.5.6 want: 2.5.6
3046 silly placeDep ROOT @parcel/watcher-win32-x64@2.5.6 OK for: @parcel/watcher@2.5.6 want: 2.5.6
3047 silly placeDep node_modules/@parcel/watcher node-addon-api@7.1.1 OK for: @parcel/watcher@2.5.6 want: ^7.0.0
3048 silly placeDep node_modules/@parcel/watcher picomatch@4.0.4 OK for: @parcel/watcher@2.5.6 want: ^4.0.3
3049 silly placeDep ROOT neo-async@2.6.2 OK for: sass-loader@16.0.5 want: ^2.6.2
3050 silly placeDep ROOT @types/json-schema@7.0.15 OK for: schema-utils@4.3.3 want: ^7.0.9
3051 silly placeDep node_modules/schema-utils ajv-formats@2.1.1 OK for: schema-utils@4.3.3 want: ^2.1.1
3052 silly placeDep ROOT ajv-keywords@5.1.0 OK for: schema-utils@4.3.3 want: ^5.1.0
3053 silly placeDep ROOT randombytes@2.1.0 OK for: serialize-javascript@6.0.2 want: ^2.1.0
3054 silly placeDep ROOT @sigstore/bundle@3.1.0 OK for: sigstore@3.1.0 want: ^3.1.0
3055 silly placeDep ROOT @sigstore/core@2.0.0 OK for: sigstore@3.1.0 want: ^2.0.0
3056 silly placeDep ROOT @sigstore/protobuf-specs@0.4.3 OK for: sigstore@3.1.0 want: ^0.4.0
3057 silly placeDep ROOT @sigstore/sign@3.1.0 OK for: sigstore@3.1.0 want: ^3.1.0
3058 silly placeDep ROOT @sigstore/tuf@3.1.1 OK for: sigstore@3.1.0 want: ^3.1.0
3059 silly placeDep ROOT @sigstore/verify@2.1.1 OK for: sigstore@3.1.0 want: ^2.1.0
3060 silly fetch manifest tuf-js@^3.0.1
3061 silly packumentCache full:https://registry.npmjs.org/tuf-js cache-miss
3062 http fetch GET 200 https://registry.npmjs.org/tuf-js 113ms (cache miss)
3063 silly packumentCache full:https://registry.npmjs.org/tuf-js set size:undefined disposed:false
3064 silly placeDep ROOT tuf-js@3.1.0 OK for: @sigstore/tuf@3.1.1 want: ^3.0.1
3065 silly fetch manifest @tufjs/models@3.0.1
3066 silly packumentCache full:https://registry.npmjs.org/@tufjs%2fmodels cache-miss
3067 http fetch GET 200 https://registry.npmjs.org/@tufjs%2fmodels 109ms (cache miss)
3068 silly packumentCache full:https://registry.npmjs.org/@tufjs%2fmodels set size:undefined disposed:false
3069 silly placeDep node_modules/slice-ansi ansi-styles@6.2.3 OK for: slice-ansi@5.0.0 want: ^6.0.0
3070 silly placeDep node_modules/slice-ansi is-fullwidth-code-point@4.0.0 OK for: slice-ansi@5.0.0 want: ^4.0.0
3071 silly placeDep ROOT socks@2.8.9 OK for: socks-proxy-agent@8.0.5 want: ^2.8.3
3072 silly fetch manifest ip-address@^10.1.1
3073 silly packumentCache full:https://registry.npmjs.org/ip-address cache-miss
3074 silly fetch manifest smart-buffer@^4.2.0
3075 silly packumentCache full:https://registry.npmjs.org/smart-buffer cache-miss
3076 http fetch GET 200 https://registry.npmjs.org/smart-buffer 95ms (cache miss)
3077 silly packumentCache full:https://registry.npmjs.org/smart-buffer set size:undefined disposed:false
3078 http fetch GET 200 https://registry.npmjs.org/ip-address 132ms (cache miss)
3079 silly packumentCache full:https://registry.npmjs.org/ip-address set size:undefined disposed:false
3080 silly placeDep ROOT ip-address@10.2.0 OK for: socks@2.8.9 want: ^10.1.1
3081 silly placeDep ROOT smart-buffer@4.2.0 OK for: socks@2.8.9 want: ^4.2.0
3082 silly placeDep node_modules/source-map-loader iconv-lite@0.6.3 OK for: source-map-loader@5.0.0 want: ^0.6.3
3083 silly placeDep ROOT chownr@2.0.0 OK for: tar@6.2.1 want: ^2.0.0
3084 silly placeDep node_modules/tar fs-minipass@2.1.0 OK for: tar@6.2.1 want: ^2.0.0
3085 silly placeDep node_modules/tar minipass@5.0.0 OK for: tar@6.2.1 want: ^5.0.0
3086 silly placeDep node_modules/tar minizlib@2.1.2 OK for: tar@6.2.1 want: ^2.1.1
3087 silly placeDep node_modules/tar mkdirp@1.0.4 OK for: tar@6.2.1 want: ^1.0.3
3088 silly placeDep node_modules/tar yallist@4.0.0 OK for: tar@6.2.1 want: ^4.0.0
3089 silly placeDep ROOT @jridgewell/source-map@0.3.11 OK for: terser@5.39.0 want: ^0.3.3
3090 silly placeDep ROOT acorn@8.16.0 OK for: terser@5.39.0 want: ^8.8.2
3091 silly placeDep ROOT commander@2.20.3 OK for: terser@5.39.0 want: ^2.20.0
3092 silly placeDep ROOT fdir@6.5.0 OK for: tinyglobby@0.2.17 want: ^6.5.0
3093 silly placeDep node_modules/tinyglobby picomatch@4.0.4 OK for: tinyglobby@0.2.17 want: ^4.0.4
3094 silly placeDep ROOT @tufjs/models@3.0.1 OK for: tuf-js@3.1.0 want: 3.0.1
3095 silly fetch manifest minimatch@^9.0.5
3096 silly packumentCache full:https://registry.npmjs.org/minimatch cache-hit
3097 silly fetch manifest @tufjs/canonical-json@2.0.0
3098 silly packumentCache full:https://registry.npmjs.org/@tufjs%2fcanonical-json cache-miss
3099 http fetch GET 200 https://registry.npmjs.org/@tufjs%2fcanonical-json 426ms (cache miss)
3100 silly packumentCache full:https://registry.npmjs.org/@tufjs%2fcanonical-json set size:undefined disposed:false
3101 silly placeDep ROOT @tufjs/canonical-json@2.0.0 OK for: @tufjs/models@3.0.1 want: 2.0.0
3102 silly placeDep node_modules/@tufjs/models minimatch@9.0.9 OK for: @tufjs/models@3.0.1 want: ^9.0.5
3103 silly placeDep ROOT unicode-canonical-property-names-ecmascript@2.0.1 OK for: unicode-match-property-ecmascript@2.0.0 want: ^2.0.0
3104 silly placeDep ROOT unicode-property-aliases-ecmascript@2.2.0 OK for: unicode-match-property-ecmascript@2.0.0 want: ^2.0.0
3105 silly placeDep ROOT unique-slug@5.0.0 OK for: unique-filename@4.0.0 want: ^5.0.0
3106 silly fetch manifest imurmurhash@^0.1.4
3107 silly packumentCache full:https://registry.npmjs.org/imurmurhash cache-miss
3108 http fetch GET 200 https://registry.npmjs.org/imurmurhash 73ms (cache miss)
3109 silly packumentCache full:https://registry.npmjs.org/imurmurhash set size:undefined disposed:false
3110 silly placeDep ROOT imurmurhash@0.1.4 OK for: unique-slug@5.0.0 want: ^0.1.4
3111 silly placeDep ROOT spdx-correct@3.2.0 OK for: validate-npm-package-license@3.0.4 want: ^3.0.0
3112 silly placeDep ROOT spdx-expression-parse@3.0.1 OK for: validate-npm-package-license@3.0.4 want: ^3.0.0
3113 silly fetch manifest spdx-license-ids@^3.0.0
3114 silly packumentCache full:https://registry.npmjs.org/spdx-license-ids cache-miss
3115 silly fetch manifest spdx-exceptions@^2.1.0
3116 silly packumentCache full:https://registry.npmjs.org/spdx-exceptions cache-miss
3117 silly fetch manifest spdx-license-ids@^3.0.0
3118 silly packumentCache full:https://registry.npmjs.org/spdx-license-ids cache-miss
3119 http fetch GET 200 https://registry.npmjs.org/spdx-exceptions 91ms (cache miss)
3120 silly packumentCache full:https://registry.npmjs.org/spdx-exceptions set size:undefined disposed:false
3121 http fetch GET 200 https://registry.npmjs.org/spdx-license-ids 97ms (cache miss)
3122 silly packumentCache full:https://registry.npmjs.org/spdx-license-ids set size:undefined disposed:false
3123 http fetch GET 200 https://registry.npmjs.org/spdx-license-ids 101ms (cache miss)
3124 silly packumentCache full:https://registry.npmjs.org/spdx-license-ids set size:undefined disposed:false
3125 silly placeDep ROOT spdx-license-ids@3.0.23 OK for: spdx-correct@3.2.0 want: ^3.0.0
3126 silly placeDep ROOT spdx-exceptions@2.5.0 OK for: spdx-expression-parse@3.0.1 want: ^2.1.0
3127 silly placeDep node_modules/vite esbuild@0.25.12 OK for: vite@6.4.2 want: ^0.25.0
3128 silly placeDep node_modules/vite picomatch@4.0.4 OK for: vite@6.4.2 want: ^4.0.2
3129 silly fetch manifest @esbuild/aix-ppc64@0.25.12
3130 silly packumentCache full:https://registry.npmjs.org/@esbuild%2faix-ppc64 cache-miss
3131 silly fetch manifest @esbuild/linux-arm@0.25.12
3132 silly packumentCache full:https://registry.npmjs.org/@esbuild%2flinux-arm cache-miss
3133 silly fetch manifest @esbuild/linux-x64@0.25.12
3134 silly packumentCache full:https://registry.npmjs.org/@esbuild%2flinux-x64 cache-miss
3135 silly fetch manifest @esbuild/sunos-x64@0.25.12
3136 silly packumentCache full:https://registry.npmjs.org/@esbuild%2fsunos-x64 cache-miss
3137 silly fetch manifest @esbuild/win32-x64@0.25.12
3138 silly packumentCache full:https://registry.npmjs.org/@esbuild%2fwin32-x64 cache-miss
3139 silly fetch manifest @esbuild/darwin-x64@0.25.12
3140 silly packumentCache full:https://registry.npmjs.org/@esbuild%2fdarwin-x64 cache-miss
3141 silly fetch manifest @esbuild/linux-ia32@0.25.12
3142 silly packumentCache full:https://registry.npmjs.org/@esbuild%2flinux-ia32 cache-miss
3143 http cache https://registry.npmjs.org/@esbuild%2fsunos-x64 111ms (cache hit)
3144 silly packumentCache full:https://registry.npmjs.org/@esbuild%2fsunos-x64 set size:195721 disposed:false
3145 silly fetch manifest @esbuild/netbsd-x64@0.25.12
3146 silly packumentCache full:https://registry.npmjs.org/@esbuild%2fnetbsd-x64 cache-miss
3147 http cache https://registry.npmjs.org/@esbuild%2faix-ppc64 140ms (cache hit)
3148 silly packumentCache full:https://registry.npmjs.org/@esbuild%2faix-ppc64 set size:64314 disposed:false
3149 silly fetch manifest @esbuild/win32-ia32@0.25.12
3150 silly packumentCache full:https://registry.npmjs.org/@esbuild%2fwin32-ia32 cache-miss
3151 http cache https://registry.npmjs.org/@esbuild%2flinux-arm 145ms (cache hit)
3152 silly packumentCache full:https://registry.npmjs.org/@esbuild%2flinux-arm set size:195140 disposed:false
3153 silly fetch manifest @esbuild/android-arm@0.25.12
3154 silly packumentCache full:https://registry.npmjs.org/@esbuild%2fandroid-arm cache-miss
3155 http cache https://registry.npmjs.org/@esbuild%2fwin32-x64 155ms (cache hit)
3156 silly packumentCache full:https://registry.npmjs.org/@esbuild%2fwin32-x64 set size:194073 disposed:false
3157 silly fetch manifest @esbuild/android-x64@0.25.12
3158 silly packumentCache full:https://registry.npmjs.org/@esbuild%2fandroid-x64 cache-miss
3159 http cache https://registry.npmjs.org/@esbuild%2flinux-ia32 240ms (cache hit)
3160 silly packumentCache full:https://registry.npmjs.org/@esbuild%2flinux-ia32 set size:196150 disposed:false
3161 silly fetch manifest @esbuild/freebsd-x64@0.25.12
3162 silly packumentCache full:https://registry.npmjs.org/@esbuild%2ffreebsd-x64 cache-miss
3163 http cache https://registry.npmjs.org/@esbuild%2fdarwin-x64 250ms (cache hit)
3164 silly packumentCache full:https://registry.npmjs.org/@esbuild%2fdarwin-x64 set size:196195 disposed:false
3165 silly fetch manifest @esbuild/linux-arm64@0.25.12
3166 silly packumentCache full:https://registry.npmjs.org/@esbuild%2flinux-arm64 cache-miss
3167 http cache https://registry.npmjs.org/@esbuild%2flinux-x64 262ms (cache hit)
3168 silly packumentCache full:https://registry.npmjs.org/@esbuild%2flinux-x64 set size:195479 disposed:false
3169 silly fetch manifest @esbuild/linux-ppc64@0.25.12
3170 silly packumentCache full:https://registry.npmjs.org/@esbuild%2flinux-ppc64 cache-miss
3171 http cache https://registry.npmjs.org/@esbuild%2fnetbsd-x64 172ms (cache hit)
3172 silly packumentCache full:https://registry.npmjs.org/@esbuild%2fnetbsd-x64 set size:193883 disposed:false
3173 silly fetch manifest @esbuild/linux-s390x@0.25.12
3174 silly packumentCache full:https://registry.npmjs.org/@esbuild%2flinux-s390x cache-miss
3175 http cache https://registry.npmjs.org/@esbuild%2fwin32-ia32 179ms (cache hit)
3176 silly packumentCache full:https://registry.npmjs.org/@esbuild%2fwin32-ia32 set size:196374 disposed:false
3177 silly fetch manifest @esbuild/openbsd-x64@0.25.12
3178 silly packumentCache full:https://registry.npmjs.org/@esbuild%2fopenbsd-x64 cache-miss
3179 http cache https://registry.npmjs.org/@esbuild%2fandroid-arm 192ms (cache hit)
3180 silly packumentCache full:https://registry.npmjs.org/@esbuild%2fandroid-arm set size:221749 disposed:false
3181 silly fetch manifest @esbuild/win32-arm64@0.25.12
3182 silly packumentCache full:https://registry.npmjs.org/@esbuild%2fwin32-arm64 cache-miss
3183 http cache https://registry.npmjs.org/@esbuild%2fandroid-x64 192ms (cache hit)
3184 silly packumentCache full:https://registry.npmjs.org/@esbuild%2fandroid-x64 set size:195551 disposed:false
3185 silly fetch manifest @esbuild/darwin-arm64@0.25.12
3186 silly packumentCache full:https://registry.npmjs.org/@esbuild%2fdarwin-arm64 cache-miss
3187 http cache https://registry.npmjs.org/@esbuild%2ffreebsd-x64 205ms (cache hit)
3188 silly packumentCache full:https://registry.npmjs.org/@esbuild%2ffreebsd-x64 set size:197070 disposed:false
3189 silly fetch manifest @esbuild/netbsd-arm64@0.25.12
3190 silly packumentCache full:https://registry.npmjs.org/@esbuild%2fnetbsd-arm64 cache-miss
3191 http cache https://registry.npmjs.org/@esbuild%2flinux-ppc64 198ms (cache hit)
3192 silly packumentCache full:https://registry.npmjs.org/@esbuild%2flinux-ppc64 set size:199310 disposed:false
3193 silly fetch manifest @esbuild/android-arm64@0.25.12
3194 silly packumentCache full:https://registry.npmjs.org/@esbuild%2fandroid-arm64 cache-miss
3195 http cache https://registry.npmjs.org/@esbuild%2flinux-arm64 216ms (cache hit)
3196 silly packumentCache full:https://registry.npmjs.org/@esbuild%2flinux-arm64 set size:197274 disposed:false
3197 silly fetch manifest @esbuild/freebsd-arm64@0.25.12
3198 silly packumentCache full:https://registry.npmjs.org/@esbuild%2ffreebsd-arm64 cache-miss
3199 http cache https://registry.npmjs.org/@esbuild%2flinux-s390x 289ms (cache hit)
3200 silly packumentCache full:https://registry.npmjs.org/@esbuild%2flinux-s390x set size:198784 disposed:false
3201 silly fetch manifest @esbuild/linux-loong64@0.25.12
3202 silly packumentCache full:https://registry.npmjs.org/@esbuild%2flinux-loong64 cache-miss
3203 http cache https://registry.npmjs.org/@esbuild%2fopenbsd-x64 414ms (cache hit)
3204 silly packumentCache full:https://registry.npmjs.org/@esbuild%2fopenbsd-x64 set size:197080 disposed:false
3205 silly fetch manifest @esbuild/linux-riscv64@0.25.12
3206 silly packumentCache full:https://registry.npmjs.org/@esbuild%2flinux-riscv64 cache-miss
3207 http cache https://registry.npmjs.org/@esbuild%2fwin32-arm64 562ms (cache hit)
3208 silly packumentCache full:https://registry.npmjs.org/@esbuild%2fwin32-arm64 set size:197504 disposed:false
3209 silly fetch manifest @esbuild/openbsd-arm64@0.25.12
3210 silly packumentCache full:https://registry.npmjs.org/@esbuild%2fopenbsd-arm64 cache-miss
3211 http cache https://registry.npmjs.org/@esbuild%2fdarwin-arm64 653ms (cache hit)
3212 silly packumentCache full:https://registry.npmjs.org/@esbuild%2fdarwin-arm64 set size:197958 disposed:false
3213 silly fetch manifest @esbuild/linux-mips64el@0.25.12
3214 silly packumentCache full:https://registry.npmjs.org/@esbuild%2flinux-mips64el cache-miss
3215 http cache https://registry.npmjs.org/@esbuild%2fnetbsd-arm64 840ms (cache hit)
3216 silly packumentCache full:https://registry.npmjs.org/@esbuild%2fnetbsd-arm64 set size:40794 disposed:false
3217 silly fetch manifest @esbuild/openharmony-arm64@0.25.12
3218 silly packumentCache full:https://registry.npmjs.org/@esbuild%2fopenharmony-arm64 cache-miss
3219 http cache https://registry.npmjs.org/@esbuild%2ffreebsd-arm64 931ms (cache hit)
3220 silly packumentCache full:https://registry.npmjs.org/@esbuild%2ffreebsd-arm64 set size:198853 disposed:false
3221 http cache https://registry.npmjs.org/@esbuild%2fandroid-arm64 945ms (cache hit)
3222 silly packumentCache full:https://registry.npmjs.org/@esbuild%2fandroid-arm64 set size:200684 disposed:false
3223 http cache https://registry.npmjs.org/@esbuild%2flinux-riscv64 804ms (cache hit)
3224 silly packumentCache full:https://registry.npmjs.org/@esbuild%2flinux-riscv64 set size:198981 disposed:false
3225 http cache https://registry.npmjs.org/@esbuild%2flinux-loong64 1020ms (cache hit)
3226 silly packumentCache full:https://registry.npmjs.org/@esbuild%2flinux-loong64 set size:252211 disposed:false
3227 http cache https://registry.npmjs.org/@esbuild%2fopenbsd-arm64 720ms (cache hit)
3228 silly packumentCache full:https://registry.npmjs.org/@esbuild%2fopenbsd-arm64 set size:46111 disposed:false
3229 http cache https://registry.npmjs.org/@esbuild%2flinux-mips64el 621ms (cache hit)
3230 silly packumentCache full:https://registry.npmjs.org/@esbuild%2flinux-mips64el set size:201062 disposed:false
3231 http cache https://registry.npmjs.org/@esbuild%2fopenharmony-arm64 473ms (cache hit)
3232 silly packumentCache full:https://registry.npmjs.org/@esbuild%2fopenharmony-arm64 set size:29494 disposed:false
3233 silly placeDep ROOT glob-to-regexp@0.4.1 OK for: watchpack@2.4.2 want: ^0.4.1
3234 silly placeDep ROOT @types/eslint-scope@3.7.7 OK for: webpack@5.105.0 want: ^3.7.7
3235 silly placeDep ROOT @webassemblyjs/ast@1.14.1 OK for: webpack@5.105.0 want: ^1.14.1
3236 silly placeDep ROOT @webassemblyjs/wasm-edit@1.14.1 OK for: webpack@5.105.0 want: ^1.14.1
3237 silly placeDep ROOT @webassemblyjs/wasm-parser@1.14.1 OK for: webpack@5.105.0 want: ^1.14.1
3238 silly placeDep ROOT acorn-import-phases@1.0.4 OK for: webpack@5.105.0 want: ^1.0.3
3239 silly placeDep ROOT chrome-trace-event@1.0.4 OK for: webpack@5.105.0 want: ^1.0.2
3240 silly placeDep ROOT enhanced-resolve@5.23.0 OK for: webpack@5.105.0 want: ^5.19.0
3241 silly placeDep ROOT es-module-lexer@2.1.0 OK for: webpack@5.105.0 want: ^2.0.0
3242 silly placeDep ROOT eslint-scope@5.1.1 OK for: webpack@5.105.0 want: 5.1.1
3243 silly placeDep ROOT events@3.3.0 OK for: webpack@5.105.0 want: ^3.2.0
3244 silly placeDep node_modules/webpack json-parse-even-better-errors@2.3.1 OK for: webpack@5.105.0 want: ^2.3.1
3245 silly placeDep ROOT loader-runner@4.3.2 OK for: webpack@5.105.0 want: ^4.3.1
3246 silly placeDep ROOT terser-webpack-plugin@5.6.1 OK for: webpack@5.105.0 want: ^5.3.16
3247 silly placeDep node_modules/webpack watchpack@2.5.1 OK for: webpack@5.105.0 want: ^2.5.1
3248 silly fetch manifest @types/eslint@*
3249 silly packumentCache full:https://registry.npmjs.org/@types%2feslint cache-miss
3250 silly fetch manifest @webassemblyjs/helper-numbers@1.13.2
3251 silly packumentCache full:https://registry.npmjs.org/@webassemblyjs%2fhelper-numbers cache-miss
3252 silly fetch manifest @webassemblyjs/helper-wasm-bytecode@1.13.2
3253 silly packumentCache full:https://registry.npmjs.org/@webassemblyjs%2fhelper-wasm-bytecode cache-miss
3254 silly fetch manifest @webassemblyjs/helper-buffer@1.14.1
3255 silly packumentCache full:https://registry.npmjs.org/@webassemblyjs%2fhelper-buffer cache-miss
3256 silly fetch manifest @webassemblyjs/helper-wasm-bytecode@1.13.2
3257 silly packumentCache full:https://registry.npmjs.org/@webassemblyjs%2fhelper-wasm-bytecode cache-miss
3258 silly fetch manifest @webassemblyjs/helper-wasm-section@1.14.1
3259 silly packumentCache full:https://registry.npmjs.org/@webassemblyjs%2fhelper-wasm-section cache-miss
3260 silly fetch manifest @webassemblyjs/wasm-gen@1.14.1
3261 silly packumentCache full:https://registry.npmjs.org/@webassemblyjs%2fwasm-gen cache-miss
3262 http fetch GET 200 https://registry.npmjs.org/@webassemblyjs%2fhelper-numbers 306ms (cache miss)
3263 silly packumentCache full:https://registry.npmjs.org/@webassemblyjs%2fhelper-numbers set size:undefined disposed:false
3264 silly fetch manifest @webassemblyjs/wasm-opt@1.14.1
3265 silly packumentCache full:https://registry.npmjs.org/@webassemblyjs%2fwasm-opt cache-miss
3266 http fetch GET 200 https://registry.npmjs.org/@webassemblyjs%2fwasm-gen 632ms (cache miss)
3267 silly packumentCache full:https://registry.npmjs.org/@webassemblyjs%2fwasm-gen set size:undefined disposed:false
3268 silly fetch manifest @webassemblyjs/wasm-parser@1.14.1
3269 silly packumentCache full:https://registry.npmjs.org/@webassemblyjs%2fwasm-parser cache-miss
3270 http fetch GET 200 https://registry.npmjs.org/@webassemblyjs%2fhelper-wasm-section 883ms (cache miss)
3271 silly packumentCache full:https://registry.npmjs.org/@webassemblyjs%2fhelper-wasm-section set size:undefined disposed:false
3272 silly fetch manifest @webassemblyjs/wast-printer@1.14.1
3273 silly packumentCache full:https://registry.npmjs.org/@webassemblyjs%2fwast-printer cache-miss
3274 http fetch GET 200 https://registry.npmjs.org/@webassemblyjs%2fhelper-buffer 1020ms (cache miss)
3275 silly packumentCache full:https://registry.npmjs.org/@webassemblyjs%2fhelper-buffer set size:undefined disposed:false
3276 silly fetch manifest @webassemblyjs/helper-api-error@1.13.2
3277 silly packumentCache full:https://registry.npmjs.org/@webassemblyjs%2fhelper-api-error cache-miss
3278 http fetch GET 200 https://registry.npmjs.org/@types%2feslint 1040ms (cache miss)
3279 silly packumentCache full:https://registry.npmjs.org/@types%2feslint set size:undefined disposed:false
3280 silly fetch manifest @webassemblyjs/helper-wasm-bytecode@1.13.2
3281 silly packumentCache full:https://registry.npmjs.org/@webassemblyjs%2fhelper-wasm-bytecode cache-miss
3282 http cache https://registry.npmjs.org/@webassemblyjs%2fwasm-parser 448ms (cache hit)
3283 silly packumentCache full:https://registry.npmjs.org/@webassemblyjs%2fwasm-parser set size:214115 disposed:false
3284 silly fetch manifest @webassemblyjs/ieee754@1.13.2
3285 silly packumentCache full:https://registry.npmjs.org/@webassemblyjs%2fieee754 cache-miss
3286 http fetch GET 200 https://registry.npmjs.org/@webassemblyjs%2fwasm-opt 888ms (cache miss)
3287 silly packumentCache full:https://registry.npmjs.org/@webassemblyjs%2fwasm-opt set size:undefined disposed:false
3288 silly fetch manifest @webassemblyjs/leb128@1.13.2
3289 silly packumentCache full:https://registry.npmjs.org/@webassemblyjs%2fleb128 cache-miss
3290 http fetch GET 200 https://registry.npmjs.org/@webassemblyjs%2fhelper-wasm-bytecode 1206ms (cache miss)
3291 silly packumentCache full:https://registry.npmjs.org/@webassemblyjs%2fhelper-wasm-bytecode set size:undefined disposed:false
3292 silly fetch manifest @webassemblyjs/utf8@1.13.2
3293 silly packumentCache full:https://registry.npmjs.org/@webassemblyjs%2futf8 cache-miss
3294 http fetch GET 200 https://registry.npmjs.org/@webassemblyjs%2fhelper-wasm-bytecode 1321ms (cache miss)
3295 silly packumentCache full:https://registry.npmjs.org/@webassemblyjs%2fhelper-wasm-bytecode set size:undefined disposed:false
3296 silly fetch manifest esrecurse@^4.3.0
3297 silly packumentCache full:https://registry.npmjs.org/esrecurse cache-miss
3298 http fetch GET 200 https://registry.npmjs.org/@webassemblyjs%2fhelper-api-error 410ms (cache miss)
3299 silly packumentCache full:https://registry.npmjs.org/@webassemblyjs%2fhelper-api-error set size:undefined disposed:false
3300 silly fetch manifest estraverse@^4.1.1
3301 silly packumentCache full:https://registry.npmjs.org/estraverse cache-miss
3302 http fetch GET 200 https://registry.npmjs.org/@webassemblyjs%2fhelper-wasm-bytecode 581ms (cache miss)
3303 silly packumentCache full:https://registry.npmjs.org/@webassemblyjs%2fhelper-wasm-bytecode set size:undefined disposed:false
3304 silly fetch manifest jest-worker@^27.4.5
3305 silly packumentCache full:https://registry.npmjs.org/jest-worker cache-miss
3306 http fetch GET 200 https://registry.npmjs.org/@webassemblyjs%2fwast-printer 780ms (cache miss)
3307 silly packumentCache full:https://registry.npmjs.org/@webassemblyjs%2fwast-printer set size:undefined disposed:false
3308 http fetch GET 200 https://registry.npmjs.org/esrecurse 358ms (cache miss)
3309 silly packumentCache full:https://registry.npmjs.org/esrecurse set size:undefined disposed:false
3310 http fetch GET 200 https://registry.npmjs.org/@webassemblyjs%2futf8 544ms (cache miss)
3311 silly packumentCache full:https://registry.npmjs.org/@webassemblyjs%2futf8 set size:undefined disposed:false
3312 http fetch GET 200 https://registry.npmjs.org/estraverse 314ms (cache miss)
3313 silly packumentCache full:https://registry.npmjs.org/estraverse set size:undefined disposed:false
3314 http fetch GET 200 https://registry.npmjs.org/@webassemblyjs%2fieee754 611ms (cache miss)
3315 silly packumentCache full:https://registry.npmjs.org/@webassemblyjs%2fieee754 set size:undefined disposed:false
3316 http fetch GET 200 https://registry.npmjs.org/@webassemblyjs%2fleb128 585ms (cache miss)
3317 silly packumentCache full:https://registry.npmjs.org/@webassemblyjs%2fleb128 set size:undefined disposed:false
3318 http fetch GET 200 https://registry.npmjs.org/jest-worker 242ms (cache miss)
3319 silly packumentCache full:https://registry.npmjs.org/jest-worker set size:undefined disposed:false
3320 silly placeDep ROOT @types/eslint@9.6.1 OK for: @types/eslint-scope@3.7.7 want: *
3321 silly placeDep ROOT @webassemblyjs/helper-numbers@1.13.2 OK for: @webassemblyjs/ast@1.14.1 want: 1.13.2
3322 silly placeDep ROOT @webassemblyjs/helper-wasm-bytecode@1.13.2 OK for: @webassemblyjs/ast@1.14.1 want: 1.13.2
3323 silly fetch manifest @xtuc/long@4.2.2
3324 silly packumentCache full:https://registry.npmjs.org/@xtuc%2flong cache-miss
3325 silly fetch manifest @webassemblyjs/floating-point-hex-parser@1.13.2
3326 silly packumentCache full:https://registry.npmjs.org/@webassemblyjs%2ffloating-point-hex-parser cache-miss
3327 http fetch GET 200 https://registry.npmjs.org/@xtuc%2flong 114ms (cache miss)
3328 silly packumentCache full:https://registry.npmjs.org/@xtuc%2flong set size:undefined disposed:false
3329 http fetch GET 200 https://registry.npmjs.org/@webassemblyjs%2ffloating-point-hex-parser 141ms (cache miss)
3330 silly packumentCache full:https://registry.npmjs.org/@webassemblyjs%2ffloating-point-hex-parser set size:undefined disposed:false
3331 silly placeDep ROOT @webassemblyjs/floating-point-hex-parser@1.13.2 OK for: @webassemblyjs/helper-numbers@1.13.2 want: 1.13.2
3332 silly placeDep ROOT @webassemblyjs/helper-api-error@1.13.2 OK for: @webassemblyjs/helper-numbers@1.13.2 want: 1.13.2
3333 silly placeDep ROOT @xtuc/long@4.2.2 OK for: @webassemblyjs/helper-numbers@1.13.2 want: 4.2.2
3334 silly placeDep ROOT @webassemblyjs/helper-buffer@1.14.1 OK for: @webassemblyjs/wasm-edit@1.14.1 want: 1.14.1
3335 silly placeDep ROOT @webassemblyjs/helper-wasm-section@1.14.1 OK for: @webassemblyjs/wasm-edit@1.14.1 want: 1.14.1
3336 silly placeDep ROOT @webassemblyjs/wasm-gen@1.14.1 OK for: @webassemblyjs/wasm-edit@1.14.1 want: 1.14.1
3337 silly placeDep ROOT @webassemblyjs/wasm-opt@1.14.1 OK for: @webassemblyjs/wasm-edit@1.14.1 want: 1.14.1
3338 silly placeDep ROOT @webassemblyjs/wast-printer@1.14.1 OK for: @webassemblyjs/wasm-edit@1.14.1 want: 1.14.1
3339 silly placeDep ROOT @webassemblyjs/ieee754@1.13.2 OK for: @webassemblyjs/wasm-gen@1.14.1 want: 1.13.2
3340 silly placeDep ROOT @webassemblyjs/leb128@1.13.2 OK for: @webassemblyjs/wasm-gen@1.14.1 want: 1.13.2
3341 silly placeDep ROOT @webassemblyjs/utf8@1.13.2 OK for: @webassemblyjs/wasm-gen@1.14.1 want: 1.13.2
3342 silly fetch manifest @xtuc/ieee754@^1.2.0
3343 silly packumentCache full:https://registry.npmjs.org/@xtuc%2fieee754 cache-miss
3344 http fetch GET 200 https://registry.npmjs.org/@xtuc%2fieee754 107ms (cache miss)
3345 silly packumentCache full:https://registry.npmjs.org/@xtuc%2fieee754 set size:undefined disposed:false
3346 silly placeDep ROOT @xtuc/ieee754@1.2.0 OK for: @webassemblyjs/ieee754@1.13.2 want: ^1.2.0
3347 silly placeDep ROOT esrecurse@4.3.0 OK for: eslint-scope@5.1.1 want: ^4.3.0
3348 silly placeDep ROOT estraverse@4.3.0 OK for: eslint-scope@5.1.1 want: ^4.1.1
3349 silly fetch manifest estraverse@^5.2.0
3350 silly packumentCache full:https://registry.npmjs.org/estraverse cache-miss
3351 http cache https://registry.npmjs.org/estraverse 15ms (cache hit)
3352 silly packumentCache full:https://registry.npmjs.org/estraverse set size:62412 disposed:false
3353 silly placeDep node_modules/esrecurse estraverse@5.3.0 OK for: esrecurse@4.3.0 want: ^5.2.0
3354 silly placeDep ROOT jest-worker@27.5.1 OK for: terser-webpack-plugin@5.6.1 want: ^27.4.5
3355 silly fetch manifest merge-stream@^2.0.0
3356 silly packumentCache full:https://registry.npmjs.org/merge-stream cache-miss
3357 silly fetch manifest supports-color@^8.0.0
3358 silly packumentCache full:https://registry.npmjs.org/supports-color cache-miss
3359 http fetch GET 200 https://registry.npmjs.org/merge-stream 84ms (cache miss)
3360 silly packumentCache full:https://registry.npmjs.org/merge-stream set size:undefined disposed:false
3361 http fetch GET 200 https://registry.npmjs.org/supports-color 135ms (cache miss)
3362 silly packumentCache full:https://registry.npmjs.org/supports-color set size:undefined disposed:false
3363 silly placeDep ROOT merge-stream@2.0.0 OK for: jest-worker@27.5.1 want: ^2.0.0
3364 silly placeDep node_modules/jest-worker supports-color@8.1.1 OK for: jest-worker@27.5.1 want: ^8.0.0
3365 silly placeDep ROOT memfs@4.57.7 OK for: webpack-dev-middleware@7.4.2 want: ^4.6.0
3366 silly fetch manifest @jsonjoy.com/fs-core@4.57.7
3367 silly packumentCache full:https://registry.npmjs.org/@jsonjoy.com%2ffs-core cache-miss
3368 silly fetch manifest @jsonjoy.com/fs-fsa@4.57.7
3369 silly packumentCache full:https://registry.npmjs.org/@jsonjoy.com%2ffs-fsa cache-miss
3370 silly fetch manifest @jsonjoy.com/fs-node@4.57.7
3371 silly packumentCache full:https://registry.npmjs.org/@jsonjoy.com%2ffs-node cache-miss
3372 silly fetch manifest @jsonjoy.com/fs-node-builtins@4.57.7
3373 silly packumentCache full:https://registry.npmjs.org/@jsonjoy.com%2ffs-node-builtins cache-miss
3374 silly fetch manifest @jsonjoy.com/fs-node-to-fsa@4.57.7
3375 silly packumentCache full:https://registry.npmjs.org/@jsonjoy.com%2ffs-node-to-fsa cache-miss
3376 silly fetch manifest @jsonjoy.com/fs-node-utils@4.57.7
3377 silly packumentCache full:https://registry.npmjs.org/@jsonjoy.com%2ffs-node-utils cache-miss
3378 silly fetch manifest @jsonjoy.com/fs-print@4.57.7
3379 silly packumentCache full:https://registry.npmjs.org/@jsonjoy.com%2ffs-print cache-miss
3380 http fetch GET 200 https://registry.npmjs.org/@jsonjoy.com%2ffs-core 108ms (cache miss)
3381 silly packumentCache full:https://registry.npmjs.org/@jsonjoy.com%2ffs-core set size:undefined disposed:false
3382 silly fetch manifest @jsonjoy.com/fs-snapshot@4.57.7
3383 silly packumentCache full:https://registry.npmjs.org/@jsonjoy.com%2ffs-snapshot cache-miss
3384 http fetch GET 200 https://registry.npmjs.org/@jsonjoy.com%2ffs-node 110ms (cache miss)
3385 silly packumentCache full:https://registry.npmjs.org/@jsonjoy.com%2ffs-node set size:undefined disposed:false
3386 silly fetch manifest @jsonjoy.com/json-pack@^1.11.0
3387 silly packumentCache full:https://registry.npmjs.org/@jsonjoy.com%2fjson-pack cache-miss
3388 http fetch GET 200 https://registry.npmjs.org/@jsonjoy.com%2ffs-fsa 125ms (cache miss)
3389 silly packumentCache full:https://registry.npmjs.org/@jsonjoy.com%2ffs-fsa set size:undefined disposed:false
3390 silly fetch manifest @jsonjoy.com/util@^1.9.0
3391 silly packumentCache full:https://registry.npmjs.org/@jsonjoy.com%2futil cache-miss
3392 http fetch GET 200 https://registry.npmjs.org/@jsonjoy.com%2ffs-print 253ms (cache miss)
3393 silly packumentCache full:https://registry.npmjs.org/@jsonjoy.com%2ffs-print set size:undefined disposed:false
3394 silly fetch manifest glob-to-regex.js@^1.0.1
3395 silly packumentCache full:https://registry.npmjs.org/glob-to-regex.js cache-miss
3396 http fetch GET 200 https://registry.npmjs.org/@jsonjoy.com%2ffs-node-to-fsa 294ms (cache miss)
3397 silly packumentCache full:https://registry.npmjs.org/@jsonjoy.com%2ffs-node-to-fsa set size:undefined disposed:false
3398 silly fetch manifest thingies@^2.5.0
3399 silly packumentCache full:https://registry.npmjs.org/thingies cache-miss
3400 http fetch GET 200 https://registry.npmjs.org/@jsonjoy.com%2ffs-snapshot 248ms (cache miss)
3401 silly packumentCache full:https://registry.npmjs.org/@jsonjoy.com%2ffs-snapshot set size:undefined disposed:false
3402 silly fetch manifest tree-dump@^1.0.3
3403 silly packumentCache full:https://registry.npmjs.org/tree-dump cache-miss
3404 http fetch GET 200 https://registry.npmjs.org/@jsonjoy.com%2fjson-pack 292ms (cache miss)
3405 silly packumentCache full:https://registry.npmjs.org/@jsonjoy.com%2fjson-pack set size:undefined disposed:false
3406 http fetch GET 200 https://registry.npmjs.org/thingies 136ms (cache miss)
3407 silly packumentCache full:https://registry.npmjs.org/thingies set size:undefined disposed:false
3408 http fetch GET 200 https://registry.npmjs.org/@jsonjoy.com%2ffs-node-builtins 441ms (cache miss)
3409 silly packumentCache full:https://registry.npmjs.org/@jsonjoy.com%2ffs-node-builtins set size:undefined disposed:false
3410 http fetch GET 200 https://registry.npmjs.org/@jsonjoy.com%2ffs-node-utils 444ms (cache miss)
3411 silly packumentCache full:https://registry.npmjs.org/@jsonjoy.com%2ffs-node-utils set size:undefined disposed:false
3412 http fetch GET 200 https://registry.npmjs.org/@jsonjoy.com%2futil 339ms (cache miss)
3413 silly packumentCache full:https://registry.npmjs.org/@jsonjoy.com%2futil set size:undefined disposed:false
3414 http fetch GET 200 https://registry.npmjs.org/glob-to-regex.js 365ms (cache miss)
3415 silly packumentCache full:https://registry.npmjs.org/glob-to-regex.js set size:undefined disposed:false
3416 http fetch GET 200 https://registry.npmjs.org/tree-dump 298ms (cache miss)
3417 silly packumentCache full:https://registry.npmjs.org/tree-dump set size:undefined disposed:false
3418 silly placeDep ROOT @jsonjoy.com/fs-core@4.57.7 OK for: memfs@4.57.7 want: 4.57.7
3419 silly placeDep ROOT @jsonjoy.com/fs-fsa@4.57.7 OK for: memfs@4.57.7 want: 4.57.7
3420 silly placeDep ROOT @jsonjoy.com/fs-node@4.57.7 OK for: memfs@4.57.7 want: 4.57.7
3421 silly placeDep ROOT @jsonjoy.com/fs-node-builtins@4.57.7 OK for: memfs@4.57.7 want: 4.57.7
3422 silly placeDep ROOT @jsonjoy.com/fs-node-to-fsa@4.57.7 OK for: memfs@4.57.7 want: 4.57.7
3423 silly placeDep ROOT @jsonjoy.com/fs-node-utils@4.57.7 OK for: memfs@4.57.7 want: 4.57.7
3424 silly placeDep ROOT @jsonjoy.com/fs-print@4.57.7 OK for: memfs@4.57.7 want: 4.57.7
3425 silly placeDep ROOT @jsonjoy.com/fs-snapshot@4.57.7 OK for: memfs@4.57.7 want: 4.57.7
3426 silly placeDep ROOT @jsonjoy.com/json-pack@1.21.0 OK for: memfs@4.57.7 want: ^1.11.0
3427 silly placeDep ROOT @jsonjoy.com/util@1.9.0 OK for: memfs@4.57.7 want: ^1.9.0
3428 silly placeDep ROOT glob-to-regex.js@1.2.0 OK for: memfs@4.57.7 want: ^1.0.1
3429 silly placeDep ROOT thingies@2.6.0 OK for: memfs@4.57.7 want: ^2.5.0
3430 silly placeDep ROOT tree-dump@1.1.0 OK for: memfs@4.57.7 want: ^1.0.3
3431 silly fetch manifest glob-to-regex.js@^1.0.0
3432 silly packumentCache full:https://registry.npmjs.org/glob-to-regex.js cache-miss
3433 silly fetch manifest tree-dump@^1.1.0
3434 silly packumentCache full:https://registry.npmjs.org/tree-dump cache-miss
3435 silly fetch manifest @jsonjoy.com/buffers@^17.65.0
3436 silly packumentCache full:https://registry.npmjs.org/@jsonjoy.com%2fbuffers cache-miss
3437 silly fetch manifest @jsonjoy.com/json-pack@^17.65.0
3438 silly packumentCache full:https://registry.npmjs.org/@jsonjoy.com%2fjson-pack cache-miss
3439 silly fetch manifest @jsonjoy.com/util@^17.65.0
3440 silly packumentCache full:https://registry.npmjs.org/@jsonjoy.com%2futil cache-miss
3441 silly fetch manifest tree-dump@^1.1.0
3442 silly packumentCache full:https://registry.npmjs.org/tree-dump cache-miss
3443 silly fetch manifest hyperdyperid@^1.2.0
3444 silly packumentCache full:https://registry.npmjs.org/hyperdyperid cache-miss
3445 http cache https://registry.npmjs.org/glob-to-regex.js 96ms (cache hit)
3446 silly packumentCache full:https://registry.npmjs.org/glob-to-regex.js set size:13062 disposed:false
3447 silly fetch manifest @jsonjoy.com/base64@^1.1.2
3448 silly packumentCache full:https://registry.npmjs.org/@jsonjoy.com%2fbase64 cache-miss
3449 http cache https://registry.npmjs.org/@jsonjoy.com%2fjson-pack 91ms (cache hit)
3450 silly packumentCache full:https://registry.npmjs.org/@jsonjoy.com%2fjson-pack set size:284763 disposed:false
3451 silly fetch manifest @jsonjoy.com/buffers@^1.2.0
3452 silly packumentCache full:https://registry.npmjs.org/@jsonjoy.com%2fbuffers cache-miss
3453 http cache https://registry.npmjs.org/tree-dump 134ms (cache hit)
3454 silly packumentCache full:https://registry.npmjs.org/tree-dump set size:17522 disposed:false
3455 silly fetch manifest @jsonjoy.com/codegen@^1.0.0
3456 silly packumentCache full:https://registry.npmjs.org/@jsonjoy.com%2fcodegen cache-miss
3457 http cache https://registry.npmjs.org/tree-dump 125ms (cache hit)
3458 silly packumentCache full:https://registry.npmjs.org/tree-dump set size:17522 disposed:false
3459 silly packumentCache full:https://registry.npmjs.org/tree-dump dispose
3460 silly fetch manifest @jsonjoy.com/json-pointer@^1.0.2
3461 silly packumentCache full:https://registry.npmjs.org/@jsonjoy.com%2fjson-pointer cache-miss
3462 http cache https://registry.npmjs.org/@jsonjoy.com%2futil 140ms (cache hit)
3463 silly packumentCache full:https://registry.npmjs.org/@jsonjoy.com%2futil set size:137475 disposed:false
3464 silly fetch manifest @jsonjoy.com/buffers@^1.0.0
3465 silly packumentCache full:https://registry.npmjs.org/@jsonjoy.com%2fbuffers cache-miss
3466 http fetch GET 200 https://registry.npmjs.org/hyperdyperid 157ms (cache miss)
3467 silly packumentCache full:https://registry.npmjs.org/hyperdyperid set size:undefined disposed:false
3468 silly fetch manifest @jsonjoy.com/codegen@^1.0.0
3469 silly packumentCache full:https://registry.npmjs.org/@jsonjoy.com%2fcodegen cache-miss
3470 http fetch GET 200 https://registry.npmjs.org/@jsonjoy.com%2fbase64 135ms (cache miss)
3471 silly packumentCache full:https://registry.npmjs.org/@jsonjoy.com%2fbase64 set size:undefined disposed:false
3472 http fetch GET 200 https://registry.npmjs.org/@jsonjoy.com%2fcodegen 201ms (cache miss)
3473 silly packumentCache full:https://registry.npmjs.org/@jsonjoy.com%2fcodegen set size:undefined disposed:false
3474 http fetch GET 200 https://registry.npmjs.org/@jsonjoy.com%2fbuffers 338ms (cache miss)
3475 silly packumentCache full:https://registry.npmjs.org/@jsonjoy.com%2fbuffers set size:undefined disposed:false
3476 http fetch GET 200 https://registry.npmjs.org/@jsonjoy.com%2fcodegen 174ms (cache miss)
3477 silly packumentCache full:https://registry.npmjs.org/@jsonjoy.com%2fcodegen set size:undefined disposed:false
3478 http fetch GET 200 https://registry.npmjs.org/@jsonjoy.com%2fbuffers 250ms (cache miss)
3479 silly packumentCache full:https://registry.npmjs.org/@jsonjoy.com%2fbuffers set size:undefined disposed:false
3480 http fetch GET 200 https://registry.npmjs.org/@jsonjoy.com%2fbuffers 212ms (cache miss)
3481 silly packumentCache full:https://registry.npmjs.org/@jsonjoy.com%2fbuffers set size:undefined disposed:false
3482 http fetch GET 200 https://registry.npmjs.org/@jsonjoy.com%2fjson-pointer 496ms (cache miss)
3483 silly packumentCache full:https://registry.npmjs.org/@jsonjoy.com%2fjson-pointer set size:undefined disposed:false
3484 silly placeDep ROOT @jsonjoy.com/buffers@17.67.0 OK for: @jsonjoy.com/fs-snapshot@4.57.7 want: ^17.65.0
3485 silly placeDep node_modules/@jsonjoy.com/fs-snapshot @jsonjoy.com/json-pack@17.67.0 OK for: @jsonjoy.com/fs-snapshot@4.57.7 want: ^17.65.0
3486 silly placeDep node_modules/@jsonjoy.com/fs-snapshot @jsonjoy.com/util@17.67.0 OK for: @jsonjoy.com/fs-snapshot@4.57.7 want: ^17.65.0
3487 silly fetch manifest @jsonjoy.com/util@17.67.0
3488 silly packumentCache full:https://registry.npmjs.org/@jsonjoy.com%2futil cache-hit
3489 silly fetch manifest @jsonjoy.com/base64@17.67.0
3490 silly packumentCache full:https://registry.npmjs.org/@jsonjoy.com%2fbase64 cache-miss
3491 silly fetch manifest @jsonjoy.com/codegen@17.67.0
3492 silly packumentCache full:https://registry.npmjs.org/@jsonjoy.com%2fcodegen cache-miss
3493 silly fetch manifest @jsonjoy.com/json-pointer@17.67.0
3494 silly packumentCache full:https://registry.npmjs.org/@jsonjoy.com%2fjson-pointer cache-miss
3495 silly fetch manifest @jsonjoy.com/codegen@17.67.0
3496 silly packumentCache full:https://registry.npmjs.org/@jsonjoy.com%2fcodegen cache-miss
3497 http cache https://registry.npmjs.org/@jsonjoy.com%2fjson-pointer 23ms (cache hit)
3498 silly packumentCache full:https://registry.npmjs.org/@jsonjoy.com%2fjson-pointer set size:106538 disposed:false
3499 http cache https://registry.npmjs.org/@jsonjoy.com%2fbase64 35ms (cache hit)
3500 silly packumentCache full:https://registry.npmjs.org/@jsonjoy.com%2fbase64 set size:103225 disposed:false
3501 http cache https://registry.npmjs.org/@jsonjoy.com%2fcodegen 39ms (cache hit)
3502 silly packumentCache full:https://registry.npmjs.org/@jsonjoy.com%2fcodegen set size:103712 disposed:false
3503 http cache https://registry.npmjs.org/@jsonjoy.com%2fcodegen 41ms (cache hit)
3504 silly packumentCache full:https://registry.npmjs.org/@jsonjoy.com%2fcodegen set size:103712 disposed:false
3505 silly packumentCache full:https://registry.npmjs.org/@jsonjoy.com%2fcodegen dispose
3506 silly placeDep ROOT @jsonjoy.com/base64@1.1.2 OK for: @jsonjoy.com/json-pack@1.21.0 want: ^1.1.2
3507 silly placeDep node_modules/@jsonjoy.com/json-pack @jsonjoy.com/buffers@1.2.1 OK for: @jsonjoy.com/json-pack@1.21.0 want: ^1.2.0
3508 silly placeDep ROOT @jsonjoy.com/codegen@1.0.0 OK for: @jsonjoy.com/json-pack@1.21.0 want: ^1.0.0
3509 silly placeDep ROOT @jsonjoy.com/json-pointer@1.0.2 OK for: @jsonjoy.com/json-pack@1.21.0 want: ^1.0.2
3510 silly placeDep ROOT hyperdyperid@1.2.0 OK for: @jsonjoy.com/json-pack@1.21.0 want: ^1.2.0
3511 silly placeDep node_modules/@jsonjoy.com/util @jsonjoy.com/buffers@1.2.1 OK for: @jsonjoy.com/util@1.9.0 want: ^1.0.0
3512 silly placeDep ROOT @types/bonjour@3.5.13 OK for: webpack-dev-server@5.2.2 want: ^3.5.13
3513 silly placeDep ROOT @types/connect-history-api-fallback@1.5.4 OK for: webpack-dev-server@5.2.2 want: ^1.5.4
3514 silly placeDep ROOT @types/express@4.17.25 OK for: webpack-dev-server@5.2.2 want: ^4.17.21
3515 silly placeDep ROOT @types/express-serve-static-core@4.19.8 OK for: webpack-dev-server@5.2.2 want: ^4.17.21
3516 silly placeDep ROOT @types/serve-index@1.9.4 OK for: webpack-dev-server@5.2.2 want: ^1.9.4
3517 silly placeDep ROOT @types/serve-static@1.15.10 OK for: webpack-dev-server@5.2.2 want: ^1.15.5
3518 silly placeDep ROOT @types/sockjs@0.3.36 OK for: webpack-dev-server@5.2.2 want: ^0.3.36
3519 silly placeDep ROOT @types/ws@8.18.1 OK for: webpack-dev-server@5.2.2 want: ^8.5.10
3520 silly placeDep ROOT ansi-html-community@0.0.8 OK for: webpack-dev-server@5.2.2 want: ^0.0.8
3521 silly placeDep ROOT bonjour-service@1.4.1 OK for: webpack-dev-server@5.2.2 want: ^1.2.1
3522 silly placeDep ROOT chokidar@3.6.0 REPLACE for: webpack-dev-server@5.2.2 want: ^3.6.0
3523 silly placeDep ROOT compression@1.8.1 OK for: webpack-dev-server@5.2.2 want: ^1.7.4
3524 silly placeDep ROOT connect-history-api-fallback@2.0.0 OK for: webpack-dev-server@5.2.2 want: ^2.0.0
3525 silly placeDep ROOT express@4.22.2 OK for: webpack-dev-server@5.2.2 want: ^4.21.2
3526 silly placeDep node_modules/webpack-dev-server http-proxy-middleware@2.0.9 OK for: webpack-dev-server@5.2.2 want: ^2.0.9
3527 silly placeDep ROOT ipaddr.js@2.4.0 OK for: webpack-dev-server@5.2.2 want: ^2.1.0
3528 silly placeDep ROOT launch-editor@2.14.1 OK for: webpack-dev-server@5.2.2 want: ^2.6.1
3529 silly placeDep ROOT p-retry@6.2.1 OK for: webpack-dev-server@5.2.2 want: ^6.2.0
3530 silly placeDep ROOT selfsigned@2.4.1 OK for: webpack-dev-server@5.2.2 want: ^2.4.1
3531 silly placeDep ROOT serve-index@1.9.2 OK for: webpack-dev-server@5.2.2 want: ^1.9.1
3532 silly placeDep ROOT sockjs@0.3.24 OK for: webpack-dev-server@5.2.2 want: ^0.3.24
3533 silly placeDep ROOT spdy@4.0.2 OK for: webpack-dev-server@5.2.2 want: ^4.0.2
3534 silly placeDep ROOT ws@8.21.0 OK for: webpack-dev-server@5.2.2 want: ^8.18.0
3535 silly fetch manifest @types/express-serve-static-core@*
3536 silly packumentCache full:https://registry.npmjs.org/@types%2fexpress-serve-static-core cache-miss
3537 silly fetch manifest @types/qs@*
3538 silly packumentCache full:https://registry.npmjs.org/@types%2fqs cache-miss
3539 silly fetch manifest @types/body-parser@*
3540 silly packumentCache full:https://registry.npmjs.org/@types%2fbody-parser cache-miss
3541 silly fetch manifest @types/serve-static@^1
3542 silly packumentCache full:https://registry.npmjs.org/@types%2fserve-static cache-miss
3543 silly fetch manifest @types/express-serve-static-core@^4.17.33
3544 silly packumentCache full:https://registry.npmjs.org/@types%2fexpress-serve-static-core cache-miss
3545 silly fetch manifest @types/qs@*
3546 silly packumentCache full:https://registry.npmjs.org/@types%2fqs cache-miss
3547 silly fetch manifest @types/send@*
3548 silly packumentCache full:https://registry.npmjs.org/@types%2fsend cache-miss
3549 http cache https://registry.npmjs.org/@types%2fexpress-serve-static-core 37ms (cache hit)
3550 silly packumentCache full:https://registry.npmjs.org/@types%2fexpress-serve-static-core set size:264345 disposed:false
3551 silly fetch manifest @types/range-parser@*
3552 silly packumentCache full:https://registry.npmjs.org/@types%2frange-parser cache-miss
3553 http cache https://registry.npmjs.org/@types%2fexpress-serve-static-core 46ms (cache hit)
3554 silly packumentCache full:https://registry.npmjs.org/@types%2fexpress-serve-static-core set size:264345 disposed:false
3555 silly packumentCache full:https://registry.npmjs.org/@types%2fexpress-serve-static-core dispose
3556 silly fetch manifest @types/send@<1
3557 silly packumentCache full:https://registry.npmjs.org/@types%2fsend cache-miss
3558 http cache https://registry.npmjs.org/@types%2fserve-static 54ms (cache hit)
3559 silly packumentCache full:https://registry.npmjs.org/@types%2fserve-static set size:70859 disposed:false
3560 silly fetch manifest @types/http-errors@*
3561 silly packumentCache full:https://registry.npmjs.org/@types%2fhttp-errors cache-miss
3562 http fetch GET 200 https://registry.npmjs.org/@types%2fbody-parser 121ms (cache miss)
3563 silly packumentCache full:https://registry.npmjs.org/@types%2fbody-parser set size:undefined disposed:false
3564 silly fetch manifest multicast-dns@^7.2.5
3565 silly packumentCache full:https://registry.npmjs.org/multicast-dns cache-miss
3566 http fetch GET 200 https://registry.npmjs.org/@types%2fqs 132ms (cache miss)
3567 silly packumentCache full:https://registry.npmjs.org/@types%2fqs set size:undefined disposed:false
3568 silly fetch manifest debug@2.6.9
3569 silly packumentCache full:https://registry.npmjs.org/debug cache-miss
3570 http fetch GET 200 https://registry.npmjs.org/@types%2fqs 135ms (cache miss)
3571 silly packumentCache full:https://registry.npmjs.org/@types%2fqs set size:undefined disposed:false
3572 silly fetch manifest negotiator@~0.6.4
3573 silly packumentCache full:https://registry.npmjs.org/negotiator cache-miss
3574 http fetch GET 200 https://registry.npmjs.org/@types%2fsend 139ms (cache miss)
3575 silly packumentCache full:https://registry.npmjs.org/@types%2fsend set size:undefined disposed:false
3576 silly fetch manifest on-headers@~1.1.0
3577 silly packumentCache full:https://registry.npmjs.org/on-headers cache-miss
3578 http fetch GET 200 https://registry.npmjs.org/@types%2frange-parser 113ms (cache miss)
3579 silly packumentCache full:https://registry.npmjs.org/@types%2frange-parser set size:undefined disposed:false
3580 silly fetch manifest compressible@~2.0.18
3581 silly packumentCache full:https://registry.npmjs.org/compressible cache-miss
3582 http cache https://registry.npmjs.org/negotiator 29ms (cache hit)
3583 silly packumentCache full:https://registry.npmjs.org/negotiator set size:48046 disposed:false
3584 silly fetch manifest qs@~6.15.1
3585 silly packumentCache full:https://registry.npmjs.org/qs cache-miss
3586 http fetch GET 200 https://registry.npmjs.org/@types%2fsend 161ms (cache miss)
3587 silly packumentCache full:https://registry.npmjs.org/@types%2fsend set size:undefined disposed:false
3588 silly fetch manifest etag@~1.8.1
3589 silly packumentCache full:https://registry.npmjs.org/etag cache-miss
3590 http fetch GET 200 https://registry.npmjs.org/on-headers 135ms (cache miss)
3591 silly packumentCache full:https://registry.npmjs.org/on-headers set size:undefined disposed:false
3592 silly fetch manifest send@~0.19.0
3593 silly packumentCache full:https://registry.npmjs.org/send cache-miss
3594 http fetch GET 200 https://registry.npmjs.org/compressible 145ms (cache miss)
3595 silly packumentCache full:https://registry.npmjs.org/compressible set size:undefined disposed:false
3596 silly fetch manifest debug@2.6.9
3597 silly packumentCache full:https://registry.npmjs.org/debug cache-miss
3598 http fetch GET 200 https://registry.npmjs.org/etag 103ms (cache miss)
3599 silly packumentCache full:https://registry.npmjs.org/etag set size:undefined disposed:false
3600 silly fetch manifest fresh@~0.5.2
3601 silly packumentCache full:https://registry.npmjs.org/fresh cache-miss
3602 http fetch GET 200 https://registry.npmjs.org/@types%2fhttp-errors 298ms (cache miss)
3603 silly packumentCache full:https://registry.npmjs.org/@types%2fhttp-errors set size:undefined disposed:false
3604 silly fetch manifest methods@~1.1.2
3605 silly packumentCache full:https://registry.npmjs.org/methods cache-miss
3606 http fetch GET 200 https://registry.npmjs.org/qs 203ms (cache miss)
3607 silly packumentCache full:https://registry.npmjs.org/qs set size:undefined disposed:false
3608 silly fetch manifest statuses@~2.0.1
3609 silly packumentCache full:https://registry.npmjs.org/statuses cache-miss
3610 http fetch GET 200 https://registry.npmjs.org/send 169ms (cache miss)
3611 silly packumentCache full:https://registry.npmjs.org/send set size:undefined disposed:false
3612 silly fetch manifest encodeurl@~2.0.0
3613 silly packumentCache full:https://registry.npmjs.org/encodeurl cache-miss
3614 http fetch GET 200 https://registry.npmjs.org/fresh 143ms (cache miss)
3615 silly packumentCache full:https://registry.npmjs.org/fresh set size:undefined disposed:false
3616 silly fetch manifest proxy-addr@~2.0.7
3617 silly packumentCache full:https://registry.npmjs.org/proxy-addr cache-miss
3618 http fetch GET 200 https://registry.npmjs.org/debug 344ms (cache miss)
3619 silly packumentCache full:https://registry.npmjs.org/debug set size:undefined disposed:false
3620 silly fetch manifest body-parser@~1.20.5
3621 silly packumentCache full:https://registry.npmjs.org/body-parser cache-miss
3622 http fetch GET 200 https://registry.npmjs.org/multicast-dns 360ms (cache miss)
3623 silly packumentCache full:https://registry.npmjs.org/multicast-dns set size:undefined disposed:false
3624 silly fetch manifest finalhandler@~1.3.1
3625 silly packumentCache full:https://registry.npmjs.org/finalhandler cache-miss
3626 http fetch GET 200 https://registry.npmjs.org/debug 203ms (cache miss)
3627 silly packumentCache full:https://registry.npmjs.org/debug set size:undefined disposed:false
3628 silly fetch manifest serve-static@~1.16.2
3629 silly packumentCache full:https://registry.npmjs.org/serve-static cache-miss
3630 http fetch GET 200 https://registry.npmjs.org/methods 165ms (cache miss)
3631 silly packumentCache full:https://registry.npmjs.org/methods set size:undefined disposed:false
3632 silly fetch manifest array-flatten@1.1.1
3633 silly packumentCache full:https://registry.npmjs.org/array-flatten cache-miss
3634 http fetch GET 200 https://registry.npmjs.org/statuses 152ms (cache miss)
3635 silly packumentCache full:https://registry.npmjs.org/statuses set size:undefined disposed:false
3636 silly fetch manifest path-to-regexp@~0.1.12
3637 silly packumentCache full:https://registry.npmjs.org/path-to-regexp cache-miss
3638 http fetch GET 200 https://registry.npmjs.org/proxy-addr 98ms (cache miss)
3639 silly packumentCache full:https://registry.npmjs.org/proxy-addr set size:undefined disposed:false
3640 silly fetch manifest cookie-signature@~1.0.6
3641 silly packumentCache full:https://registry.npmjs.org/cookie-signature cache-miss
3642 http fetch GET 200 https://registry.npmjs.org/finalhandler 101ms (cache miss)
3643 silly packumentCache full:https://registry.npmjs.org/finalhandler set size:undefined disposed:false
3644 silly fetch manifest merge-descriptors@1.0.3
3645 silly packumentCache full:https://registry.npmjs.org/merge-descriptors cache-miss
3646 http fetch GET 200 https://registry.npmjs.org/body-parser 116ms (cache miss)
3647 silly packumentCache full:https://registry.npmjs.org/body-parser set size:undefined disposed:false
3648 silly fetch manifest content-disposition@~0.5.4
3649 silly packumentCache full:https://registry.npmjs.org/content-disposition cache-miss
3650 http fetch GET 200 https://registry.npmjs.org/array-flatten 92ms (cache miss)
3651 silly packumentCache full:https://registry.npmjs.org/array-flatten set size:undefined disposed:false
3652 silly fetch manifest is-plain-obj@^3.0.0
3653 silly packumentCache full:https://registry.npmjs.org/is-plain-obj cache-miss
3654 http fetch GET 200 https://registry.npmjs.org/serve-static 121ms (cache miss)
3655 silly packumentCache full:https://registry.npmjs.org/serve-static set size:undefined disposed:false
3656 silly fetch manifest shell-quote@^1.8.4
3657 silly packumentCache full:https://registry.npmjs.org/shell-quote cache-miss
3658 http fetch GET 200 https://registry.npmjs.org/cookie-signature 90ms (cache miss)
3659 silly packumentCache full:https://registry.npmjs.org/cookie-signature set size:undefined disposed:false
3660 silly fetch manifest retry@^0.13.1
3661 silly packumentCache full:https://registry.npmjs.org/retry cache-miss
3662 http fetch GET 200 https://registry.npmjs.org/path-to-regexp 143ms (cache miss)
3663 silly packumentCache full:https://registry.npmjs.org/path-to-regexp set size:undefined disposed:false
3664 silly fetch manifest @types/retry@0.12.2
3665 silly packumentCache full:https://registry.npmjs.org/@types%2fretry cache-miss
3666 http cache https://registry.npmjs.org/retry 32ms (cache hit)
3667 silly packumentCache full:https://registry.npmjs.org/retry set size:31161 disposed:false
3668 silly fetch manifest is-network-error@^1.0.0
3669 silly packumentCache full:https://registry.npmjs.org/is-network-error cache-miss
3670 http fetch GET 200 https://registry.npmjs.org/content-disposition 106ms (cache miss)
3671 silly packumentCache full:https://registry.npmjs.org/content-disposition set size:undefined disposed:false
3672 silly fetch manifest node-forge@^1
3673 silly packumentCache full:https://registry.npmjs.org/node-forge cache-miss
3674 http fetch GET 200 https://registry.npmjs.org/merge-descriptors 137ms (cache miss)
3675 silly packumentCache full:https://registry.npmjs.org/merge-descriptors set size:undefined disposed:false
3676 silly fetch manifest @types/node-forge@^1.3.0
3677 silly packumentCache full:https://registry.npmjs.org/@types%2fnode-forge cache-miss
3678 http fetch GET 200 https://registry.npmjs.org/is-plain-obj 136ms (cache miss)
3679 silly packumentCache full:https://registry.npmjs.org/is-plain-obj set size:undefined disposed:false
3680 silly fetch manifest batch@0.6.1
3681 silly packumentCache full:https://registry.npmjs.org/batch cache-miss
3682 http fetch GET 200 https://registry.npmjs.org/encodeurl 307ms (cache miss)
3683 silly packumentCache full:https://registry.npmjs.org/encodeurl set size:undefined disposed:false
3684 silly fetch manifest http-errors@~1.8.0
3685 silly packumentCache full:https://registry.npmjs.org/http-errors cache-miss
3686 http fetch GET 200 https://registry.npmjs.org/shell-quote 159ms (cache miss)
3687 silly packumentCache full:https://registry.npmjs.org/shell-quote set size:undefined disposed:false
3688 silly fetch manifest faye-websocket@^0.11.3
3689 silly packumentCache full:https://registry.npmjs.org/faye-websocket cache-miss
3690 http fetch GET 200 https://registry.npmjs.org/@types%2fretry 133ms (cache miss)
3691 silly packumentCache full:https://registry.npmjs.org/@types%2fretry set size:undefined disposed:false
3692 silly fetch manifest uuid@^8.3.2
3693 silly packumentCache full:https://registry.npmjs.org/uuid cache-miss
3694 http fetch GET 200 https://registry.npmjs.org/is-network-error 167ms (cache miss)
3695 silly packumentCache full:https://registry.npmjs.org/is-network-error set size:undefined disposed:false
3696 silly fetch manifest websocket-driver@^0.7.4
3697 silly packumentCache full:https://registry.npmjs.org/websocket-driver cache-miss
3698 http fetch GET 200 https://registry.npmjs.org/batch 120ms (cache miss)
3699 silly packumentCache full:https://registry.npmjs.org/batch set size:undefined disposed:false
3700 silly fetch manifest handle-thing@^2.0.0
3701 silly packumentCache full:https://registry.npmjs.org/handle-thing cache-miss
3702 http fetch GET 200 https://registry.npmjs.org/http-errors 132ms (cache miss)
3703 silly packumentCache full:https://registry.npmjs.org/http-errors set size:undefined disposed:false
3704 silly fetch manifest http-deceiver@^1.2.7
3705 silly packumentCache full:https://registry.npmjs.org/http-deceiver cache-miss
3706 http fetch GET 200 https://registry.npmjs.org/node-forge 191ms (cache miss)
3707 silly packumentCache full:https://registry.npmjs.org/node-forge set size:undefined disposed:false
3708 silly fetch manifest select-hose@^2.0.0
3709 silly packumentCache full:https://registry.npmjs.org/select-hose cache-miss
3710 http fetch GET 200 https://registry.npmjs.org/faye-websocket 165ms (cache miss)
3711 silly packumentCache full:https://registry.npmjs.org/faye-websocket set size:undefined disposed:false
3712 silly fetch manifest spdy-transport@^3.0.0
3713 silly packumentCache full:https://registry.npmjs.org/spdy-transport cache-miss
3714 http fetch GET 200 https://registry.npmjs.org/websocket-driver 150ms (cache miss)
3715 silly packumentCache full:https://registry.npmjs.org/websocket-driver set size:undefined disposed:false
3716 http fetch GET 200 https://registry.npmjs.org/uuid 220ms (cache miss)
3717 silly packumentCache full:https://registry.npmjs.org/uuid set size:undefined disposed:false
3718 http fetch GET 200 https://registry.npmjs.org/handle-thing 187ms (cache miss)
3719 silly packumentCache full:https://registry.npmjs.org/handle-thing set size:undefined disposed:false
3720 http fetch GET 200 https://registry.npmjs.org/http-deceiver 187ms (cache miss)
3721 silly packumentCache full:https://registry.npmjs.org/http-deceiver set size:undefined disposed:false
3722 http fetch GET 200 https://registry.npmjs.org/select-hose 172ms (cache miss)
3723 silly packumentCache full:https://registry.npmjs.org/select-hose set size:undefined disposed:false
3724 http fetch GET 200 https://registry.npmjs.org/spdy-transport 165ms (cache miss)
3725 silly packumentCache full:https://registry.npmjs.org/spdy-transport set size:undefined disposed:false
3726 http fetch GET 200 https://registry.npmjs.org/@types%2fnode-forge 418ms (cache miss)
3727 silly packumentCache full:https://registry.npmjs.org/@types%2fnode-forge set size:undefined disposed:false
3728 silly placeDep ROOT @types/body-parser@1.19.6 OK for: @types/express@4.17.25 want: *
3729 silly placeDep ROOT @types/qs@6.15.1 OK for: @types/express@4.17.25 want: *
3730 silly fetch manifest @types/connect@*
3731 silly packumentCache full:https://registry.npmjs.org/@types%2fconnect cache-miss
3732 http fetch GET 200 https://registry.npmjs.org/@types%2fconnect 301ms (cache miss)
3733 silly packumentCache full:https://registry.npmjs.org/@types%2fconnect set size:undefined disposed:false
3734 silly placeDep ROOT @types/connect@3.4.38 OK for: @types/body-parser@1.19.6 want: *
3735 silly placeDep ROOT @types/range-parser@1.2.7 OK for: @types/express-serve-static-core@4.19.8 want: *
3736 silly placeDep ROOT @types/send@1.2.1 OK for: @types/express-serve-static-core@4.19.8 want: *
3737 silly placeDep ROOT @types/http-errors@2.0.5 OK for: @types/serve-static@1.15.10 want: *
3738 silly placeDep node_modules/@types/serve-static @types/send@0.17.6 OK for: @types/serve-static@1.15.10 want: <1
3739 silly fetch manifest @types/mime@^1
3740 silly packumentCache full:https://registry.npmjs.org/@types%2fmime cache-miss
3741 http fetch GET 200 https://registry.npmjs.org/@types%2fmime 315ms (cache miss)
3742 silly packumentCache full:https://registry.npmjs.org/@types%2fmime set size:undefined disposed:false
3743 silly placeDep ROOT multicast-dns@7.2.5 OK for: bonjour-service@1.4.1 want: ^7.2.5
3744 silly fetch manifest thunky@^1.0.2
3745 silly packumentCache full:https://registry.npmjs.org/thunky cache-miss
3746 silly fetch manifest dns-packet@^5.2.2
3747 silly packumentCache full:https://registry.npmjs.org/dns-packet cache-miss
3748 http fetch GET 200 https://registry.npmjs.org/dns-packet 139ms (cache miss)
3749 silly packumentCache full:https://registry.npmjs.org/dns-packet set size:undefined disposed:false
3750 http fetch GET 200 https://registry.npmjs.org/thunky 273ms (cache miss)
3751 silly packumentCache full:https://registry.npmjs.org/thunky set size:undefined disposed:false
3752 silly placeDep ROOT compressible@2.0.18 OK for: compression@1.8.1 want: ~2.0.18
3753 silly placeDep node_modules/compression debug@2.6.9 OK for: compression@1.8.1 want: 2.6.9
3754 silly placeDep node_modules/compression negotiator@0.6.4 OK for: compression@1.8.1 want: ~0.6.4
3755 silly placeDep ROOT on-headers@1.1.0 OK for: compression@1.8.1 want: ~1.1.0
3756 silly fetch manifest ms@2.0.0
3757 silly packumentCache full:https://registry.npmjs.org/ms cache-miss
3758 http fetch GET 200 https://registry.npmjs.org/ms 96ms (cache miss)
3759 silly packumentCache full:https://registry.npmjs.org/ms set size:undefined disposed:false
3760 silly placeDep ROOT array-flatten@1.1.1 OK for: express@4.22.2 want: 1.1.1
3761 silly placeDep ROOT body-parser@1.20.5 REPLACE for: express@4.22.2 want: ~1.20.5
3762 silly placeDep ROOT content-disposition@0.5.4 OK for: express@4.22.2 want: ~0.5.4
3763 silly placeDep ROOT cookie-signature@1.0.7 OK for: express@4.22.2 want: ~1.0.6
3764 silly placeDep node_modules/express debug@2.6.9 OK for: express@4.22.2 want: 2.6.9
3765 silly placeDep node_modules/express encodeurl@2.0.0 OK for: express@4.22.2 want: ~2.0.0
3766 silly placeDep ROOT etag@1.8.1 OK for: express@4.22.2 want: ~1.8.1
3767 silly placeDep node_modules/express finalhandler@1.3.2 OK for: express@4.22.2 want: ~1.3.1
3768 silly placeDep ROOT fresh@0.5.2 OK for: express@4.22.2 want: ~0.5.2
3769 silly placeDep ROOT merge-descriptors@1.0.3 OK for: express@4.22.2 want: 1.0.3
3770 silly placeDep ROOT methods@1.1.2 OK for: express@4.22.2 want: ~1.1.2
3771 silly placeDep ROOT path-to-regexp@0.1.13 OK for: express@4.22.2 want: ~0.1.12
3772 silly placeDep ROOT proxy-addr@2.0.7 OK for: express@4.22.2 want: ~2.0.7
3773 silly placeDep ROOT qs@6.15.2 OK for: express@4.22.2 want: ~6.15.1
3774 silly placeDep ROOT send@0.19.2 OK for: express@4.22.2 want: ~0.19.0
3775 silly placeDep ROOT serve-static@1.16.3 OK for: express@4.22.2 want: ~1.16.2
3776 silly placeDep node_modules/express statuses@2.0.2 OK for: express@4.22.2 want: ~2.0.1
3777 silly fetch manifest http-errors@~2.0.1
3778 silly packumentCache full:https://registry.npmjs.org/http-errors cache-miss
3779 silly fetch manifest iconv-lite@~0.4.24
3780 silly packumentCache full:https://registry.npmjs.org/iconv-lite cache-hit
3781 silly fetch manifest raw-body@~2.5.3
3782 silly packumentCache full:https://registry.npmjs.org/raw-body cache-miss
3783 silly fetch manifest statuses@~2.0.2
3784 silly packumentCache full:https://registry.npmjs.org/statuses cache-miss
3785 silly fetch manifest forwarded@0.2.0
3786 silly packumentCache full:https://registry.npmjs.org/forwarded cache-miss
3787 silly fetch manifest ipaddr.js@1.9.1
3788 silly packumentCache full:https://registry.npmjs.org/ipaddr.js cache-miss
3789 silly fetch manifest side-channel@^1.1.0
3790 silly packumentCache full:https://registry.npmjs.org/side-channel cache-miss
3791 silly fetch manifest mime@1.6.0
3792 silly packumentCache full:https://registry.npmjs.org/mime cache-miss
3793 http cache https://registry.npmjs.org/statuses 308ms (cache hit)
3794 silly packumentCache full:https://registry.npmjs.org/statuses set size:37117 disposed:false
3795 silly fetch manifest http-errors@~2.0.1
3796 silly packumentCache full:https://registry.npmjs.org/http-errors cache-miss
3797 http cache https://registry.npmjs.org/ipaddr.js 576ms (cache hit)
3798 silly packumentCache full:https://registry.npmjs.org/ipaddr.js set size:69563 disposed:false
3799 http cache https://registry.npmjs.org/http-errors 864ms (cache hit)
3800 silly packumentCache full:https://registry.npmjs.org/http-errors set size:71987 disposed:false
3801 http fetch GET 200 https://registry.npmjs.org/forwarded 1119ms (cache miss)
3802 silly packumentCache full:https://registry.npmjs.org/forwarded set size:undefined disposed:false
3803 http cache https://registry.npmjs.org/mime 1971ms (cache hit)
3804 silly packumentCache full:https://registry.npmjs.org/mime set size:119236 disposed:false
3805 http cache https://registry.npmjs.org/http-errors 1702ms (cache hit)
3806 silly packumentCache full:https://registry.npmjs.org/http-errors set size:71987 disposed:false
3807 silly packumentCache full:https://registry.npmjs.org/http-errors dispose
3808 http fetch GET 200 https://registry.npmjs.org/raw-body 2637ms (cache miss)
3809 silly packumentCache full:https://registry.npmjs.org/raw-body set size:undefined disposed:false
3810 http fetch GET 200 https://registry.npmjs.org/side-channel 2618ms (cache miss)
3811 silly packumentCache full:https://registry.npmjs.org/side-channel set size:undefined disposed:false
3812 silly placeDep node_modules/body-parser http-errors@2.0.1 OK for: body-parser@1.20.5 want: ~2.0.1
3813 silly placeDep ROOT iconv-lite@0.4.24 OK for: body-parser@1.20.5 want: ~0.4.24
3814 silly placeDep ROOT raw-body@2.5.3 OK for: body-parser@1.20.5 want: ~2.5.3
3815 silly placeDep ROOT shell-quote@1.8.4 OK for: launch-editor@2.14.1 want: ^1.8.4
3816 silly placeDep ROOT dns-packet@5.6.1 OK for: multicast-dns@7.2.5 want: ^5.2.2
3817 silly placeDep ROOT thunky@1.1.0 OK for: multicast-dns@7.2.5 want: ^1.0.2
3818 silly fetch manifest @leichtgewicht/ip-codec@^2.0.1
3819 silly packumentCache full:https://registry.npmjs.org/@leichtgewicht%2fip-codec cache-miss
3820 http fetch GET 200 https://registry.npmjs.org/@leichtgewicht%2fip-codec 979ms (cache miss)
3821 silly packumentCache full:https://registry.npmjs.org/@leichtgewicht%2fip-codec set size:undefined disposed:false
3822 silly placeDep ROOT @leichtgewicht/ip-codec@2.0.5 OK for: dns-packet@5.6.1 want: ^2.0.1
3823 silly placeDep ROOT @types/retry@0.12.2 OK for: p-retry@6.2.1 want: 0.12.2
3824 silly placeDep ROOT is-network-error@1.3.2 OK for: p-retry@6.2.1 want: ^1.0.0
3825 silly placeDep node_modules/p-retry retry@0.13.1 OK for: p-retry@6.2.1 want: ^0.13.1
3826 silly placeDep ROOT forwarded@0.2.0 OK for: proxy-addr@2.0.7 want: 0.2.0
3827 silly placeDep node_modules/proxy-addr ipaddr.js@1.9.1 OK for: proxy-addr@2.0.7 want: 1.9.1
3828 silly placeDep ROOT side-channel@1.1.1 OK for: qs@6.15.2 want: ^1.1.0
3829 silly fetch manifest object-inspect@^1.13.4
3830 silly packumentCache full:https://registry.npmjs.org/object-inspect cache-miss
3831 silly fetch manifest side-channel-list@^1.0.1
3832 silly packumentCache full:https://registry.npmjs.org/side-channel-list cache-miss
3833 silly fetch manifest side-channel-map@^1.0.1
3834 silly packumentCache full:https://registry.npmjs.org/side-channel-map cache-miss
3835 silly fetch manifest side-channel-weakmap@^1.0.2
3836 silly packumentCache full:https://registry.npmjs.org/side-channel-weakmap cache-miss
3837 http fetch GET 200 https://registry.npmjs.org/side-channel-list 1132ms (cache miss)
3838 silly packumentCache full:https://registry.npmjs.org/side-channel-list set size:undefined disposed:false
3839 http fetch GET 200 https://registry.npmjs.org/side-channel-weakmap 1523ms (cache miss)
3840 silly packumentCache full:https://registry.npmjs.org/side-channel-weakmap set size:undefined disposed:false
3841 http fetch GET 200 https://registry.npmjs.org/side-channel-map 1525ms (cache miss)
3842 silly packumentCache full:https://registry.npmjs.org/side-channel-map set size:undefined disposed:false
3843 http fetch GET 200 https://registry.npmjs.org/object-inspect 1957ms (cache miss)
3844 silly packumentCache full:https://registry.npmjs.org/object-inspect set size:undefined disposed:false
3845 silly placeDep node_modules/raw-body http-errors@2.0.1 OK for: raw-body@2.5.3 want: ~2.0.1
3846 silly placeDep ROOT @types/node-forge@1.3.14 OK for: selfsigned@2.4.1 want: ^1.3.0
3847 silly placeDep ROOT node-forge@1.4.0 OK for: selfsigned@2.4.1 want: ^1
3848 silly placeDep node_modules/send debug@2.6.9 OK for: send@0.19.2 want: 2.6.9
3849 silly placeDep node_modules/send encodeurl@2.0.0 OK for: send@0.19.2 want: ~2.0.0
3850 silly placeDep node_modules/send http-errors@2.0.1 OK for: send@0.19.2 want: ~2.0.1
3851 silly placeDep node_modules/send mime@1.6.0 OK for: send@0.19.2 want: 1.6.0
3852 silly placeDep node_modules/send statuses@2.0.2 OK for: send@0.19.2 want: ~2.0.2
3853 silly placeDep ROOT batch@0.6.1 OK for: serve-index@1.9.2 want: 0.6.1
3854 silly placeDep node_modules/serve-index debug@2.6.9 OK for: serve-index@1.9.2 want: 2.6.9
3855 silly placeDep node_modules/serve-index http-errors@1.8.1 OK for: serve-index@1.9.2 want: ~1.8.0
3856 silly fetch manifest depd@~1.1.2
3857 silly packumentCache full:https://registry.npmjs.org/depd cache-miss
3858 http fetch GET 200 https://registry.npmjs.org/depd 570ms (cache miss)
3859 silly packumentCache full:https://registry.npmjs.org/depd set size:undefined disposed:false
3860 silly placeDep node_modules/serve-static encodeurl@2.0.0 OK for: serve-static@1.16.3 want: ~2.0.0
3861 silly placeDep ROOT object-inspect@1.13.4 OK for: side-channel@1.1.1 want: ^1.13.4
3862 silly placeDep ROOT side-channel-list@1.0.1 OK for: side-channel@1.1.1 want: ^1.0.1
3863 silly placeDep ROOT side-channel-map@1.0.1 OK for: side-channel@1.1.1 want: ^1.0.1
3864 silly placeDep ROOT side-channel-weakmap@1.0.2 OK for: side-channel@1.1.1 want: ^1.0.2
3865 silly placeDep ROOT faye-websocket@0.11.4 OK for: sockjs@0.3.24 want: ^0.11.3
3866 silly placeDep ROOT uuid@8.3.2 OK for: sockjs@0.3.24 want: ^8.3.2
3867 silly placeDep ROOT websocket-driver@0.7.5 OK for: sockjs@0.3.24 want: ^0.7.4
3868 silly fetch manifest websocket-driver@>=0.5.1
3869 silly packumentCache full:https://registry.npmjs.org/websocket-driver cache-miss
3870 silly fetch manifest http-parser-js@>=0.5.1
3871 silly packumentCache full:https://registry.npmjs.org/http-parser-js cache-miss
3872 silly fetch manifest websocket-extensions@>=0.1.1
3873 silly packumentCache full:https://registry.npmjs.org/websocket-extensions cache-miss
3874 http cache https://registry.npmjs.org/websocket-driver 203ms (cache hit)
3875 silly packumentCache full:https://registry.npmjs.org/websocket-driver set size:57610 disposed:false
3876 http fetch GET 200 https://registry.npmjs.org/websocket-extensions 852ms (cache miss)
3877 silly packumentCache full:https://registry.npmjs.org/websocket-extensions set size:undefined disposed:false
3878 http fetch GET 200 https://registry.npmjs.org/http-parser-js 1044ms (cache miss)
3879 silly packumentCache full:https://registry.npmjs.org/http-parser-js set size:undefined disposed:false
3880 silly placeDep ROOT handle-thing@2.0.1 OK for: spdy@4.0.2 want: ^2.0.0
3881 silly placeDep ROOT http-deceiver@1.2.7 OK for: spdy@4.0.2 want: ^1.2.7
3882 silly placeDep ROOT select-hose@2.0.0 OK for: spdy@4.0.2 want: ^2.0.0
3883 silly placeDep ROOT spdy-transport@3.0.0 OK for: spdy@4.0.2 want: ^3.0.0
3884 silly fetch manifest detect-node@^2.0.4
3885 silly packumentCache full:https://registry.npmjs.org/detect-node cache-miss
3886 silly fetch manifest hpack.js@^2.1.6
3887 silly packumentCache full:https://registry.npmjs.org/hpack.js cache-miss
3888 silly fetch manifest obuf@^1.1.2
3889 silly packumentCache full:https://registry.npmjs.org/obuf cache-miss
3890 silly fetch manifest wbuf@^1.7.3
3891 silly packumentCache full:https://registry.npmjs.org/wbuf cache-miss
3892 http fetch GET 200 https://registry.npmjs.org/detect-node 3018ms (cache miss)
3893 silly packumentCache full:https://registry.npmjs.org/detect-node set size:undefined disposed:false
3894 http fetch GET 200 https://registry.npmjs.org/wbuf 2034ms (cache miss)
3895 silly packumentCache full:https://registry.npmjs.org/wbuf set size:undefined disposed:false
3896 http fetch GET 200 https://registry.npmjs.org/obuf 2646ms (cache miss)
3897 silly packumentCache full:https://registry.npmjs.org/obuf set size:undefined disposed:false
3898 http fetch GET 200 https://registry.npmjs.org/hpack.js 2662ms (cache miss)
3899 silly packumentCache full:https://registry.npmjs.org/hpack.js set size:undefined disposed:false
3900 silly placeDep ROOT detect-node@2.1.0 OK for: spdy-transport@3.0.0 want: ^2.0.4
3901 silly placeDep ROOT hpack.js@2.1.6 OK for: spdy-transport@3.0.0 want: ^2.1.6
3902 silly placeDep ROOT obuf@1.1.2 OK for: spdy-transport@3.0.0 want: ^1.1.2
3903 silly placeDep ROOT wbuf@1.7.3 OK for: spdy-transport@3.0.0 want: ^1.7.3
3904 silly fetch manifest obuf@^1.0.0
3905 silly packumentCache full:https://registry.npmjs.org/obuf cache-miss
3906 silly fetch manifest readable-stream@^2.0.1
3907 silly packumentCache full:https://registry.npmjs.org/readable-stream cache-miss
3908 silly fetch manifest wbuf@^1.1.0
3909 silly packumentCache full:https://registry.npmjs.org/wbuf cache-miss
3910 silly fetch manifest minimalistic-assert@^1.0.0
3911 silly packumentCache full:https://registry.npmjs.org/minimalistic-assert cache-miss
3912 http cache https://registry.npmjs.org/obuf 278ms (cache hit)
3913 silly packumentCache full:https://registry.npmjs.org/obuf set size:14024 disposed:false
3914 http cache https://registry.npmjs.org/wbuf 294ms (cache hit)
3915 silly packumentCache full:https://registry.npmjs.org/wbuf set size:20540 disposed:false
3916 http fetch GET 200 https://registry.npmjs.org/minimalistic-assert 1124ms (cache miss)
3917 silly packumentCache full:https://registry.npmjs.org/minimalistic-assert set size:undefined disposed:false
3918 http fetch GET 200 https://registry.npmjs.org/readable-stream 1332ms (cache miss)
3919 silly packumentCache full:https://registry.npmjs.org/readable-stream set size:undefined disposed:false
3920 silly placeDep node_modules/hpack.js readable-stream@2.3.8 OK for: hpack.js@2.1.6 want: ^2.0.1
3921 silly fetch manifest isarray@~1.0.0
3922 silly packumentCache full:https://registry.npmjs.org/isarray cache-miss
3923 silly fetch manifest safe-buffer@~5.1.1
3924 silly packumentCache full:https://registry.npmjs.org/safe-buffer cache-miss
3925 silly fetch manifest core-util-is@~1.0.0
3926 silly packumentCache full:https://registry.npmjs.org/core-util-is cache-miss
3927 silly fetch manifest string_decoder@~1.1.1
3928 silly packumentCache full:https://registry.npmjs.org/string_decoder cache-miss
3929 silly fetch manifest process-nextick-args@~2.0.0
3930 silly packumentCache full:https://registry.npmjs.org/process-nextick-args cache-miss
3931 http fetch GET 200 https://registry.npmjs.org/core-util-is 1888ms (cache miss)
3932 silly packumentCache full:https://registry.npmjs.org/core-util-is set size:undefined disposed:false
3933 http fetch GET 200 https://registry.npmjs.org/process-nextick-args 1890ms (cache miss)
3934 silly packumentCache full:https://registry.npmjs.org/process-nextick-args set size:undefined disposed:false
3935 http fetch GET 200 https://registry.npmjs.org/isarray 2040ms (cache miss)
3936 silly packumentCache full:https://registry.npmjs.org/isarray set size:undefined disposed:false
3937 http fetch GET 200 https://registry.npmjs.org/safe-buffer 2082ms (cache miss)
3938 silly packumentCache full:https://registry.npmjs.org/safe-buffer set size:undefined disposed:false
3939 http fetch GET 200 https://registry.npmjs.org/string_decoder 2086ms (cache miss)
3940 silly packumentCache full:https://registry.npmjs.org/string_decoder set size:undefined disposed:false
3941 silly placeDep ROOT minimalistic-assert@1.0.1 OK for: wbuf@1.7.3 want: ^1.0.0
3942 silly placeDep ROOT clone-deep@4.0.1 OK for: webpack-merge@6.0.1 want: ^4.0.1
3943 silly placeDep ROOT flat@5.0.2 OK for: webpack-merge@6.0.1 want: ^5.0.2
3944 silly placeDep ROOT wildcard@2.0.1 OK for: webpack-merge@6.0.1 want: ^2.0.1
3945 silly fetch manifest is-plain-object@^2.0.4
3946 silly packumentCache full:https://registry.npmjs.org/is-plain-object cache-miss
3947 silly fetch manifest kind-of@^6.0.2
3948 silly packumentCache full:https://registry.npmjs.org/kind-of cache-miss
3949 silly fetch manifest shallow-clone@^3.0.0
3950 silly packumentCache full:https://registry.npmjs.org/shallow-clone cache-miss
3951 http cache https://registry.npmjs.org/is-plain-object 156ms (cache hit)
3952 silly packumentCache full:https://registry.npmjs.org/is-plain-object set size:47016 disposed:false
3953 http fetch GET 200 https://registry.npmjs.org/kind-of 316ms (cache miss)
3954 silly packumentCache full:https://registry.npmjs.org/kind-of set size:undefined disposed:false
3955 http fetch GET 200 https://registry.npmjs.org/shallow-clone 365ms (cache miss)
3956 silly packumentCache full:https://registry.npmjs.org/shallow-clone set size:undefined disposed:false
3957 silly placeDep node_modules/clone-deep is-plain-object@2.0.4 OK for: clone-deep@4.0.1 want: ^2.0.4
3958 silly placeDep ROOT kind-of@6.0.3 OK for: clone-deep@4.0.1 want: ^6.0.2
3959 silly placeDep ROOT shallow-clone@3.0.1 OK for: clone-deep@4.0.1 want: ^3.0.0
3960 silly fetch manifest isobject@^3.0.1
3961 silly packumentCache full:https://registry.npmjs.org/isobject cache-miss
3962 http fetch GET 200 https://registry.npmjs.org/isobject 153ms (cache miss)
3963 silly packumentCache full:https://registry.npmjs.org/isobject set size:undefined disposed:false
3964 silly placeDep ROOT http-parser-js@0.5.10 OK for: websocket-driver@0.7.5 want: >=0.5.1
3965 silly placeDep ROOT websocket-extensions@0.1.4 OK for: websocket-driver@0.7.5 want: >=0.1.1
3966 silly placeDep node_modules/@angular-devkit/build-angular convert-source-map@2.0.0 OK for: @babel/core@7.26.10 want: ^2.0.0
3967 silly placeDep node_modules/@angular-devkit/build-angular/node_modules/@babel/core semver@6.3.1 OK for: @babel/core@7.26.10 want: ^6.3.1
3968 silly placeDep node_modules/@angular/build convert-source-map@2.0.0 OK for: @babel/core@7.26.10 want: ^2.0.0
3969 silly placeDep node_modules/@angular/build/node_modules/@babel/core semver@6.3.1 OK for: @babel/core@7.26.10 want: ^6.3.1
3970 silly placeDep node_modules/@angular/compiler-cli readdirp@4.1.2 OK for: chokidar@4.0.3 want: ^4.0.1
3971 silly placeDep node_modules/@jsonjoy.com/fs-snapshot @jsonjoy.com/base64@17.67.0 OK for: @jsonjoy.com/json-pack@17.67.0 want: 17.67.0
3972 silly placeDep node_modules/@jsonjoy.com/fs-snapshot @jsonjoy.com/codegen@17.67.0 OK for: @jsonjoy.com/json-pack@17.67.0 want: 17.67.0
3973 silly placeDep node_modules/@jsonjoy.com/fs-snapshot @jsonjoy.com/json-pointer@17.67.0 OK for: @jsonjoy.com/json-pack@17.67.0 want: 17.67.0
3974 silly placeDep node_modules/@listr2/prompt-adapter-inquirer mute-stream@1.0.0 OK for: @inquirer/type@1.5.5 want: ^1.0.0
3975 silly placeDep node_modules/@npmcli/git isexe@3.1.5 OK for: which@5.0.0 want: ^3.1.1
3976 silly placeDep ROOT foreground-child@3.3.1 OK for: glob@10.5.0 want: ^3.1.0
3977 silly placeDep ROOT jackspeak@3.4.3 OK for: glob@10.5.0 want: ^3.1.2
3978 silly placeDep node_modules/@npmcli/package-json minimatch@9.0.9 OK for: glob@10.5.0 want: ^9.0.4
3979 silly placeDep ROOT package-json-from-dist@1.0.1 OK for: glob@10.5.0 want: ^1.0.0
3980 silly placeDep ROOT path-scurry@1.11.1 OK for: glob@10.5.0 want: ^1.11.1
3981 silly fetch manifest cross-spawn@^7.0.6
3982 silly packumentCache full:https://registry.npmjs.org/cross-spawn cache-miss
3983 silly fetch manifest signal-exit@^4.0.1
3984 silly packumentCache full:https://registry.npmjs.org/signal-exit cache-miss
3985 silly fetch manifest @isaacs/cliui@^8.0.2
3986 silly packumentCache full:https://registry.npmjs.org/@isaacs%2fcliui cache-miss
3987 silly fetch manifest @pkgjs/parseargs@^0.11.0
3988 silly packumentCache full:https://registry.npmjs.org/@pkgjs%2fparseargs cache-miss
3989 silly fetch manifest lru-cache@^10.2.0
3990 silly packumentCache full:https://registry.npmjs.org/lru-cache cache-miss
3991 http cache https://registry.npmjs.org/signal-exit 231ms (cache hit)
3992 silly packumentCache full:https://registry.npmjs.org/signal-exit set size:53489 disposed:false
3993 http cache https://registry.npmjs.org/lru-cache 246ms (cache hit)
3994 silly packumentCache full:https://registry.npmjs.org/lru-cache set size:456196 disposed:false
3995 http fetch GET 200 https://registry.npmjs.org/@isaacs%2fcliui 266ms (cache miss)
3996 silly packumentCache full:https://registry.npmjs.org/@isaacs%2fcliui set size:undefined disposed:false
3997 http fetch GET 200 https://registry.npmjs.org/cross-spawn 340ms (cache miss)
3998 silly packumentCache full:https://registry.npmjs.org/cross-spawn set size:undefined disposed:false
3999 http fetch GET 200 https://registry.npmjs.org/@pkgjs%2fparseargs 427ms (cache miss)
4000 silly packumentCache full:https://registry.npmjs.org/@pkgjs%2fparseargs set size:undefined disposed:false
4001 silly placeDep ROOT cross-spawn@7.0.6 OK for: foreground-child@3.3.1 want: ^7.0.6
4002 silly placeDep node_modules/foreground-child signal-exit@4.1.0 OK for: foreground-child@3.3.1 want: ^4.0.1
4003 silly fetch manifest which@^2.0.1
4004 silly packumentCache full:https://registry.npmjs.org/which cache-miss
4005 silly fetch manifest path-key@^3.1.0
4006 silly packumentCache full:https://registry.npmjs.org/path-key cache-miss
4007 silly fetch manifest shebang-command@^2.0.0
4008 silly packumentCache full:https://registry.npmjs.org/shebang-command cache-miss
4009 http cache https://registry.npmjs.org/which 175ms (cache hit)
4010 silly packumentCache full:https://registry.npmjs.org/which set size:70143 disposed:false
4011 http fetch GET 200 https://registry.npmjs.org/shebang-command 240ms (cache miss)
4012 silly packumentCache full:https://registry.npmjs.org/shebang-command set size:undefined disposed:false
4013 http fetch GET 200 https://registry.npmjs.org/path-key 274ms (cache miss)
4014 silly packumentCache full:https://registry.npmjs.org/path-key set size:undefined disposed:false
4015 silly placeDep ROOT path-key@3.1.1 OK for: cross-spawn@7.0.6 want: ^3.1.0
4016 silly placeDep ROOT shebang-command@2.0.0 OK for: cross-spawn@7.0.6 want: ^2.0.0
4017 silly placeDep node_modules/cross-spawn which@2.0.2 OK for: cross-spawn@7.0.6 want: ^2.0.1
4018 silly fetch manifest shebang-regex@^3.0.0
4019 silly packumentCache full:https://registry.npmjs.org/shebang-regex cache-miss
4020 http fetch GET 200 https://registry.npmjs.org/shebang-regex 119ms (cache miss)
4021 silly packumentCache full:https://registry.npmjs.org/shebang-regex set size:undefined disposed:false
4022 silly placeDep ROOT @isaacs/cliui@8.0.2 OK for: jackspeak@3.4.3 want: ^8.0.2
4023 silly placeDep ROOT @pkgjs/parseargs@0.11.0 OK for: jackspeak@3.4.3 want: ^0.11.0
4024 silly fetch manifest wrap-ansi@^8.1.0
4025 silly packumentCache full:https://registry.npmjs.org/wrap-ansi cache-hit
4026 silly fetch manifest strip-ansi@^7.0.1
4027 silly packumentCache full:https://registry.npmjs.org/strip-ansi cache-miss
4028 silly fetch manifest string-width@^5.1.2
4029 silly packumentCache full:https://registry.npmjs.org/string-width cache-miss
4030 silly fetch manifest wrap-ansi-cjs@npm:wrap-ansi@^7.0.0
4031 silly packumentCache full:https://registry.npmjs.org/wrap-ansi cache-hit
4032 silly fetch manifest strip-ansi-cjs@npm:strip-ansi@^6.0.1
4033 silly packumentCache full:https://registry.npmjs.org/strip-ansi cache-miss
4034 silly fetch manifest string-width-cjs@npm:string-width@^4.2.0
4035 silly packumentCache full:https://registry.npmjs.org/string-width cache-miss
4036 http cache https://registry.npmjs.org/strip-ansi 36ms (cache hit)
4037 silly packumentCache full:https://registry.npmjs.org/strip-ansi set size:44998 disposed:false
4038 http cache https://registry.npmjs.org/strip-ansi 30ms (cache hit)
4039 silly packumentCache full:https://registry.npmjs.org/strip-ansi set size:44998 disposed:false
4040 silly packumentCache full:https://registry.npmjs.org/strip-ansi dispose
4041 http cache https://registry.npmjs.org/string-width 49ms (cache hit)
4042 silly packumentCache full:https://registry.npmjs.org/string-width set size:70381 disposed:false
4043 http cache https://registry.npmjs.org/string-width 42ms (cache hit)
4044 silly packumentCache full:https://registry.npmjs.org/string-width set size:70381 disposed:false
4045 silly packumentCache full:https://registry.npmjs.org/string-width dispose
4046 silly placeDep node_modules/@isaacs/cliui string-width@5.1.2 OK for: @isaacs/cliui@8.0.2 want: ^5.1.2
4047 silly placeDep ROOT string-width-cjs@4.2.3 OK for: @isaacs/cliui@8.0.2 want: npm:string-width@^4.2.0
4048 silly placeDep node_modules/@isaacs/cliui strip-ansi@7.2.0 OK for: @isaacs/cliui@8.0.2 want: ^7.0.1
4049 silly placeDep ROOT strip-ansi-cjs@6.0.1 OK for: @isaacs/cliui@8.0.2 want: npm:strip-ansi@^6.0.1
4050 silly placeDep node_modules/@isaacs/cliui wrap-ansi@8.1.0 OK for: @isaacs/cliui@8.0.2 want: ^8.1.0
4051 silly placeDep ROOT wrap-ansi-cjs@7.0.0 OK for: @isaacs/cliui@8.0.2 want: npm:wrap-ansi@^7.0.0
4052 silly fetch manifest emoji-regex@^9.2.2
4053 silly packumentCache full:https://registry.npmjs.org/emoji-regex cache-miss
4054 silly fetch manifest eastasianwidth@^0.2.0
4055 silly packumentCache full:https://registry.npmjs.org/eastasianwidth cache-miss
4056 silly fetch manifest ansi-styles@^6.1.0
4057 silly packumentCache full:https://registry.npmjs.org/ansi-styles cache-hit
4058 http cache https://registry.npmjs.org/emoji-regex 245ms (cache hit)
4059 silly packumentCache full:https://registry.npmjs.org/emoji-regex set size:89064 disposed:false
4060 http fetch GET 200 https://registry.npmjs.org/eastasianwidth 292ms (cache miss)
4061 silly packumentCache full:https://registry.npmjs.org/eastasianwidth set size:undefined disposed:false
4062 silly placeDep node_modules/path-scurry lru-cache@10.4.3 OK for: path-scurry@1.11.1 want: ^10.2.0
4063 silly placeDep ROOT shebang-regex@3.0.0 OK for: shebang-command@2.0.0 want: ^3.0.0
4064 silly placeDep ROOT eastasianwidth@0.2.0 OK for: string-width@5.1.2 want: ^0.2.0
4065 silly placeDep node_modules/@isaacs/cliui emoji-regex@9.2.2 OK for: string-width@5.1.2 want: ^9.2.2
4066 silly placeDep node_modules/@isaacs/cliui ansi-regex@6.2.2 OK for: strip-ansi@7.2.0 want: ^6.2.2
4067 silly placeDep node_modules/@isaacs/cliui ansi-styles@6.2.3 OK for: wrap-ansi@8.1.0 want: ^6.1.0
4068 silly placeDep node_modules/@npmcli/package-json brace-expansion@2.1.1 OK for: minimatch@9.0.9 want: ^2.0.2
4069 silly placeDep node_modules/@npmcli/promise-spawn isexe@3.1.5 OK for: which@5.0.0 want: ^3.1.1
4070 silly placeDep node_modules/@npmcli/run-script isexe@3.1.5 OK for: which@5.0.0 want: ^3.1.1
4071 silly placeDep node_modules/@tufjs/models brace-expansion@2.1.1 OK for: minimatch@9.0.9 want: ^2.0.2
4072 silly placeDep ROOT @types/mime@1.3.5 OK for: @types/send@0.17.6 want: ^1
4073 silly placeDep node_modules/body-parser statuses@2.0.2 OK for: http-errors@2.0.1 want: ~2.0.2
4074 silly placeDep node_modules/cacache minimatch@9.0.9 OK for: glob@10.5.0 want: ^9.0.4
4075 silly placeDep node_modules/cacache brace-expansion@2.1.1 OK for: minimatch@9.0.9 want: ^2.0.2
4076 silly placeDep ROOT @isaacs/fs-minipass@4.0.1 OK for: tar@7.5.16 want: ^4.0.0
4077 silly placeDep node_modules/cacache chownr@3.0.0 OK for: tar@7.5.16 want: ^3.0.0
4078 silly placeDep node_modules/cacache yallist@5.0.0 OK for: tar@7.5.16 want: ^5.0.0
4079 silly placeDep node_modules/cli-truncate emoji-regex@10.6.0 OK for: string-width@7.2.0 want: ^10.3.0
4080 silly placeDep ROOT get-east-asian-width@1.6.0 OK for: string-width@7.2.0 want: ^1.0.0
4081 silly placeDep node_modules/cli-truncate strip-ansi@7.2.0 OK for: string-width@7.2.0 want: ^7.1.0
4082 silly placeDep node_modules/cli-truncate ansi-regex@6.2.2 OK for: strip-ansi@7.2.0 want: ^6.2.2
4083 silly placeDep ROOT isobject@3.0.1 OK for: is-plain-object@2.0.4 want: ^3.0.1
4084 silly placeDep node_modules/compression ms@2.0.0 OK for: debug@2.6.9 want: 2.0.0
4085 silly placeDep node_modules/express ms@2.0.0 OK for: debug@2.6.9 want: 2.0.0
4086 silly placeDep ROOT core-util-is@1.0.3 OK for: readable-stream@2.3.8 want: ~1.0.0
4087 silly placeDep ROOT isarray@1.0.0 OK for: readable-stream@2.3.8 want: ~1.0.0
4088 silly placeDep ROOT process-nextick-args@2.0.1 OK for: readable-stream@2.3.8 want: ~2.0.0
4089 silly placeDep node_modules/hpack.js safe-buffer@5.1.2 OK for: readable-stream@2.3.8 want: ~5.1.1
4090 silly placeDep node_modules/hpack.js string_decoder@1.1.1 OK for: readable-stream@2.3.8 want: ~1.1.1
4091 silly placeDep node_modules/ignore-walk brace-expansion@2.1.1 OK for: minimatch@9.0.9 want: ^2.0.2
4092 silly placeDep ROOT pify@4.0.1 OK for: make-dir@2.1.0 want: ^4.0.1
4093 silly placeDep node_modules/less semver@5.7.2 OK for: make-dir@2.1.0 want: ^5.6.0
4094 silly placeDep node_modules/listr2 ansi-styles@6.2.3 OK for: wrap-ansi@9.0.2 want: ^6.2.1
4095 silly placeDep node_modules/listr2 string-width@7.2.0 OK for: wrap-ansi@9.0.2 want: ^7.0.0
4096 silly placeDep node_modules/listr2 strip-ansi@7.2.0 OK for: wrap-ansi@9.0.2 want: ^7.1.0
4097 silly placeDep node_modules/listr2 emoji-regex@10.6.0 OK for: string-width@7.2.0 want: ^10.3.0
4098 silly placeDep node_modules/listr2 ansi-regex@6.2.2 OK for: strip-ansi@7.2.0 want: ^6.2.2
4099 silly placeDep node_modules/log-update restore-cursor@5.1.0 OK for: cli-cursor@5.0.0 want: ^5.0.0
4100 silly fetch manifest onetime@^7.0.0
4101 silly packumentCache full:https://registry.npmjs.org/onetime cache-miss
4102 http fetch GET 200 https://registry.npmjs.org/onetime 168ms (cache miss)
4103 silly packumentCache full:https://registry.npmjs.org/onetime set size:undefined disposed:false
4104 silly placeDep node_modules/log-update onetime@7.0.0 OK for: restore-cursor@5.1.0 want: ^7.0.0
4105 silly placeDep node_modules/log-update signal-exit@4.1.0 OK for: restore-cursor@5.1.0 want: ^4.1.0
4106 silly fetch manifest mimic-function@^5.0.0
4107 silly packumentCache full:https://registry.npmjs.org/mimic-function cache-miss
4108 http fetch GET 200 https://registry.npmjs.org/mimic-function 100ms (cache miss)
4109 silly packumentCache full:https://registry.npmjs.org/mimic-function set size:undefined disposed:false
4110 silly placeDep ROOT mimic-function@5.0.1 OK for: onetime@7.0.0 want: ^5.0.0
4111 silly placeDep node_modules/log-update ansi-styles@6.2.3 OK for: slice-ansi@7.1.2 want: ^6.2.1
4112 silly placeDep node_modules/log-update is-fullwidth-code-point@5.1.0 OK for: slice-ansi@7.1.2 want: ^5.0.0
4113 silly placeDep node_modules/log-update ansi-regex@6.2.2 OK for: strip-ansi@7.2.0 want: ^6.2.2
4114 silly placeDep node_modules/log-update string-width@7.2.0 OK for: wrap-ansi@9.0.2 want: ^7.0.0
4115 silly placeDep node_modules/log-update emoji-regex@10.6.0 OK for: string-width@7.2.0 want: ^10.3.0
4116 silly placeDep node_modules/minipass-flush yallist@4.0.0 OK for: minipass@3.3.6 want: ^4.0.0
4117 silly placeDep node_modules/minipass-pipeline yallist@4.0.0 OK for: minipass@3.3.6 want: ^4.0.0
4118 silly placeDep node_modules/minipass-sized yallist@4.0.0 OK for: minipass@3.3.6 want: ^4.0.0
4119 silly placeDep node_modules/node-gyp chownr@3.0.0 OK for: tar@7.5.16 want: ^3.0.0
4120 silly placeDep node_modules/node-gyp yallist@5.0.0 OK for: tar@7.5.16 want: ^5.0.0
4121 silly placeDep node_modules/node-gyp isexe@3.1.5 OK for: which@5.0.0 want: ^3.1.1
4122 silly placeDep node_modules/raw-body statuses@2.0.2 OK for: http-errors@2.0.1 want: ~2.0.2
4123 silly placeDep node_modules/sass readdirp@4.1.2 OK for: chokidar@4.0.3 want: ^4.0.1
4124 silly placeDep node_modules/send/node_modules/debug ms@2.0.0 OK for: debug@2.6.9 want: 2.0.0
4125 silly placeDep node_modules/serve-index ms@2.0.0 OK for: debug@2.6.9 want: 2.0.0
4126 silly placeDep node_modules/serve-index depd@1.1.2 OK for: http-errors@1.8.1 want: ~1.1.2
4127 silly placeDep node_modules/tar/node_modules/fs-minipass minipass@3.3.6 OK for: fs-minipass@2.1.0 want: ^3.0.0
4128 silly placeDep node_modules/tar/node_modules/minizlib minipass@3.3.6 OK for: minizlib@2.1.2 want: ^3.0.0
4129 silly placeDep node_modules/vite @esbuild/aix-ppc64@0.25.12 OK for: esbuild@0.25.12 want: 0.25.12
4130 silly placeDep node_modules/vite @esbuild/android-arm@0.25.12 OK for: esbuild@0.25.12 want: 0.25.12
4131 silly placeDep node_modules/vite @esbuild/android-arm64@0.25.12 OK for: esbuild@0.25.12 want: 0.25.12
4132 silly placeDep node_modules/vite @esbuild/android-x64@0.25.12 OK for: esbuild@0.25.12 want: 0.25.12
4133 silly placeDep node_modules/vite @esbuild/darwin-arm64@0.25.12 OK for: esbuild@0.25.12 want: 0.25.12
4134 silly placeDep node_modules/vite @esbuild/darwin-x64@0.25.12 OK for: esbuild@0.25.12 want: 0.25.12
4135 silly placeDep node_modules/vite @esbuild/freebsd-arm64@0.25.12 OK for: esbuild@0.25.12 want: 0.25.12
4136 silly placeDep node_modules/vite @esbuild/freebsd-x64@0.25.12 OK for: esbuild@0.25.12 want: 0.25.12
4137 silly placeDep node_modules/vite @esbuild/linux-arm@0.25.12 OK for: esbuild@0.25.12 want: 0.25.12
4138 silly placeDep node_modules/vite @esbuild/linux-arm64@0.25.12 OK for: esbuild@0.25.12 want: 0.25.12
4139 silly placeDep node_modules/vite @esbuild/linux-ia32@0.25.12 OK for: esbuild@0.25.12 want: 0.25.12
4140 silly placeDep node_modules/vite @esbuild/linux-loong64@0.25.12 OK for: esbuild@0.25.12 want: 0.25.12
4141 silly placeDep node_modules/vite @esbuild/linux-mips64el@0.25.12 OK for: esbuild@0.25.12 want: 0.25.12
4142 silly placeDep node_modules/vite @esbuild/linux-ppc64@0.25.12 OK for: esbuild@0.25.12 want: 0.25.12
4143 silly placeDep node_modules/vite @esbuild/linux-riscv64@0.25.12 OK for: esbuild@0.25.12 want: 0.25.12
4144 silly placeDep node_modules/vite @esbuild/linux-s390x@0.25.12 OK for: esbuild@0.25.12 want: 0.25.12
4145 silly placeDep node_modules/vite @esbuild/linux-x64@0.25.12 OK for: esbuild@0.25.12 want: 0.25.12
4146 silly placeDep node_modules/vite @esbuild/netbsd-arm64@0.25.12 OK for: esbuild@0.25.12 want: 0.25.12
4147 silly placeDep node_modules/vite @esbuild/netbsd-x64@0.25.12 OK for: esbuild@0.25.12 want: 0.25.12
4148 silly placeDep node_modules/vite @esbuild/openbsd-arm64@0.25.12 OK for: esbuild@0.25.12 want: 0.25.12
4149 silly placeDep node_modules/vite @esbuild/openbsd-x64@0.25.12 OK for: esbuild@0.25.12 want: 0.25.12
4150 silly placeDep node_modules/vite @esbuild/openharmony-arm64@0.25.12 OK for: esbuild@0.25.12 want: 0.25.12
4151 silly placeDep node_modules/vite @esbuild/sunos-x64@0.25.12 OK for: esbuild@0.25.12 want: 0.25.12
4152 silly placeDep node_modules/vite @esbuild/win32-arm64@0.25.12 OK for: esbuild@0.25.12 want: 0.25.12
4153 silly placeDep node_modules/vite @esbuild/win32-ia32@0.25.12 OK for: esbuild@0.25.12 want: 0.25.12
4154 silly placeDep node_modules/vite @esbuild/win32-x64@0.25.12 OK for: esbuild@0.25.12 want: 0.25.12
4155 silly placeDep ROOT is-plain-obj@3.0.0 OK for: http-proxy-middleware@2.0.9 want: ^3.0.0
4156 verbose stack Error: 
4156 verbose stack `npm ci` can only install packages when your package.json and package-lock.json or npm-shrinkwrap.json are in sync. Please update your lock file with `npm install` before continuing.
4156 verbose stack
4156 verbose stack Invalid: lock file's @angular-devkit/build-angular@16.2.16 does not satisfy @angular-devkit/build-angular@19.2.27
4156 verbose stack Invalid: lock file's @angular/animations@16.2.12 does not satisfy @angular/animations@19.2.25
4156 verbose stack Invalid: lock file's @angular/cli@16.1.8 does not satisfy @angular/cli@19.2.27
4156 verbose stack Invalid: lock file's @angular/common@16.2.12 does not satisfy @angular/common@19.2.25
4156 verbose stack Invalid: lock file's @angular/compiler@16.2.12 does not satisfy @angular/compiler@19.2.25
4156 verbose stack Invalid: lock file's @angular/compiler-cli@16.2.12 does not satisfy @angular/compiler-cli@19.2.25
4156 verbose stack Invalid: lock file's @angular/core@16.2.12 does not satisfy @angular/core@19.2.25
4156 verbose stack Invalid: lock file's @angular/forms@16.2.12 does not satisfy @angular/forms@19.2.25
4156 verbose stack Invalid: lock file's @angular/platform-browser@16.2.12 does not satisfy @angular/platform-browser@19.2.25
4156 verbose stack Invalid: lock file's @angular/platform-browser-dynamic@16.2.12 does not satisfy @angular/platform-browser-dynamic@19.2.25
4156 verbose stack Invalid: lock file's @angular/router@16.2.12 does not satisfy @angular/router@19.2.25
4156 verbose stack Missing: @primeng/themes@19.1.4 from lock file
4156 verbose stack Invalid: lock file's @types/jasmine@4.3.6 does not satisfy @types/jasmine@5.1.15
4156 verbose stack Invalid: lock file's jasmine-core@4.6.1 does not satisfy jasmine-core@5.2.0
4156 verbose stack Invalid: lock file's primeicons@6.0.1 does not satisfy primeicons@7.0.0
4156 verbose stack Invalid: lock file's primeng@16.0.2 does not satisfy primeng@19.1.4
4156 verbose stack Invalid: lock file's typescript@5.1.6 does not satisfy typescript@5.5.4
4156 verbose stack Invalid: lock file's zone.js@0.13.3 does not satisfy zone.js@0.15.1
4156 verbose stack Invalid: lock file's @ampproject/remapping@2.2.1 does not satisfy @ampproject/remapping@2.3.0
4156 verbose stack Invalid: lock file's @angular-devkit/architect@0.1602.16 does not satisfy @angular-devkit/architect@0.1902.27
4156 verbose stack Invalid: lock file's @angular-devkit/build-webpack@0.1602.16 does not satisfy @angular-devkit/build-webpack@0.1902.27
4156 verbose stack Invalid: lock file's @angular-devkit/core@16.2.16 does not satisfy @angular-devkit/core@19.2.27
4156 verbose stack Missing: @angular/build@19.2.27 from lock file
4156 verbose stack Missing: @babel/core@7.26.10 from lock file
4156 verbose stack Invalid: lock file's @babel/generator@7.22.9 does not satisfy @babel/generator@7.26.10
4156 verbose stack Invalid: lock file's @babel/helper-annotate-as-pure@7.22.5 does not satisfy @babel/helper-annotate-as-pure@7.25.9
4156 verbose stack Invalid: lock file's @babel/helper-split-export-declaration@7.22.6 does not satisfy @babel/helper-split-export-declaration@7.24.7
4156 verbose stack Invalid: lock file's @babel/plugin-transform-async-generator-functions@7.28.0 does not satisfy @babel/plugin-transform-async-generator-functions@7.26.8
4156 verbose stack Invalid: lock file's @babel/plugin-transform-async-to-generator@7.22.5 does not satisfy @babel/plugin-transform-async-to-generator@7.25.9
4156 verbose stack Invalid: lock file's @babel/plugin-transform-runtime@7.22.9 does not satisfy @babel/plugin-transform-runtime@7.26.10
4156 verbose stack Invalid: lock file's @babel/preset-env@7.22.9 does not satisfy @babel/preset-env@7.26.9
4156 verbose stack Invalid: lock file's @babel/runtime@7.22.6 does not satisfy @babel/runtime@7.26.10
4156 verbose stack Invalid: lock file's @discoveryjs/json-ext@0.5.7 does not satisfy @discoveryjs/json-ext@0.6.3
4156 verbose stack Invalid: lock file's @ngtools/webpack@16.2.16 does not satisfy @ngtools/webpack@19.2.27
4156 verbose stack Invalid: lock file's @vitejs/plugin-basic-ssl@1.0.1 does not satisfy @vitejs/plugin-basic-ssl@1.2.0
4156 verbose stack Invalid: lock file's autoprefixer@10.4.14 does not satisfy autoprefixer@10.4.20
4156 verbose stack Invalid: lock file's babel-loader@9.1.3 does not satisfy babel-loader@9.2.1
4156 verbose stack Invalid: lock file's copy-webpack-plugin@11.0.0 does not satisfy copy-webpack-plugin@12.0.2
4156 verbose stack Invalid: lock file's css-loader@6.8.1 does not satisfy css-loader@7.1.2
4156 verbose stack Invalid: lock file's esbuild@0.18.17 does not satisfy esbuild@0.28.0
4156 verbose stack Invalid: lock file's esbuild-wasm@0.18.17 does not satisfy esbuild-wasm@0.28.0
4156 verbose stack Invalid: lock file's fast-glob@3.3.1 does not satisfy fast-glob@3.3.3
4156 verbose stack Invalid: lock file's http-proxy-middleware@2.0.9 does not satisfy http-proxy-middleware@3.0.5
4156 verbose stack Missing: istanbul-lib-instrument@6.0.3 from lock file
4156 verbose stack Invalid: lock file's jsonc-parser@3.2.0 does not satisfy jsonc-parser@3.3.1
4156 verbose stack Invalid: lock file's less@4.1.3 does not satisfy less@4.2.2
4156 verbose stack Invalid: lock file's less-loader@11.1.0 does not satisfy less-loader@12.2.0
4156 verbose stack Invalid: lock file's loader-utils@3.2.1 does not satisfy loader-utils@3.3.1
4156 verbose stack Invalid: lock file's mini-css-extract-plugin@2.7.6 does not satisfy mini-css-extract-plugin@2.9.2
4156 verbose stack Invalid: lock file's open@8.4.2 does not satisfy open@10.1.0
4156 verbose stack Missing: picomatch@4.0.4 from lock file
4156 verbose stack Invalid: lock file's piscina@4.0.0 does not satisfy piscina@4.8.0
4156 verbose stack Invalid: lock file's postcss@8.4.31 does not satisfy postcss@8.5.12
4156 verbose stack Invalid: lock file's postcss-loader@7.3.3 does not satisfy postcss-loader@8.1.1
4156 verbose stack Invalid: lock file's sass@1.64.1 does not satisfy sass@1.85.0
4156 verbose stack Invalid: lock file's sass-loader@13.3.2 does not satisfy sass-loader@16.0.5
4156 verbose stack Missing: semver@7.7.1 from lock file
4156 verbose stack Invalid: lock file's source-map-loader@4.0.1 does not satisfy source-map-loader@5.0.0
4156 verbose stack Invalid: lock file's terser@5.19.2 does not satisfy terser@5.39.0
4156 verbose stack Invalid: lock file's webpack@5.94.0 does not satisfy webpack@5.105.0
4156 verbose stack Invalid: lock file's webpack-dev-middleware@6.1.2 does not satisfy webpack-dev-middleware@7.4.2
4156 verbose stack Invalid: lock file's webpack-dev-server@4.15.1 does not satisfy webpack-dev-server@5.2.2
4156 verbose stack Invalid: lock file's webpack-merge@5.9.0 does not satisfy webpack-merge@6.0.1
4156 verbose stack Invalid: lock file's ajv@8.12.0 does not satisfy ajv@8.18.0
4156 verbose stack Invalid: lock file's ajv-formats@2.1.1 does not satisfy ajv-formats@3.0.1
4156 verbose stack Missing: picomatch@4.0.4 from lock file
4156 verbose stack Missing: @babel/core@7.26.10 from lock file
4156 verbose stack Invalid: lock file's @babel/plugin-syntax-import-attributes@7.27.1 does not satisfy @babel/plugin-syntax-import-attributes@7.26.0
4156 verbose stack Missing: @inquirer/confirm@5.1.6 from lock file
4156 verbose stack Missing: beasties@0.3.2 from lock file
4156 verbose stack Invalid: lock file's https-proxy-agent@5.0.1 does not satisfy https-proxy-agent@7.0.6
4156 verbose stack Missing: istanbul-lib-instrument@6.0.3 from lock file
4156 verbose stack Missing: listr2@8.2.5 from lock file
4156 verbose stack Missing: lmdb@3.2.6 from lock file
4156 verbose stack Invalid: lock file's magic-string@0.30.1 does not satisfy magic-string@0.30.17
4156 verbose stack Invalid: lock file's mrmime@1.0.1 does not satisfy mrmime@2.0.1
4156 verbose stack Missing: picomatch@4.0.4 from lock file
4156 verbose stack Invalid: lock file's rollup@3.29.5 does not satisfy rollup@4.59.0
4156 verbose stack Missing: semver@7.7.1 from lock file
4156 verbose stack Invalid: lock file's vite@4.5.5 does not satisfy vite@6.4.2
4156 verbose stack Invalid: lock file's watchpack@2.4.4 does not satisfy watchpack@2.4.2
4156 verbose stack Invalid: lock file's @angular-devkit/schematics@16.1.8 does not satisfy @angular-devkit/schematics@19.2.27
4156 verbose stack Missing: @inquirer/prompts@7.3.2 from lock file
4156 verbose stack Missing: @listr2/prompt-adapter-inquirer@2.0.18 from lock file
4156 verbose stack Invalid: lock file's @schematics/angular@16.1.8 does not satisfy @schematics/angular@19.2.27
4156 verbose stack Invalid: lock file's ini@4.1.1 does not satisfy ini@5.0.0
4156 verbose stack Invalid: lock file's npm-package-arg@10.1.0 does not satisfy npm-package-arg@12.0.2
4156 verbose stack Invalid: lock file's npm-pick-manifest@8.0.1 does not satisfy npm-pick-manifest@10.0.0
4156 verbose stack Invalid: lock file's pacote@15.2.0 does not satisfy pacote@20.0.0
4156 verbose stack Invalid: lock file's resolve@1.22.2 does not satisfy resolve@1.22.10
4156 verbose stack Invalid: lock file's semver@7.5.3 does not satisfy semver@7.7.1
4156 verbose stack Invalid: lock file's @babel/core@7.22.9 does not satisfy @babel/core@7.26.9
4156 verbose stack Missing: chokidar@4.0.3 from lock file
4156 verbose stack Invalid: lock file's reflect-metadata@0.1.14 does not satisfy reflect-metadata@0.2.2
4156 verbose stack Invalid: lock file's @babel/template@7.22.5 does not satisfy @babel/template@7.29.7
4156 verbose stack Missing: convert-source-map@2.0.0 from lock file
4156 verbose stack Invalid: lock file's jsesc@2.5.2 does not satisfy jsesc@3.1.0
4156 verbose stack Invalid: lock file's @babel/helper-plugin-utils@7.27.1 does not satisfy @babel/helper-plugin-utils@7.29.7
4156 verbose stack Invalid: lock file's @babel/helper-remap-async-to-generator@7.27.1 does not satisfy @babel/helper-remap-async-to-generator@7.29.7
4156 verbose stack Invalid: lock file's @babel/helper-annotate-as-pure@7.27.3 does not satisfy @babel/helper-annotate-as-pure@7.29.7
4156 verbose stack Invalid: lock file's @babel/helper-wrap-function@7.28.3 does not satisfy @babel/helper-wrap-function@7.29.7
4156 verbose stack Invalid: lock file's @babel/traverse@7.28.5 does not satisfy @babel/traverse@7.29.7
4156 verbose stack Invalid: lock file's @babel/types@7.28.5 does not satisfy @babel/types@7.29.7
4156 verbose stack Invalid: lock file's babel-plugin-polyfill-corejs2@0.4.14 does not satisfy babel-plugin-polyfill-corejs2@0.4.17
4156 verbose stack Invalid: lock file's babel-plugin-polyfill-corejs3@0.8.7 does not satisfy babel-plugin-polyfill-corejs3@0.11.1
4156 verbose stack Invalid: lock file's babel-plugin-polyfill-regenerator@0.5.5 does not satisfy babel-plugin-polyfill-regenerator@0.6.8
4156 verbose stack Missing: @babel/plugin-bugfix-firefox-class-in-computed-class-key@7.29.7 from lock file
4156 verbose stack Missing: @babel/plugin-bugfix-safari-class-field-initializer-scope@7.29.7 from lock file
4156 verbose stack Invalid: lock file's @babel/plugin-bugfix-safari-id-destructuring-collision-in-function-expression@7.27.1 does not satisfy @babel/plugin-bugfix-safari-id-destructuring-collision-in-function-expression@7.29.7
4156 verbose stack Invalid: lock file's @babel/plugin-bugfix-v8-spread-parameters-in-optional-chaining@7.27.1 does not satisfy @babel/plugin-bugfix-v8-spread-parameters-in-optional-chaining@7.29.7
4156 verbose stack Missing: @babel/plugin-bugfix-v8-static-class-fields-redefine-readonly@7.29.7 from lock file
4156 verbose stack Invalid: lock file's @babel/plugin-syntax-import-assertions@7.27.1 does not satisfy @babel/plugin-syntax-import-assertions@7.29.7
4156 verbose stack Invalid: lock file's @babel/plugin-transform-arrow-functions@7.27.1 does not satisfy @babel/plugin-transform-arrow-functions@7.29.7
4156 verbose stack Invalid: lock file's @babel/plugin-transform-block-scoped-functions@7.27.1 does not satisfy @babel/plugin-transform-block-scoped-functions@7.29.7
4156 verbose stack Invalid: lock file's @babel/plugin-transform-block-scoping@7.28.5 does not satisfy @babel/plugin-transform-block-scoping@7.29.7
4156 verbose stack Invalid: lock file's @babel/plugin-transform-class-properties@7.27.1 does not satisfy @babel/plugin-transform-class-properties@7.29.7
4156 verbose stack Invalid: lock file's @babel/plugin-transform-class-static-block@7.28.3 does not satisfy @babel/plugin-transform-class-static-block@7.29.7
4156 verbose stack Invalid: lock file's @babel/plugin-transform-classes@7.28.4 does not satisfy @babel/plugin-transform-classes@7.29.7
4156 verbose stack Invalid: lock file's @babel/plugin-transform-computed-properties@7.27.1 does not satisfy @babel/plugin-transform-computed-properties@7.29.7
4156 verbose stack Invalid: lock file's @babel/plugin-transform-destructuring@7.28.5 does not satisfy @babel/plugin-transform-destructuring@7.29.7
4156 verbose stack Invalid: lock file's @babel/plugin-transform-dotall-regex@7.27.1 does not satisfy @babel/plugin-transform-dotall-regex@7.29.7
4156 verbose stack Invalid: lock file's @babel/plugin-transform-duplicate-keys@7.27.1 does not satisfy @babel/plugin-transform-duplicate-keys@7.29.7
4156 verbose stack Missing: @babel/plugin-transform-duplicate-named-capturing-groups-regex@7.29.7 from lock file
4156 verbose stack Invalid: lock file's @babel/plugin-transform-dynamic-import@7.27.1 does not satisfy @babel/plugin-transform-dynamic-import@7.29.7
4156 verbose stack Invalid: lock file's @babel/plugin-transform-exponentiation-operator@7.28.5 does not satisfy @babel/plugin-transform-exponentiation-operator@7.29.7
4156 verbose stack Invalid: lock file's @babel/plugin-transform-export-namespace-from@7.27.1 does not satisfy @babel/plugin-transform-export-namespace-from@7.29.7
4156 verbose stack Invalid: lock file's @babel/plugin-transform-for-of@7.27.1 does not satisfy @babel/plugin-transform-for-of@7.29.7
4156 verbose stack Invalid: lock file's @babel/plugin-transform-function-name@7.27.1 does not satisfy @babel/plugin-transform-function-name@7.29.7
4156 verbose stack Invalid: lock file's @babel/plugin-transform-json-strings@7.27.1 does not satisfy @babel/plugin-transform-json-strings@7.29.7
4156 verbose stack Invalid: lock file's @babel/plugin-transform-literals@7.27.1 does not satisfy @babel/plugin-transform-literals@7.29.7
4156 verbose stack Invalid: lock file's @babel/plugin-transform-logical-assignment-operators@7.28.5 does not satisfy @babel/plugin-transform-logical-assignment-operators@7.29.7
4156 verbose stack Invalid: lock file's @babel/plugin-transform-member-expression-literals@7.27.1 does not satisfy @babel/plugin-transform-member-expression-literals@7.29.7
4156 verbose stack Invalid: lock file's @babel/plugin-transform-modules-amd@7.27.1 does not satisfy @babel/plugin-transform-modules-amd@7.29.7
4156 verbose stack Invalid: lock file's @babel/plugin-transform-modules-commonjs@7.27.1 does not satisfy @babel/plugin-transform-modules-commonjs@7.29.7
4156 verbose stack Invalid: lock file's @babel/plugin-transform-modules-systemjs@7.28.5 does not satisfy @babel/plugin-transform-modules-systemjs@7.29.7
4156 verbose stack Invalid: lock file's @babel/plugin-transform-modules-umd@7.27.1 does not satisfy @babel/plugin-transform-modules-umd@7.29.7
4156 verbose stack Invalid: lock file's @babel/plugin-transform-named-capturing-groups-regex@7.27.1 does not satisfy @babel/plugin-transform-named-capturing-groups-regex@7.29.7
4156 verbose stack Invalid: lock file's @babel/plugin-transform-new-target@7.27.1 does not satisfy @babel/plugin-transform-new-target@7.29.7
4156 verbose stack Invalid: lock file's @babel/plugin-transform-nullish-coalescing-operator@7.27.1 does not satisfy @babel/plugin-transform-nullish-coalescing-operator@7.29.7
4156 verbose stack Invalid: lock file's @babel/plugin-transform-numeric-separator@7.27.1 does not satisfy @babel/plugin-transform-numeric-separator@7.29.7
4156 verbose stack Invalid: lock file's @babel/plugin-transform-object-rest-spread@7.28.4 does not satisfy @babel/plugin-transform-object-rest-spread@7.29.7
4156 verbose stack Invalid: lock file's @babel/plugin-transform-object-super@7.27.1 does not satisfy @babel/plugin-transform-object-super@7.29.7
4156 verbose stack Invalid: lock file's @babel/plugin-transform-optional-catch-binding@7.27.1 does not satisfy @babel/plugin-transform-optional-catch-binding@7.29.7
4156 verbose stack Invalid: lock file's @babel/plugin-transform-optional-chaining@7.28.5 does not satisfy @babel/plugin-transform-optional-chaining@7.29.7
4156 verbose stack Invalid: lock file's @babel/plugin-transform-parameters@7.27.7 does not satisfy @babel/plugin-transform-parameters@7.29.7
4156 verbose stack Invalid: lock file's @babel/plugin-transform-private-methods@7.27.1 does not satisfy @babel/plugin-transform-private-methods@7.29.7
4156 verbose stack Invalid: lock file's @babel/plugin-transform-private-property-in-object@7.27.1 does not satisfy @babel/plugin-transform-private-property-in-object@7.29.7
4156 verbose stack Invalid: lock file's @babel/plugin-transform-property-literals@7.27.1 does not satisfy @babel/plugin-transform-property-literals@7.29.7
4156 verbose stack Invalid: lock file's @babel/plugin-transform-regenerator@7.28.4 does not satisfy @babel/plugin-transform-regenerator@7.29.7
4156 verbose stack Missing: @babel/plugin-transform-regexp-modifiers@7.29.7 from lock file
4156 verbose stack Invalid: lock file's @babel/plugin-transform-reserved-words@7.27.1 does not satisfy @babel/plugin-transform-reserved-words@7.29.7
4156 verbose stack Invalid: lock file's @babel/plugin-transform-shorthand-properties@7.27.1 does not satisfy @babel/plugin-transform-shorthand-properties@7.29.7
4156 verbose stack Invalid: lock file's @babel/plugin-transform-spread@7.27.1 does not satisfy @babel/plugin-transform-spread@7.29.7
4156 verbose stack Invalid: lock file's @babel/plugin-transform-sticky-regex@7.27.1 does not satisfy @babel/plugin-transform-sticky-regex@7.29.7
4156 verbose stack Invalid: lock file's @babel/plugin-transform-template-literals@7.27.1 does not satisfy @babel/plugin-transform-template-literals@7.29.7
4156 verbose stack Invalid: lock file's @babel/plugin-transform-typeof-symbol@7.27.1 does not satisfy @babel/plugin-transform-typeof-symbol@7.29.7
4156 verbose stack Invalid: lock file's @babel/plugin-transform-unicode-escapes@7.27.1 does not satisfy @babel/plugin-transform-unicode-escapes@7.29.7
4156 verbose stack Invalid: lock file's @babel/plugin-transform-unicode-property-regex@7.27.1 does not satisfy @babel/plugin-transform-unicode-property-regex@7.29.7
4156 verbose stack Invalid: lock file's @babel/plugin-transform-unicode-regex@7.27.1 does not satisfy @babel/plugin-transform-unicode-regex@7.29.7
4156 verbose stack Invalid: lock file's @babel/plugin-transform-unicode-sets-regex@7.27.1 does not satisfy @babel/plugin-transform-unicode-sets-regex@7.29.7
4156 verbose stack Invalid: lock file's @babel/preset-modules@0.1.6 does not satisfy @babel/preset-modules@0.1.6-no-external-plugins
4156 verbose stack Invalid: lock file's core-js-compat@3.46.0 does not satisfy core-js-compat@3.49.0
4156 verbose stack Invalid: lock file's @babel/helper-skip-transparent-expression-wrappers@7.27.1 does not satisfy @babel/helper-skip-transparent-expression-wrappers@7.29.7
4156 verbose stack Invalid: lock file's @babel/helper-create-regexp-features-plugin@7.28.5 does not satisfy @babel/helper-create-regexp-features-plugin@7.29.7
4156 verbose stack Invalid: lock file's @babel/helper-annotate-as-pure@7.27.3 does not satisfy @babel/helper-annotate-as-pure@7.29.7
4156 verbose stack Invalid: lock file's @babel/helper-create-class-features-plugin@7.28.5 does not satisfy @babel/helper-create-class-features-plugin@7.29.7
4156 verbose stack Invalid: lock file's @babel/helper-annotate-as-pure@7.27.3 does not satisfy @babel/helper-annotate-as-pure@7.29.7
4156 verbose stack Invalid: lock file's @babel/helper-member-expression-to-functions@7.28.5 does not satisfy @babel/helper-member-expression-to-functions@7.29.7
4156 verbose stack Invalid: lock file's @babel/helper-optimise-call-expression@7.27.1 does not satisfy @babel/helper-optimise-call-expression@7.29.7
4156 verbose stack Invalid: lock file's @babel/helper-replace-supers@7.27.1 does not satisfy @babel/helper-replace-supers@7.29.7
4156 verbose stack Invalid: lock file's @babel/helper-annotate-as-pure@7.27.3 does not satisfy @babel/helper-annotate-as-pure@7.29.7
4156 verbose stack Invalid: lock file's @babel/helper-compilation-targets@7.27.2 does not satisfy @babel/helper-compilation-targets@7.29.7
4156 verbose stack Invalid: lock file's @babel/helper-globals@7.28.0 does not satisfy @babel/helper-globals@7.29.7
4156 verbose stack Invalid: lock file's @babel/compat-data@7.28.5 does not satisfy @babel/compat-data@7.29.7
4156 verbose stack Invalid: lock file's @babel/helper-validator-option@7.27.1 does not satisfy @babel/helper-validator-option@7.29.7
4156 verbose stack Invalid: lock file's @babel/helper-module-transforms@7.28.3 does not satisfy @babel/helper-module-transforms@7.29.7
4156 verbose stack Invalid: lock file's @babel/helper-module-imports@7.27.1 does not satisfy @babel/helper-module-imports@7.29.7
4156 verbose stack Invalid: lock file's @babel/helper-validator-identifier@7.28.5 does not satisfy @babel/helper-validator-identifier@7.29.7
4156 verbose stack Invalid: lock file's @babel/helper-annotate-as-pure@7.27.3 does not satisfy @babel/helper-annotate-as-pure@7.29.7
4156 verbose stack Invalid: lock file's regenerator-runtime@0.13.11 does not satisfy regenerator-runtime@0.14.1
4156 verbose stack Invalid: lock file's @babel/code-frame@7.27.1 does not satisfy @babel/code-frame@7.29.7
4156 verbose stack Invalid: lock file's @babel/parser@7.28.5 does not satisfy @babel/parser@7.29.7
4156 verbose stack Invalid: lock file's @babel/generator@7.28.5 does not satisfy @babel/generator@7.29.7
4156 verbose stack Invalid: lock file's @babel/helper-string-parser@7.27.1 does not satisfy @babel/helper-string-parser@7.29.7
4156 verbose stack Missing: @inquirer/core@10.3.2 from lock file
4156 verbose stack Missing: @inquirer/type@3.0.10 from lock file
4156 verbose stack Missing: @inquirer/ansi@1.0.2 from lock file
4156 verbose stack Missing: @inquirer/figures@1.0.15 from lock file
4156 verbose stack Invalid: lock file's cli-width@3.0.0 does not satisfy cli-width@4.1.0
4156 verbose stack Invalid: lock file's mute-stream@0.0.8 does not satisfy mute-stream@2.0.0
4156 verbose stack Missing: signal-exit@4.1.0 from lock file
4156 verbose stack Missing: wrap-ansi@6.2.0 from lock file
4156 verbose stack Missing: yoctocolors-cjs@2.1.3 from lock file
4156 verbose stack Missing: @inquirer/checkbox@4.3.2 from lock file
4156 verbose stack Missing: @inquirer/editor@4.2.23 from lock file
4156 verbose stack Missing: @inquirer/expand@4.0.23 from lock file
4156 verbose stack Missing: @inquirer/input@4.3.1 from lock file
4156 verbose stack Missing: @inquirer/number@3.0.23 from lock file
4156 verbose stack Missing: @inquirer/password@4.0.23 from lock file
4156 verbose stack Missing: @inquirer/rawlist@4.1.11 from lock file
4156 verbose stack Missing: @inquirer/search@3.2.2 from lock file
4156 verbose stack Missing: @inquirer/select@4.4.2 from lock file
4156 verbose stack Missing: @inquirer/external-editor@1.0.3 from lock file
4156 verbose stack Invalid: lock file's chardet@0.7.0 does not satisfy chardet@2.1.1
4156 verbose stack Missing: iconv-lite@0.7.2 from lock file
4156 verbose stack Missing: @inquirer/type@1.5.5 from lock file
4156 verbose stack Missing: @primeuix/styled@0.3.2 from lock file
4156 verbose stack Missing: @primeuix/utils@0.3.2 from lock file
4156 verbose stack Missing: fast-uri@3.1.2 from lock file
4156 verbose stack Invalid: lock file's @babel/helper-define-polyfill-provider@0.6.5 does not satisfy @babel/helper-define-polyfill-provider@0.6.8
4156 verbose stack Invalid: lock file's resolve@1.22.11 does not satisfy resolve@1.22.12
4156 verbose stack Invalid: lock file's htmlparser2@8.0.2 does not satisfy htmlparser2@10.1.0
4156 verbose stack Missing: postcss-media-query-parser@0.2.3 from lock file
4156 verbose stack Invalid: lock file's globby@13.2.2 does not satisfy globby@14.1.0
4156 verbose stack Invalid: lock file's browserslist@4.28.0 does not satisfy browserslist@4.28.2
4156 verbose stack Invalid: lock file's baseline-browser-mapping@2.8.26 does not satisfy baseline-browser-mapping@2.10.35
4156 verbose stack Invalid: lock file's caniuse-lite@1.0.30001754 does not satisfy caniuse-lite@1.0.30001797
4156 verbose stack Invalid: lock file's electron-to-chromium@1.5.250 does not satisfy electron-to-chromium@1.5.371
4156 verbose stack Invalid: lock file's node-releases@2.0.27 does not satisfy node-releases@2.0.47
4156 verbose stack Invalid: lock file's update-browserslist-db@1.1.4 does not satisfy update-browserslist-db@1.2.3
4156 verbose stack Missing: @esbuild/aix-ppc64@0.28.0 from lock file
4156 verbose stack Invalid: lock file's @esbuild/android-arm@0.18.17 does not satisfy @esbuild/android-arm@0.28.0
4156 verbose stack Invalid: lock file's @esbuild/android-arm64@0.18.17 does not satisfy @esbuild/android-arm64@0.28.0
4156 verbose stack Invalid: lock file's @esbuild/android-x64@0.18.17 does not satisfy @esbuild/android-x64@0.28.0
4156 verbose stack Invalid: lock file's @esbuild/darwin-arm64@0.18.17 does not satisfy @esbuild/darwin-arm64@0.28.0
4156 verbose stack Invalid: lock file's @esbuild/darwin-x64@0.18.17 does not satisfy @esbuild/darwin-x64@0.28.0
4156 verbose stack Invalid: lock file's @esbuild/freebsd-arm64@0.18.17 does not satisfy @esbuild/freebsd-arm64@0.28.0
4156 verbose stack Invalid: lock file's @esbuild/freebsd-x64@0.18.17 does not satisfy @esbuild/freebsd-x64@0.28.0
4156 verbose stack Invalid: lock file's @esbuild/linux-arm@0.18.17 does not satisfy @esbuild/linux-arm@0.28.0
4156 verbose stack Invalid: lock file's @esbuild/linux-arm64@0.18.17 does not satisfy @esbuild/linux-arm64@0.28.0
4156 verbose stack Invalid: lock file's @esbuild/linux-ia32@0.18.17 does not satisfy @esbuild/linux-ia32@0.28.0
4156 verbose stack Invalid: lock file's @esbuild/linux-loong64@0.18.17 does not satisfy @esbuild/linux-loong64@0.28.0
4156 verbose stack Invalid: lock file's @esbuild/linux-mips64el@0.18.17 does not satisfy @esbuild/linux-mips64el@0.28.0
4156 verbose stack Invalid: lock file's @esbuild/linux-ppc64@0.18.17 does not satisfy @esbuild/linux-ppc64@0.28.0
4156 verbose stack Invalid: lock file's @esbuild/linux-riscv64@0.18.17 does not satisfy @esbuild/linux-riscv64@0.28.0
4156 verbose stack Invalid: lock file's @esbuild/linux-s390x@0.18.17 does not satisfy @esbuild/linux-s390x@0.28.0
4156 verbose stack Invalid: lock file's @esbuild/linux-x64@0.18.17 does not satisfy @esbuild/linux-x64@0.28.0
4156 verbose stack Missing: @esbuild/netbsd-arm64@0.28.0 from lock file
4156 verbose stack Invalid: lock file's @esbuild/netbsd-x64@0.18.17 does not satisfy @esbuild/netbsd-x64@0.28.0
4156 verbose stack Missing: @esbuild/openbsd-arm64@0.28.0 from lock file
4156 verbose stack Invalid: lock file's @esbuild/openbsd-x64@0.18.17 does not satisfy @esbuild/openbsd-x64@0.28.0
4156 verbose stack Missing: @esbuild/openharmony-arm64@0.28.0 from lock file
4156 verbose stack Invalid: lock file's @esbuild/sunos-x64@0.18.17 does not satisfy @esbuild/sunos-x64@0.28.0
4156 verbose stack Invalid: lock file's @esbuild/win32-arm64@0.18.17 does not satisfy @esbuild/win32-arm64@0.28.0
4156 verbose stack Invalid: lock file's @esbuild/win32-ia32@0.18.17 does not satisfy @esbuild/win32-ia32@0.28.0
4156 verbose stack Invalid: lock file's @esbuild/win32-x64@0.18.17 does not satisfy @esbuild/win32-x64@0.28.0
4156 verbose stack Invalid: lock file's fastq@1.19.1 does not satisfy fastq@1.20.1
4156 verbose stack Missing: @sindresorhus/merge-streams@2.3.0 from lock file
4156 verbose stack Invalid: lock file's ignore@5.3.2 does not satisfy ignore@7.0.5
4156 verbose stack Invalid: lock file's path-type@4.0.0 does not satisfy path-type@6.0.0
4156 verbose stack Invalid: lock file's slash@4.0.0 does not satisfy slash@5.1.0
4156 verbose stack Missing: unicorn-magic@0.3.0 from lock file
4156 verbose stack Missing: entities@7.0.1 from lock file
4156 verbose stack Invalid: lock file's is-plain-object@2.0.4 does not satisfy is-plain-object@5.0.0
4156 verbose stack Invalid: lock file's agent-base@6.0.2 does not satisfy agent-base@7.1.4
4156 verbose stack Missing: jasmine-core@4.6.1 from lock file
4156 verbose stack Invalid: lock file's needle@3.3.1 does not satisfy needle@3.5.0
4156 verbose stack Missing: cli-truncate@4.0.0 from lock file
4156 verbose stack Missing: eventemitter3@5.0.4 from lock file
4156 verbose stack Missing: log-update@6.1.0 from lock file
4156 verbose stack Missing: wrap-ansi@9.0.2 from lock file
4156 verbose stack Missing: slice-ansi@5.0.0 from lock file
4156 verbose stack Missing: string-width@7.2.0 from lock file
4156 verbose stack Missing: @lmdb/lmdb-darwin-arm64@3.2.6 from lock file
4156 verbose stack Missing: @lmdb/lmdb-darwin-x64@3.2.6 from lock file
4156 verbose stack Missing: @lmdb/lmdb-linux-arm@3.2.6 from lock file
4156 verbose stack Missing: @lmdb/lmdb-linux-arm64@3.2.6 from lock file
4156 verbose stack Missing: @lmdb/lmdb-linux-x64@3.2.6 from lock file
4156 verbose stack Missing: @lmdb/lmdb-win32-x64@3.2.6 from lock file
4156 verbose stack Missing: msgpackr@1.12.1 from lock file
4156 verbose stack Invalid: lock file's node-addon-api@3.2.1 does not satisfy node-addon-api@6.1.0
4156 verbose stack Missing: node-gyp-build-optional-packages@5.2.2 from lock file
4156 verbose stack Missing: ordered-binary@1.6.1 from lock file
4156 verbose stack Missing: weak-lru-cache@1.2.2 from lock file
4156 verbose stack Invalid: lock file's ansi-escapes@4.3.2 does not satisfy ansi-escapes@7.3.0
4156 verbose stack Missing: cli-cursor@5.0.0 from lock file
4156 verbose stack Missing: slice-ansi@7.1.2 from lock file
4156 verbose stack Missing: strip-ansi@7.2.0 from lock file
4156 verbose stack Missing: wrap-ansi@9.0.2 from lock file
4156 verbose stack Missing: environment@1.1.0 from lock file
4156 verbose stack Invalid: lock file's tapable@2.3.0 does not satisfy tapable@2.3.3
4156 verbose stack Missing: msgpackr-extract@3.0.4 from lock file
4156 verbose stack Missing: @msgpackr-extract/msgpackr-extract-darwin-arm64@3.0.4 from lock file
4156 verbose stack Missing: @msgpackr-extract/msgpackr-extract-darwin-x64@3.0.4 from lock file
4156 verbose stack Missing: @msgpackr-extract/msgpackr-extract-linux-arm@3.0.4 from lock file
4156 verbose stack Missing: @msgpackr-extract/msgpackr-extract-linux-arm64@3.0.4 from lock file
4156 verbose stack Missing: @msgpackr-extract/msgpackr-extract-linux-x64@3.0.4 from lock file
4156 verbose stack Missing: @msgpackr-extract/msgpackr-extract-win32-x64@3.0.4 from lock file
4156 verbose stack Invalid: lock file's sax@1.4.3 does not satisfy sax@1.6.0
4156 verbose stack Missing: detect-libc@2.1.2 from lock file
4156 verbose stack Invalid: lock file's hosted-git-info@6.1.3 does not satisfy hosted-git-info@8.1.0
4156 verbose stack Invalid: lock file's proc-log@3.0.0 does not satisfy proc-log@5.0.0
4156 verbose stack Invalid: lock file's validate-npm-package-name@5.0.1 does not satisfy validate-npm-package-name@6.0.2
4156 verbose stack Invalid: lock file's lru-cache@7.18.3 does not satisfy lru-cache@10.4.3
4156 verbose stack Invalid: lock file's npm-install-checks@6.3.0 does not satisfy npm-install-checks@7.1.2
4156 verbose stack Invalid: lock file's npm-normalize-package-bin@3.0.1 does not satisfy npm-normalize-package-bin@4.0.0
4156 verbose stack Missing: default-browser@5.5.0 from lock file
4156 verbose stack Invalid: lock file's define-lazy-prop@2.0.0 does not satisfy define-lazy-prop@3.0.0
4156 verbose stack Missing: is-inside-container@1.0.0 from lock file
4156 verbose stack Invalid: lock file's is-wsl@2.2.0 does not satisfy is-wsl@3.1.1
4156 verbose stack Missing: bundle-name@4.1.0 from lock file
4156 verbose stack Missing: default-browser-id@5.0.1 from lock file
4156 verbose stack Missing: run-applescript@7.1.0 from lock file
4156 verbose stack Invalid: lock file's is-docker@2.2.1 does not satisfy is-docker@3.0.0
4156 verbose stack Invalid: lock file's @npmcli/git@4.1.0 does not satisfy @npmcli/git@6.0.3
4156 verbose stack Invalid: lock file's @npmcli/installed-package-contents@2.1.0 does not satisfy @npmcli/installed-package-contents@3.0.0
4156 verbose stack Missing: @npmcli/package-json@6.2.0 from lock file
4156 verbose stack Invalid: lock file's @npmcli/promise-spawn@6.0.2 does not satisfy @npmcli/promise-spawn@8.0.3
4156 verbose stack Invalid: lock file's @npmcli/run-script@6.0.2 does not satisfy @npmcli/run-script@9.1.0
4156 verbose stack Invalid: lock file's cacache@17.1.4 does not satisfy cacache@19.0.1
4156 verbose stack Invalid: lock file's minipass@5.0.0 does not satisfy minipass@7.1.3
4156 verbose stack Invalid: lock file's npm-packlist@7.0.4 does not satisfy npm-packlist@9.0.0
4156 verbose stack Invalid: lock file's npm-registry-fetch@14.0.5 does not satisfy npm-registry-fetch@18.0.2
4156 verbose stack Invalid: lock file's sigstore@1.9.0 does not satisfy sigstore@3.1.0
4156 verbose stack Invalid: lock file's ssri@10.0.6 does not satisfy ssri@12.0.0
4156 verbose stack Invalid: lock file's lru-cache@7.18.3 does not satisfy lru-cache@10.4.3
4156 verbose stack Invalid: lock file's which@3.0.1 does not satisfy which@5.0.0
4156 verbose stack Invalid: lock file's npm-bundled@3.0.1 does not satisfy npm-bundled@4.0.0
4156 verbose stack Missing: glob@10.5.0 from lock file
4156 verbose stack Invalid: lock file's json-parse-even-better-errors@2.3.1 does not satisfy json-parse-even-better-errors@4.0.0
4156 verbose stack Invalid: lock file's which@3.0.1 does not satisfy which@5.0.0
4156 verbose stack Invalid: lock file's @npmcli/node-gyp@3.0.0 does not satisfy @npmcli/node-gyp@4.0.0
4156 verbose stack Invalid: lock file's node-gyp@9.4.1 does not satisfy node-gyp@11.5.0
4156 verbose stack Invalid: lock file's which@3.0.1 does not satisfy which@5.0.0
4156 verbose stack Invalid: lock file's @npmcli/fs@3.1.1 does not satisfy @npmcli/fs@4.0.0
4156 verbose stack Invalid: lock file's glob@10.4.5 does not satisfy glob@10.5.0
4156 verbose stack Invalid: lock file's lru-cache@7.18.3 does not satisfy lru-cache@10.4.3
4156 verbose stack Invalid: lock file's minipass-collect@1.0.2 does not satisfy minipass-collect@2.0.1
4156 verbose stack Invalid: lock file's minipass-flush@1.0.5 does not satisfy minipass-flush@1.0.7
4156 verbose stack Invalid: lock file's p-map@4.0.0 does not satisfy p-map@7.0.4
4156 verbose stack Missing: tar@7.5.16 from lock file
4156 verbose stack Invalid: lock file's unique-filename@3.0.0 does not satisfy unique-filename@4.0.0
4156 verbose stack Invalid: lock file's make-fetch-happen@10.2.1 does not satisfy make-fetch-happen@14.0.3
4156 verbose stack Invalid: lock file's nopt@6.0.0 does not satisfy nopt@8.1.0
4156 verbose stack Missing: tar@7.5.16 from lock file
4156 verbose stack Missing: tinyglobby@0.2.17 from lock file
4156 verbose stack Invalid: lock file's which@2.0.2 does not satisfy which@5.0.0
4156 verbose stack Missing: @npmcli/agent@3.0.0 from lock file
4156 verbose stack Invalid: lock file's minipass-fetch@2.1.2 does not satisfy minipass-fetch@4.0.1
4156 verbose stack Invalid: lock file's negotiator@0.6.4 does not satisfy negotiator@1.0.0
4156 verbose stack Invalid: lock file's http-proxy-agent@4.0.1 does not satisfy http-proxy-agent@7.0.2
4156 verbose stack Missing: lru-cache@10.4.3 from lock file
4156 verbose stack Invalid: lock file's socks-proxy-agent@7.0.0 does not satisfy socks-proxy-agent@8.0.5
4156 verbose stack Invalid: lock file's minizlib@2.1.2 does not satisfy minizlib@3.1.0
4156 verbose stack Invalid: lock file's abbrev@1.1.1 does not satisfy abbrev@3.0.1
4156 verbose stack Invalid: lock file's ignore-walk@6.0.5 does not satisfy ignore-walk@7.0.0
4156 verbose stack Invalid: lock file's minimatch@9.0.5 does not satisfy minimatch@9.0.9
4156 verbose stack Missing: @npmcli/redact@3.2.2 from lock file
4156 verbose stack Missing: @napi-rs/nice@1.1.1 from lock file
4156 verbose stack Missing: @napi-rs/nice-android-arm-eabi@1.1.1 from lock file
4156 verbose stack Missing: @napi-rs/nice-android-arm64@1.1.1 from lock file
4156 verbose stack Missing: @napi-rs/nice-darwin-arm64@1.1.1 from lock file
4156 verbose stack Missing: @napi-rs/nice-darwin-x64@1.1.1 from lock file
4156 verbose stack Missing: @napi-rs/nice-freebsd-x64@1.1.1 from lock file
4156 verbose stack Missing: @napi-rs/nice-linux-arm-gnueabihf@1.1.1 from lock file
4156 verbose stack Missing: @napi-rs/nice-linux-arm64-gnu@1.1.1 from lock file
4156 verbose stack Missing: @napi-rs/nice-linux-arm64-musl@1.1.1 from lock file
4156 verbose stack Missing: @napi-rs/nice-linux-ppc64-gnu@1.1.1 from lock file
4156 verbose stack Missing: @napi-rs/nice-linux-riscv64-gnu@1.1.1 from lock file
4156 verbose stack Missing: @napi-rs/nice-linux-s390x-gnu@1.1.1 from lock file
4156 verbose stack Missing: @napi-rs/nice-linux-x64-gnu@1.1.1 from lock file
4156 verbose stack Missing: @napi-rs/nice-linux-x64-musl@1.1.1 from lock file
4156 verbose stack Missing: @napi-rs/nice-openharmony-arm64@1.1.1 from lock file
4156 verbose stack Missing: @napi-rs/nice-win32-arm64-msvc@1.1.1 from lock file
4156 verbose stack Missing: @napi-rs/nice-win32-ia32-msvc@1.1.1 from lock file
4156 verbose stack Missing: @napi-rs/nice-win32-x64-msvc@1.1.1 from lock file
4156 verbose stack Invalid: lock file's find-up@4.1.0 does not satisfy find-up@6.3.0
4156 verbose stack Invalid: lock file's locate-path@5.0.0 does not satisfy locate-path@7.2.0
4156 verbose stack Invalid: lock file's path-exists@4.0.0 does not satisfy path-exists@5.0.0
4156 verbose stack Invalid: lock file's p-locate@4.1.0 does not satisfy p-locate@6.0.0
4156 verbose stack Invalid: lock file's p-limit@2.3.0 does not satisfy p-limit@4.0.0
4156 verbose stack Invalid: lock file's cosmiconfig@8.3.6 does not satisfy cosmiconfig@9.0.2
4156 verbose stack Invalid: lock file's js-yaml@3.14.1 does not satisfy js-yaml@4.2.0
4156 verbose stack Invalid: lock file's resolve-from@5.0.0 does not satisfy resolve-from@4.0.0
4156 verbose stack Invalid: lock file's argparse@1.0.10 does not satisfy argparse@2.0.1
4156 verbose stack Missing: json-parse-even-better-errors@2.3.1 from lock file
4156 verbose stack Invalid: lock file's postcss-selector-parser@7.1.0 does not satisfy postcss-selector-parser@7.1.2
4156 verbose stack Invalid: lock file's regjsparser@0.13.0 does not satisfy regjsparser@0.13.1
4156 verbose stack Invalid: lock file's is-core-module@2.16.1 does not satisfy is-core-module@2.16.2
4156 verbose stack Invalid: lock file's hasown@2.0.2 does not satisfy hasown@2.0.4
4156 verbose stack Missing: @rollup/rollup-android-arm-eabi@4.59.0 from lock file
4156 verbose stack Missing: @rollup/rollup-android-arm64@4.59.0 from lock file
4156 verbose stack Missing: @rollup/rollup-darwin-arm64@4.59.0 from lock file
4156 verbose stack Missing: @rollup/rollup-darwin-x64@4.59.0 from lock file
4156 verbose stack Missing: @rollup/rollup-freebsd-arm64@4.59.0 from lock file
4156 verbose stack Missing: @rollup/rollup-freebsd-x64@4.59.0 from lock file
4156 verbose stack Missing: @rollup/rollup-linux-arm-gnueabihf@4.59.0 from lock file
4156 verbose stack Missing: @rollup/rollup-linux-arm-musleabihf@4.59.0 from lock file
4156 verbose stack Missing: @rollup/rollup-linux-arm64-gnu@4.59.0 from lock file
4156 verbose stack Missing: @rollup/rollup-linux-arm64-musl@4.59.0 from lock file
4156 verbose stack Missing: @rollup/rollup-linux-loong64-gnu@4.59.0 from lock file
4156 verbose stack Missing: @rollup/rollup-linux-loong64-musl@4.59.0 from lock file
4156 verbose stack Missing: @rollup/rollup-linux-ppc64-gnu@4.59.0 from lock file
4156 verbose stack Missing: @rollup/rollup-linux-ppc64-musl@4.59.0 from lock file
4156 verbose stack Missing: @rollup/rollup-linux-riscv64-gnu@4.59.0 from lock file
4156 verbose stack Missing: @rollup/rollup-linux-riscv64-musl@4.59.0 from lock file
4156 verbose stack Missing: @rollup/rollup-linux-s390x-gnu@4.59.0 from lock file
4156 verbose stack Missing: @rollup/rollup-linux-x64-gnu@4.59.0 from lock file
4156 verbose stack Missing: @rollup/rollup-linux-x64-musl@4.59.0 from lock file
4156 verbose stack Missing: @rollup/rollup-openbsd-x64@4.59.0 from lock file
4156 verbose stack Missing: @rollup/rollup-openharmony-arm64@4.59.0 from lock file
4156 verbose stack Missing: @rollup/rollup-win32-arm64-msvc@4.59.0 from lock file
4156 verbose stack Missing: @rollup/rollup-win32-ia32-msvc@4.59.0 from lock file
4156 verbose stack Missing: @rollup/rollup-win32-x64-gnu@4.59.0 from lock file
4156 verbose stack Missing: @rollup/rollup-win32-x64-msvc@4.59.0 from lock file
4156 verbose stack Missing: @parcel/watcher@2.5.6 from lock file
4156 verbose stack Missing: chokidar@4.0.3 from lock file
4156 verbose stack Invalid: lock file's immutable@4.3.7 does not satisfy immutable@5.1.6
4156 verbose stack Missing: @parcel/watcher-android-arm64@2.5.6 from lock file
4156 verbose stack Missing: @parcel/watcher-darwin-arm64@2.5.6 from lock file
4156 verbose stack Missing: @parcel/watcher-darwin-x64@2.5.6 from lock file
4156 verbose stack Missing: @parcel/watcher-freebsd-x64@2.5.6 from lock file
4156 verbose stack Missing: @parcel/watcher-linux-arm-glibc@2.5.6 from lock file
4156 verbose stack Missing: @parcel/watcher-linux-arm-musl@2.5.6 from lock file
4156 verbose stack Missing: @parcel/watcher-linux-arm64-glibc@2.5.6 from lock file
4156 verbose stack Missing: @parcel/watcher-linux-arm64-musl@2.5.6 from lock file
4156 verbose stack Missing: @parcel/watcher-linux-x64-glibc@2.5.6 from lock file
4156 verbose stack Missing: @parcel/watcher-linux-x64-musl@2.5.6 from lock file
4156 verbose stack Missing: @parcel/watcher-win32-arm64@2.5.6 from lock file
4156 verbose stack Missing: @parcel/watcher-win32-ia32@2.5.6 from lock file
4156 verbose stack Missing: @parcel/watcher-win32-x64@2.5.6 from lock file
4156 verbose stack Missing: node-addon-api@7.1.1 from lock file
4156 verbose stack Missing: picomatch@4.0.4 from lock file
4156 verbose stack Missing: ajv-formats@2.1.1 from lock file
4156 verbose stack Invalid: lock file's @sigstore/bundle@1.1.0 does not satisfy @sigstore/bundle@3.1.0
4156 verbose stack Missing: @sigstore/core@2.0.0 from lock file
4156 verbose stack Invalid: lock file's @sigstore/protobuf-specs@0.2.1 does not satisfy @sigstore/protobuf-specs@0.4.3
4156 verbose stack Invalid: lock file's @sigstore/sign@1.0.0 does not satisfy @sigstore/sign@3.1.0
4156 verbose stack Invalid: lock file's @sigstore/tuf@1.0.3 does not satisfy @sigstore/tuf@3.1.1
4156 verbose stack Missing: @sigstore/verify@2.1.1 from lock file
4156 verbose stack Invalid: lock file's tuf-js@1.1.7 does not satisfy tuf-js@3.1.0
4156 verbose stack Missing: ansi-styles@6.2.3 from lock file
4156 verbose stack Missing: is-fullwidth-code-point@4.0.0 from lock file
4156 verbose stack Invalid: lock file's socks@2.8.7 does not satisfy socks@2.8.9
4156 verbose stack Invalid: lock file's ip-address@10.1.0 does not satisfy ip-address@10.2.0
4156 verbose stack Missing: minipass@5.0.0 from lock file
4156 verbose stack Missing: minizlib@2.1.2 from lock file
4156 verbose stack Invalid: lock file's acorn@8.15.0 does not satisfy acorn@8.16.0
4156 verbose stack Missing: fdir@6.5.0 from lock file
4156 verbose stack Missing: picomatch@4.0.4 from lock file
4156 verbose stack Invalid: lock file's @tufjs/models@1.0.4 does not satisfy @tufjs/models@3.0.1
4156 verbose stack Invalid: lock file's @tufjs/canonical-json@1.0.0 does not satisfy @tufjs/canonical-json@2.0.0
4156 verbose stack Invalid: lock file's minimatch@9.0.5 does not satisfy minimatch@9.0.9
4156 verbose stack Invalid: lock file's unique-slug@4.0.0 does not satisfy unique-slug@5.0.0
4156 verbose stack Invalid: lock file's spdx-license-ids@3.0.22 does not satisfy spdx-license-ids@3.0.23
4156 verbose stack Missing: esbuild@0.25.12 from lock file
4156 verbose stack Missing: picomatch@4.0.4 from lock file
4156 verbose stack Missing: @types/eslint-scope@3.7.7 from lock file
4156 verbose stack Missing: acorn-import-phases@1.0.4 from lock file
4156 verbose stack Invalid: lock file's enhanced-resolve@5.18.3 does not satisfy enhanced-resolve@5.23.0
4156 verbose stack Invalid: lock file's es-module-lexer@1.7.0 does not satisfy es-module-lexer@2.1.0
4156 verbose stack Missing: json-parse-even-better-errors@2.3.1 from lock file
4156 verbose stack Invalid: lock file's loader-runner@4.3.1 does not satisfy loader-runner@4.3.2
4156 verbose stack Invalid: lock file's terser-webpack-plugin@5.3.14 does not satisfy terser-webpack-plugin@5.6.1
4156 verbose stack Missing: watchpack@2.5.1 from lock file
4156 verbose stack Missing: @types/eslint@9.6.1 from lock file
4156 verbose stack Invalid: lock file's estraverse@5.3.0 does not satisfy estraverse@4.3.0
4156 verbose stack Missing: estraverse@5.3.0 from lock file
4156 verbose stack Invalid: lock file's memfs@3.5.3 does not satisfy memfs@4.57.7
4156 verbose stack Missing: @jsonjoy.com/fs-core@4.57.7 from lock file
4156 verbose stack Missing: @jsonjoy.com/fs-fsa@4.57.7 from lock file
4156 verbose stack Missing: @jsonjoy.com/fs-node@4.57.7 from lock file
4156 verbose stack Missing: @jsonjoy.com/fs-node-builtins@4.57.7 from lock file
4156 verbose stack Missing: @jsonjoy.com/fs-node-to-fsa@4.57.7 from lock file
4156 verbose stack Missing: @jsonjoy.com/fs-node-utils@4.57.7 from lock file
4156 verbose stack Missing: @jsonjoy.com/fs-print@4.57.7 from lock file
4156 verbose stack Missing: @jsonjoy.com/fs-snapshot@4.57.7 from lock file
4156 verbose stack Missing: @jsonjoy.com/json-pack@1.21.0 from lock file
4156 verbose stack Missing: @jsonjoy.com/util@1.9.0 from lock file
4156 verbose stack Missing: glob-to-regex.js@1.2.0 from lock file
4156 verbose stack Missing: thingies@2.6.0 from lock file
4156 verbose stack Missing: tree-dump@1.1.0 from lock file
4156 verbose stack Missing: @jsonjoy.com/buffers@17.67.0 from lock file
4156 verbose stack Missing: @jsonjoy.com/json-pack@17.67.0 from lock file
4156 verbose stack Missing: @jsonjoy.com/util@17.67.0 from lock file
4156 verbose stack Missing: @jsonjoy.com/base64@1.1.2 from lock file
4156 verbose stack Missing: @jsonjoy.com/buffers@1.2.1 from lock file
4156 verbose stack Missing: @jsonjoy.com/codegen@1.0.0 from lock file
4156 verbose stack Missing: @jsonjoy.com/json-pointer@1.0.2 from lock file
4156 verbose stack Missing: hyperdyperid@1.2.0 from lock file
4156 verbose stack Missing: @jsonjoy.com/buffers@1.2.1 from lock file
4156 verbose stack Invalid: lock file's @types/express-serve-static-core@5.1.0 does not satisfy @types/express-serve-static-core@4.19.8
4156 verbose stack Invalid: lock file's bonjour-service@1.3.0 does not satisfy bonjour-service@1.4.1
4156 verbose stack Invalid: lock file's chokidar@3.5.3 does not satisfy chokidar@3.6.0
4156 verbose stack Invalid: lock file's express@4.21.2 does not satisfy express@4.22.2
4156 verbose stack Missing: http-proxy-middleware@2.0.9 from lock file
4156 verbose stack Invalid: lock file's ipaddr.js@2.2.0 does not satisfy ipaddr.js@2.4.0
4156 verbose stack Invalid: lock file's launch-editor@2.12.0 does not satisfy launch-editor@2.14.1
4156 verbose stack Invalid: lock file's p-retry@4.6.2 does not satisfy p-retry@6.2.1
4156 verbose stack Invalid: lock file's serve-index@1.9.1 does not satisfy serve-index@1.9.2
4156 verbose stack Invalid: lock file's ws@7.5.10 does not satisfy ws@8.21.0
4156 verbose stack Invalid: lock file's @types/qs@6.14.0 does not satisfy @types/qs@6.15.1
4156 verbose stack Missing: negotiator@0.6.4 from lock file
4156 verbose stack Invalid: lock file's body-parser@1.20.3 does not satisfy body-parser@1.20.5
4156 verbose stack Invalid: lock file's cookie-signature@1.0.6 does not satisfy cookie-signature@1.0.7
4156 verbose stack Invalid: lock file's finalhandler@1.3.1 does not satisfy finalhandler@1.3.2
4156 verbose stack Invalid: lock file's path-to-regexp@0.1.12 does not satisfy path-to-regexp@0.1.13
4156 verbose stack Invalid: lock file's qs@6.13.0 does not satisfy qs@6.15.2
4156 verbose stack Invalid: lock file's send@0.19.0 does not satisfy send@0.19.2
4156 verbose stack Invalid: lock file's serve-static@1.16.2 does not satisfy serve-static@1.16.3
4156 verbose stack Invalid: lock file's statuses@2.0.1 does not satisfy statuses@2.0.2
4156 verbose stack Missing: http-errors@2.0.1 from lock file
4156 verbose stack Invalid: lock file's raw-body@2.5.2 does not satisfy raw-body@2.5.3
4156 verbose stack Invalid: lock file's shell-quote@1.8.3 does not satisfy shell-quote@1.8.4
4156 verbose stack Invalid: lock file's @types/retry@0.12.0 does not satisfy @types/retry@0.12.2
4156 verbose stack Missing: is-network-error@1.3.2 from lock file
4156 verbose stack Invalid: lock file's side-channel@1.1.0 does not satisfy side-channel@1.1.1
4156 verbose stack Missing: http-errors@2.0.1 from lock file
4156 verbose stack Invalid: lock file's node-forge@1.3.1 does not satisfy node-forge@1.4.0
4156 verbose stack Missing: encodeurl@2.0.0 from lock file
4156 verbose stack Missing: http-errors@2.0.1 from lock file
4156 verbose stack Invalid: lock file's statuses@2.0.1 does not satisfy statuses@2.0.2
4156 verbose stack Invalid: lock file's http-errors@1.6.3 does not satisfy http-errors@1.8.1
4156 verbose stack Invalid: lock file's side-channel-list@1.0.0 does not satisfy side-channel-list@1.0.1
4156 verbose stack Invalid: lock file's websocket-driver@0.7.4 does not satisfy websocket-driver@0.7.5
4156 verbose stack Missing: flat@5.0.2 from lock file
4156 verbose stack Missing: is-plain-object@2.0.4 from lock file
4156 verbose stack Missing: convert-source-map@2.0.0 from lock file
4156 verbose stack Missing: semver@6.3.1 from lock file
4156 verbose stack Missing: convert-source-map@2.0.0 from lock file
4156 verbose stack Missing: semver@6.3.1 from lock file
4156 verbose stack Missing: readdirp@4.1.2 from lock file
4156 verbose stack Missing: @jsonjoy.com/base64@17.67.0 from lock file
4156 verbose stack Missing: @jsonjoy.com/codegen@17.67.0 from lock file
4156 verbose stack Missing: @jsonjoy.com/json-pointer@17.67.0 from lock file
4156 verbose stack Missing: mute-stream@1.0.0 from lock file
4156 verbose stack Missing: isexe@3.1.5 from lock file
4156 verbose stack Missing: minimatch@9.0.9 from lock file
4156 verbose stack Invalid: lock file's strip-ansi@7.1.2 does not satisfy strip-ansi@7.2.0
4156 verbose stack Missing: brace-expansion@2.1.1 from lock file
4156 verbose stack Missing: isexe@3.1.5 from lock file
4156 verbose stack Missing: isexe@3.1.5 from lock file
4156 verbose stack Invalid: lock file's brace-expansion@2.0.2 does not satisfy brace-expansion@2.1.1
4156 verbose stack Missing: statuses@2.0.2 from lock file
4156 verbose stack Invalid: lock file's minimatch@9.0.5 does not satisfy minimatch@9.0.9
4156 verbose stack Invalid: lock file's brace-expansion@2.0.2 does not satisfy brace-expansion@2.1.1
4156 verbose stack Missing: @isaacs/fs-minipass@4.0.1 from lock file
4156 verbose stack Missing: chownr@3.0.0 from lock file
4156 verbose stack Missing: yallist@5.0.0 from lock file
4156 verbose stack Missing: emoji-regex@10.6.0 from lock file
4156 verbose stack Missing: get-east-asian-width@1.6.0 from lock file
4156 verbose stack Missing: strip-ansi@7.2.0 from lock file
4156 verbose stack Missing: ansi-regex@6.2.2 from lock file
4156 verbose stack Invalid: lock file's brace-expansion@2.0.2 does not satisfy brace-expansion@2.1.1
4156 verbose stack Missing: ansi-styles@6.2.3 from lock file
4156 verbose stack Missing: string-width@7.2.0 from lock file
4156 verbose stack Missing: strip-ansi@7.2.0 from lock file
4156 verbose stack Missing: emoji-regex@10.6.0 from lock file
4156 verbose stack Missing: ansi-regex@6.2.2 from lock file
4156 verbose stack Missing: restore-cursor@5.1.0 from lock file
4156 verbose stack Missing: onetime@7.0.0 from lock file
4156 verbose stack Missing: signal-exit@4.1.0 from lock file
4156 verbose stack Missing: mimic-function@5.0.1 from lock file
4156 verbose stack Missing: ansi-styles@6.2.3 from lock file
4156 verbose stack Missing: is-fullwidth-code-point@5.1.0 from lock file
4156 verbose stack Missing: ansi-regex@6.2.2 from lock file
4156 verbose stack Missing: string-width@7.2.0 from lock file
4156 verbose stack Missing: emoji-regex@10.6.0 from lock file
4156 verbose stack Missing: chownr@3.0.0 from lock file
4156 verbose stack Missing: yallist@5.0.0 from lock file
4156 verbose stack Missing: isexe@3.1.5 from lock file
4156 verbose stack Missing: statuses@2.0.2 from lock file
4156 verbose stack Missing: readdirp@4.1.2 from lock file
4156 verbose stack Missing: minipass@3.3.6 from lock file
4156 verbose stack Missing: @esbuild/aix-ppc64@0.25.12 from lock file
4156 verbose stack Missing: @esbuild/android-arm@0.25.12 from lock file
4156 verbose stack Missing: @esbuild/android-arm64@0.25.12 from lock file
4156 verbose stack Missing: @esbuild/android-x64@0.25.12 from lock file
4156 verbose stack Missing: @esbuild/darwin-arm64@0.25.12 from lock file
4156 verbose stack Missing: @esbuild/darwin-x64@0.25.12 from lock file
4156 verbose stack Missing: @esbuild/freebsd-arm64@0.25.12 from lock file
4156 verbose stack Missing: @esbuild/freebsd-x64@0.25.12 from lock file
4156 verbose stack Missing: @esbuild/linux-arm@0.25.12 from lock file
4156 verbose stack Missing: @esbuild/linux-arm64@0.25.12 from lock file
4156 verbose stack Missing: @esbuild/linux-ia32@0.25.12 from lock file
4156 verbose stack Missing: @esbuild/linux-loong64@0.25.12 from lock file
4156 verbose stack Missing: @esbuild/linux-mips64el@0.25.12 from lock file
4156 verbose stack Missing: @esbuild/linux-ppc64@0.25.12 from lock file
4156 verbose stack Missing: @esbuild/linux-riscv64@0.25.12 from lock file
4156 verbose stack Missing: @esbuild/linux-s390x@0.25.12 from lock file
4156 verbose stack Missing: @esbuild/linux-x64@0.25.12 from lock file
4156 verbose stack Missing: @esbuild/netbsd-arm64@0.25.12 from lock file
4156 verbose stack Missing: @esbuild/netbsd-x64@0.25.12 from lock file
4156 verbose stack Missing: @esbuild/openbsd-arm64@0.25.12 from lock file
4156 verbose stack Missing: @esbuild/openbsd-x64@0.25.12 from lock file
4156 verbose stack Missing: @esbuild/openharmony-arm64@0.25.12 from lock file
4156 verbose stack Missing: @esbuild/sunos-x64@0.25.12 from lock file
4156 verbose stack Missing: @esbuild/win32-arm64@0.25.12 from lock file
4156 verbose stack Missing: @esbuild/win32-ia32@0.25.12 from lock file
4156 verbose stack Missing: @esbuild/win32-x64@0.25.12 from lock file
4156 verbose stack
4156 verbose stack Clean install a project
4156 verbose stack
4156 verbose stack Usage:
4156 verbose stack npm ci
4156 verbose stack
4156 verbose stack Options:
4156 verbose stack [--install-strategy <hoisted|nested|shallow|linked>] [--legacy-bundling]
4156 verbose stack [--global-style] [--omit <dev|optional|peer> [--omit <dev|optional|peer> ...]]
4156 verbose stack [--include <prod|dev|optional|peer> [--include <prod|dev|optional|peer> ...]]
4156 verbose stack [--strict-peer-deps] [--foreground-scripts] [--ignore-scripts]
4156 verbose stack [--allow-git <all|none|root>] [--no-audit] [--no-bin-links] [--no-fund]
4156 verbose stack [--dry-run]
4156 verbose stack [-w|--workspace <workspace-name> [-w|--workspace <workspace-name> ...]]
4156 verbose stack [--workspaces] [--include-workspace-root] [--install-links]
4156 verbose stack
4156 verbose stack   --install-strategy
4156 verbose stack     Sets the strategy for installing packages in node_modules.
4156 verbose stack
4156 verbose stack   --legacy-bundling
4156 verbose stack     Instead of hoisting package installs in `node_modules`, install packages
4156 verbose stack
4156 verbose stack   --global-style
4156 verbose stack     Only install direct dependencies in the top level `node_modules`,
4156 verbose stack
4156 verbose stack   --omit
4156 verbose stack     Dependency types to omit from the installation tree on disk.
4156 verbose stack
4156 verbose stack   --include
4156 verbose stack     Option that allows for defining which types of dependencies to install.
4156 verbose stack
4156 verbose stack   --strict-peer-deps
4156 verbose stack     If set to `true`, and `--legacy-peer-deps` is not set, then _any_
4156 verbose stack
4156 verbose stack   --foreground-scripts
4156 verbose stack     Run all build scripts (ie, `preinstall`, `install`, and
4156 verbose stack
4156 verbose stack   --ignore-scripts
4156 verbose stack     If true, npm does not run scripts specified in package.json files.
4156 verbose stack
4156 verbose stack   --allow-git
4156 verbose stack     Limits the ability for npm to fetch dependencies from git references.
4156 verbose stack
4156 verbose stack   --audit
4156 verbose stack     When "true" submit audit reports alongside the current npm command to the
4156 verbose stack
4156 verbose stack   --bin-links
4156 verbose stack     Tells npm to create symlinks (or `.cmd` shims on Windows) for package
4156 verbose stack
4156 verbose stack   --fund
4156 verbose stack     When "true" displays the message at the end of each `npm install`
4156 verbose stack
4156 verbose stack   --dry-run
4156 verbose stack     Indicates that you don't want npm to make any changes and that it should
4156 verbose stack
4156 verbose stack   -w|--workspace
4156 verbose stack     Enable running a command in the context of the configured workspaces of the
4156 verbose stack
4156 verbose stack   --workspaces
4156 verbose stack     Set to true to run the command in the context of **all** configured
4156 verbose stack
4156 verbose stack   --include-workspace-root
4156 verbose stack     Include the workspace root when workspaces are enabled for a command.
4156 verbose stack
4156 verbose stack   --install-links
4156 verbose stack     When set file: protocol dependencies will be packed and installed as
4156 verbose stack
4156 verbose stack
4156 verbose stack aliases: clean-install, ic, install-clean, isntall-clean
4156 verbose stack
4156 verbose stack Run "npm help ci" for more info
4156 verbose stack     at CI.usageError (C:\Program Files\nodejs\node_modules\npm\lib\base-cmd.js:177:26)
4156 verbose stack     at CI.exec (C:\Program Files\nodejs\node_modules\npm\lib\commands\ci.js:73:18)
4156 verbose stack     at async Npm.exec (C:\Program Files\nodejs\node_modules\npm\lib\npm.js:193:9)
4156 verbose stack     at async module.exports (C:\Program Files\nodejs\node_modules\npm\lib\cli\entry.js:67:5)
4157 error code EUSAGE
4158 error
4158 error `npm ci` can only install packages when your package.json and package-lock.json or npm-shrinkwrap.json are in sync. Please update your lock file with `npm install` before continuing.
4158 error
4158 error Invalid: lock file's @angular-devkit/build-angular@16.2.16 does not satisfy @angular-devkit/build-angular@19.2.27
4158 error Invalid: lock file's @angular/animations@16.2.12 does not satisfy @angular/animations@19.2.25
4158 error Invalid: lock file's @angular/cli@16.1.8 does not satisfy @angular/cli@19.2.27
4158 error Invalid: lock file's @angular/common@16.2.12 does not satisfy @angular/common@19.2.25
4158 error Invalid: lock file's @angular/compiler@16.2.12 does not satisfy @angular/compiler@19.2.25
4158 error Invalid: lock file's @angular/compiler-cli@16.2.12 does not satisfy @angular/compiler-cli@19.2.25
4158 error Invalid: lock file's @angular/core@16.2.12 does not satisfy @angular/core@19.2.25
4158 error Invalid: lock file's @angular/forms@16.2.12 does not satisfy @angular/forms@19.2.25
4158 error Invalid: lock file's @angular/platform-browser@16.2.12 does not satisfy @angular/platform-browser@19.2.25
4158 error Invalid: lock file's @angular/platform-browser-dynamic@16.2.12 does not satisfy @angular/platform-browser-dynamic@19.2.25
4158 error Invalid: lock file's @angular/router@16.2.12 does not satisfy @angular/router@19.2.25
4158 error Missing: @primeng/themes@19.1.4 from lock file
4158 error Invalid: lock file's @types/jasmine@4.3.6 does not satisfy @types/jasmine@5.1.15
4158 error Invalid: lock file's jasmine-core@4.6.1 does not satisfy jasmine-core@5.2.0
4158 error Invalid: lock file's primeicons@6.0.1 does not satisfy primeicons@7.0.0
4158 error Invalid: lock file's primeng@16.0.2 does not satisfy primeng@19.1.4
4158 error Invalid: lock file's typescript@5.1.6 does not satisfy typescript@5.5.4
4158 error Invalid: lock file's zone.js@0.13.3 does not satisfy zone.js@0.15.1
4158 error Invalid: lock file's @ampproject/remapping@2.2.1 does not satisfy @ampproject/remapping@2.3.0
4158 error Invalid: lock file's @angular-devkit/architect@0.1602.16 does not satisfy @angular-devkit/architect@0.1902.27
4158 error Invalid: lock file's @angular-devkit/build-webpack@0.1602.16 does not satisfy @angular-devkit/build-webpack@0.1902.27
4158 error Invalid: lock file's @angular-devkit/core@16.2.16 does not satisfy @angular-devkit/core@19.2.27
4158 error Missing: @angular/build@19.2.27 from lock file
4158 error Missing: @babel/core@7.26.10 from lock file
4158 error Invalid: lock file's @babel/generator@7.22.9 does not satisfy @babel/generator@7.26.10
4158 error Invalid: lock file's @babel/helper-annotate-as-pure@7.22.5 does not satisfy @babel/helper-annotate-as-pure@7.25.9
4158 error Invalid: lock file's @babel/helper-split-export-declaration@7.22.6 does not satisfy @babel/helper-split-export-declaration@7.24.7
4158 error Invalid: lock file's @babel/plugin-transform-async-generator-functions@7.28.0 does not satisfy @babel/plugin-transform-async-generator-functions@7.26.8
4158 error Invalid: lock file's @babel/plugin-transform-async-to-generator@7.22.5 does not satisfy @babel/plugin-transform-async-to-generator@7.25.9
4158 error Invalid: lock file's @babel/plugin-transform-runtime@7.22.9 does not satisfy @babel/plugin-transform-runtime@7.26.10
4158 error Invalid: lock file's @babel/preset-env@7.22.9 does not satisfy @babel/preset-env@7.26.9
4158 error Invalid: lock file's @babel/runtime@7.22.6 does not satisfy @babel/runtime@7.26.10
4158 error Invalid: lock file's @discoveryjs/json-ext@0.5.7 does not satisfy @discoveryjs/json-ext@0.6.3
4158 error Invalid: lock file's @ngtools/webpack@16.2.16 does not satisfy @ngtools/webpack@19.2.27
4158 error Invalid: lock file's @vitejs/plugin-basic-ssl@1.0.1 does not satisfy @vitejs/plugin-basic-ssl@1.2.0
4158 error Invalid: lock file's autoprefixer@10.4.14 does not satisfy autoprefixer@10.4.20
4158 error Invalid: lock file's babel-loader@9.1.3 does not satisfy babel-loader@9.2.1
4158 error Invalid: lock file's copy-webpack-plugin@11.0.0 does not satisfy copy-webpack-plugin@12.0.2
4158 error Invalid: lock file's css-loader@6.8.1 does not satisfy css-loader@7.1.2
4158 error Invalid: lock file's esbuild@0.18.17 does not satisfy esbuild@0.28.0
4158 error Invalid: lock file's esbuild-wasm@0.18.17 does not satisfy esbuild-wasm@0.28.0
4158 error Invalid: lock file's fast-glob@3.3.1 does not satisfy fast-glob@3.3.3
4158 error Invalid: lock file's http-proxy-middleware@2.0.9 does not satisfy http-proxy-middleware@3.0.5
4158 error Missing: istanbul-lib-instrument@6.0.3 from lock file
4158 error Invalid: lock file's jsonc-parser@3.2.0 does not satisfy jsonc-parser@3.3.1
4158 error Invalid: lock file's less@4.1.3 does not satisfy less@4.2.2
4158 error Invalid: lock file's less-loader@11.1.0 does not satisfy less-loader@12.2.0
4158 error Invalid: lock file's loader-utils@3.2.1 does not satisfy loader-utils@3.3.1
4158 error Invalid: lock file's mini-css-extract-plugin@2.7.6 does not satisfy mini-css-extract-plugin@2.9.2
4158 error Invalid: lock file's open@8.4.2 does not satisfy open@10.1.0
4158 error Missing: picomatch@4.0.4 from lock file
4158 error Invalid: lock file's piscina@4.0.0 does not satisfy piscina@4.8.0
4158 error Invalid: lock file's postcss@8.4.31 does not satisfy postcss@8.5.12
4158 error Invalid: lock file's postcss-loader@7.3.3 does not satisfy postcss-loader@8.1.1
4158 error Invalid: lock file's sass@1.64.1 does not satisfy sass@1.85.0
4158 error Invalid: lock file's sass-loader@13.3.2 does not satisfy sass-loader@16.0.5
4158 error Missing: semver@7.7.1 from lock file
4158 error Invalid: lock file's source-map-loader@4.0.1 does not satisfy source-map-loader@5.0.0
4158 error Invalid: lock file's terser@5.19.2 does not satisfy terser@5.39.0
4158 error Invalid: lock file's webpack@5.94.0 does not satisfy webpack@5.105.0
4158 error Invalid: lock file's webpack-dev-middleware@6.1.2 does not satisfy webpack-dev-middleware@7.4.2
4158 error Invalid: lock file's webpack-dev-server@4.15.1 does not satisfy webpack-dev-server@5.2.2
4158 error Invalid: lock file's webpack-merge@5.9.0 does not satisfy webpack-merge@6.0.1
4158 error Invalid: lock file's ajv@8.12.0 does not satisfy ajv@8.18.0
4158 error Invalid: lock file's ajv-formats@2.1.1 does not satisfy ajv-formats@3.0.1
4158 error Missing: picomatch@4.0.4 from lock file
4158 error Missing: @babel/core@7.26.10 from lock file
4158 error Invalid: lock file's @babel/plugin-syntax-import-attributes@7.27.1 does not satisfy @babel/plugin-syntax-import-attributes@7.26.0
4158 error Missing: @inquirer/confirm@5.1.6 from lock file
4158 error Missing: beasties@0.3.2 from lock file
4158 error Invalid: lock file's https-proxy-agent@5.0.1 does not satisfy https-proxy-agent@7.0.6
4158 error Missing: istanbul-lib-instrument@6.0.3 from lock file
4158 error Missing: listr2@8.2.5 from lock file
4158 error Missing: lmdb@3.2.6 from lock file
4158 error Invalid: lock file's magic-string@0.30.1 does not satisfy magic-string@0.30.17
4158 error Invalid: lock file's mrmime@1.0.1 does not satisfy mrmime@2.0.1
4158 error Missing: picomatch@4.0.4 from lock file
4158 error Invalid: lock file's rollup@3.29.5 does not satisfy rollup@4.59.0
4158 error Missing: semver@7.7.1 from lock file
4158 error Invalid: lock file's vite@4.5.5 does not satisfy vite@6.4.2
4158 error Invalid: lock file's watchpack@2.4.4 does not satisfy watchpack@2.4.2
4158 error Invalid: lock file's @angular-devkit/schematics@16.1.8 does not satisfy @angular-devkit/schematics@19.2.27
4158 error Missing: @inquirer/prompts@7.3.2 from lock file
4158 error Missing: @listr2/prompt-adapter-inquirer@2.0.18 from lock file
4158 error Invalid: lock file's @schematics/angular@16.1.8 does not satisfy @schematics/angular@19.2.27
4158 error Invalid: lock file's ini@4.1.1 does not satisfy ini@5.0.0
4158 error Invalid: lock file's npm-package-arg@10.1.0 does not satisfy npm-package-arg@12.0.2
4158 error Invalid: lock file's npm-pick-manifest@8.0.1 does not satisfy npm-pick-manifest@10.0.0
4158 error Invalid: lock file's pacote@15.2.0 does not satisfy pacote@20.0.0
4158 error Invalid: lock file's resolve@1.22.2 does not satisfy resolve@1.22.10
4158 error Invalid: lock file's semver@7.5.3 does not satisfy semver@7.7.1
4158 error Invalid: lock file's @babel/core@7.22.9 does not satisfy @babel/core@7.26.9
4158 error Missing: chokidar@4.0.3 from lock file
4158 error Invalid: lock file's reflect-metadata@0.1.14 does not satisfy reflect-metadata@0.2.2
4158 error Invalid: lock file's @babel/template@7.22.5 does not satisfy @babel/template@7.29.7
4158 error Missing: convert-source-map@2.0.0 from lock file
4158 error Invalid: lock file's jsesc@2.5.2 does not satisfy jsesc@3.1.0
4158 error Invalid: lock file's @babel/helper-plugin-utils@7.27.1 does not satisfy @babel/helper-plugin-utils@7.29.7
4158 error Invalid: lock file's @babel/helper-remap-async-to-generator@7.27.1 does not satisfy @babel/helper-remap-async-to-generator@7.29.7
4158 error Invalid: lock file's @babel/helper-annotate-as-pure@7.27.3 does not satisfy @babel/helper-annotate-as-pure@7.29.7
4158 error Invalid: lock file's @babel/helper-wrap-function@7.28.3 does not satisfy @babel/helper-wrap-function@7.29.7
4158 error Invalid: lock file's @babel/traverse@7.28.5 does not satisfy @babel/traverse@7.29.7
4158 error Invalid: lock file's @babel/types@7.28.5 does not satisfy @babel/types@7.29.7
4158 error Invalid: lock file's babel-plugin-polyfill-corejs2@0.4.14 does not satisfy babel-plugin-polyfill-corejs2@0.4.17
4158 error Invalid: lock file's babel-plugin-polyfill-corejs3@0.8.7 does not satisfy babel-plugin-polyfill-corejs3@0.11.1
4158 error Invalid: lock file's babel-plugin-polyfill-regenerator@0.5.5 does not satisfy babel-plugin-polyfill-regenerator@0.6.8
4158 error Missing: @babel/plugin-bugfix-firefox-class-in-computed-class-key@7.29.7 from lock file
4158 error Missing: @babel/plugin-bugfix-safari-class-field-initializer-scope@7.29.7 from lock file
4158 error Invalid: lock file's @babel/plugin-bugfix-safari-id-destructuring-collision-in-function-expression@7.27.1 does not satisfy @babel/plugin-bugfix-safari-id-destructuring-collision-in-function-expression@7.29.7
4158 error Invalid: lock file's @babel/plugin-bugfix-v8-spread-parameters-in-optional-chaining@7.27.1 does not satisfy @babel/plugin-bugfix-v8-spread-parameters-in-optional-chaining@7.29.7
4158 error Missing: @babel/plugin-bugfix-v8-static-class-fields-redefine-readonly@7.29.7 from lock file
4158 error Invalid: lock file's @babel/plugin-syntax-import-assertions@7.27.1 does not satisfy @babel/plugin-syntax-import-assertions@7.29.7
4158 error Invalid: lock file's @babel/plugin-transform-arrow-functions@7.27.1 does not satisfy @babel/plugin-transform-arrow-functions@7.29.7
4158 error Invalid: lock file's @babel/plugin-transform-block-scoped-functions@7.27.1 does not satisfy @babel/plugin-transform-block-scoped-functions@7.29.7
4158 error Invalid: lock file's @babel/plugin-transform-block-scoping@7.28.5 does not satisfy @babel/plugin-transform-block-scoping@7.29.7
4158 error Invalid: lock file's @babel/plugin-transform-class-properties@7.27.1 does not satisfy @babel/plugin-transform-class-properties@7.29.7
4158 error Invalid: lock file's @babel/plugin-transform-class-static-block@7.28.3 does not satisfy @babel/plugin-transform-class-static-block@7.29.7
4158 error Invalid: lock file's @babel/plugin-transform-classes@7.28.4 does not satisfy @babel/plugin-transform-classes@7.29.7
4158 error Invalid: lock file's @babel/plugin-transform-computed-properties@7.27.1 does not satisfy @babel/plugin-transform-computed-properties@7.29.7
4158 error Invalid: lock file's @babel/plugin-transform-destructuring@7.28.5 does not satisfy @babel/plugin-transform-destructuring@7.29.7
4158 error Invalid: lock file's @babel/plugin-transform-dotall-regex@7.27.1 does not satisfy @babel/plugin-transform-dotall-regex@7.29.7
4158 error Invalid: lock file's @babel/plugin-transform-duplicate-keys@7.27.1 does not satisfy @babel/plugin-transform-duplicate-keys@7.29.7
4158 error Missing: @babel/plugin-transform-duplicate-named-capturing-groups-regex@7.29.7 from lock file
4158 error Invalid: lock file's @babel/plugin-transform-dynamic-import@7.27.1 does not satisfy @babel/plugin-transform-dynamic-import@7.29.7
4158 error Invalid: lock file's @babel/plugin-transform-exponentiation-operator@7.28.5 does not satisfy @babel/plugin-transform-exponentiation-operator@7.29.7
4158 error Invalid: lock file's @babel/plugin-transform-export-namespace-from@7.27.1 does not satisfy @babel/plugin-transform-export-namespace-from@7.29.7
4158 error Invalid: lock file's @babel/plugin-transform-for-of@7.27.1 does not satisfy @babel/plugin-transform-for-of@7.29.7
4158 error Invalid: lock file's @babel/plugin-transform-function-name@7.27.1 does not satisfy @babel/plugin-transform-function-name@7.29.7
4158 error Invalid: lock file's @babel/plugin-transform-json-strings@7.27.1 does not satisfy @babel/plugin-transform-json-strings@7.29.7
4158 error Invalid: lock file's @babel/plugin-transform-literals@7.27.1 does not satisfy @babel/plugin-transform-literals@7.29.7
4158 error Invalid: lock file's @babel/plugin-transform-logical-assignment-operators@7.28.5 does not satisfy @babel/plugin-transform-logical-assignment-operators@7.29.7
4158 error Invalid: lock file's @babel/plugin-transform-member-expression-literals@7.27.1 does not satisfy @babel/plugin-transform-member-expression-literals@7.29.7
4158 error Invalid: lock file's @babel/plugin-transform-modules-amd@7.27.1 does not satisfy @babel/plugin-transform-modules-amd@7.29.7
4158 error Invalid: lock file's @babel/plugin-transform-modules-commonjs@7.27.1 does not satisfy @babel/plugin-transform-modules-commonjs@7.29.7
4158 error Invalid: lock file's @babel/plugin-transform-modules-systemjs@7.28.5 does not satisfy @babel/plugin-transform-modules-systemjs@7.29.7
4158 error Invalid: lock file's @babel/plugin-transform-modules-umd@7.27.1 does not satisfy @babel/plugin-transform-modules-umd@7.29.7
4158 error Invalid: lock file's @babel/plugin-transform-named-capturing-groups-regex@7.27.1 does not satisfy @babel/plugin-transform-named-capturing-groups-regex@7.29.7
4158 error Invalid: lock file's @babel/plugin-transform-new-target@7.27.1 does not satisfy @babel/plugin-transform-new-target@7.29.7
4158 error Invalid: lock file's @babel/plugin-transform-nullish-coalescing-operator@7.27.1 does not satisfy @babel/plugin-transform-nullish-coalescing-operator@7.29.7
4158 error Invalid: lock file's @babel/plugin-transform-numeric-separator@7.27.1 does not satisfy @babel/plugin-transform-numeric-separator@7.29.7
4158 error Invalid: lock file's @babel/plugin-transform-object-rest-spread@7.28.4 does not satisfy @babel/plugin-transform-object-rest-spread@7.29.7
4158 error Invalid: lock file's @babel/plugin-transform-object-super@7.27.1 does not satisfy @babel/plugin-transform-object-super@7.29.7
4158 error Invalid: lock file's @babel/plugin-transform-optional-catch-binding@7.27.1 does not satisfy @babel/plugin-transform-optional-catch-binding@7.29.7
4158 error Invalid: lock file's @babel/plugin-transform-optional-chaining@7.28.5 does not satisfy @babel/plugin-transform-optional-chaining@7.29.7
4158 error Invalid: lock file's @babel/plugin-transform-parameters@7.27.7 does not satisfy @babel/plugin-transform-parameters@7.29.7
4158 error Invalid: lock file's @babel/plugin-transform-private-methods@7.27.1 does not satisfy @babel/plugin-transform-private-methods@7.29.7
4158 error Invalid: lock file's @babel/plugin-transform-private-property-in-object@7.27.1 does not satisfy @babel/plugin-transform-private-property-in-object@7.29.7
4158 error Invalid: lock file's @babel/plugin-transform-property-literals@7.27.1 does not satisfy @babel/plugin-transform-property-literals@7.29.7
4158 error Invalid: lock file's @babel/plugin-transform-regenerator@7.28.4 does not satisfy @babel/plugin-transform-regenerator@7.29.7
4158 error Missing: @babel/plugin-transform-regexp-modifiers@7.29.7 from lock file
4158 error Invalid: lock file's @babel/plugin-transform-reserved-words@7.27.1 does not satisfy @babel/plugin-transform-reserved-words@7.29.7
4158 error Invalid: lock file's @babel/plugin-transform-shorthand-properties@7.27.1 does not satisfy @babel/plugin-transform-shorthand-properties@7.29.7
4158 error Invalid: lock file's @babel/plugin-transform-spread@7.27.1 does not satisfy @babel/plugin-transform-spread@7.29.7
4158 error Invalid: lock file's @babel/plugin-transform-sticky-regex@7.27.1 does not satisfy @babel/plugin-transform-sticky-regex@7.29.7
4158 error Invalid: lock file's @babel/plugin-transform-template-literals@7.27.1 does not satisfy @babel/plugin-transform-template-literals@7.29.7
4158 error Invalid: lock file's @babel/plugin-transform-typeof-symbol@7.27.1 does not satisfy @babel/plugin-transform-typeof-symbol@7.29.7
4158 error Invalid: lock file's @babel/plugin-transform-unicode-escapes@7.27.1 does not satisfy @babel/plugin-transform-unicode-escapes@7.29.7
4158 error Invalid: lock file's @babel/plugin-transform-unicode-property-regex@7.27.1 does not satisfy @babel/plugin-transform-unicode-property-regex@7.29.7
4158 error Invalid: lock file's @babel/plugin-transform-unicode-regex@7.27.1 does not satisfy @babel/plugin-transform-unicode-regex@7.29.7
4158 error Invalid: lock file's @babel/plugin-transform-unicode-sets-regex@7.27.1 does not satisfy @babel/plugin-transform-unicode-sets-regex@7.29.7
4158 error Invalid: lock file's @babel/preset-modules@0.1.6 does not satisfy @babel/preset-modules@0.1.6-no-external-plugins
4158 error Invalid: lock file's core-js-compat@3.46.0 does not satisfy core-js-compat@3.49.0
4158 error Invalid: lock file's @babel/helper-skip-transparent-expression-wrappers@7.27.1 does not satisfy @babel/helper-skip-transparent-expression-wrappers@7.29.7
4158 error Invalid: lock file's @babel/helper-create-regexp-features-plugin@7.28.5 does not satisfy @babel/helper-create-regexp-features-plugin@7.29.7
4158 error Invalid: lock file's @babel/helper-annotate-as-pure@7.27.3 does not satisfy @babel/helper-annotate-as-pure@7.29.7
4158 error Invalid: lock file's @babel/helper-create-class-features-plugin@7.28.5 does not satisfy @babel/helper-create-class-features-plugin@7.29.7
4158 error Invalid: lock file's @babel/helper-annotate-as-pure@7.27.3 does not satisfy @babel/helper-annotate-as-pure@7.29.7
4158 error Invalid: lock file's @babel/helper-member-expression-to-functions@7.28.5 does not satisfy @babel/helper-member-expression-to-functions@7.29.7
4158 error Invalid: lock file's @babel/helper-optimise-call-expression@7.27.1 does not satisfy @babel/helper-optimise-call-expression@7.29.7
4158 error Invalid: lock file's @babel/helper-replace-supers@7.27.1 does not satisfy @babel/helper-replace-supers@7.29.7
4158 error Invalid: lock file's @babel/helper-annotate-as-pure@7.27.3 does not satisfy @babel/helper-annotate-as-pure@7.29.7
4158 error Invalid: lock file's @babel/helper-compilation-targets@7.27.2 does not satisfy @babel/helper-compilation-targets@7.29.7
4158 error Invalid: lock file's @babel/helper-globals@7.28.0 does not satisfy @babel/helper-globals@7.29.7
4158 error Invalid: lock file's @babel/compat-data@7.28.5 does not satisfy @babel/compat-data@7.29.7
4158 error Invalid: lock file's @babel/helper-validator-option@7.27.1 does not satisfy @babel/helper-validator-option@7.29.7
4158 error Invalid: lock file's @babel/helper-module-transforms@7.28.3 does not satisfy @babel/helper-module-transforms@7.29.7
4158 error Invalid: lock file's @babel/helper-module-imports@7.27.1 does not satisfy @babel/helper-module-imports@7.29.7
4158 error Invalid: lock file's @babel/helper-validator-identifier@7.28.5 does not satisfy @babel/helper-validator-identifier@7.29.7
4158 error Invalid: lock file's @babel/helper-annotate-as-pure@7.27.3 does not satisfy @babel/helper-annotate-as-pure@7.29.7
4158 error Invalid: lock file's regenerator-runtime@0.13.11 does not satisfy regenerator-runtime@0.14.1
4158 error Invalid: lock file's @babel/code-frame@7.27.1 does not satisfy @babel/code-frame@7.29.7
4158 error Invalid: lock file's @babel/parser@7.28.5 does not satisfy @babel/parser@7.29.7
4158 error Invalid: lock file's @babel/generator@7.28.5 does not satisfy @babel/generator@7.29.7
4158 error Invalid: lock file's @babel/helper-string-parser@7.27.1 does not satisfy @babel/helper-string-parser@7.29.7
4158 error Missing: @inquirer/core@10.3.2 from lock file
4158 error Missing: @inquirer/type@3.0.10 from lock file
4158 error Missing: @inquirer/ansi@1.0.2 from lock file
4158 error Missing: @inquirer/figures@1.0.15 from lock file
4158 error Invalid: lock file's cli-width@3.0.0 does not satisfy cli-width@4.1.0
4158 error Invalid: lock file's mute-stream@0.0.8 does not satisfy mute-stream@2.0.0
4158 error Missing: signal-exit@4.1.0 from lock file
4158 error Missing: wrap-ansi@6.2.0 from lock file
4158 error Missing: yoctocolors-cjs@2.1.3 from lock file
4158 error Missing: @inquirer/checkbox@4.3.2 from lock file
4158 error Missing: @inquirer/editor@4.2.23 from lock file
4158 error Missing: @inquirer/expand@4.0.23 from lock file
4158 error Missing: @inquirer/input@4.3.1 from lock file
4158 error Missing: @inquirer/number@3.0.23 from lock file
4158 error Missing: @inquirer/password@4.0.23 from lock file
4158 error Missing: @inquirer/rawlist@4.1.11 from lock file
4158 error Missing: @inquirer/search@3.2.2 from lock file
4158 error Missing: @inquirer/select@4.4.2 from lock file
4158 error Missing: @inquirer/external-editor@1.0.3 from lock file
4158 error Invalid: lock file's chardet@0.7.0 does not satisfy chardet@2.1.1
4158 error Missing: iconv-lite@0.7.2 from lock file
4158 error Missing: @inquirer/type@1.5.5 from lock file
4158 error Missing: @primeuix/styled@0.3.2 from lock file
4158 error Missing: @primeuix/utils@0.3.2 from lock file
4158 error Missing: fast-uri@3.1.2 from lock file
4158 error Invalid: lock file's @babel/helper-define-polyfill-provider@0.6.5 does not satisfy @babel/helper-define-polyfill-provider@0.6.8
4158 error Invalid: lock file's resolve@1.22.11 does not satisfy resolve@1.22.12
4158 error Invalid: lock file's htmlparser2@8.0.2 does not satisfy htmlparser2@10.1.0
4158 error Missing: postcss-media-query-parser@0.2.3 from lock file
4158 error Invalid: lock file's globby@13.2.2 does not satisfy globby@14.1.0
4158 error Invalid: lock file's browserslist@4.28.0 does not satisfy browserslist@4.28.2
4158 error Invalid: lock file's baseline-browser-mapping@2.8.26 does not satisfy baseline-browser-mapping@2.10.35
4158 error Invalid: lock file's caniuse-lite@1.0.30001754 does not satisfy caniuse-lite@1.0.30001797
4158 error Invalid: lock file's electron-to-chromium@1.5.250 does not satisfy electron-to-chromium@1.5.371
4158 error Invalid: lock file's node-releases@2.0.27 does not satisfy node-releases@2.0.47
4158 error Invalid: lock file's update-browserslist-db@1.1.4 does not satisfy update-browserslist-db@1.2.3
4158 error Missing: @esbuild/aix-ppc64@0.28.0 from lock file
4158 error Invalid: lock file's @esbuild/android-arm@0.18.17 does not satisfy @esbuild/android-arm@0.28.0
4158 error Invalid: lock file's @esbuild/android-arm64@0.18.17 does not satisfy @esbuild/android-arm64@0.28.0
4158 error Invalid: lock file's @esbuild/android-x64@0.18.17 does not satisfy @esbuild/android-x64@0.28.0
4158 error Invalid: lock file's @esbuild/darwin-arm64@0.18.17 does not satisfy @esbuild/darwin-arm64@0.28.0
4158 error Invalid: lock file's @esbuild/darwin-x64@0.18.17 does not satisfy @esbuild/darwin-x64@0.28.0
4158 error Invalid: lock file's @esbuild/freebsd-arm64@0.18.17 does not satisfy @esbuild/freebsd-arm64@0.28.0
4158 error Invalid: lock file's @esbuild/freebsd-x64@0.18.17 does not satisfy @esbuild/freebsd-x64@0.28.0
4158 error Invalid: lock file's @esbuild/linux-arm@0.18.17 does not satisfy @esbuild/linux-arm@0.28.0
4158 error Invalid: lock file's @esbuild/linux-arm64@0.18.17 does not satisfy @esbuild/linux-arm64@0.28.0
4158 error Invalid: lock file's @esbuild/linux-ia32@0.18.17 does not satisfy @esbuild/linux-ia32@0.28.0
4158 error Invalid: lock file's @esbuild/linux-loong64@0.18.17 does not satisfy @esbuild/linux-loong64@0.28.0
4158 error Invalid: lock file's @esbuild/linux-mips64el@0.18.17 does not satisfy @esbuild/linux-mips64el@0.28.0
4158 error Invalid: lock file's @esbuild/linux-ppc64@0.18.17 does not satisfy @esbuild/linux-ppc64@0.28.0
4158 error Invalid: lock file's @esbuild/linux-riscv64@0.18.17 does not satisfy @esbuild/linux-riscv64@0.28.0
4158 error Invalid: lock file's @esbuild/linux-s390x@0.18.17 does not satisfy @esbuild/linux-s390x@0.28.0
4158 error Invalid: lock file's @esbuild/linux-x64@0.18.17 does not satisfy @esbuild/linux-x64@0.28.0
4158 error Missing: @esbuild/netbsd-arm64@0.28.0 from lock file
4158 error Invalid: lock file's @esbuild/netbsd-x64@0.18.17 does not satisfy @esbuild/netbsd-x64@0.28.0
4158 error Missing: @esbuild/openbsd-arm64@0.28.0 from lock file
4158 error Invalid: lock file's @esbuild/openbsd-x64@0.18.17 does not satisfy @esbuild/openbsd-x64@0.28.0
4158 error Missing: @esbuild/openharmony-arm64@0.28.0 from lock file
4158 error Invalid: lock file's @esbuild/sunos-x64@0.18.17 does not satisfy @esbuild/sunos-x64@0.28.0
4158 error Invalid: lock file's @esbuild/win32-arm64@0.18.17 does not satisfy @esbuild/win32-arm64@0.28.0
4158 error Invalid: lock file's @esbuild/win32-ia32@0.18.17 does not satisfy @esbuild/win32-ia32@0.28.0
4158 error Invalid: lock file's @esbuild/win32-x64@0.18.17 does not satisfy @esbuild/win32-x64@0.28.0
4158 error Invalid: lock file's fastq@1.19.1 does not satisfy fastq@1.20.1
4158 error Missing: @sindresorhus/merge-streams@2.3.0 from lock file
4158 error Invalid: lock file's ignore@5.3.2 does not satisfy ignore@7.0.5
4158 error Invalid: lock file's path-type@4.0.0 does not satisfy path-type@6.0.0
4158 error Invalid: lock file's slash@4.0.0 does not satisfy slash@5.1.0
4158 error Missing: unicorn-magic@0.3.0 from lock file
4158 error Missing: entities@7.0.1 from lock file
4158 error Invalid: lock file's is-plain-object@2.0.4 does not satisfy is-plain-object@5.0.0
4158 error Invalid: lock file's agent-base@6.0.2 does not satisfy agent-base@7.1.4
4158 error Missing: jasmine-core@4.6.1 from lock file
4158 error Invalid: lock file's needle@3.3.1 does not satisfy needle@3.5.0
4158 error Missing: cli-truncate@4.0.0 from lock file
4158 error Missing: eventemitter3@5.0.4 from lock file
4158 error Missing: log-update@6.1.0 from lock file
4158 error Missing: wrap-ansi@9.0.2 from lock file
4158 error Missing: slice-ansi@5.0.0 from lock file
4158 error Missing: string-width@7.2.0 from lock file
4158 error Missing: @lmdb/lmdb-darwin-arm64@3.2.6 from lock file
4158 error Missing: @lmdb/lmdb-darwin-x64@3.2.6 from lock file
4158 error Missing: @lmdb/lmdb-linux-arm@3.2.6 from lock file
4158 error Missing: @lmdb/lmdb-linux-arm64@3.2.6 from lock file
4158 error Missing: @lmdb/lmdb-linux-x64@3.2.6 from lock file
4158 error Missing: @lmdb/lmdb-win32-x64@3.2.6 from lock file
4158 error Missing: msgpackr@1.12.1 from lock file
4158 error Invalid: lock file's node-addon-api@3.2.1 does not satisfy node-addon-api@6.1.0
4158 error Missing: node-gyp-build-optional-packages@5.2.2 from lock file
4158 error Missing: ordered-binary@1.6.1 from lock file
4158 error Missing: weak-lru-cache@1.2.2 from lock file
4158 error Invalid: lock file's ansi-escapes@4.3.2 does not satisfy ansi-escapes@7.3.0
4158 error Missing: cli-cursor@5.0.0 from lock file
4158 error Missing: slice-ansi@7.1.2 from lock file
4158 error Missing: strip-ansi@7.2.0 from lock file
4158 error Missing: wrap-ansi@9.0.2 from lock file
4158 error Missing: environment@1.1.0 from lock file
4158 error Invalid: lock file's tapable@2.3.0 does not satisfy tapable@2.3.3
4158 error Missing: msgpackr-extract@3.0.4 from lock file
4158 error Missing: @msgpackr-extract/msgpackr-extract-darwin-arm64@3.0.4 from lock file
4158 error Missing: @msgpackr-extract/msgpackr-extract-darwin-x64@3.0.4 from lock file
4158 error Missing: @msgpackr-extract/msgpackr-extract-linux-arm@3.0.4 from lock file
4158 error Missing: @msgpackr-extract/msgpackr-extract-linux-arm64@3.0.4 from lock file
4158 error Missing: @msgpackr-extract/msgpackr-extract-linux-x64@3.0.4 from lock file
4158 error Missing: @msgpackr-extract/msgpackr-extract-win32-x64@3.0.4 from lock file
4158 error Invalid: lock file's sax@1.4.3 does not satisfy sax@1.6.0
4158 error Missing: detect-libc@2.1.2 from lock file
4158 error Invalid: lock file's hosted-git-info@6.1.3 does not satisfy hosted-git-info@8.1.0
4158 error Invalid: lock file's proc-log@3.0.0 does not satisfy proc-log@5.0.0
4158 error Invalid: lock file's validate-npm-package-name@5.0.1 does not satisfy validate-npm-package-name@6.0.2
4158 error Invalid: lock file's lru-cache@7.18.3 does not satisfy lru-cache@10.4.3
4158 error Invalid: lock file's npm-install-checks@6.3.0 does not satisfy npm-install-checks@7.1.2
4158 error Invalid: lock file's npm-normalize-package-bin@3.0.1 does not satisfy npm-normalize-package-bin@4.0.0
4158 error Missing: default-browser@5.5.0 from lock file
4158 error Invalid: lock file's define-lazy-prop@2.0.0 does not satisfy define-lazy-prop@3.0.0
4158 error Missing: is-inside-container@1.0.0 from lock file
4158 error Invalid: lock file's is-wsl@2.2.0 does not satisfy is-wsl@3.1.1
4158 error Missing: bundle-name@4.1.0 from lock file
4158 error Missing: default-browser-id@5.0.1 from lock file
4158 error Missing: run-applescript@7.1.0 from lock file
4158 error Invalid: lock file's is-docker@2.2.1 does not satisfy is-docker@3.0.0
4158 error Invalid: lock file's @npmcli/git@4.1.0 does not satisfy @npmcli/git@6.0.3
4158 error Invalid: lock file's @npmcli/installed-package-contents@2.1.0 does not satisfy @npmcli/installed-package-contents@3.0.0
4158 error Missing: @npmcli/package-json@6.2.0 from lock file
4158 error Invalid: lock file's @npmcli/promise-spawn@6.0.2 does not satisfy @npmcli/promise-spawn@8.0.3
4158 error Invalid: lock file's @npmcli/run-script@6.0.2 does not satisfy @npmcli/run-script@9.1.0
4158 error Invalid: lock file's cacache@17.1.4 does not satisfy cacache@19.0.1
4158 error Invalid: lock file's minipass@5.0.0 does not satisfy minipass@7.1.3
4158 error Invalid: lock file's npm-packlist@7.0.4 does not satisfy npm-packlist@9.0.0
4158 error Invalid: lock file's npm-registry-fetch@14.0.5 does not satisfy npm-registry-fetch@18.0.2
4158 error Invalid: lock file's sigstore@1.9.0 does not satisfy sigstore@3.1.0
4158 error Invalid: lock file's ssri@10.0.6 does not satisfy ssri@12.0.0
4158 error Invalid: lock file's lru-cache@7.18.3 does not satisfy lru-cache@10.4.3
4158 error Invalid: lock file's which@3.0.1 does not satisfy which@5.0.0
4158 error Invalid: lock file's npm-bundled@3.0.1 does not satisfy npm-bundled@4.0.0
4158 error Missing: glob@10.5.0 from lock file
4158 error Invalid: lock file's json-parse-even-better-errors@2.3.1 does not satisfy json-parse-even-better-errors@4.0.0
4158 error Invalid: lock file's which@3.0.1 does not satisfy which@5.0.0
4158 error Invalid: lock file's @npmcli/node-gyp@3.0.0 does not satisfy @npmcli/node-gyp@4.0.0
4158 error Invalid: lock file's node-gyp@9.4.1 does not satisfy node-gyp@11.5.0
4158 error Invalid: lock file's which@3.0.1 does not satisfy which@5.0.0
4158 error Invalid: lock file's @npmcli/fs@3.1.1 does not satisfy @npmcli/fs@4.0.0
4158 error Invalid: lock file's glob@10.4.5 does not satisfy glob@10.5.0
4158 error Invalid: lock file's lru-cache@7.18.3 does not satisfy lru-cache@10.4.3
4158 error Invalid: lock file's minipass-collect@1.0.2 does not satisfy minipass-collect@2.0.1
4158 error Invalid: lock file's minipass-flush@1.0.5 does not satisfy minipass-flush@1.0.7
4158 error Invalid: lock file's p-map@4.0.0 does not satisfy p-map@7.0.4
4158 error Missing: tar@7.5.16 from lock file
4158 error Invalid: lock file's unique-filename@3.0.0 does not satisfy unique-filename@4.0.0
4158 error Invalid: lock file's make-fetch-happen@10.2.1 does not satisfy make-fetch-happen@14.0.3
4158 error Invalid: lock file's nopt@6.0.0 does not satisfy nopt@8.1.0
4158 error Missing: tar@7.5.16 from lock file
4158 error Missing: tinyglobby@0.2.17 from lock file
4158 error Invalid: lock file's which@2.0.2 does not satisfy which@5.0.0
4158 error Missing: @npmcli/agent@3.0.0 from lock file
4158 error Invalid: lock file's minipass-fetch@2.1.2 does not satisfy minipass-fetch@4.0.1
4158 error Invalid: lock file's negotiator@0.6.4 does not satisfy negotiator@1.0.0
4158 error Invalid: lock file's http-proxy-agent@4.0.1 does not satisfy http-proxy-agent@7.0.2
4158 error Missing: lru-cache@10.4.3 from lock file
4158 error Invalid: lock file's socks-proxy-agent@7.0.0 does not satisfy socks-proxy-agent@8.0.5
4158 error Invalid: lock file's minizlib@2.1.2 does not satisfy minizlib@3.1.0
4158 error Invalid: lock file's abbrev@1.1.1 does not satisfy abbrev@3.0.1
4158 error Invalid: lock file's ignore-walk@6.0.5 does not satisfy ignore-walk@7.0.0
4158 error Invalid: lock file's minimatch@9.0.5 does not satisfy minimatch@9.0.9
4158 error Missing: @npmcli/redact@3.2.2 from lock file
4158 error Missing: @napi-rs/nice@1.1.1 from lock file
4158 error Missing: @napi-rs/nice-android-arm-eabi@1.1.1 from lock file
4158 error Missing: @napi-rs/nice-android-arm64@1.1.1 from lock file
4158 error Missing: @napi-rs/nice-darwin-arm64@1.1.1 from lock file
4158 error Missing: @napi-rs/nice-darwin-x64@1.1.1 from lock file
4158 error Missing: @napi-rs/nice-freebsd-x64@1.1.1 from lock file
4158 error Missing: @napi-rs/nice-linux-arm-gnueabihf@1.1.1 from lock file
4158 error Missing: @napi-rs/nice-linux-arm64-gnu@1.1.1 from lock file
4158 error Missing: @napi-rs/nice-linux-arm64-musl@1.1.1 from lock file
4158 error Missing: @napi-rs/nice-linux-ppc64-gnu@1.1.1 from lock file
4158 error Missing: @napi-rs/nice-linux-riscv64-gnu@1.1.1 from lock file
4158 error Missing: @napi-rs/nice-linux-s390x-gnu@1.1.1 from lock file
4158 error Missing: @napi-rs/nice-linux-x64-gnu@1.1.1 from lock file
4158 error Missing: @napi-rs/nice-linux-x64-musl@1.1.1 from lock file
4158 error Missing: @napi-rs/nice-openharmony-arm64@1.1.1 from lock file
4158 error Missing: @napi-rs/nice-win32-arm64-msvc@1.1.1 from lock file
4158 error Missing: @napi-rs/nice-win32-ia32-msvc@1.1.1 from lock file
4158 error Missing: @napi-rs/nice-win32-x64-msvc@1.1.1 from lock file
4158 error Invalid: lock file's find-up@4.1.0 does not satisfy find-up@6.3.0
4158 error Invalid: lock file's locate-path@5.0.0 does not satisfy locate-path@7.2.0
4158 error Invalid: lock file's path-exists@4.0.0 does not satisfy path-exists@5.0.0
4158 error Invalid: lock file's p-locate@4.1.0 does not satisfy p-locate@6.0.0
4158 error Invalid: lock file's p-limit@2.3.0 does not satisfy p-limit@4.0.0
4158 error Invalid: lock file's cosmiconfig@8.3.6 does not satisfy cosmiconfig@9.0.2
4158 error Invalid: lock file's js-yaml@3.14.1 does not satisfy js-yaml@4.2.0
4158 error Invalid: lock file's resolve-from@5.0.0 does not satisfy resolve-from@4.0.0
4158 error Invalid: lock file's argparse@1.0.10 does not satisfy argparse@2.0.1
4158 error Missing: json-parse-even-better-errors@2.3.1 from lock file
4158 error Invalid: lock file's postcss-selector-parser@7.1.0 does not satisfy postcss-selector-parser@7.1.2
4158 error Invalid: lock file's regjsparser@0.13.0 does not satisfy regjsparser@0.13.1
4158 error Invalid: lock file's is-core-module@2.16.1 does not satisfy is-core-module@2.16.2
4158 error Invalid: lock file's hasown@2.0.2 does not satisfy hasown@2.0.4
4158 error Missing: @rollup/rollup-android-arm-eabi@4.59.0 from lock file
4158 error Missing: @rollup/rollup-android-arm64@4.59.0 from lock file
4158 error Missing: @rollup/rollup-darwin-arm64@4.59.0 from lock file
4158 error Missing: @rollup/rollup-darwin-x64@4.59.0 from lock file
4158 error Missing: @rollup/rollup-freebsd-arm64@4.59.0 from lock file
4158 error Missing: @rollup/rollup-freebsd-x64@4.59.0 from lock file
4158 error Missing: @rollup/rollup-linux-arm-gnueabihf@4.59.0 from lock file
4158 error Missing: @rollup/rollup-linux-arm-musleabihf@4.59.0 from lock file
4158 error Missing: @rollup/rollup-linux-arm64-gnu@4.59.0 from lock file
4158 error Missing: @rollup/rollup-linux-arm64-musl@4.59.0 from lock file
4158 error Missing: @rollup/rollup-linux-loong64-gnu@4.59.0 from lock file
4158 error Missing: @rollup/rollup-linux-loong64-musl@4.59.0 from lock file
4158 error Missing: @rollup/rollup-linux-ppc64-gnu@4.59.0 from lock file
4158 error Missing: @rollup/rollup-linux-ppc64-musl@4.59.0 from lock file
4158 error Missing: @rollup/rollup-linux-riscv64-gnu@4.59.0 from lock file
4158 error Missing: @rollup/rollup-linux-riscv64-musl@4.59.0 from lock file
4158 error Missing: @rollup/rollup-linux-s390x-gnu@4.59.0 from lock file
4158 error Missing: @rollup/rollup-linux-x64-gnu@4.59.0 from lock file
4158 error Missing: @rollup/rollup-linux-x64-musl@4.59.0 from lock file
4158 error Missing: @rollup/rollup-openbsd-x64@4.59.0 from lock file
4158 error Missing: @rollup/rollup-openharmony-arm64@4.59.0 from lock file
4158 error Missing: @rollup/rollup-win32-arm64-msvc@4.59.0 from lock file
4158 error Missing: @rollup/rollup-win32-ia32-msvc@4.59.0 from lock file
4158 error Missing: @rollup/rollup-win32-x64-gnu@4.59.0 from lock file
4158 error Missing: @rollup/rollup-win32-x64-msvc@4.59.0 from lock file
4158 error Missing: @parcel/watcher@2.5.6 from lock file
4158 error Missing: chokidar@4.0.3 from lock file
4158 error Invalid: lock file's immutable@4.3.7 does not satisfy immutable@5.1.6
4158 error Missing: @parcel/watcher-android-arm64@2.5.6 from lock file
4158 error Missing: @parcel/watcher-darwin-arm64@2.5.6 from lock file
4158 error Missing: @parcel/watcher-darwin-x64@2.5.6 from lock file
4158 error Missing: @parcel/watcher-freebsd-x64@2.5.6 from lock file
4158 error Missing: @parcel/watcher-linux-arm-glibc@2.5.6 from lock file
4158 error Missing: @parcel/watcher-linux-arm-musl@2.5.6 from lock file
4158 error Missing: @parcel/watcher-linux-arm64-glibc@2.5.6 from lock file
4158 error Missing: @parcel/watcher-linux-arm64-musl@2.5.6 from lock file
4158 error Missing: @parcel/watcher-linux-x64-glibc@2.5.6 from lock file
4158 error Missing: @parcel/watcher-linux-x64-musl@2.5.6 from lock file
4158 error Missing: @parcel/watcher-win32-arm64@2.5.6 from lock file
4158 error Missing: @parcel/watcher-win32-ia32@2.5.6 from lock file
4158 error Missing: @parcel/watcher-win32-x64@2.5.6 from lock file
4158 error Missing: node-addon-api@7.1.1 from lock file
4158 error Missing: picomatch@4.0.4 from lock file
4158 error Missing: ajv-formats@2.1.1 from lock file
4158 error Invalid: lock file's @sigstore/bundle@1.1.0 does not satisfy @sigstore/bundle@3.1.0
4158 error Missing: @sigstore/core@2.0.0 from lock file
4158 error Invalid: lock file's @sigstore/protobuf-specs@0.2.1 does not satisfy @sigstore/protobuf-specs@0.4.3
4158 error Invalid: lock file's @sigstore/sign@1.0.0 does not satisfy @sigstore/sign@3.1.0
4158 error Invalid: lock file's @sigstore/tuf@1.0.3 does not satisfy @sigstore/tuf@3.1.1
4158 error Missing: @sigstore/verify@2.1.1 from lock file
4158 error Invalid: lock file's tuf-js@1.1.7 does not satisfy tuf-js@3.1.0
4158 error Missing: ansi-styles@6.2.3 from lock file
4158 error Missing: is-fullwidth-code-point@4.0.0 from lock file
4158 error Invalid: lock file's socks@2.8.7 does not satisfy socks@2.8.9
4158 error Invalid: lock file's ip-address@10.1.0 does not satisfy ip-address@10.2.0
4158 error Missing: minipass@5.0.0 from lock file
4158 error Missing: minizlib@2.1.2 from lock file
4158 error Invalid: lock file's acorn@8.15.0 does not satisfy acorn@8.16.0
4158 error Missing: fdir@6.5.0 from lock file
4158 error Missing: picomatch@4.0.4 from lock file
4158 error Invalid: lock file's @tufjs/models@1.0.4 does not satisfy @tufjs/models@3.0.1
4158 error Invalid: lock file's @tufjs/canonical-json@1.0.0 does not satisfy @tufjs/canonical-json@2.0.0
4158 error Invalid: lock file's minimatch@9.0.5 does not satisfy minimatch@9.0.9
4158 error Invalid: lock file's unique-slug@4.0.0 does not satisfy unique-slug@5.0.0
4158 error Invalid: lock file's spdx-license-ids@3.0.22 does not satisfy spdx-license-ids@3.0.23
4158 error Missing: esbuild@0.25.12 from lock file
4158 error Missing: picomatch@4.0.4 from lock file
4158 error Missing: @types/eslint-scope@3.7.7 from lock file
4158 error Missing: acorn-import-phases@1.0.4 from lock file
4158 error Invalid: lock file's enhanced-resolve@5.18.3 does not satisfy enhanced-resolve@5.23.0
4158 error Invalid: lock file's es-module-lexer@1.7.0 does not satisfy es-module-lexer@2.1.0
4158 error Missing: json-parse-even-better-errors@2.3.1 from lock file
4158 error Invalid: lock file's loader-runner@4.3.1 does not satisfy loader-runner@4.3.2
4158 error Invalid: lock file's terser-webpack-plugin@5.3.14 does not satisfy terser-webpack-plugin@5.6.1
4158 error Missing: watchpack@2.5.1 from lock file
4158 error Missing: @types/eslint@9.6.1 from lock file
4158 error Invalid: lock file's estraverse@5.3.0 does not satisfy estraverse@4.3.0
4158 error Missing: estraverse@5.3.0 from lock file
4158 error Invalid: lock file's memfs@3.5.3 does not satisfy memfs@4.57.7
4158 error Missing: @jsonjoy.com/fs-core@4.57.7 from lock file
4158 error Missing: @jsonjoy.com/fs-fsa@4.57.7 from lock file
4158 error Missing: @jsonjoy.com/fs-node@4.57.7 from lock file
4158 error Missing: @jsonjoy.com/fs-node-builtins@4.57.7 from lock file
4158 error Missing: @jsonjoy.com/fs-node-to-fsa@4.57.7 from lock file
4158 error Missing: @jsonjoy.com/fs-node-utils@4.57.7 from lock file
4158 error Missing: @jsonjoy.com/fs-print@4.57.7 from lock file
4158 error Missing: @jsonjoy.com/fs-snapshot@4.57.7 from lock file
4158 error Missing: @jsonjoy.com/json-pack@1.21.0 from lock file
4158 error Missing: @jsonjoy.com/util@1.9.0 from lock file
4158 error Missing: glob-to-regex.js@1.2.0 from lock file
4158 error Missing: thingies@2.6.0 from lock file
4158 error Missing: tree-dump@1.1.0 from lock file
4158 error Missing: @jsonjoy.com/buffers@17.67.0 from lock file
4158 error Missing: @jsonjoy.com/json-pack@17.67.0 from lock file
4158 error Missing: @jsonjoy.com/util@17.67.0 from lock file
4158 error Missing: @jsonjoy.com/base64@1.1.2 from lock file
4158 error Missing: @jsonjoy.com/buffers@1.2.1 from lock file
4158 error Missing: @jsonjoy.com/codegen@1.0.0 from lock file
4158 error Missing: @jsonjoy.com/json-pointer@1.0.2 from lock file
4158 error Missing: hyperdyperid@1.2.0 from lock file
4158 error Missing: @jsonjoy.com/buffers@1.2.1 from lock file
4158 error Invalid: lock file's @types/express-serve-static-core@5.1.0 does not satisfy @types/express-serve-static-core@4.19.8
4158 error Invalid: lock file's bonjour-service@1.3.0 does not satisfy bonjour-service@1.4.1
4158 error Invalid: lock file's chokidar@3.5.3 does not satisfy chokidar@3.6.0
4158 error Invalid: lock file's express@4.21.2 does not satisfy express@4.22.2
4158 error Missing: http-proxy-middleware@2.0.9 from lock file
4158 error Invalid: lock file's ipaddr.js@2.2.0 does not satisfy ipaddr.js@2.4.0
4158 error Invalid: lock file's launch-editor@2.12.0 does not satisfy launch-editor@2.14.1
4158 error Invalid: lock file's p-retry@4.6.2 does not satisfy p-retry@6.2.1
4158 error Invalid: lock file's serve-index@1.9.1 does not satisfy serve-index@1.9.2
4158 error Invalid: lock file's ws@7.5.10 does not satisfy ws@8.21.0
4158 error Invalid: lock file's @types/qs@6.14.0 does not satisfy @types/qs@6.15.1
4158 error Missing: negotiator@0.6.4 from lock file
4158 error Invalid: lock file's body-parser@1.20.3 does not satisfy body-parser@1.20.5
4158 error Invalid: lock file's cookie-signature@1.0.6 does not satisfy cookie-signature@1.0.7
4158 error Invalid: lock file's finalhandler@1.3.1 does not satisfy finalhandler@1.3.2
4158 error Invalid: lock file's path-to-regexp@0.1.12 does not satisfy path-to-regexp@0.1.13
4158 error Invalid: lock file's qs@6.13.0 does not satisfy qs@6.15.2
4158 error Invalid: lock file's send@0.19.0 does not satisfy send@0.19.2
4158 error Invalid: lock file's serve-static@1.16.2 does not satisfy serve-static@1.16.3
4158 error Invalid: lock file's statuses@2.0.1 does not satisfy statuses@2.0.2
4158 error Missing: http-errors@2.0.1 from lock file
4158 error Invalid: lock file's raw-body@2.5.2 does not satisfy raw-body@2.5.3
4158 error Invalid: lock file's shell-quote@1.8.3 does not satisfy shell-quote@1.8.4
4158 error Invalid: lock file's @types/retry@0.12.0 does not satisfy @types/retry@0.12.2
4158 error Missing: is-network-error@1.3.2 from lock file
4158 error Invalid: lock file's side-channel@1.1.0 does not satisfy side-channel@1.1.1
4158 error Missing: http-errors@2.0.1 from lock file
4158 error Invalid: lock file's node-forge@1.3.1 does not satisfy node-forge@1.4.0
4158 error Missing: encodeurl@2.0.0 from lock file
4158 error Missing: http-errors@2.0.1 from lock file
4158 error Invalid: lock file's statuses@2.0.1 does not satisfy statuses@2.0.2
4158 error Invalid: lock file's http-errors@1.6.3 does not satisfy http-errors@1.8.1
4158 error Invalid: lock file's side-channel-list@1.0.0 does not satisfy side-channel-list@1.0.1
4158 error Invalid: lock file's websocket-driver@0.7.4 does not satisfy websocket-driver@0.7.5
4158 error Missing: flat@5.0.2 from lock file
4158 error Missing: is-plain-object@2.0.4 from lock file
4158 error Missing: convert-source-map@2.0.0 from lock file
4158 error Missing: semver@6.3.1 from lock file
4158 error Missing: convert-source-map@2.0.0 from lock file
4158 error Missing: semver@6.3.1 from lock file
4158 error Missing: readdirp@4.1.2 from lock file
4158 error Missing: @jsonjoy.com/base64@17.67.0 from lock file
4158 error Missing: @jsonjoy.com/codegen@17.67.0 from lock file
4158 error Missing: @jsonjoy.com/json-pointer@17.67.0 from lock file
4158 error Missing: mute-stream@1.0.0 from lock file
4158 error Missing: isexe@3.1.5 from lock file
4158 error Missing: minimatch@9.0.9 from lock file
4158 error Invalid: lock file's strip-ansi@7.1.2 does not satisfy strip-ansi@7.2.0
4158 error Missing: brace-expansion@2.1.1 from lock file
4158 error Missing: isexe@3.1.5 from lock file
4158 error Missing: isexe@3.1.5 from lock file
4158 error Invalid: lock file's brace-expansion@2.0.2 does not satisfy brace-expansion@2.1.1
4158 error Missing: statuses@2.0.2 from lock file
4158 error Invalid: lock file's minimatch@9.0.5 does not satisfy minimatch@9.0.9
4158 error Invalid: lock file's brace-expansion@2.0.2 does not satisfy brace-expansion@2.1.1
4158 error Missing: @isaacs/fs-minipass@4.0.1 from lock file
4158 error Missing: chownr@3.0.0 from lock file
4158 error Missing: yallist@5.0.0 from lock file
4158 error Missing: emoji-regex@10.6.0 from lock file
4158 error Missing: get-east-asian-width@1.6.0 from lock file
4158 error Missing: strip-ansi@7.2.0 from lock file
4158 error Missing: ansi-regex@6.2.2 from lock file
4158 error Invalid: lock file's brace-expansion@2.0.2 does not satisfy brace-expansion@2.1.1
4158 error Missing: ansi-styles@6.2.3 from lock file
4158 error Missing: string-width@7.2.0 from lock file
4158 error Missing: strip-ansi@7.2.0 from lock file
4158 error Missing: emoji-regex@10.6.0 from lock file
4158 error Missing: ansi-regex@6.2.2 from lock file
4158 error Missing: restore-cursor@5.1.0 from lock file
4158 error Missing: onetime@7.0.0 from lock file
4158 error Missing: signal-exit@4.1.0 from lock file
4158 error Missing: mimic-function@5.0.1 from lock file
4158 error Missing: ansi-styles@6.2.3 from lock file
4158 error Missing: is-fullwidth-code-point@5.1.0 from lock file
4158 error Missing: ansi-regex@6.2.2 from lock file
4158 error Missing: string-width@7.2.0 from lock file
4158 error Missing: emoji-regex@10.6.0 from lock file
4158 error Missing: chownr@3.0.0 from lock file
4158 error Missing: yallist@5.0.0 from lock file
4158 error Missing: isexe@3.1.5 from lock file
4158 error Missing: statuses@2.0.2 from lock file
4158 error Missing: readdirp@4.1.2 from lock file
4158 error Missing: minipass@3.3.6 from lock file
4158 error Missing: @esbuild/aix-ppc64@0.25.12 from lock file
4158 error Missing: @esbuild/android-arm@0.25.12 from lock file
4158 error Missing: @esbuild/android-arm64@0.25.12 from lock file
4158 error Missing: @esbuild/android-x64@0.25.12 from lock file
4158 error Missing: @esbuild/darwin-arm64@0.25.12 from lock file
4158 error Missing: @esbuild/darwin-x64@0.25.12 from lock file
4158 error Missing: @esbuild/freebsd-arm64@0.25.12 from lock file
4158 error Missing: @esbuild/freebsd-x64@0.25.12 from lock file
4158 error Missing: @esbuild/linux-arm@0.25.12 from lock file
4158 error Missing: @esbuild/linux-arm64@0.25.12 from lock file
4158 error Missing: @esbuild/linux-ia32@0.25.12 from lock file
4158 error Missing: @esbuild/linux-loong64@0.25.12 from lock file
4158 error Missing: @esbuild/linux-mips64el@0.25.12 from lock file
4158 error Missing: @esbuild/linux-ppc64@0.25.12 from lock file
4158 error Missing: @esbuild/linux-riscv64@0.25.12 from lock file
4158 error Missing: @esbuild/linux-s390x@0.25.12 from lock file
4158 error Missing: @esbuild/linux-x64@0.25.12 from lock file
4158 error Missing: @esbuild/netbsd-arm64@0.25.12 from lock file
4158 error Missing: @esbuild/netbsd-x64@0.25.12 from lock file
4158 error Missing: @esbuild/openbsd-arm64@0.25.12 from lock file
4158 error Missing: @esbuild/openbsd-x64@0.25.12 from lock file
4158 error Missing: @esbuild/openharmony-arm64@0.25.12 from lock file
4158 error Missing: @esbuild/sunos-x64@0.25.12 from lock file
4158 error Missing: @esbuild/win32-arm64@0.25.12 from lock file
4158 error Missing: @esbuild/win32-ia32@0.25.12 from lock file
4158 error Missing: @esbuild/win32-x64@0.25.12 from lock file
4158 error
4158 error Clean install a project
4158 error
4158 error Usage:
4158 error npm ci
4158 error
4158 error Options:
4158 error [--install-strategy <hoisted|nested|shallow|linked>] [--legacy-bundling]
4158 error [--global-style] [--omit <dev|optional|peer> [--omit <dev|optional|peer> ...]]
4158 error [--include <prod|dev|optional|peer> [--include <prod|dev|optional|peer> ...]]
4158 error [--strict-peer-deps] [--foreground-scripts] [--ignore-scripts]
4158 error [--allow-git <all|none|root>] [--no-audit] [--no-bin-links] [--no-fund]
4158 error [--dry-run]
4158 error [-w|--workspace <workspace-name> [-w|--workspace <workspace-name> ...]]
4158 error [--workspaces] [--include-workspace-root] [--install-links]
4158 error
4158 error   --install-strategy
4158 error     Sets the strategy for installing packages in node_modules.
4158 error
4158 error   --legacy-bundling
4158 error     Instead of hoisting package installs in `node_modules`, install packages
4158 error
4158 error   --global-style
4158 error     Only install direct dependencies in the top level `node_modules`,
4158 error
4158 error   --omit
4158 error     Dependency types to omit from the installation tree on disk.
4158 error
4158 error   --include
4158 error     Option that allows for defining which types of dependencies to install.
4158 error
4158 error   --strict-peer-deps
4158 error     If set to `true`, and `--legacy-peer-deps` is not set, then _any_
4158 error
4158 error   --foreground-scripts
4158 error     Run all build scripts (ie, `preinstall`, `install`, and
4158 error
4158 error   --ignore-scripts
4158 error     If true, npm does not run scripts specified in package.json files.
4158 error
4158 error   --allow-git
4158 error     Limits the ability for npm to fetch dependencies from git references.
4158 error
4158 error   --audit
4158 error     When "true" submit audit reports alongside the current npm command to the
4158 error
4158 error   --bin-links
4158 error     Tells npm to create symlinks (or `.cmd` shims on Windows) for package
4158 error
4158 error   --fund
4158 error     When "true" displays the message at the end of each `npm install`
4158 error
4158 error   --dry-run
4158 error     Indicates that you don't want npm to make any changes and that it should
4158 error
4158 error   -w|--workspace
4158 error     Enable running a command in the context of the configured workspaces of the
4158 error
4158 error   --workspaces
4158 error     Set to true to run the command in the context of **all** configured
4158 error
4158 error   --include-workspace-root
4158 error     Include the workspace root when workspaces are enabled for a command.
4158 error
4158 error   --install-links
4158 error     When set file: protocol dependencies will be packed and installed as
4158 error
4158 error
4158 error aliases: clean-install, ic, install-clean, isntall-clean
4158 error
4158 error Run "npm help ci" for more info
4159 verbose cwd C:\Users\tupai\OneDrive\Área de Trabalho\amigo_pet\projeto-amigopet\front
4160 verbose os Windows_NT 10.0.26200
4161 verbose node v24.16.0
4162 verbose npm  v11.13.0
4163 verbose exit 1
4164 verbose code 1
4165 error A complete log of this run can be found in: C:\Users\tupai\OneDrive\Área de Trabalho\amigo_pet\projeto-amigopet\front\.npm-cache\_logs\2026-06-10T19_46_45_700Z-debug-0.log
