0 verbose cli C:\Program Files\nodejs\node.exe C:\Program Files\nodejs\node_modules\npm\bin\npm-cli.js
1 info using npm@11.13.0
2 info using node@v24.16.0
3 silly config load:file:C:\Program Files\nodejs\node_modules\npm\npmrc
4 silly config load:file:C:\Users\tupai\OneDrive\Área de Trabalho\amigo_pet\projeto-amigopet\front\.npmrc
5 silly config load:file:C:\Users\tupai\.npmrc
6 silly config load:file:C:\Users\tupai\AppData\Roaming\npm\etc\npmrc
7 verbose title npm install
8 verbose argv "install" "--legacy-peer-deps" "--cache" ".\\.npm-cache"
9 verbose logfile logs-max:10 dir:C:\Users\tupai\OneDrive\Área de Trabalho\amigo_pet\projeto-amigopet\front\.npm-cache\_logs\2026-06-10T19_49_21_694Z-
10 verbose logfile C:\Users\tupai\OneDrive\Área de Trabalho\amigo_pet\projeto-amigopet\front\.npm-cache\_logs\2026-06-10T19_49_21_694Z-debug-0.log
11 silly logfile done cleaning log files
12 silly packumentCache heap:2192310272 maxSize:548077568 maxEntrySize:274038784
13 silly idealTree buildDeps
14 silly fetch manifest @angular/animations@^19.0.0
15 silly packumentCache full:https://registry.npmjs.org/@angular%2fanimations cache-miss
16 http cache https://registry.npmjs.org/@angular%2fanimations 162ms (cache hit)
17 silly packumentCache full:https://registry.npmjs.org/@angular%2fanimations set size:2842091 disposed:false
18 silly fetch manifest @angular/common@^19.0.0
19 silly packumentCache full:https://registry.npmjs.org/@angular%2fcommon cache-miss
20 http cache https://registry.npmjs.org/@angular%2fcommon 351ms (cache hit)
21 silly packumentCache full:https://registry.npmjs.org/@angular%2fcommon set size:3141660 disposed:false
22 silly fetch manifest @angular/compiler@^19.0.0
23 silly packumentCache full:https://registry.npmjs.org/@angular%2fcompiler cache-miss
24 http cache https://registry.npmjs.org/@angular%2fcompiler 397ms (cache hit)
25 silly packumentCache full:https://registry.npmjs.org/@angular%2fcompiler set size:2732726 disposed:false
26 silly fetch manifest @angular/core@^19.0.0
27 silly packumentCache full:https://registry.npmjs.org/@angular%2fcore cache-miss
28 http cache https://registry.npmjs.org/@angular%2fcore 52ms (cache hit)
29 silly packumentCache full:https://registry.npmjs.org/@angular%2fcore set size:3030757 disposed:false
30 silly fetch manifest @angular/forms@^19.0.0
31 silly packumentCache full:https://registry.npmjs.org/@angular%2fforms cache-miss
32 http cache https://registry.npmjs.org/@angular%2fforms 389ms (cache hit)
33 silly packumentCache full:https://registry.npmjs.org/@angular%2fforms set size:2786019 disposed:false
34 silly fetch manifest @angular/platform-browser@^19.0.0
35 silly packumentCache full:https://registry.npmjs.org/@angular%2fplatform-browser cache-miss
36 http cache https://registry.npmjs.org/@angular%2fplatform-browser 508ms (cache hit)
37 silly packumentCache full:https://registry.npmjs.org/@angular%2fplatform-browser set size:3135222 disposed:false
38 silly fetch manifest @angular/platform-browser-dynamic@^19.0.0
39 silly packumentCache full:https://registry.npmjs.org/@angular%2fplatform-browser-dynamic cache-miss
40 http cache https://registry.npmjs.org/@angular%2fplatform-browser-dynamic 106ms (cache hit)
41 silly packumentCache full:https://registry.npmjs.org/@angular%2fplatform-browser-dynamic set size:3135974 disposed:false
42 silly fetch manifest @angular/router@^19.0.0
43 silly packumentCache full:https://registry.npmjs.org/@angular%2frouter cache-miss
44 http cache https://registry.npmjs.org/@angular%2frouter 339ms (cache hit)
45 silly packumentCache full:https://registry.npmjs.org/@angular%2frouter set size:3025404 disposed:false
46 silly fetch manifest @primeng/themes@^19.0.0
47 silly packumentCache full:https://registry.npmjs.org/@primeng%2fthemes cache-miss
48 http cache https://registry.npmjs.org/@primeng%2fthemes 479ms (cache hit)
49 silly packumentCache full:https://registry.npmjs.org/@primeng%2fthemes set size:121302 disposed:false
50 silly fetch manifest primeicons@^7.0.0
51 silly packumentCache full:https://registry.npmjs.org/primeicons cache-miss
52 http cache https://registry.npmjs.org/primeicons 341ms (cache hit)
53 silly packumentCache full:https://registry.npmjs.org/primeicons set size:66240 disposed:false
54 silly fetch manifest primeng@^19.0.0
55 silly packumentCache full:https://registry.npmjs.org/primeng cache-miss
56 http cache https://registry.npmjs.org/primeng 1365ms (cache hit)
57 silly packumentCache full:https://registry.npmjs.org/primeng set size:8319577 disposed:false
58 silly fetch manifest zone.js@~0.15.0
59 silly packumentCache full:https://registry.npmjs.org/zone.js cache-miss
60 http cache https://registry.npmjs.org/zone.js 1431ms (cache hit)
61 silly packumentCache full:https://registry.npmjs.org/zone.js set size:378576 disposed:false
62 silly fetch manifest @angular-devkit/build-angular@^19.0.0
63 silly packumentCache full:https://registry.npmjs.org/@angular-devkit%2fbuild-angular cache-miss
64 http cache https://registry.npmjs.org/@angular-devkit%2fbuild-angular 87ms (cache hit)
65 silly packumentCache full:https://registry.npmjs.org/@angular-devkit%2fbuild-angular set size:4154705 disposed:false
66 silly fetch manifest @angular/cli@^19.0.0
67 silly packumentCache full:https://registry.npmjs.org/@angular%2fcli cache-miss
68 http cache https://registry.npmjs.org/@angular%2fcli 1203ms (cache hit)
69 silly packumentCache full:https://registry.npmjs.org/@angular%2fcli set size:3155217 disposed:false
70 silly fetch manifest @angular/compiler-cli@^19.0.0
71 silly packumentCache full:https://registry.npmjs.org/@angular%2fcompiler-cli cache-miss
72 http cache https://registry.npmjs.org/@angular%2fcompiler-cli 877ms (cache hit)
73 silly packumentCache full:https://registry.npmjs.org/@angular%2fcompiler-cli set size:3312211 disposed:false
74 silly fetch manifest @types/jasmine@~5.1.0
75 silly packumentCache full:https://registry.npmjs.org/@types%2fjasmine cache-miss
76 http cache https://registry.npmjs.org/@types%2fjasmine 1175ms (cache hit)
77 silly packumentCache full:https://registry.npmjs.org/@types%2fjasmine set size:520126 disposed:false
78 silly fetch manifest jasmine-core@~5.2.0
79 silly packumentCache full:https://registry.npmjs.org/jasmine-core cache-miss
80 http cache https://registry.npmjs.org/jasmine-core 27ms (cache hit)
81 silly packumentCache full:https://registry.npmjs.org/jasmine-core set size:234688 disposed:false
82 silly fetch manifest typescript@~5.5.0
83 silly packumentCache full:https://registry.npmjs.org/typescript cache-miss
84 http cache https://registry.npmjs.org/typescript 436ms (cache hit)
85 silly packumentCache full:https://registry.npmjs.org/typescript set size:15409943 disposed:false
86 silly placeDep ROOT @angular-devkit/build-angular@19.2.27 REPLACE for: amigopet-front@1.0.0 want: ^19.0.0
87 silly placeDep ROOT @angular/animations@19.2.25 REPLACE for: amigopet-front@1.0.0 want: ^19.0.0
88 silly placeDep ROOT @angular/cli@19.2.27 REPLACE for: amigopet-front@1.0.0 want: ^19.0.0
89 silly placeDep ROOT @angular/common@19.2.25 REPLACE for: amigopet-front@1.0.0 want: ^19.0.0
90 silly placeDep ROOT @angular/compiler@19.2.25 REPLACE for: amigopet-front@1.0.0 want: ^19.0.0
91 silly placeDep ROOT @angular/compiler-cli@19.2.25 REPLACE for: amigopet-front@1.0.0 want: ^19.0.0
92 silly placeDep ROOT @angular/core@19.2.25 REPLACE for: amigopet-front@1.0.0 want: ^19.0.0
93 silly placeDep ROOT @angular/forms@19.2.25 REPLACE for: amigopet-front@1.0.0 want: ^19.0.0
94 silly placeDep ROOT @angular/platform-browser@19.2.25 REPLACE for: amigopet-front@1.0.0 want: ^19.0.0
95 silly placeDep ROOT @angular/platform-browser-dynamic@19.2.25 REPLACE for: amigopet-front@1.0.0 want: ^19.0.0
96 silly placeDep ROOT @angular/router@19.2.25 REPLACE for: amigopet-front@1.0.0 want: ^19.0.0
97 silly placeDep ROOT @primeng/themes@19.1.4 OK for: amigopet-front@1.0.0 want: ^19.0.0
98 silly placeDep ROOT @types/jasmine@5.1.15 REPLACE for: amigopet-front@1.0.0 want: ~5.1.0
99 silly placeDep ROOT jasmine-core@5.2.0 REPLACE for: amigopet-front@1.0.0 want: ~5.2.0
100 silly placeDep ROOT primeicons@7.0.0 REPLACE for: amigopet-front@1.0.0 want: ^7.0.0
101 silly placeDep ROOT primeng@19.1.4 REPLACE for: amigopet-front@1.0.0 want: ^19.0.0
102 silly placeDep ROOT typescript@5.5.4 REPLACE for: amigopet-front@1.0.0 want: ~5.5.0
103 silly placeDep ROOT zone.js@0.15.1 REPLACE for: amigopet-front@1.0.0 want: ~0.15.0
104 silly fetch manifest less@4.2.2
105 silly packumentCache full:https://registry.npmjs.org/less cache-miss
106 silly fetch manifest open@10.1.0
107 silly packumentCache full:https://registry.npmjs.org/open cache-miss
108 silly fetch manifest sass@1.85.0
109 silly packumentCache full:https://registry.npmjs.org/sass cache-miss
110 silly fetch manifest semver@7.7.1
111 silly packumentCache full:https://registry.npmjs.org/semver cache-miss
112 silly fetch manifest terser@5.39.0
113 silly packumentCache full:https://registry.npmjs.org/terser cache-miss
114 silly fetch manifest piscina@4.8.0
115 silly packumentCache full:https://registry.npmjs.org/piscina cache-miss
116 silly fetch manifest postcss@8.5.12
117 silly packumentCache full:https://registry.npmjs.org/postcss cache-miss
118 http cache https://registry.npmjs.org/less 5592ms (cache hit)
119 silly packumentCache full:https://registry.npmjs.org/less set size:461684 disposed:false
120 silly fetch manifest webpack@5.105.0
121 silly packumentCache full:https://registry.npmjs.org/webpack cache-miss
122 http cache https://registry.npmjs.org/open 7773ms (cache hit)
123 silly packumentCache full:https://registry.npmjs.org/open set size:136392 disposed:false
124 silly fetch manifest fast-glob@3.3.3
125 silly packumentCache full:https://registry.npmjs.org/fast-glob cache-miss
126 http cache https://registry.npmjs.org/terser 8102ms (cache hit)
127 silly packumentCache full:https://registry.npmjs.org/terser set size:803566 disposed:false
128 silly fetch manifest picomatch@4.0.4
129 silly packumentCache full:https://registry.npmjs.org/picomatch cache-miss
130 http cache https://registry.npmjs.org/sass 8484ms (cache hit)
131 silly packumentCache full:https://registry.npmjs.org/sass set size:728345 disposed:false
132 silly fetch manifest css-loader@7.1.2
133 silly packumentCache full:https://registry.npmjs.org/css-loader cache-miss
134 http cache https://registry.npmjs.org/semver 8494ms (cache hit)
135 silly packumentCache full:https://registry.npmjs.org/semver set size:243512 disposed:false
136 silly fetch manifest @babel/core@7.26.10
137 silly packumentCache full:https://registry.npmjs.org/@babel%2fcore cache-miss
138 http cache https://registry.npmjs.org/piscina 8529ms (cache hit)
139 silly packumentCache full:https://registry.npmjs.org/piscina set size:161820 disposed:false
140 silly fetch manifest less-loader@12.2.0
141 silly packumentCache full:https://registry.npmjs.org/less-loader cache-miss
142 http cache https://registry.npmjs.org/postcss 8576ms (cache hit)
143 silly packumentCache full:https://registry.npmjs.org/postcss set size:723316 disposed:false
144 silly fetch manifest sass-loader@16.0.5
145 silly packumentCache full:https://registry.npmjs.org/sass-loader cache-miss
146 http cache https://registry.npmjs.org/css-loader 487ms (cache hit)
147 silly packumentCache full:https://registry.npmjs.org/css-loader set size:520219 disposed:false
148 silly fetch manifest autoprefixer@10.4.20
149 silly packumentCache full:https://registry.npmjs.org/autoprefixer cache-miss
150 http cache https://registry.npmjs.org/webpack 2584ms (cache hit)
151 silly packumentCache full:https://registry.npmjs.org/webpack set size:5034153 disposed:false
152 silly fetch manifest babel-loader@9.2.1
153 silly packumentCache full:https://registry.npmjs.org/babel-loader cache-miss
154 http cache https://registry.npmjs.org/@babel%2fcore 662ms (cache hit)
155 silly packumentCache full:https://registry.npmjs.org/@babel%2fcore set size:779631 disposed:false
156 silly fetch manifest esbuild-wasm@0.28.0
157 silly packumentCache full:https://registry.npmjs.org/esbuild-wasm cache-miss
158 http cache https://registry.npmjs.org/fast-glob 1396ms (cache hit)
159 silly packumentCache full:https://registry.npmjs.org/fast-glob set size:220556 disposed:false
160 silly fetch manifest jsonc-parser@3.3.1
161 silly packumentCache full:https://registry.npmjs.org/jsonc-parser cache-miss
162 http cache https://registry.npmjs.org/picomatch 1127ms (cache hit)
163 silly packumentCache full:https://registry.npmjs.org/picomatch set size:126376 disposed:false
164 silly fetch manifest loader-utils@3.3.1
165 silly packumentCache full:https://registry.npmjs.org/loader-utils cache-miss
166 http cache https://registry.npmjs.org/less-loader 799ms (cache hit)
167 silly packumentCache full:https://registry.npmjs.org/less-loader set size:226040 disposed:false
168 silly fetch manifest webpack-merge@6.0.1
169 silly packumentCache full:https://registry.npmjs.org/webpack-merge cache-miss
170 http cache https://registry.npmjs.org/sass-loader 782ms (cache hit)
171 silly packumentCache full:https://registry.npmjs.org/sass-loader set size:431379 disposed:false
172 silly fetch manifest @angular/build@19.2.27
173 silly packumentCache full:https://registry.npmjs.org/@angular%2fbuild cache-miss
174 http cache https://registry.npmjs.org/babel-loader 559ms (cache hit)
175 silly packumentCache full:https://registry.npmjs.org/babel-loader set size:257763 disposed:false
176 silly fetch manifest @babel/runtime@7.26.10
177 silly packumentCache full:https://registry.npmjs.org/@babel%2fruntime cache-miss
178 http cache https://registry.npmjs.org/autoprefixer 818ms (cache hit)
179 silly packumentCache full:https://registry.npmjs.org/autoprefixer set size:1319426 disposed:false
180 silly fetch manifest postcss-loader@8.1.1
181 silly packumentCache full:https://registry.npmjs.org/postcss-loader cache-miss
182 http cache https://registry.npmjs.org/esbuild-wasm 654ms (cache hit)
183 silly packumentCache full:https://registry.npmjs.org/esbuild-wasm set size:1041148 disposed:false
184 silly fetch manifest @babel/generator@7.26.10
185 silly packumentCache full:https://registry.npmjs.org/@babel%2fgenerator cache-miss
186 http cache https://registry.npmjs.org/jsonc-parser 806ms (cache hit)
187 silly packumentCache full:https://registry.npmjs.org/jsonc-parser set size:99919 disposed:false
188 silly fetch manifest @ngtools/webpack@19.2.27
189 silly packumentCache full:https://registry.npmjs.org/@ngtools%2fwebpack cache-miss
190 http cache https://registry.npmjs.org/loader-utils 743ms (cache hit)
191 silly packumentCache full:https://registry.npmjs.org/loader-utils set size:168663 disposed:false
192 silly fetch manifest @babel/preset-env@7.26.9
193 silly packumentCache full:https://registry.npmjs.org/@babel%2fpreset-env cache-miss
194 http cache https://registry.npmjs.org/@angular%2fbuild 946ms (cache hit)
195 silly packumentCache full:https://registry.npmjs.org/@angular%2fbuild set size:898215 disposed:false
196 silly fetch manifest source-map-loader@5.0.0
197 silly packumentCache full:https://registry.npmjs.org/source-map-loader cache-miss
198 http cache https://registry.npmjs.org/webpack-merge 1155ms (cache hit)
199 silly packumentCache full:https://registry.npmjs.org/webpack-merge set size:237952 disposed:false
200 silly fetch manifest webpack-dev-server@5.2.2
201 silly packumentCache full:https://registry.npmjs.org/webpack-dev-server cache-miss
202 http cache https://registry.npmjs.org/@babel%2fgenerator 876ms (cache hit)
203 silly packumentCache full:https://registry.npmjs.org/@babel%2fgenerator set size:518214 disposed:false
204 silly fetch manifest copy-webpack-plugin@12.0.2
205 silly packumentCache full:https://registry.npmjs.org/copy-webpack-plugin cache-miss
206 http cache https://registry.npmjs.org/postcss-loader 901ms (cache hit)
207 silly packumentCache full:https://registry.npmjs.org/postcss-loader set size:282135 disposed:false
208 silly fetch manifest @angular-devkit/core@19.2.27
209 silly packumentCache full:https://registry.npmjs.org/@angular-devkit%2fcore cache-miss
210 http cache https://registry.npmjs.org/@babel%2fruntime 1011ms (cache hit)
211 silly packumentCache full:https://registry.npmjs.org/@babel%2fruntime set size:3455431 disposed:false
212 silly fetch manifest @ampproject/remapping@2.3.0
213 silly packumentCache full:https://registry.npmjs.org/@ampproject%2fremapping cache-miss
214 http cache https://registry.npmjs.org/@babel%2fpreset-env 1070ms (cache hit)
215 silly packumentCache full:https://registry.npmjs.org/@babel%2fpreset-env set size:1191601 disposed:false
216 silly fetch manifest @discoveryjs/json-ext@0.6.3
217 silly packumentCache full:https://registry.npmjs.org/@discoveryjs%2fjson-ext cache-miss
218 http cache https://registry.npmjs.org/@ngtools%2fwebpack 1145ms (cache hit)
219 silly packumentCache full:https://registry.npmjs.org/@ngtools%2fwebpack set size:2462036 disposed:false
220 silly fetch manifest http-proxy-middleware@3.0.5
221 silly packumentCache full:https://registry.npmjs.org/http-proxy-middleware cache-miss
222 http cache https://registry.npmjs.org/source-map-loader 853ms (cache hit)
223 silly packumentCache full:https://registry.npmjs.org/source-map-loader set size:100772 disposed:false
224 silly fetch manifest webpack-dev-middleware@7.4.2
225 silly packumentCache full:https://registry.npmjs.org/webpack-dev-middleware cache-miss
226 http cache https://registry.npmjs.org/copy-webpack-plugin 683ms (cache hit)
227 silly packumentCache full:https://registry.npmjs.org/copy-webpack-plugin set size:303449 disposed:false
228 silly fetch manifest istanbul-lib-instrument@6.0.3
229 silly packumentCache full:https://registry.npmjs.org/istanbul-lib-instrument cache-miss
230 http cache https://registry.npmjs.org/webpack-dev-server 872ms (cache hit)
231 silly packumentCache full:https://registry.npmjs.org/webpack-dev-server set size:852347 disposed:false
232 silly fetch manifest mini-css-extract-plugin@2.9.2
233 silly packumentCache full:https://registry.npmjs.org/mini-css-extract-plugin cache-miss
234 http cache https://registry.npmjs.org/@angular-devkit%2fcore 833ms (cache hit)
235 silly packumentCache full:https://registry.npmjs.org/@angular-devkit%2fcore set size:2371476 disposed:false
236 silly fetch manifest @vitejs/plugin-basic-ssl@1.2.0
237 silly packumentCache full:https://registry.npmjs.org/@vitejs%2fplugin-basic-ssl cache-miss
238 http cache https://registry.npmjs.org/@ampproject%2fremapping 774ms (cache hit)
239 silly packumentCache full:https://registry.npmjs.org/@ampproject%2fremapping set size:88598 disposed:false
240 silly fetch manifest @angular-devkit/architect@0.1902.27
241 silly packumentCache full:https://registry.npmjs.org/@angular-devkit%2farchitect cache-miss
242 http cache https://registry.npmjs.org/@discoveryjs%2fjson-ext 592ms (cache hit)
243 silly packumentCache full:https://registry.npmjs.org/@discoveryjs%2fjson-ext set size:81863 disposed:false
244 silly fetch manifest @angular-devkit/build-webpack@0.1902.27
245 silly packumentCache full:https://registry.npmjs.org/@angular-devkit%2fbuild-webpack cache-miss
246 http cache https://registry.npmjs.org/http-proxy-middleware 554ms (cache hit)
247 silly packumentCache full:https://registry.npmjs.org/http-proxy-middleware set size:359220 disposed:false
248 silly fetch manifest @babel/helper-annotate-as-pure@7.25.9
249 silly packumentCache full:https://registry.npmjs.org/@babel%2fhelper-annotate-as-pure cache-miss
250 http cache https://registry.npmjs.org/webpack-dev-middleware 682ms (cache hit)
251 silly packumentCache full:https://registry.npmjs.org/webpack-dev-middleware set size:378853 disposed:false
252 silly fetch manifest @babel/plugin-transform-runtime@7.26.10
253 silly packumentCache full:https://registry.npmjs.org/@babel%2fplugin-transform-runtime cache-miss
254 http cache https://registry.npmjs.org/istanbul-lib-instrument 991ms (cache hit)
255 silly packumentCache full:https://registry.npmjs.org/istanbul-lib-instrument set size:219175 disposed:false
256 silly fetch manifest @babel/helper-split-export-declaration@7.24.7
257 silly packumentCache full:https://registry.npmjs.org/@babel%2fhelper-split-export-declaration cache-miss
258 http cache https://registry.npmjs.org/mini-css-extract-plugin 982ms (cache hit)
259 silly packumentCache full:https://registry.npmjs.org/mini-css-extract-plugin set size:404474 disposed:false
260 silly fetch manifest @babel/plugin-transform-async-to-generator@7.25.9
261 silly packumentCache full:https://registry.npmjs.org/@babel%2fplugin-transform-async-to-generator cache-miss
262 http cache https://registry.npmjs.org/@angular-devkit%2fbuild-webpack 704ms (cache hit)
263 silly packumentCache full:https://registry.npmjs.org/@angular-devkit%2fbuild-webpack set size:2258444 disposed:false
264 silly fetch manifest @babel/plugin-transform-async-generator-functions@7.26.8
265 silly packumentCache full:https://registry.npmjs.org/@babel%2fplugin-transform-async-generator-functions cache-miss
266 http cache https://registry.npmjs.org/@angular-devkit%2farchitect 749ms (cache hit)
267 silly packumentCache full:https://registry.npmjs.org/@angular-devkit%2farchitect set size:2167441 disposed:false
268 silly fetch manifest esbuild@0.28.0
269 silly packumentCache full:https://registry.npmjs.org/esbuild cache-miss
270 http cache https://registry.npmjs.org/@vitejs%2fplugin-basic-ssl 826ms (cache hit)
271 silly packumentCache full:https://registry.npmjs.org/@vitejs%2fplugin-basic-ssl set size:45104 disposed:false
272 silly fetch manifest ini@5.0.0
273 silly packumentCache full:https://registry.npmjs.org/ini cache-miss
274 http cache https://registry.npmjs.org/@babel%2fhelper-annotate-as-pure 796ms (cache hit)
275 silly packumentCache full:https://registry.npmjs.org/@babel%2fhelper-annotate-as-pure set size:179510 disposed:false
276 silly fetch manifest listr2@8.2.5
277 silly packumentCache full:https://registry.npmjs.org/listr2 cache-miss
278 http cache https://registry.npmjs.org/@babel%2fplugin-transform-runtime 673ms (cache hit)
279 silly packumentCache full:https://registry.npmjs.org/@babel%2fplugin-transform-runtime set size:462646 disposed:false
280 silly fetch manifest pacote@20.0.0
281 silly packumentCache full:https://registry.npmjs.org/pacote cache-miss
282 http cache https://registry.npmjs.org/@babel%2fhelper-split-export-declaration 265ms (cache hit)
283 silly packumentCache full:https://registry.npmjs.org/@babel%2fhelper-split-export-declaration set size:132747 disposed:false
284 silly fetch manifest resolve@1.22.10
285 silly packumentCache full:https://registry.npmjs.org/resolve cache-miss
286 http cache https://registry.npmjs.org/@babel%2fplugin-transform-async-generator-functions 248ms (cache hit)
287 silly packumentCache full:https://registry.npmjs.org/@babel%2fplugin-transform-async-generator-functions set size:125257 disposed:false
288 silly fetch manifest npm-package-arg@12.0.2
289 silly packumentCache full:https://registry.npmjs.org/npm-package-arg cache-miss
290 http cache https://registry.npmjs.org/ini 241ms (cache hit)
291 silly packumentCache full:https://registry.npmjs.org/ini set size:59180 disposed:false
292 silly fetch manifest @inquirer/prompts@7.3.2
293 silly packumentCache full:https://registry.npmjs.org/@inquirer%2fprompts cache-miss
294 http cache https://registry.npmjs.org/@babel%2fplugin-transform-async-to-generator 340ms (cache hit)
295 silly packumentCache full:https://registry.npmjs.org/@babel%2fplugin-transform-async-to-generator set size:244269 disposed:false
296 silly fetch manifest npm-pick-manifest@10.0.0
297 silly packumentCache full:https://registry.npmjs.org/npm-pick-manifest cache-miss
298 http cache https://registry.npmjs.org/esbuild 292ms (cache hit)
299 silly packumentCache full:https://registry.npmjs.org/esbuild set size:1254708 disposed:false
300 silly fetch manifest @schematics/angular@19.2.27
301 silly packumentCache full:https://registry.npmjs.org/@schematics%2fangular cache-miss
302 http cache https://registry.npmjs.org/listr2 274ms (cache hit)
303 silly packumentCache full:https://registry.npmjs.org/listr2 set size:1056609 disposed:false
304 silly fetch manifest @angular-devkit/schematics@19.2.27
305 silly packumentCache full:https://registry.npmjs.org/@angular-devkit%2fschematics cache-miss
306 http cache https://registry.npmjs.org/pacote 220ms (cache hit)
307 silly packumentCache full:https://registry.npmjs.org/pacote set size:763537 disposed:false
308 silly fetch manifest @listr2/prompt-adapter-inquirer@2.0.18
309 silly packumentCache full:https://registry.npmjs.org/@listr2%2fprompt-adapter-inquirer cache-miss
310 http cache https://registry.npmjs.org/npm-package-arg 190ms (cache hit)
311 silly packumentCache full:https://registry.npmjs.org/npm-package-arg set size:133940 disposed:false
312 silly fetch manifest chokidar@^4.0.0
313 silly packumentCache full:https://registry.npmjs.org/chokidar cache-miss
314 http cache https://registry.npmjs.org/resolve 401ms (cache hit)
315 silly packumentCache full:https://registry.npmjs.org/resolve set size:244568 disposed:false
316 silly fetch manifest @babel/core@7.26.9
317 silly packumentCache full:https://registry.npmjs.org/@babel%2fcore cache-hit
318 silly fetch manifest reflect-metadata@^0.2.0
319 silly packumentCache full:https://registry.npmjs.org/reflect-metadata cache-miss
320 http cache https://registry.npmjs.org/npm-pick-manifest 572ms (cache hit)
321 silly packumentCache full:https://registry.npmjs.org/npm-pick-manifest set size:105209 disposed:false
322 silly fetch manifest @primeuix/styled@^0.3.2
323 silly packumentCache full:https://registry.npmjs.org/@primeuix%2fstyled cache-miss
324 http cache https://registry.npmjs.org/@inquirer%2fprompts 630ms (cache hit)
325 silly packumentCache full:https://registry.npmjs.org/@inquirer%2fprompts set size:331361 disposed:false
326 silly fetch manifest @primeuix/utils@^0.3.2
327 silly packumentCache full:https://registry.npmjs.org/@primeuix%2futils cache-miss
328 http cache https://registry.npmjs.org/@schematics%2fangular 656ms (cache hit)
329 silly packumentCache full:https://registry.npmjs.org/@schematics%2fangular set size:2378576 disposed:false
330 silly fetch manifest @primeuix/styled@^0.3.2
331 silly packumentCache full:https://registry.npmjs.org/@primeuix%2fstyled cache-miss
332 http cache https://registry.npmjs.org/@listr2%2fprompt-adapter-inquirer 815ms (cache hit)
333 silly packumentCache full:https://registry.npmjs.org/@listr2%2fprompt-adapter-inquirer set size:131647 disposed:false
334 http cache https://registry.npmjs.org/@angular-devkit%2fschematics 863ms (cache hit)
335 silly packumentCache full:https://registry.npmjs.org/@angular-devkit%2fschematics set size:2320552 disposed:false
336 http cache https://registry.npmjs.org/chokidar 925ms (cache hit)
337 silly packumentCache full:https://registry.npmjs.org/chokidar set size:255902 disposed:false
338 http cache https://registry.npmjs.org/reflect-metadata 668ms (cache hit)
339 silly packumentCache full:https://registry.npmjs.org/reflect-metadata set size:61305 disposed:false
340 http cache https://registry.npmjs.org/@primeuix%2fstyled 538ms (cache hit)
341 silly packumentCache full:https://registry.npmjs.org/@primeuix%2fstyled set size:63463 disposed:false
342 http cache https://registry.npmjs.org/@primeuix%2fstyled 380ms (cache hit)
343 silly packumentCache full:https://registry.npmjs.org/@primeuix%2fstyled set size:63463 disposed:false
344 silly packumentCache full:https://registry.npmjs.org/@primeuix%2fstyled dispose
345 http cache https://registry.npmjs.org/@primeuix%2futils 566ms (cache hit)
346 silly packumentCache full:https://registry.npmjs.org/@primeuix%2futils set size:66967 disposed:false
347 silly placeDep ROOT @ampproject/remapping@2.3.0 REPLACE for: @angular-devkit/build-angular@19.2.27 want: 2.3.0
348 silly placeDep ROOT @angular-devkit/architect@0.1902.27 OK for: @angular-devkit/build-angular@19.2.27 want: 0.1902.27
349 silly placeDep ROOT @angular-devkit/build-webpack@0.1902.27 OK for: @angular-devkit/build-angular@19.2.27 want: 0.1902.27
350 silly placeDep ROOT @angular-devkit/core@19.2.27 OK for: @angular-devkit/build-angular@19.2.27 want: 19.2.27
351 silly placeDep ROOT @angular/build@19.2.27 OK for: @angular-devkit/build-angular@19.2.27 want: 19.2.27
352 silly placeDep node_modules/@angular-devkit/build-angular @babel/core@7.26.10 OK for: @angular-devkit/build-angular@19.2.27 want: 7.26.10
353 silly placeDep ROOT @babel/generator@7.26.10 REPLACE for: @angular-devkit/build-angular@19.2.27 want: 7.26.10
354 silly placeDep ROOT @babel/helper-annotate-as-pure@7.25.9 OK for: @angular-devkit/build-angular@19.2.27 want: 7.25.9
355 silly placeDep ROOT @babel/helper-split-export-declaration@7.24.7 OK for: @angular-devkit/build-angular@19.2.27 want: 7.24.7
356 silly placeDep ROOT @babel/plugin-transform-async-generator-functions@7.26.8 OK for: @angular-devkit/build-angular@19.2.27 want: 7.26.8
357 silly placeDep ROOT @babel/plugin-transform-async-to-generator@7.25.9 OK for: @angular-devkit/build-angular@19.2.27 want: 7.25.9
358 silly placeDep ROOT @babel/plugin-transform-runtime@7.26.10 OK for: @angular-devkit/build-angular@19.2.27 want: 7.26.10
359 silly placeDep ROOT @babel/preset-env@7.26.9 OK for: @angular-devkit/build-angular@19.2.27 want: 7.26.9
360 silly placeDep ROOT @babel/runtime@7.26.10 OK for: @angular-devkit/build-angular@19.2.27 want: 7.26.10
361 silly placeDep ROOT @discoveryjs/json-ext@0.6.3 OK for: @angular-devkit/build-angular@19.2.27 want: 0.6.3
362 silly placeDep ROOT @ngtools/webpack@19.2.27 OK for: @angular-devkit/build-angular@19.2.27 want: 19.2.27
363 silly placeDep ROOT @vitejs/plugin-basic-ssl@1.2.0 OK for: @angular-devkit/build-angular@19.2.27 want: 1.2.0
364 silly placeDep ROOT autoprefixer@10.4.20 OK for: @angular-devkit/build-angular@19.2.27 want: 10.4.20
365 silly placeDep ROOT babel-loader@9.2.1 OK for: @angular-devkit/build-angular@19.2.27 want: 9.2.1
366 silly placeDep ROOT copy-webpack-plugin@12.0.2 OK for: @angular-devkit/build-angular@19.2.27 want: 12.0.2
367 silly placeDep ROOT css-loader@7.1.2 OK for: @angular-devkit/build-angular@19.2.27 want: 7.1.2
368 silly placeDep ROOT esbuild@0.28.0 OK for: @angular-devkit/build-angular@19.2.27 want: 0.28.0
369 silly placeDep ROOT esbuild-wasm@0.28.0 OK for: @angular-devkit/build-angular@19.2.27 want: 0.28.0
370 silly placeDep ROOT fast-glob@3.3.3 OK for: @angular-devkit/build-angular@19.2.27 want: 3.3.3
371 silly placeDep ROOT http-proxy-middleware@3.0.5 OK for: @angular-devkit/build-angular@19.2.27 want: 3.0.5
372 silly placeDep node_modules/@angular-devkit/build-angular istanbul-lib-instrument@6.0.3 OK for: @angular-devkit/build-angular@19.2.27 want: 6.0.3
373 silly placeDep ROOT jsonc-parser@3.3.1 OK for: @angular-devkit/build-angular@19.2.27 want: 3.3.1
374 silly placeDep ROOT less@4.2.2 OK for: @angular-devkit/build-angular@19.2.27 want: 4.2.2
375 silly placeDep ROOT less-loader@12.2.0 OK for: @angular-devkit/build-angular@19.2.27 want: 12.2.0
376 silly placeDep ROOT loader-utils@3.3.1 OK for: @angular-devkit/build-angular@19.2.27 want: 3.3.1
377 silly placeDep ROOT mini-css-extract-plugin@2.9.2 OK for: @angular-devkit/build-angular@19.2.27 want: 2.9.2
378 silly placeDep ROOT open@10.1.0 OK for: @angular-devkit/build-angular@19.2.27 want: 10.1.0
379 silly placeDep node_modules/@angular-devkit/build-angular picomatch@4.0.4 OK for: @angular-devkit/build-angular@19.2.27 want: 4.0.4
380 silly placeDep ROOT piscina@4.8.0 OK for: @angular-devkit/build-angular@19.2.27 want: 4.8.0
381 silly placeDep ROOT postcss@8.5.12 REPLACE for: @angular-devkit/build-angular@19.2.27 want: 8.5.12
382 silly placeDep ROOT postcss-loader@8.1.1 OK for: @angular-devkit/build-angular@19.2.27 want: 8.1.1
383 silly placeDep ROOT sass@1.85.0 OK for: @angular-devkit/build-angular@19.2.27 want: 1.85.0
384 silly placeDep ROOT sass-loader@16.0.5 OK for: @angular-devkit/build-angular@19.2.27 want: 16.0.5
385 silly placeDep node_modules/@angular-devkit/build-angular semver@7.7.1 OK for: @angular-devkit/build-angular@19.2.27 want: 7.7.1
386 silly placeDep ROOT source-map-loader@5.0.0 OK for: @angular-devkit/build-angular@19.2.27 want: 5.0.0
387 silly placeDep ROOT terser@5.39.0 OK for: @angular-devkit/build-angular@19.2.27 want: 5.39.0
388 silly placeDep ROOT webpack@5.105.0 OK for: @angular-devkit/build-angular@19.2.27 want: 5.105.0
389 silly placeDep ROOT webpack-dev-middleware@7.4.2 OK for: @angular-devkit/build-angular@19.2.27 want: 7.4.2
390 silly placeDep ROOT webpack-dev-server@5.2.2 OK for: @angular-devkit/build-angular@19.2.27 want: 5.2.2
391 silly placeDep ROOT webpack-merge@6.0.1 OK for: @angular-devkit/build-angular@19.2.27 want: 6.0.1
392 silly fetch manifest rxjs@7.8.1
393 silly packumentCache full:https://registry.npmjs.org/rxjs cache-miss
394 silly fetch manifest rxjs@7.8.1
395 silly packumentCache full:https://registry.npmjs.org/rxjs cache-miss
396 silly fetch manifest ajv@8.18.0
397 silly packumentCache full:https://registry.npmjs.org/ajv cache-miss
398 silly fetch manifest rxjs@7.8.1
399 silly packumentCache full:https://registry.npmjs.org/rxjs cache-miss
400 silly fetch manifest source-map@0.7.4
401 silly packumentCache full:https://registry.npmjs.org/source-map cache-miss
402 silly fetch manifest ajv-formats@3.0.1
403 silly packumentCache full:https://registry.npmjs.org/ajv-formats cache-miss
404 silly fetch manifest vite@6.4.2
405 silly packumentCache full:https://registry.npmjs.org/vite cache-miss
406 http cache https://registry.npmjs.org/ajv 202ms (cache hit)
407 silly packumentCache full:https://registry.npmjs.org/ajv set size:1142658 disposed:false
408 silly fetch manifest mrmime@2.0.1
409 silly packumentCache full:https://registry.npmjs.org/mrmime cache-miss
410 http cache https://registry.npmjs.org/rxjs 249ms (cache hit)
411 silly packumentCache full:https://registry.npmjs.org/rxjs set size:980097 disposed:false
412 silly fetch manifest rollup@4.59.0
413 silly packumentCache full:https://registry.npmjs.org/rollup cache-miss
414 http cache https://registry.npmjs.org/rxjs 299ms (cache hit)
415 silly packumentCache full:https://registry.npmjs.org/rxjs set size:980097 disposed:false
416 silly packumentCache full:https://registry.npmjs.org/rxjs dispose
417 silly fetch manifest beasties@0.3.2
418 silly packumentCache full:https://registry.npmjs.org/beasties cache-miss
419 http cache https://registry.npmjs.org/rxjs 326ms (cache hit)
420 silly packumentCache full:https://registry.npmjs.org/rxjs set size:980097 disposed:true
421 silly packumentCache full:https://registry.npmjs.org/rxjs dispose
422 silly fetch manifest watchpack@2.4.2
423 silly packumentCache full:https://registry.npmjs.org/watchpack cache-miss
424 http cache https://registry.npmjs.org/source-map 346ms (cache hit)
425 silly packumentCache full:https://registry.npmjs.org/source-map set size:226212 disposed:false
426 silly fetch manifest magic-string@0.30.17
427 silly packumentCache full:https://registry.npmjs.org/magic-string cache-miss
428 http cache https://registry.npmjs.org/ajv-formats 352ms (cache hit)
429 silly packumentCache full:https://registry.npmjs.org/ajv-formats set size:141264 disposed:false
430 silly fetch manifest @inquirer/confirm@5.1.6
431 silly packumentCache full:https://registry.npmjs.org/@inquirer%2fconfirm cache-miss
432 http cache https://registry.npmjs.org/vite 576ms (cache hit)
433 silly packumentCache full:https://registry.npmjs.org/vite set size:38863551 disposed:false
434 silly fetch manifest https-proxy-agent@7.0.6
435 silly packumentCache full:https://registry.npmjs.org/https-proxy-agent cache-miss
436 http cache https://registry.npmjs.org/mrmime 1382ms (cache hit)
437 silly packumentCache full:https://registry.npmjs.org/mrmime set size:17044 disposed:false
438 silly fetch manifest parse5-html-rewriting-stream@7.0.0
439 silly packumentCache full:https://registry.npmjs.org/parse5-html-rewriting-stream cache-miss
440 http cache https://registry.npmjs.org/beasties 1312ms (cache hit)
441 silly packumentCache full:https://registry.npmjs.org/beasties set size:48890 disposed:false
442 silly fetch manifest @babel/plugin-syntax-import-attributes@7.26.0
443 silly packumentCache full:https://registry.npmjs.org/@babel%2fplugin-syntax-import-attributes cache-miss
444 http cache https://registry.npmjs.org/https-proxy-agent 150ms (cache hit)
445 silly packumentCache full:https://registry.npmjs.org/https-proxy-agent set size:83792 disposed:false
446 silly fetch manifest lmdb@3.2.6
447 silly packumentCache full:https://registry.npmjs.org/lmdb cache-miss
448 http cache https://registry.npmjs.org/watchpack 1574ms (cache hit)
449 silly packumentCache full:https://registry.npmjs.org/watchpack set size:144588 disposed:false
450 silly fetch manifest semver@^6.3.1
451 silly packumentCache full:https://registry.npmjs.org/semver cache-hit
452 silly fetch manifest @babel/template@^7.26.9
453 silly packumentCache full:https://registry.npmjs.org/@babel%2ftemplate cache-miss
454 http cache https://registry.npmjs.org/rollup 1760ms (cache hit)
455 silly packumentCache full:https://registry.npmjs.org/rollup set size:6217825 disposed:false
456 silly fetch manifest @babel/generator@^7.26.10
457 silly packumentCache full:https://registry.npmjs.org/@babel%2fgenerator cache-hit
458 silly fetch manifest convert-source-map@^2.0.0
459 silly packumentCache full:https://registry.npmjs.org/convert-source-map cache-miss
460 http cache https://registry.npmjs.org/magic-string 1916ms (cache hit)
461 silly packumentCache full:https://registry.npmjs.org/magic-string set size:331817 disposed:false
462 silly fetch manifest jsesc@^3.0.2
463 silly packumentCache full:https://registry.npmjs.org/jsesc cache-miss
464 http cache https://registry.npmjs.org/@inquirer%2fconfirm 1916ms (cache hit)
465 silly packumentCache full:https://registry.npmjs.org/@inquirer%2fconfirm set size:320882 disposed:false
466 silly fetch manifest @babel/helper-plugin-utils@^7.26.5
467 silly packumentCache full:https://registry.npmjs.org/@babel%2fhelper-plugin-utils cache-miss
468 http cache https://registry.npmjs.org/parse5-html-rewriting-stream 893ms (cache hit)
469 silly packumentCache full:https://registry.npmjs.org/parse5-html-rewriting-stream set size:23913 disposed:false
470 silly fetch manifest @babel/helper-remap-async-to-generator@^7.25.9
471 silly packumentCache full:https://registry.npmjs.org/@babel%2fhelper-remap-async-to-generator cache-miss
472 http cache https://registry.npmjs.org/@babel%2fplugin-syntax-import-attributes 904ms (cache hit)
473 silly packumentCache full:https://registry.npmjs.org/@babel%2fplugin-syntax-import-attributes set size:73361 disposed:false
474 silly fetch manifest @babel/helper-plugin-utils@^7.25.9
475 silly packumentCache full:https://registry.npmjs.org/@babel%2fhelper-plugin-utils cache-miss
476 http cache https://registry.npmjs.org/lmdb 791ms (cache hit)
477 silly packumentCache full:https://registry.npmjs.org/lmdb set size:977039 disposed:false
478 silly fetch manifest @babel/helper-remap-async-to-generator@^7.25.9
479 silly packumentCache full:https://registry.npmjs.org/@babel%2fhelper-remap-async-to-generator cache-miss
480 http cache https://registry.npmjs.org/@babel%2ftemplate 602ms (cache hit)
481 silly packumentCache full:https://registry.npmjs.org/@babel%2ftemplate set size:235045 disposed:false
482 silly fetch manifest @babel/helper-plugin-utils@^7.26.5
483 silly packumentCache full:https://registry.npmjs.org/@babel%2fhelper-plugin-utils cache-miss
484 http cache https://registry.npmjs.org/convert-source-map 368ms (cache hit)
485 silly packumentCache full:https://registry.npmjs.org/convert-source-map set size:66997 disposed:false
486 silly fetch manifest babel-plugin-polyfill-corejs2@^0.4.10
487 silly packumentCache full:https://registry.npmjs.org/babel-plugin-polyfill-corejs2 cache-miss
488 http cache https://registry.npmjs.org/jsesc 365ms (cache hit)
489 silly packumentCache full:https://registry.npmjs.org/jsesc set size:61512 disposed:false
490 silly fetch manifest babel-plugin-polyfill-corejs3@^0.11.0
491 silly packumentCache full:https://registry.npmjs.org/babel-plugin-polyfill-corejs3 cache-miss
492 http cache https://registry.npmjs.org/@babel%2fhelper-plugin-utils 374ms (cache hit)
493 silly packumentCache full:https://registry.npmjs.org/@babel%2fhelper-plugin-utils set size:171581 disposed:false
494 silly fetch manifest babel-plugin-polyfill-regenerator@^0.6.1
495 silly packumentCache full:https://registry.npmjs.org/babel-plugin-polyfill-regenerator cache-miss
496 http cache https://registry.npmjs.org/@babel%2fhelper-plugin-utils 324ms (cache hit)
497 silly packumentCache full:https://registry.npmjs.org/@babel%2fhelper-plugin-utils set size:171581 disposed:false
498 silly packumentCache full:https://registry.npmjs.org/@babel%2fhelper-plugin-utils dispose
499 silly fetch manifest core-js-compat@^3.40.0
500 silly packumentCache full:https://registry.npmjs.org/core-js-compat cache-miss
501 http cache https://registry.npmjs.org/@babel%2fhelper-remap-async-to-generator 322ms (cache hit)
502 silly packumentCache full:https://registry.npmjs.org/@babel%2fhelper-remap-async-to-generator set size:226229 disposed:false
503 silly fetch manifest @babel/preset-modules@0.1.6-no-external-plugins
504 silly packumentCache full:https://registry.npmjs.org/@babel%2fpreset-modules cache-miss
505 http cache https://registry.npmjs.org/@babel%2fhelper-remap-async-to-generator 377ms (cache hit)
506 silly packumentCache full:https://registry.npmjs.org/@babel%2fhelper-remap-async-to-generator set size:226229 disposed:false
507 silly packumentCache full:https://registry.npmjs.org/@babel%2fhelper-remap-async-to-generator dispose
508 silly fetch manifest babel-plugin-polyfill-corejs2@^0.4.10
509 silly packumentCache full:https://registry.npmjs.org/babel-plugin-polyfill-corejs2 cache-miss
510 http cache https://registry.npmjs.org/@babel%2fhelper-plugin-utils 327ms (cache hit)
511 silly packumentCache full:https://registry.npmjs.org/@babel%2fhelper-plugin-utils set size:171581 disposed:true
512 silly packumentCache full:https://registry.npmjs.org/@babel%2fhelper-plugin-utils dispose
513 silly fetch manifest babel-plugin-polyfill-corejs3@^0.11.0
514 silly packumentCache full:https://registry.npmjs.org/babel-plugin-polyfill-corejs3 cache-miss
515 http cache https://registry.npmjs.org/babel-plugin-polyfill-corejs2 303ms (cache hit)
516 silly packumentCache full:https://registry.npmjs.org/babel-plugin-polyfill-corejs2 set size:116417 disposed:false
517 silly fetch manifest @babel/plugin-transform-for-of@^7.26.9
518 silly packumentCache full:https://registry.npmjs.org/@babel%2fplugin-transform-for-of cache-miss
519 http cache https://registry.npmjs.org/babel-plugin-polyfill-corejs3 332ms (cache hit)
520 silly packumentCache full:https://registry.npmjs.org/babel-plugin-polyfill-corejs3 set size:150424 disposed:false
521 silly fetch manifest @babel/plugin-transform-spread@^7.25.9
522 silly packumentCache full:https://registry.npmjs.org/@babel%2fplugin-transform-spread cache-miss
523 http cache https://registry.npmjs.org/babel-plugin-polyfill-regenerator 318ms (cache hit)
524 silly packumentCache full:https://registry.npmjs.org/babel-plugin-polyfill-regenerator set size:98875 disposed:false
525 silly fetch manifest @babel/plugin-transform-classes@^7.25.9
526 silly packumentCache full:https://registry.npmjs.org/@babel%2fplugin-transform-classes cache-miss
527 http cache https://registry.npmjs.org/core-js-compat 351ms (cache hit)
528 silly packumentCache full:https://registry.npmjs.org/core-js-compat set size:345744 disposed:false
529 silly fetch manifest @babel/plugin-transform-literals@^7.25.9
530 silly packumentCache full:https://registry.npmjs.org/@babel%2fplugin-transform-literals cache-miss
531 http cache https://registry.npmjs.org/babel-plugin-polyfill-corejs2 368ms (cache hit)
532 silly packumentCache full:https://registry.npmjs.org/babel-plugin-polyfill-corejs2 set size:116417 disposed:false
533 silly packumentCache full:https://registry.npmjs.org/babel-plugin-polyfill-corejs2 dispose
534 silly fetch manifest @babel/plugin-transform-new-target@^7.25.9
535 silly packumentCache full:https://registry.npmjs.org/@babel%2fplugin-transform-new-target cache-miss
536 http cache https://registry.npmjs.org/@babel%2fpreset-modules 732ms (cache hit)
537 silly packumentCache full:https://registry.npmjs.org/@babel%2fpreset-modules set size:44565 disposed:false
538 silly fetch manifest @babel/plugin-transform-parameters@^7.25.9
539 silly packumentCache full:https://registry.npmjs.org/@babel%2fplugin-transform-parameters cache-miss
540 http cache https://registry.npmjs.org/@babel%2fplugin-transform-for-of 754ms (cache hit)
541 silly packumentCache full:https://registry.npmjs.org/@babel%2fplugin-transform-for-of set size:241562 disposed:false
542 silly fetch manifest @babel/plugin-transform-modules-amd@^7.25.9
543 silly packumentCache full:https://registry.npmjs.org/@babel%2fplugin-transform-modules-amd cache-miss
544 http cache https://registry.npmjs.org/babel-plugin-polyfill-corejs3 916ms (cache hit)
545 silly packumentCache full:https://registry.npmjs.org/babel-plugin-polyfill-corejs3 set size:150424 disposed:false
546 silly packumentCache full:https://registry.npmjs.org/babel-plugin-polyfill-corejs3 dispose
547 silly fetch manifest @babel/plugin-transform-modules-umd@^7.25.9
548 silly packumentCache full:https://registry.npmjs.org/@babel%2fplugin-transform-modules-umd cache-miss
549 http cache https://registry.npmjs.org/@babel%2fplugin-transform-spread 952ms (cache hit)
550 silly packumentCache full:https://registry.npmjs.org/@babel%2fplugin-transform-spread set size:228407 disposed:false
551 silly fetch manifest @babel/plugin-transform-regenerator@^7.25.9
552 silly packumentCache full:https://registry.npmjs.org/@babel%2fplugin-transform-regenerator cache-miss
553 http cache https://registry.npmjs.org/@babel%2fplugin-transform-classes 1054ms (cache hit)
554 silly packumentCache full:https://registry.npmjs.org/@babel%2fplugin-transform-classes set size:335338 disposed:false
555 silly fetch manifest @babel/plugin-transform-dotall-regex@^7.25.9
556 silly packumentCache full:https://registry.npmjs.org/@babel%2fplugin-transform-dotall-regex cache-miss
557 http cache https://registry.npmjs.org/@babel%2fplugin-transform-literals 1024ms (cache hit)
558 silly packumentCache full:https://registry.npmjs.org/@babel%2fplugin-transform-literals set size:203802 disposed:false
559 silly fetch manifest @babel/plugin-transform-json-strings@^7.25.9
560 silly packumentCache full:https://registry.npmjs.org/@babel%2fplugin-transform-json-strings cache-miss
561 http cache https://registry.npmjs.org/@babel%2fplugin-transform-parameters 612ms (cache hit)
562 silly packumentCache full:https://registry.npmjs.org/@babel%2fplugin-transform-parameters set size:277891 disposed:false
563 silly fetch manifest @babel/plugin-transform-object-super@^7.25.9
564 silly packumentCache full:https://registry.npmjs.org/@babel%2fplugin-transform-object-super cache-miss
565 http cache https://registry.npmjs.org/@babel%2fplugin-transform-new-target 831ms (cache hit)
566 silly packumentCache full:https://registry.npmjs.org/@babel%2fplugin-transform-new-target set size:219388 disposed:false
567 silly fetch manifest @babel/plugin-transform-sticky-regex@^7.25.9
568 silly packumentCache full:https://registry.npmjs.org/@babel%2fplugin-transform-sticky-regex cache-miss
569 http cache https://registry.npmjs.org/@babel%2fplugin-transform-modules-amd 484ms (cache hit)
570 silly packumentCache full:https://registry.npmjs.org/@babel%2fplugin-transform-modules-amd set size:247319 disposed:false
571 silly fetch manifest @babel/plugin-transform-block-scoping@^7.25.9
572 silly packumentCache full:https://registry.npmjs.org/@babel%2fplugin-transform-block-scoping cache-miss
573 http cache https://registry.npmjs.org/@babel%2fplugin-transform-modules-umd 489ms (cache hit)
574 silly packumentCache full:https://registry.npmjs.org/@babel%2fplugin-transform-modules-umd set size:224637 disposed:false
575 silly fetch manifest @babel/plugin-transform-destructuring@^7.25.9
576 silly packumentCache full:https://registry.npmjs.org/@babel%2fplugin-transform-destructuring cache-miss
577 http cache https://registry.npmjs.org/@babel%2fplugin-transform-regenerator 317ms (cache hit)
578 silly packumentCache full:https://registry.npmjs.org/@babel%2fplugin-transform-regenerator set size:274955 disposed:false
579 silly fetch manifest @babel/plugin-transform-function-name@^7.25.9
580 silly packumentCache full:https://registry.npmjs.org/@babel%2fplugin-transform-function-name cache-miss
581 http cache https://registry.npmjs.org/@babel%2fplugin-transform-dotall-regex 249ms (cache hit)
582 silly packumentCache full:https://registry.npmjs.org/@babel%2fplugin-transform-dotall-regex set size:222498 disposed:false
583 silly fetch manifest @babel/plugin-transform-typeof-symbol@^7.26.7
584 silly packumentCache full:https://registry.npmjs.org/@babel%2fplugin-transform-typeof-symbol cache-miss
585 http cache https://registry.npmjs.org/@babel%2fplugin-transform-json-strings 250ms (cache hit)
586 silly packumentCache full:https://registry.npmjs.org/@babel%2fplugin-transform-json-strings set size:89279 disposed:false
587 silly fetch manifest @babel/plugin-transform-unicode-regex@^7.25.9
588 silly packumentCache full:https://registry.npmjs.org/@babel%2fplugin-transform-unicode-regex cache-miss
589 http cache https://registry.npmjs.org/@babel%2fplugin-transform-block-scoping 290ms (cache hit)
590 silly packumentCache full:https://registry.npmjs.org/@babel%2fplugin-transform-block-scoping set size:321499 disposed:false
591 silly fetch manifest @babel/plugin-syntax-import-assertions@^7.26.0
592 silly packumentCache full:https://registry.npmjs.org/@babel%2fplugin-syntax-import-assertions cache-miss
593 http cache https://registry.npmjs.org/@babel%2fplugin-transform-object-super 322ms (cache hit)
594 silly packumentCache full:https://registry.npmjs.org/@babel%2fplugin-transform-object-super set size:207579 disposed:false
595 silly fetch manifest @babel/plugin-syntax-import-attributes@^7.26.0
596 silly packumentCache full:https://registry.npmjs.org/@babel%2fplugin-syntax-import-attributes cache-hit
597 silly fetch manifest @babel/plugin-transform-duplicate-keys@^7.25.9
598 silly packumentCache full:https://registry.npmjs.org/@babel%2fplugin-transform-duplicate-keys cache-miss
599 http cache https://registry.npmjs.org/@babel%2fplugin-transform-sticky-regex 363ms (cache hit)
600 silly packumentCache full:https://registry.npmjs.org/@babel%2fplugin-transform-sticky-regex set size:203294 disposed:false
601 silly fetch manifest @babel/plugin-transform-dynamic-import@^7.25.9
602 silly packumentCache full:https://registry.npmjs.org/@babel%2fplugin-transform-dynamic-import cache-miss
603 http cache https://registry.npmjs.org/@babel%2fplugin-transform-destructuring 374ms (cache hit)
604 silly packumentCache full:https://registry.npmjs.org/@babel%2fplugin-transform-destructuring set size:297249 disposed:false
605 silly fetch manifest @babel/plugin-transform-reserved-words@^7.25.9
606 silly packumentCache full:https://registry.npmjs.org/@babel%2fplugin-transform-reserved-words cache-miss
607 http cache https://registry.npmjs.org/@babel%2fplugin-transform-function-name 401ms (cache hit)
608 silly packumentCache full:https://registry.npmjs.org/@babel%2fplugin-transform-function-name set size:225730 disposed:false
609 silly fetch manifest @babel/plugin-syntax-unicode-sets-regex@^7.18.6
610 silly packumentCache full:https://registry.npmjs.org/@babel%2fplugin-syntax-unicode-sets-regex cache-miss
611 http cache https://registry.npmjs.org/@babel%2fplugin-transform-typeof-symbol 428ms (cache hit)
612 silly packumentCache full:https://registry.npmjs.org/@babel%2fplugin-transform-typeof-symbol set size:231746 disposed:false
613 silly fetch manifest @babel/plugin-transform-arrow-functions@^7.25.9
614 silly packumentCache full:https://registry.npmjs.org/@babel%2fplugin-transform-arrow-functions cache-miss
615 http cache https://registry.npmjs.org/@babel%2fplugin-transform-unicode-regex 467ms (cache hit)
616 silly packumentCache full:https://registry.npmjs.org/@babel%2fplugin-transform-unicode-regex set size:216398 disposed:false
617 silly fetch manifest @babel/plugin-transform-private-methods@^7.25.9
618 silly packumentCache full:https://registry.npmjs.org/@babel%2fplugin-transform-private-methods cache-miss
619 http cache https://registry.npmjs.org/@babel%2fplugin-syntax-import-assertions 441ms (cache hit)
620 silly packumentCache full:https://registry.npmjs.org/@babel%2fplugin-syntax-import-assertions set size:105198 disposed:false
621 silly fetch manifest @babel/plugin-transform-unicode-escapes@^7.25.9
622 silly packumentCache full:https://registry.npmjs.org/@babel%2fplugin-transform-unicode-escapes cache-miss
623 http cache https://registry.npmjs.org/@babel%2fplugin-transform-duplicate-keys 433ms (cache hit)
624 silly packumentCache full:https://registry.npmjs.org/@babel%2fplugin-transform-duplicate-keys set size:208440 disposed:false
625 silly fetch manifest @babel/plugin-transform-class-properties@^7.25.9
626 silly packumentCache full:https://registry.npmjs.org/@babel%2fplugin-transform-class-properties cache-miss
627 http cache https://registry.npmjs.org/@babel%2fplugin-transform-dynamic-import 446ms (cache hit)
628 silly packumentCache full:https://registry.npmjs.org/@babel%2fplugin-transform-dynamic-import set size:82469 disposed:false
629 silly fetch manifest @babel/plugin-transform-modules-commonjs@^7.26.3
630 silly packumentCache full:https://registry.npmjs.org/@babel%2fplugin-transform-modules-commonjs cache-miss
631 http cache https://registry.npmjs.org/@babel%2fplugin-transform-reserved-words 461ms (cache hit)
632 silly packumentCache full:https://registry.npmjs.org/@babel%2fplugin-transform-reserved-words set size:201267 disposed:false
633 silly fetch manifest @babel/plugin-transform-modules-systemjs@^7.25.9
634 silly packumentCache full:https://registry.npmjs.org/@babel%2fplugin-transform-modules-systemjs cache-miss
635 http cache https://registry.npmjs.org/@babel%2fplugin-syntax-unicode-sets-regex 408ms (cache hit)
636 silly packumentCache full:https://registry.npmjs.org/@babel%2fplugin-syntax-unicode-sets-regex set size:22903 disposed:false
637 silly fetch manifest @babel/plugin-transform-regexp-modifiers@^7.26.0
638 silly packumentCache full:https://registry.npmjs.org/@babel%2fplugin-transform-regexp-modifiers cache-miss
639 http cache https://registry.npmjs.org/@babel%2fplugin-transform-arrow-functions 398ms (cache hit)
640 silly packumentCache full:https://registry.npmjs.org/@babel%2fplugin-transform-arrow-functions set size:214540 disposed:false
641 silly fetch manifest @babel/plugin-transform-numeric-separator@^7.25.9
642 silly packumentCache full:https://registry.npmjs.org/@babel%2fplugin-transform-numeric-separator cache-miss
643 http cache https://registry.npmjs.org/@babel%2fplugin-transform-private-methods 405ms (cache hit)
644 silly packumentCache full:https://registry.npmjs.org/@babel%2fplugin-transform-private-methods set size:87208 disposed:false
645 silly fetch manifest @babel/plugin-transform-optional-chaining@^7.25.9
646 silly packumentCache full:https://registry.npmjs.org/@babel%2fplugin-transform-optional-chaining cache-miss
647 http cache https://registry.npmjs.org/@babel%2fplugin-transform-unicode-escapes 343ms (cache hit)
648 silly packumentCache full:https://registry.npmjs.org/@babel%2fplugin-transform-unicode-escapes set size:125724 disposed:false
649 silly fetch manifest @babel/plugin-transform-property-literals@^7.25.9
650 silly packumentCache full:https://registry.npmjs.org/@babel%2fplugin-transform-property-literals cache-miss
651 http cache https://registry.npmjs.org/@babel%2fplugin-transform-class-properties 322ms (cache hit)
652 silly packumentCache full:https://registry.npmjs.org/@babel%2fplugin-transform-class-properties set size:90519 disposed:false
653 silly fetch manifest @babel/plugin-transform-template-literals@^7.26.8
654 silly packumentCache full:https://registry.npmjs.org/@babel%2fplugin-transform-template-literals cache-miss
655 http cache https://registry.npmjs.org/@babel%2fplugin-transform-modules-commonjs 334ms (cache hit)
656 silly packumentCache full:https://registry.npmjs.org/@babel%2fplugin-transform-modules-commonjs set size:308786 disposed:false
657 silly fetch manifest @babel/plugin-transform-class-static-block@^7.26.0
658 silly packumentCache full:https://registry.npmjs.org/@babel%2fplugin-transform-class-static-block cache-miss
659 http cache https://registry.npmjs.org/@babel%2fplugin-transform-modules-systemjs 277ms (cache hit)
660 silly packumentCache full:https://registry.npmjs.org/@babel%2fplugin-transform-modules-systemjs set size:306054 disposed:false
661 silly fetch manifest @babel/plugin-transform-object-rest-spread@^7.25.9
662 silly packumentCache full:https://registry.npmjs.org/@babel%2fplugin-transform-object-rest-spread cache-miss
663 http cache https://registry.npmjs.org/@babel%2fplugin-transform-regexp-modifiers 266ms (cache hit)
664 silly packumentCache full:https://registry.npmjs.org/@babel%2fplugin-transform-regexp-modifiers set size:44800 disposed:false
665 silly fetch manifest @babel/plugin-transform-unicode-sets-regex@^7.25.9
666 silly packumentCache full:https://registry.npmjs.org/@babel%2fplugin-transform-unicode-sets-regex cache-miss
667 http cache https://registry.npmjs.org/@babel%2fplugin-transform-numeric-separator 271ms (cache hit)
668 silly packumentCache full:https://registry.npmjs.org/@babel%2fplugin-transform-numeric-separator set size:93499 disposed:false
669 silly fetch manifest @babel/plugin-transform-computed-properties@^7.25.9
670 silly packumentCache full:https://registry.npmjs.org/@babel%2fplugin-transform-computed-properties cache-miss
671 http cache https://registry.npmjs.org/@babel%2fplugin-transform-optional-chaining 231ms (cache hit)
672 silly packumentCache full:https://registry.npmjs.org/@babel%2fplugin-transform-optional-chaining set size:113941 disposed:false
673 silly fetch manifest @babel/plugin-transform-shorthand-properties@^7.25.9
674 silly packumentCache full:https://registry.npmjs.org/@babel%2fplugin-transform-shorthand-properties cache-miss
675 http cache https://registry.npmjs.org/@babel%2fplugin-transform-property-literals 234ms (cache hit)
676 silly packumentCache full:https://registry.npmjs.org/@babel%2fplugin-transform-property-literals set size:202291 disposed:false
677 silly fetch manifest @babel/plugin-transform-export-namespace-from@^7.25.9
678 silly packumentCache full:https://registry.npmjs.org/@babel%2fplugin-transform-export-namespace-from cache-miss
679 http cache https://registry.npmjs.org/@babel%2fplugin-transform-template-literals 253ms (cache hit)
680 silly packumentCache full:https://registry.npmjs.org/@babel%2fplugin-transform-template-literals set size:225143 disposed:false
681 silly fetch manifest @babel/plugin-transform-block-scoped-functions@^7.26.5
682 silly packumentCache full:https://registry.npmjs.org/@babel%2fplugin-transform-block-scoped-functions cache-miss
683 http cache https://registry.npmjs.org/@babel%2fplugin-transform-class-static-block 284ms (cache hit)
684 silly packumentCache full:https://registry.npmjs.org/@babel%2fplugin-transform-class-static-block set size:104829 disposed:false
685 silly fetch manifest @babel/plugin-transform-optional-catch-binding@^7.25.9
686 silly packumentCache full:https://registry.npmjs.org/@babel%2fplugin-transform-optional-catch-binding cache-miss
687 http cache https://registry.npmjs.org/@babel%2fplugin-transform-object-rest-spread 276ms (cache hit)
688 silly packumentCache full:https://registry.npmjs.org/@babel%2fplugin-transform-object-rest-spread set size:113367 disposed:false
689 silly fetch manifest @babel/plugin-transform-unicode-property-regex@^7.25.9
690 silly packumentCache full:https://registry.npmjs.org/@babel%2fplugin-transform-unicode-property-regex cache-miss
691 http cache https://registry.npmjs.org/@babel%2fplugin-transform-unicode-sets-regex 279ms (cache hit)
692 silly packumentCache full:https://registry.npmjs.org/@babel%2fplugin-transform-unicode-sets-regex set size:95832 disposed:false
693 silly fetch manifest @babel/plugin-transform-exponentiation-operator@^7.26.3
694 silly packumentCache full:https://registry.npmjs.org/@babel%2fplugin-transform-exponentiation-operator cache-miss
695 http cache https://registry.npmjs.org/@babel%2fplugin-transform-computed-properties 641ms (cache hit)
696 silly packumentCache full:https://registry.npmjs.org/@babel%2fplugin-transform-computed-properties set size:222043 disposed:false
697 silly fetch manifest @babel/plugin-proposal-private-property-in-object@7.21.0-placeholder-for-preset-env.2
698 silly packumentCache full:https://registry.npmjs.org/@babel%2fplugin-proposal-private-property-in-object cache-miss
699 http cache https://registry.npmjs.org/@babel%2fplugin-transform-shorthand-properties 576ms (cache hit)
700 silly packumentCache full:https://registry.npmjs.org/@babel%2fplugin-transform-shorthand-properties set size:202489 disposed:false
701 silly fetch manifest @babel/plugin-transform-member-expression-literals@^7.25.9
702 silly packumentCache full:https://registry.npmjs.org/@babel%2fplugin-transform-member-expression-literals cache-miss
703 http cache https://registry.npmjs.org/@babel%2fplugin-transform-block-scoped-functions 532ms (cache hit)
704 silly packumentCache full:https://registry.npmjs.org/@babel%2fplugin-transform-block-scoped-functions set size:208939 disposed:false
705 silly fetch manifest @babel/plugin-transform-private-property-in-object@^7.25.9
706 silly packumentCache full:https://registry.npmjs.org/@babel%2fplugin-transform-private-property-in-object cache-miss
707 http cache https://registry.npmjs.org/@babel%2fplugin-transform-export-namespace-from 593ms (cache hit)
708 silly packumentCache full:https://registry.npmjs.org/@babel%2fplugin-transform-export-namespace-from set size:88484 disposed:false
709 silly fetch manifest @babel/plugin-transform-nullish-coalescing-operator@^7.26.6
710 silly packumentCache full:https://registry.npmjs.org/@babel%2fplugin-transform-nullish-coalescing-operator cache-miss
711 http cache https://registry.npmjs.org/@babel%2fplugin-transform-unicode-property-regex 531ms (cache hit)
712 silly packumentCache full:https://registry.npmjs.org/@babel%2fplugin-transform-unicode-property-regex set size:93452 disposed:false
713 silly fetch manifest @babel/plugin-transform-logical-assignment-operators@^7.25.9
714 silly packumentCache full:https://registry.npmjs.org/@babel%2fplugin-transform-logical-assignment-operators cache-miss
715 http cache https://registry.npmjs.org/@babel%2fplugin-transform-optional-catch-binding 567ms (cache hit)
716 silly packumentCache full:https://registry.npmjs.org/@babel%2fplugin-transform-optional-catch-binding set size:90658 disposed:false
717 silly fetch manifest @babel/plugin-transform-named-capturing-groups-regex@^7.25.9
718 silly packumentCache full:https://registry.npmjs.org/@babel%2fplugin-transform-named-capturing-groups-regex cache-miss
719 http cache https://registry.npmjs.org/@babel%2fplugin-transform-exponentiation-operator 576ms (cache hit)
720 silly packumentCache full:https://registry.npmjs.org/@babel%2fplugin-transform-exponentiation-operator set size:218984 disposed:false
721 silly fetch manifest @babel/plugin-bugfix-firefox-class-in-computed-class-key@^7.25.9
722 silly packumentCache full:https://registry.npmjs.org/@babel%2fplugin-bugfix-firefox-class-in-computed-class-key cache-miss
723 http cache https://registry.npmjs.org/@babel%2fplugin-proposal-private-property-in-object 200ms (cache hit)
724 silly packumentCache full:https://registry.npmjs.org/@babel%2fplugin-proposal-private-property-in-object set size:80252 disposed:false
725 silly fetch manifest @babel/plugin-bugfix-safari-class-field-initializer-scope@^7.25.9
726 silly packumentCache full:https://registry.npmjs.org/@babel%2fplugin-bugfix-safari-class-field-initializer-scope cache-miss
727 http cache https://registry.npmjs.org/@babel%2fplugin-transform-member-expression-literals 277ms (cache hit)
728 silly packumentCache full:https://registry.npmjs.org/@babel%2fplugin-transform-member-expression-literals set size:207367 disposed:false
729 silly fetch manifest @babel/plugin-bugfix-v8-static-class-fields-redefine-readonly@^7.25.9
730 silly packumentCache full:https://registry.npmjs.org/@babel%2fplugin-bugfix-v8-static-class-fields-redefine-readonly cache-miss
731 http cache https://registry.npmjs.org/@babel%2fplugin-transform-private-property-in-object 272ms (cache hit)
732 silly packumentCache full:https://registry.npmjs.org/@babel%2fplugin-transform-private-property-in-object set size:100320 disposed:false
733 silly fetch manifest @babel/plugin-bugfix-v8-spread-parameters-in-optional-chaining@^7.25.9
734 silly packumentCache full:https://registry.npmjs.org/@babel%2fplugin-bugfix-v8-spread-parameters-in-optional-chaining cache-miss
735 http cache https://registry.npmjs.org/@babel%2fplugin-transform-logical-assignment-operators 243ms (cache hit)
736 silly packumentCache full:https://registry.npmjs.org/@babel%2fplugin-transform-logical-assignment-operators set size:99903 disposed:false
737 silly fetch manifest @babel/plugin-transform-duplicate-named-capturing-groups-regex@^7.25.9
738 silly packumentCache full:https://registry.npmjs.org/@babel%2fplugin-transform-duplicate-named-capturing-groups-regex cache-miss
739 http cache https://registry.npmjs.org/@babel%2fplugin-transform-named-capturing-groups-regex 226ms (cache hit)
740 silly packumentCache full:https://registry.npmjs.org/@babel%2fplugin-transform-named-capturing-groups-regex set size:192019 disposed:false
741 silly fetch manifest @babel/plugin-bugfix-safari-id-destructuring-collision-in-function-expression@^7.25.9
742 silly packumentCache full:https://registry.npmjs.org/@babel%2fplugin-bugfix-safari-id-destructuring-collision-in-function-expression cache-miss
743 http cache https://registry.npmjs.org/@babel%2fplugin-transform-nullish-coalescing-operator 293ms (cache hit)
744 silly packumentCache full:https://registry.npmjs.org/@babel%2fplugin-transform-nullish-coalescing-operator set size:96281 disposed:false
745 silly fetch manifest regenerator-runtime@^0.14.0
746 silly packumentCache full:https://registry.npmjs.org/regenerator-runtime cache-miss
747 http cache https://registry.npmjs.org/@babel%2fplugin-bugfix-firefox-class-in-computed-class-key 273ms (cache hit)
748 silly packumentCache full:https://registry.npmjs.org/@babel%2fplugin-bugfix-firefox-class-in-computed-class-key set size:74124 disposed:false
749 silly fetch manifest fraction.js@^4.3.7
750 silly packumentCache full:https://registry.npmjs.org/fraction.js cache-miss
751 http cache https://registry.npmjs.org/@babel%2fplugin-bugfix-safari-class-field-initializer-scope 284ms (cache hit)
752 silly packumentCache full:https://registry.npmjs.org/@babel%2fplugin-bugfix-safari-class-field-initializer-scope set size:51093 disposed:false
753 silly fetch manifest normalize-range@^0.1.2
754 silly packumentCache full:https://registry.npmjs.org/normalize-range cache-miss
755 http cache https://registry.npmjs.org/@babel%2fplugin-bugfix-v8-static-class-fields-redefine-readonly 262ms (cache hit)
756 silly packumentCache full:https://registry.npmjs.org/@babel%2fplugin-bugfix-v8-static-class-fields-redefine-readonly set size:83744 disposed:false
757 silly fetch manifest postcss-value-parser@^4.2.0
758 silly packumentCache full:https://registry.npmjs.org/postcss-value-parser cache-miss
759 http cache https://registry.npmjs.org/@babel%2fplugin-bugfix-v8-spread-parameters-in-optional-chaining 289ms (cache hit)
760 silly packumentCache full:https://registry.npmjs.org/@babel%2fplugin-bugfix-v8-spread-parameters-in-optional-chaining set size:144194 disposed:false
761 silly fetch manifest schema-utils@^4.0.0
762 silly packumentCache full:https://registry.npmjs.org/schema-utils cache-miss
763 http cache https://registry.npmjs.org/@babel%2fplugin-bugfix-safari-id-destructuring-collision-in-function-expression 379ms (cache hit)
764 silly packumentCache full:https://registry.npmjs.org/@babel%2fplugin-bugfix-safari-id-destructuring-collision-in-function-expression set size:129177 disposed:false
765 silly fetch manifest find-cache-dir@^4.0.0
766 silly packumentCache full:https://registry.npmjs.org/find-cache-dir cache-miss
767 http cache https://registry.npmjs.org/@babel%2fplugin-transform-duplicate-named-capturing-groups-regex 423ms (cache hit)
768 silly packumentCache full:https://registry.npmjs.org/@babel%2fplugin-transform-duplicate-named-capturing-groups-regex set size:59471 disposed:false
769 silly fetch manifest globby@^14.0.0
770 silly packumentCache full:https://registry.npmjs.org/globby cache-miss
771 http cache https://registry.npmjs.org/regenerator-runtime 409ms (cache hit)
772 silly packumentCache full:https://registry.npmjs.org/regenerator-runtime set size:59671 disposed:false
773 silly fetch manifest fast-glob@^3.3.2
774 silly packumentCache full:https://registry.npmjs.org/fast-glob cache-hit
775 silly fetch manifest glob-parent@^6.0.1
776 silly packumentCache full:https://registry.npmjs.org/glob-parent cache-miss
777 http cache https://registry.npmjs.org/fraction.js 360ms (cache hit)
778 silly packumentCache full:https://registry.npmjs.org/fraction.js set size:149386 disposed:false
779 silly fetch manifest schema-utils@^4.2.0
780 silly packumentCache full:https://registry.npmjs.org/schema-utils cache-miss
781 http cache https://registry.npmjs.org/normalize-range 384ms (cache hit)
782 silly packumentCache full:https://registry.npmjs.org/normalize-range set size:10677 disposed:false
783 silly fetch manifest serialize-javascript@^6.0.2
784 silly packumentCache full:https://registry.npmjs.org/serialize-javascript cache-miss
785 http cache https://registry.npmjs.org/schema-utils 304ms (cache hit)
786 silly packumentCache full:https://registry.npmjs.org/schema-utils set size:166563 disposed:false
787 silly fetch manifest postcss@^8.4.33
788 silly packumentCache full:https://registry.npmjs.org/postcss cache-hit
789 silly fetch manifest icss-utils@^5.1.0
790 silly packumentCache full:https://registry.npmjs.org/icss-utils cache-miss
791 http cache https://registry.npmjs.org/postcss-value-parser 369ms (cache hit)
792 silly packumentCache full:https://registry.npmjs.org/postcss-value-parser set size:73526 disposed:false
793 silly fetch manifest postcss-modules-scope@^3.2.0
794 silly packumentCache full:https://registry.npmjs.org/postcss-modules-scope cache-miss
795 http cache https://registry.npmjs.org/find-cache-dir 230ms (cache hit)
796 silly packumentCache full:https://registry.npmjs.org/find-cache-dir set size:35762 disposed:false
797 silly fetch manifest postcss-modules-values@^4.0.0
798 silly packumentCache full:https://registry.npmjs.org/postcss-modules-values cache-miss
799 http cache https://registry.npmjs.org/glob-parent 212ms (cache hit)
800 silly packumentCache full:https://registry.npmjs.org/glob-parent set size:42445 disposed:false
801 silly fetch manifest postcss-modules-extract-imports@^3.1.0
802 silly packumentCache full:https://registry.npmjs.org/postcss-modules-extract-imports cache-miss
803 http cache https://registry.npmjs.org/schema-utils 202ms (cache hit)
804 silly packumentCache full:https://registry.npmjs.org/schema-utils set size:166563 disposed:false
805 silly packumentCache full:https://registry.npmjs.org/schema-utils dispose
806 silly fetch manifest postcss-modules-local-by-default@^4.0.5
807 silly packumentCache full:https://registry.npmjs.org/postcss-modules-local-by-default cache-miss
808 http cache https://registry.npmjs.org/globby 237ms (cache hit)
809 silly packumentCache full:https://registry.npmjs.org/globby set size:160568 disposed:false
810 silly fetch manifest @esbuild/aix-ppc64@0.28.0
811 silly packumentCache full:https://registry.npmjs.org/@esbuild%2faix-ppc64 cache-miss
812 http cache https://registry.npmjs.org/serialize-javascript 231ms (cache hit)
813 silly packumentCache full:https://registry.npmjs.org/serialize-javascript set size:80012 disposed:false
814 silly fetch manifest @esbuild/android-arm@0.28.0
815 silly packumentCache full:https://registry.npmjs.org/@esbuild%2fandroid-arm cache-miss
816 http cache https://registry.npmjs.org/postcss-modules-scope 147ms (cache hit)
817 silly packumentCache full:https://registry.npmjs.org/postcss-modules-scope set size:72581 disposed:false
818 silly fetch manifest @esbuild/android-arm64@0.28.0
819 silly packumentCache full:https://registry.npmjs.org/@esbuild%2fandroid-arm64 cache-miss
820 http cache https://registry.npmjs.org/icss-utils 163ms (cache hit)
821 silly packumentCache full:https://registry.npmjs.org/icss-utils set size:31661 disposed:false
822 silly fetch manifest @esbuild/android-x64@0.28.0
823 silly packumentCache full:https://registry.npmjs.org/@esbuild%2fandroid-x64 cache-miss
824 http cache https://registry.npmjs.org/postcss-modules-values 134ms (cache hit)
825 silly packumentCache full:https://registry.npmjs.org/postcss-modules-values set size:56722 disposed:false
826 silly fetch manifest @esbuild/darwin-arm64@0.28.0
827 silly packumentCache full:https://registry.npmjs.org/@esbuild%2fdarwin-arm64 cache-miss
828 http cache https://registry.npmjs.org/postcss-modules-extract-imports 130ms (cache hit)
829 silly packumentCache full:https://registry.npmjs.org/postcss-modules-extract-imports set size:57788 disposed:false
830 silly fetch manifest @esbuild/darwin-x64@0.28.0
831 silly packumentCache full:https://registry.npmjs.org/@esbuild%2fdarwin-x64 cache-miss
832 http cache https://registry.npmjs.org/postcss-modules-local-by-default 122ms (cache hit)
833 silly packumentCache full:https://registry.npmjs.org/postcss-modules-local-by-default set size:107445 disposed:false
834 silly fetch manifest @esbuild/freebsd-arm64@0.28.0
835 silly packumentCache full:https://registry.npmjs.org/@esbuild%2ffreebsd-arm64 cache-miss
836 http cache https://registry.npmjs.org/@esbuild%2faix-ppc64 129ms (cache hit)
837 silly packumentCache full:https://registry.npmjs.org/@esbuild%2faix-ppc64 set size:64314 disposed:false
838 silly fetch manifest @esbuild/freebsd-x64@0.28.0
839 silly packumentCache full:https://registry.npmjs.org/@esbuild%2ffreebsd-x64 cache-miss
840 http cache https://registry.npmjs.org/@esbuild%2fandroid-arm 484ms (cache hit)
841 silly packumentCache full:https://registry.npmjs.org/@esbuild%2fandroid-arm set size:221749 disposed:false
842 silly fetch manifest @esbuild/linux-arm@0.28.0
843 silly packumentCache full:https://registry.npmjs.org/@esbuild%2flinux-arm cache-miss
844 http cache https://registry.npmjs.org/@esbuild%2fandroid-arm64 4040ms (cache hit)
845 silly packumentCache full:https://registry.npmjs.org/@esbuild%2fandroid-arm64 set size:200684 disposed:false
846 silly fetch manifest @esbuild/linux-arm64@0.28.0
847 silly packumentCache full:https://registry.npmjs.org/@esbuild%2flinux-arm64 cache-miss
848 http cache https://registry.npmjs.org/@esbuild%2fandroid-x64 4040ms (cache hit)
849 silly packumentCache full:https://registry.npmjs.org/@esbuild%2fandroid-x64 set size:195551 disposed:false
850 silly fetch manifest @esbuild/linux-ia32@0.28.0
851 silly packumentCache full:https://registry.npmjs.org/@esbuild%2flinux-ia32 cache-miss
852 http cache https://registry.npmjs.org/@esbuild%2fdarwin-arm64 5485ms (cache hit)
853 silly packumentCache full:https://registry.npmjs.org/@esbuild%2fdarwin-arm64 set size:197958 disposed:false
854 silly fetch manifest @esbuild/linux-loong64@0.28.0
855 silly packumentCache full:https://registry.npmjs.org/@esbuild%2flinux-loong64 cache-miss
856 http cache https://registry.npmjs.org/@esbuild%2ffreebsd-arm64 6849ms (cache hit)
857 silly packumentCache full:https://registry.npmjs.org/@esbuild%2ffreebsd-arm64 set size:198853 disposed:false
858 silly fetch manifest @esbuild/linux-mips64el@0.28.0
859 silly packumentCache full:https://registry.npmjs.org/@esbuild%2flinux-mips64el cache-miss
860 http cache https://registry.npmjs.org/@esbuild%2ffreebsd-x64 7301ms (cache hit)
861 silly packumentCache full:https://registry.npmjs.org/@esbuild%2ffreebsd-x64 set size:197070 disposed:false
862 silly fetch manifest @esbuild/linux-ppc64@0.28.0
863 silly packumentCache full:https://registry.npmjs.org/@esbuild%2flinux-ppc64 cache-miss
864 http cache https://registry.npmjs.org/@esbuild%2fdarwin-x64 7332ms (cache hit)
865 silly packumentCache full:https://registry.npmjs.org/@esbuild%2fdarwin-x64 set size:196195 disposed:false
866 silly fetch manifest @esbuild/linux-riscv64@0.28.0
867 silly packumentCache full:https://registry.npmjs.org/@esbuild%2flinux-riscv64 cache-miss
868 http cache https://registry.npmjs.org/@esbuild%2flinux-arm64 3636ms (cache hit)
869 silly packumentCache full:https://registry.npmjs.org/@esbuild%2flinux-arm64 set size:197274 disposed:false
870 silly fetch manifest @esbuild/linux-s390x@0.28.0
871 silly packumentCache full:https://registry.npmjs.org/@esbuild%2flinux-s390x cache-miss
872 http cache https://registry.npmjs.org/@esbuild%2flinux-arm 7223ms (cache hit)
873 silly packumentCache full:https://registry.npmjs.org/@esbuild%2flinux-arm set size:195140 disposed:false
874 silly fetch manifest @esbuild/linux-x64@0.28.0
875 silly packumentCache full:https://registry.npmjs.org/@esbuild%2flinux-x64 cache-miss
876 http cache https://registry.npmjs.org/@esbuild%2flinux-ia32 3658ms (cache hit)
877 silly packumentCache full:https://registry.npmjs.org/@esbuild%2flinux-ia32 set size:196150 disposed:false
878 silly fetch manifest @esbuild/netbsd-arm64@0.28.0
879 silly packumentCache full:https://registry.npmjs.org/@esbuild%2fnetbsd-arm64 cache-miss
880 http cache https://registry.npmjs.org/@esbuild%2flinux-loong64 2236ms (cache hit)
881 silly packumentCache full:https://registry.npmjs.org/@esbuild%2flinux-loong64 set size:252211 disposed:false
882 silly fetch manifest @esbuild/netbsd-x64@0.28.0
883 silly packumentCache full:https://registry.npmjs.org/@esbuild%2fnetbsd-x64 cache-miss
884 http cache https://registry.npmjs.org/@esbuild%2flinux-ppc64 395ms (cache hit)
885 silly packumentCache full:https://registry.npmjs.org/@esbuild%2flinux-ppc64 set size:199310 disposed:false
886 silly fetch manifest @esbuild/openbsd-arm64@0.28.0
887 silly packumentCache full:https://registry.npmjs.org/@esbuild%2fopenbsd-arm64 cache-miss
888 http cache https://registry.npmjs.org/@esbuild%2flinux-mips64el 406ms (cache hit)
889 silly packumentCache full:https://registry.npmjs.org/@esbuild%2flinux-mips64el set size:201062 disposed:false
890 silly fetch manifest @esbuild/openbsd-x64@0.28.0
891 silly packumentCache full:https://registry.npmjs.org/@esbuild%2fopenbsd-x64 cache-miss
892 http cache https://registry.npmjs.org/@esbuild%2flinux-riscv64 413ms (cache hit)
893 silly packumentCache full:https://registry.npmjs.org/@esbuild%2flinux-riscv64 set size:198981 disposed:false
894 silly fetch manifest @esbuild/openharmony-arm64@0.28.0
895 silly packumentCache full:https://registry.npmjs.org/@esbuild%2fopenharmony-arm64 cache-miss
896 http cache https://registry.npmjs.org/@esbuild%2fnetbsd-arm64 105ms (cache hit)
897 silly packumentCache full:https://registry.npmjs.org/@esbuild%2fnetbsd-arm64 set size:40794 disposed:false
898 silly fetch manifest @esbuild/sunos-x64@0.28.0
899 silly packumentCache full:https://registry.npmjs.org/@esbuild%2fsunos-x64 cache-miss
900 http cache https://registry.npmjs.org/@esbuild%2flinux-s390x 151ms (cache hit)
901 silly packumentCache full:https://registry.npmjs.org/@esbuild%2flinux-s390x set size:198784 disposed:false
902 silly fetch manifest @esbuild/win32-arm64@0.28.0
903 silly packumentCache full:https://registry.npmjs.org/@esbuild%2fwin32-arm64 cache-miss
904 http cache https://registry.npmjs.org/@esbuild%2flinux-x64 148ms (cache hit)
905 silly packumentCache full:https://registry.npmjs.org/@esbuild%2flinux-x64 set size:195479 disposed:false
906 silly fetch manifest @esbuild/win32-ia32@0.28.0
907 silly packumentCache full:https://registry.npmjs.org/@esbuild%2fwin32-ia32 cache-miss
908 http cache https://registry.npmjs.org/@esbuild%2fnetbsd-x64 269ms (cache hit)
909 silly packumentCache full:https://registry.npmjs.org/@esbuild%2fnetbsd-x64 set size:193883 disposed:false
910 silly fetch manifest @esbuild/win32-x64@0.28.0
911 silly packumentCache full:https://registry.npmjs.org/@esbuild%2fwin32-x64 cache-miss
912 http cache https://registry.npmjs.org/@esbuild%2fopenbsd-x64 274ms (cache hit)
913 silly packumentCache full:https://registry.npmjs.org/@esbuild%2fopenbsd-x64 set size:197080 disposed:false
914 silly fetch manifest @nodelib/fs.stat@^2.0.2
915 silly packumentCache full:https://registry.npmjs.org/@nodelib%2ffs.stat cache-miss
916 http cache https://registry.npmjs.org/@esbuild%2fopenbsd-arm64 286ms (cache hit)
917 silly packumentCache full:https://registry.npmjs.org/@esbuild%2fopenbsd-arm64 set size:46111 disposed:false
918 silly fetch manifest @nodelib/fs.walk@^1.2.3
919 silly packumentCache full:https://registry.npmjs.org/@nodelib%2ffs.walk cache-miss
920 http cache https://registry.npmjs.org/@esbuild%2fopenharmony-arm64 288ms (cache hit)
921 silly packumentCache full:https://registry.npmjs.org/@esbuild%2fopenharmony-arm64 set size:29494 disposed:false
922 silly fetch manifest merge2@^1.3.0
923 silly packumentCache full:https://registry.npmjs.org/merge2 cache-miss
924 http cache https://registry.npmjs.org/@esbuild%2fsunos-x64 270ms (cache hit)
925 silly packumentCache full:https://registry.npmjs.org/@esbuild%2fsunos-x64 set size:195721 disposed:false
926 silly fetch manifest micromatch@^4.0.8
927 silly packumentCache full:https://registry.npmjs.org/micromatch cache-miss
928 http cache https://registry.npmjs.org/@esbuild%2fwin32-arm64 276ms (cache hit)
929 silly packumentCache full:https://registry.npmjs.org/@esbuild%2fwin32-arm64 set size:197504 disposed:false
930 silly fetch manifest micromatch@^4.0.8
931 silly packumentCache full:https://registry.npmjs.org/micromatch cache-miss
932 http cache https://registry.npmjs.org/@esbuild%2fwin32-ia32 272ms (cache hit)
933 silly packumentCache full:https://registry.npmjs.org/@esbuild%2fwin32-ia32 set size:196374 disposed:false
934 silly fetch manifest is-plain-object@^5.0.0
935 silly packumentCache full:https://registry.npmjs.org/is-plain-object cache-miss
936 http cache https://registry.npmjs.org/@nodelib%2ffs.walk 343ms (cache hit)
937 silly packumentCache full:https://registry.npmjs.org/@nodelib%2ffs.walk set size:41589 disposed:false
938 silly fetch manifest @types/http-proxy@^1.17.15
939 silly packumentCache full:https://registry.npmjs.org/@types%2fhttp-proxy cache-miss
940 http cache https://registry.npmjs.org/@esbuild%2fwin32-x64 382ms (cache hit)
941 silly packumentCache full:https://registry.npmjs.org/@esbuild%2fwin32-x64 set size:194073 disposed:false
942 silly fetch manifest copy-anything@^2.0.1
943 silly packumentCache full:https://registry.npmjs.org/copy-anything cache-miss
944 http cache https://registry.npmjs.org/@nodelib%2ffs.stat 387ms (cache hit)
945 silly packumentCache full:https://registry.npmjs.org/@nodelib%2ffs.stat set size:36993 disposed:false
946 silly fetch manifest parse-node-version@^1.0.1
947 silly packumentCache full:https://registry.npmjs.org/parse-node-version cache-miss
948 http cache https://registry.npmjs.org/merge2 410ms (cache hit)
949 silly packumentCache full:https://registry.npmjs.org/merge2 set size:46159 disposed:false
950 silly fetch manifest mime@^1.4.1
951 silly packumentCache full:https://registry.npmjs.org/mime cache-miss
952 http cache https://registry.npmjs.org/micromatch 393ms (cache hit)
953 silly packumentCache full:https://registry.npmjs.org/micromatch set size:240630 disposed:false
954 silly fetch manifest errno@^0.1.1
955 silly packumentCache full:https://registry.npmjs.org/errno cache-miss
956 http cache https://registry.npmjs.org/micromatch 428ms (cache hit)
957 silly packumentCache full:https://registry.npmjs.org/micromatch set size:240630 disposed:false
958 silly packumentCache full:https://registry.npmjs.org/micromatch dispose
959 silly fetch manifest needle@^3.1.0
960 silly packumentCache full:https://registry.npmjs.org/needle cache-miss
961 http cache https://registry.npmjs.org/is-plain-object 405ms (cache hit)
962 silly packumentCache full:https://registry.npmjs.org/is-plain-object set size:47016 disposed:false
963 silly fetch manifest make-dir@^2.1.0
964 silly packumentCache full:https://registry.npmjs.org/make-dir cache-miss
965 http cache https://registry.npmjs.org/@types%2fhttp-proxy 307ms (cache hit)
966 silly packumentCache full:https://registry.npmjs.org/@types%2fhttp-proxy set size:58652 disposed:false
967 silly fetch manifest image-size@~0.5.0
968 silly packumentCache full:https://registry.npmjs.org/image-size cache-miss
969 http cache https://registry.npmjs.org/copy-anything 300ms (cache hit)
970 silly packumentCache full:https://registry.npmjs.org/copy-anything set size:101828 disposed:false
971 silly fetch manifest source-map@~0.6.0
972 silly packumentCache full:https://registry.npmjs.org/source-map cache-hit
973 silly fetch manifest tapable@^2.2.1
974 silly packumentCache full:https://registry.npmjs.org/tapable cache-miss
975 http cache https://registry.npmjs.org/parse-node-version 316ms (cache hit)
976 silly packumentCache full:https://registry.npmjs.org/parse-node-version set size:11258 disposed:false
977 silly fetch manifest is-wsl@^3.1.0
978 silly packumentCache full:https://registry.npmjs.org/is-wsl cache-miss
979 http cache https://registry.npmjs.org/mime 276ms (cache hit)
980 silly packumentCache full:https://registry.npmjs.org/mime set size:119236 disposed:false
981 silly fetch manifest default-browser@^5.2.1
982 silly packumentCache full:https://registry.npmjs.org/default-browser cache-miss
983 http cache https://registry.npmjs.org/errno 247ms (cache hit)
984 silly packumentCache full:https://registry.npmjs.org/errno set size:26467 disposed:false
985 silly fetch manifest define-lazy-prop@^3.0.0
986 silly packumentCache full:https://registry.npmjs.org/define-lazy-prop cache-miss
987 http cache https://registry.npmjs.org/needle 239ms (cache hit)
988 silly packumentCache full:https://registry.npmjs.org/needle set size:233075 disposed:false
989 silly fetch manifest is-inside-container@^1.0.0
990 silly packumentCache full:https://registry.npmjs.org/is-inside-container cache-miss
991 http cache https://registry.npmjs.org/make-dir 246ms (cache hit)
992 silly packumentCache full:https://registry.npmjs.org/make-dir set size:34889 disposed:false
993 silly fetch manifest @napi-rs/nice@^1.0.1
994 silly packumentCache full:https://registry.npmjs.org/@napi-rs%2fnice cache-miss
995 http cache https://registry.npmjs.org/image-size 108ms (cache hit)
996 silly packumentCache full:https://registry.npmjs.org/image-size set size:155542 disposed:false
997 silly fetch manifest jiti@^1.20.0
998 silly packumentCache full:https://registry.npmjs.org/jiti cache-miss
999 http cache https://registry.npmjs.org/is-wsl 80ms (cache hit)
1000 silly packumentCache full:https://registry.npmjs.org/is-wsl set size:20683 disposed:false
1001 silly fetch manifest cosmiconfig@^9.0.0
1002 silly packumentCache full:https://registry.npmjs.org/cosmiconfig cache-miss
1003 http cache https://registry.npmjs.org/tapable 111ms (cache hit)
1004 silly packumentCache full:https://registry.npmjs.org/tapable set size:141233 disposed:false
1005 silly fetch manifest immutable@^5.0.2
1006 silly packumentCache full:https://registry.npmjs.org/immutable cache-miss
1007 http cache https://registry.npmjs.org/default-browser 101ms (cache hit)
1008 silly packumentCache full:https://registry.npmjs.org/default-browser set size:31475 disposed:false
1009 silly fetch manifest @parcel/watcher@^2.4.1
1010 silly packumentCache full:https://registry.npmjs.org/@parcel%2fwatcher cache-miss
1011 http cache https://registry.npmjs.org/is-inside-container 89ms (cache hit)
1012 silly packumentCache full:https://registry.npmjs.org/is-inside-container set size:4403 disposed:false
1013 silly fetch manifest neo-async@^2.6.2
1014 silly packumentCache full:https://registry.npmjs.org/neo-async cache-miss
1015 http cache https://registry.npmjs.org/define-lazy-prop 112ms (cache hit)
1016 silly packumentCache full:https://registry.npmjs.org/define-lazy-prop set size:9337 disposed:false
1017 silly fetch manifest iconv-lite@^0.6.3
1018 silly packumentCache full:https://registry.npmjs.org/iconv-lite cache-miss
1019 http cache https://registry.npmjs.org/@napi-rs%2fnice 93ms (cache hit)
1020 silly packumentCache full:https://registry.npmjs.org/@napi-rs%2fnice set size:26707 disposed:false
1021 silly fetch manifest acorn@^8.8.2
1022 silly packumentCache full:https://registry.npmjs.org/acorn cache-miss
1023 http cache https://registry.npmjs.org/jiti 263ms (cache hit)
1024 silly packumentCache full:https://registry.npmjs.org/jiti set size:387989 disposed:false
1025 silly fetch manifest commander@^2.20.0
1026 silly packumentCache full:https://registry.npmjs.org/commander cache-miss
1027 http cache https://registry.npmjs.org/cosmiconfig 322ms (cache hit)
1028 silly packumentCache full:https://registry.npmjs.org/cosmiconfig set size:200670 disposed:false
1029 silly fetch manifest @jridgewell/source-map@^0.3.3
1030 silly packumentCache full:https://registry.npmjs.org/@jridgewell%2fsource-map cache-miss
1031 http cache https://registry.npmjs.org/immutable 317ms (cache hit)
1032 silly packumentCache full:https://registry.npmjs.org/immutable set size:276268 disposed:false
1033 silly fetch manifest acorn@^8.15.0
1034 silly packumentCache full:https://registry.npmjs.org/acorn cache-miss
1035 http cache https://registry.npmjs.org/@parcel%2fwatcher 318ms (cache hit)
1036 silly packumentCache full:https://registry.npmjs.org/@parcel%2fwatcher set size:121392 disposed:false
1037 silly fetch manifest events@^3.2.0
1038 silly packumentCache full:https://registry.npmjs.org/events cache-miss
1039 http cache https://registry.npmjs.org/iconv-lite 324ms (cache hit)
1040 silly packumentCache full:https://registry.npmjs.org/iconv-lite set size:120557 disposed:false
1041 silly fetch manifest tapable@^2.3.0
1042 silly packumentCache full:https://registry.npmjs.org/tapable cache-hit
1043 silly fetch manifest neo-async@^2.6.2
1044 silly packumentCache full:https://registry.npmjs.org/neo-async cache-miss
1045 http cache https://registry.npmjs.org/neo-async 347ms (cache hit)
1046 silly packumentCache full:https://registry.npmjs.org/neo-async set size:155670 disposed:false
1047 silly fetch manifest watchpack@^2.5.1
1048 silly packumentCache full:https://registry.npmjs.org/watchpack cache-hit
1049 silly fetch manifest browserslist@^4.28.1
1050 silly packumentCache full:https://registry.npmjs.org/browserslist cache-miss
1051 http cache https://registry.npmjs.org/acorn 429ms (cache hit)
1052 silly packumentCache full:https://registry.npmjs.org/acorn set size:379626 disposed:false
1053 silly fetch manifest eslint-scope@5.1.1
1054 silly packumentCache full:https://registry.npmjs.org/eslint-scope cache-miss
1055 http cache https://registry.npmjs.org/commander 545ms (cache hit)
1056 silly packumentCache full:https://registry.npmjs.org/commander set size:353115 disposed:false
1057 silly fetch manifest schema-utils@^4.3.3
1058 silly packumentCache full:https://registry.npmjs.org/schema-utils cache-hit
1059 silly fetch manifest @types/estree@^1.0.8
1060 silly packumentCache full:https://registry.npmjs.org/@types%2festree cache-miss
1061 http cache https://registry.npmjs.org/events 468ms (cache hit)
1062 silly packumentCache full:https://registry.npmjs.org/events set size:35240 disposed:false
1063 silly fetch manifest loader-runner@^4.3.1
1064 silly packumentCache full:https://registry.npmjs.org/loader-runner cache-miss
1065 http cache https://registry.npmjs.org/acorn 493ms (cache hit)
1066 silly packumentCache full:https://registry.npmjs.org/acorn set size:379626 disposed:false
1067 silly packumentCache full:https://registry.npmjs.org/acorn dispose
1068 silly fetch manifest glob-to-regexp@^0.4.1
1069 silly packumentCache full:https://registry.npmjs.org/glob-to-regexp cache-miss
1070 http cache https://registry.npmjs.org/@jridgewell%2fsource-map 573ms (cache hit)
1071 silly packumentCache full:https://registry.npmjs.org/@jridgewell%2fsource-map set size:45204 disposed:false
1072 silly fetch manifest es-module-lexer@^2.0.0
1073 silly packumentCache full:https://registry.npmjs.org/es-module-lexer cache-miss
1074 http cache https://registry.npmjs.org/neo-async 621ms (cache hit)
1075 silly packumentCache full:https://registry.npmjs.org/neo-async set size:155670 disposed:false
1076 silly packumentCache full:https://registry.npmjs.org/neo-async dispose
1077 silly fetch manifest enhanced-resolve@^5.19.0
1078 silly packumentCache full:https://registry.npmjs.org/enhanced-resolve cache-miss
1079 http cache https://registry.npmjs.org/eslint-scope 521ms (cache hit)
1080 silly packumentCache full:https://registry.npmjs.org/eslint-scope set size:98867 disposed:false
1081 silly fetch manifest @types/json-schema@^7.0.15
1082 silly packumentCache full:https://registry.npmjs.org/@types%2fjson-schema cache-miss
1083 http cache https://registry.npmjs.org/browserslist 658ms (cache hit)
1084 silly packumentCache full:https://registry.npmjs.org/browserslist set size:504681 disposed:false
1085 silly fetch manifest @webassemblyjs/ast@^1.14.1
1086 silly packumentCache full:https://registry.npmjs.org/@webassemblyjs%2fast cache-miss
1087 http cache https://registry.npmjs.org/@types%2festree 328ms (cache hit)
1088 silly packumentCache full:https://registry.npmjs.org/@types%2festree set size:76072 disposed:false
1089 silly fetch manifest chrome-trace-event@^1.0.2
1090 silly packumentCache full:https://registry.npmjs.org/chrome-trace-event cache-miss
1091 http cache https://registry.npmjs.org/glob-to-regexp 327ms (cache hit)
1092 silly packumentCache full:https://registry.npmjs.org/glob-to-regexp set size:15844 disposed:false
1093 silly fetch manifest @types/eslint-scope@^3.7.7
1094 silly packumentCache full:https://registry.npmjs.org/@types%2feslint-scope cache-miss
1095 http cache https://registry.npmjs.org/loader-runner 374ms (cache hit)
1096 silly packumentCache full:https://registry.npmjs.org/loader-runner set size:41628 disposed:false
1097 silly fetch manifest acorn-import-phases@^1.0.3
1098 silly packumentCache full:https://registry.npmjs.org/acorn-import-phases cache-miss
1099 http cache https://registry.npmjs.org/es-module-lexer 317ms (cache hit)
1100 silly packumentCache full:https://registry.npmjs.org/es-module-lexer set size:205389 disposed:false
1101 silly fetch manifest terser-webpack-plugin@^5.3.16
1102 silly packumentCache full:https://registry.npmjs.org/terser-webpack-plugin cache-miss
1103 http cache https://registry.npmjs.org/enhanced-resolve 284ms (cache hit)
1104 silly packumentCache full:https://registry.npmjs.org/enhanced-resolve set size:449215 disposed:false
1105 silly fetch manifest @webassemblyjs/wasm-edit@^1.14.1
1106 silly packumentCache full:https://registry.npmjs.org/@webassemblyjs%2fwasm-edit cache-miss
1107 http cache https://registry.npmjs.org/@webassemblyjs%2fast 268ms (cache hit)
1108 silly packumentCache full:https://registry.npmjs.org/@webassemblyjs%2fast set size:198816 disposed:false
1109 silly fetch manifest @webassemblyjs/wasm-parser@^1.14.1
1110 silly packumentCache full:https://registry.npmjs.org/@webassemblyjs%2fwasm-parser cache-miss
1111 http cache https://registry.npmjs.org/@types%2fjson-schema 469ms (cache hit)
1112 silly packumentCache full:https://registry.npmjs.org/@types%2fjson-schema set size:44704 disposed:false
1113 silly fetch manifest json-parse-even-better-errors@^2.3.1
1114 silly packumentCache full:https://registry.npmjs.org/json-parse-even-better-errors cache-miss
1115 http cache https://registry.npmjs.org/chrome-trace-event 531ms (cache hit)
1116 silly packumentCache full:https://registry.npmjs.org/chrome-trace-event set size:20859 disposed:false
1117 silly fetch manifest memfs@^4.6.0
1118 silly packumentCache full:https://registry.npmjs.org/memfs cache-miss
1119 http cache https://registry.npmjs.org/@types%2feslint-scope 511ms (cache hit)
1120 silly packumentCache full:https://registry.npmjs.org/@types%2feslint-scope set size:25267 disposed:false
1121 silly fetch manifest colorette@^2.0.10
1122 silly packumentCache full:https://registry.npmjs.org/colorette cache-miss
1123 http cache https://registry.npmjs.org/acorn-import-phases 503ms (cache hit)
1124 silly packumentCache full:https://registry.npmjs.org/acorn-import-phases set size:11206 disposed:false
1125 silly fetch manifest ws@^8.18.0
1126 silly packumentCache full:https://registry.npmjs.org/ws cache-miss
1127 http cache https://registry.npmjs.org/terser-webpack-plugin 542ms (cache hit)
1128 silly packumentCache full:https://registry.npmjs.org/terser-webpack-plugin set size:430998 disposed:false
1129 silly fetch manifest spdy@^4.0.2
1130 silly packumentCache full:https://registry.npmjs.org/spdy cache-miss
1131 http cache https://registry.npmjs.org/@webassemblyjs%2fwasm-edit 473ms (cache hit)
1132 silly packumentCache full:https://registry.npmjs.org/@webassemblyjs%2fwasm-edit set size:202718 disposed:false
1133 silly fetch manifest sockjs@^0.3.24
1134 silly packumentCache full:https://registry.npmjs.org/sockjs cache-miss
1135 http cache https://registry.npmjs.org/json-parse-even-better-errors 344ms (cache hit)
1136 silly packumentCache full:https://registry.npmjs.org/json-parse-even-better-errors set size:37274 disposed:false
1137 silly fetch manifest express@^4.21.2
1138 silly packumentCache full:https://registry.npmjs.org/express cache-miss
1139 http cache https://registry.npmjs.org/@webassemblyjs%2fwasm-parser 450ms (cache hit)
1140 silly packumentCache full:https://registry.npmjs.org/@webassemblyjs%2fwasm-parser set size:214115 disposed:false
1141 silly fetch manifest p-retry@^6.2.0
1142 silly packumentCache full:https://registry.npmjs.org/p-retry cache-miss
1143 http cache https://registry.npmjs.org/ws 190ms (cache hit)
1144 silly packumentCache full:https://registry.npmjs.org/ws set size:427091 disposed:false
1145 silly fetch manifest chokidar@^3.6.0
1146 silly packumentCache full:https://registry.npmjs.org/chokidar cache-hit
1147 silly fetch manifest @types/ws@^8.5.10
1148 silly packumentCache full:https://registry.npmjs.org/@types%2fws cache-miss
1149 http cache https://registry.npmjs.org/memfs 284ms (cache hit)
1150 silly packumentCache full:https://registry.npmjs.org/memfs set size:869306 disposed:false
1151 silly fetch manifest colorette@^2.0.10
1152 silly packumentCache full:https://registry.npmjs.org/colorette cache-miss
1153 http cache https://registry.npmjs.org/colorette 312ms (cache hit)
1154 silly packumentCache full:https://registry.npmjs.org/colorette set size:92733 disposed:false
1155 silly fetch manifest ipaddr.js@^2.1.0
1156 silly packumentCache full:https://registry.npmjs.org/ipaddr.js cache-miss
1157 http cache https://registry.npmjs.org/spdy 254ms (cache hit)
1158 silly packumentCache full:https://registry.npmjs.org/spdy set size:358688 disposed:false
1159 silly fetch manifest selfsigned@^2.4.1
1160 silly packumentCache full:https://registry.npmjs.org/selfsigned cache-miss
1161 http cache https://registry.npmjs.org/sockjs 249ms (cache hit)
1162 silly packumentCache full:https://registry.npmjs.org/sockjs set size:78786 disposed:false
1163 silly fetch manifest compression@^1.7.4
1164 silly packumentCache full:https://registry.npmjs.org/compression cache-miss
1165 http cache https://registry.npmjs.org/p-retry 176ms (cache hit)
1166 silly packumentCache full:https://registry.npmjs.org/p-retry set size:72148 disposed:false
1167 silly fetch manifest serve-index@^1.9.1
1168 silly packumentCache full:https://registry.npmjs.org/serve-index cache-miss
1169 http cache https://registry.npmjs.org/express 212ms (cache hit)
1170 silly packumentCache full:https://registry.npmjs.org/express set size:804947 disposed:false
1171 silly fetch manifest @types/sockjs@^0.3.36
1172 silly packumentCache full:https://registry.npmjs.org/@types%2fsockjs cache-miss
1173 http cache https://registry.npmjs.org/@types%2fws 279ms (cache hit)
1174 silly packumentCache full:https://registry.npmjs.org/@types%2fws set size:167959 disposed:false
1175 silly fetch manifest launch-editor@^2.6.1
1176 silly packumentCache full:https://registry.npmjs.org/launch-editor cache-miss
1177 http cache https://registry.npmjs.org/colorette 217ms (cache hit)
1178 silly packumentCache full:https://registry.npmjs.org/colorette set size:92733 disposed:false
1179 silly packumentCache full:https://registry.npmjs.org/colorette dispose
1180 silly fetch manifest @types/bonjour@^3.5.13
1181 silly packumentCache full:https://registry.npmjs.org/@types%2fbonjour cache-miss
1182 http cache https://registry.npmjs.org/ipaddr.js 207ms (cache hit)
1183 silly packumentCache full:https://registry.npmjs.org/ipaddr.js set size:69563 disposed:false
1184 silly fetch manifest @types/express@^4.17.21
1185 silly packumentCache full:https://registry.npmjs.org/@types%2fexpress cache-miss
1186 http cache https://registry.npmjs.org/selfsigned 189ms (cache hit)
1187 silly packumentCache full:https://registry.npmjs.org/selfsigned set size:100477 disposed:false
1188 silly fetch manifest bonjour-service@^1.2.1
1189 silly packumentCache full:https://registry.npmjs.org/bonjour-service cache-miss
1190 http cache https://registry.npmjs.org/compression 214ms (cache hit)
1191 silly packumentCache full:https://registry.npmjs.org/compression set size:98424 disposed:false
1192 silly fetch manifest @types/serve-index@^1.9.4
1193 silly packumentCache full:https://registry.npmjs.org/@types%2fserve-index cache-miss
1194 http cache https://registry.npmjs.org/@types%2fsockjs 163ms (cache hit)
1195 silly packumentCache full:https://registry.npmjs.org/@types%2fsockjs set size:29384 disposed:false
1196 silly fetch manifest @types/serve-static@^1.15.5
1197 silly packumentCache full:https://registry.npmjs.org/@types%2fserve-static cache-miss
1198 http cache https://registry.npmjs.org/serve-index 233ms (cache hit)
1199 silly packumentCache full:https://registry.npmjs.org/serve-index set size:70731 disposed:false
1200 silly fetch manifest ansi-html-community@^0.0.8
1201 silly packumentCache full:https://registry.npmjs.org/ansi-html-community cache-miss
1202 http cache https://registry.npmjs.org/@types%2fbonjour 343ms (cache hit)
1203 silly packumentCache full:https://registry.npmjs.org/@types%2fbonjour set size:24290 disposed:false
1204 silly fetch manifest http-proxy-middleware@^2.0.9
1205 silly packumentCache full:https://registry.npmjs.org/http-proxy-middleware cache-hit
1206 silly fetch manifest connect-history-api-fallback@^2.0.0
1207 silly packumentCache full:https://registry.npmjs.org/connect-history-api-fallback cache-miss
1208 http cache https://registry.npmjs.org/launch-editor 371ms (cache hit)
1209 silly packumentCache full:https://registry.npmjs.org/launch-editor set size:46130 disposed:false
1210 silly fetch manifest @types/express-serve-static-core@^4.17.21
1211 silly packumentCache full:https://registry.npmjs.org/@types%2fexpress-serve-static-core cache-miss
1212 http cache https://registry.npmjs.org/@types%2fexpress 402ms (cache hit)
1213 silly packumentCache full:https://registry.npmjs.org/@types%2fexpress set size:111364 disposed:false
1214 silly fetch manifest @types/connect-history-api-fallback@^1.5.4
1215 silly packumentCache full:https://registry.npmjs.org/@types%2fconnect-history-api-fallback cache-miss
1216 http cache https://registry.npmjs.org/bonjour-service 422ms (cache hit)
1217 silly packumentCache full:https://registry.npmjs.org/bonjour-service set size:64531 disposed:false
1218 silly fetch manifest flat@^5.0.2
1219 silly packumentCache full:https://registry.npmjs.org/flat cache-miss
1220 http cache https://registry.npmjs.org/@types%2fserve-index 422ms (cache hit)
1221 silly packumentCache full:https://registry.npmjs.org/@types%2fserve-index set size:29301 disposed:false
1222 silly fetch manifest wildcard@^2.0.1
1223 silly packumentCache full:https://registry.npmjs.org/wildcard cache-miss
1224 http cache https://registry.npmjs.org/@types%2fserve-static 490ms (cache hit)
1225 silly packumentCache full:https://registry.npmjs.org/@types%2fserve-static set size:70859 disposed:false
1226 silly fetch manifest clone-deep@^4.0.1
1227 silly packumentCache full:https://registry.npmjs.org/clone-deep cache-miss
1228 http cache https://registry.npmjs.org/ansi-html-community 486ms (cache hit)
1229 silly packumentCache full:https://registry.npmjs.org/ansi-html-community set size:4862 disposed:false
1230 http cache https://registry.npmjs.org/connect-history-api-fallback 261ms (cache hit)
1231 silly packumentCache full:https://registry.npmjs.org/connect-history-api-fallback set size:30068 disposed:false
1232 http cache https://registry.npmjs.org/@types%2fconnect-history-api-fallback 193ms (cache hit)
1233 silly packumentCache full:https://registry.npmjs.org/@types%2fconnect-history-api-fallback set size:23738 disposed:false
1234 http cache https://registry.npmjs.org/@types%2fexpress-serve-static-core 261ms (cache hit)
1235 silly packumentCache full:https://registry.npmjs.org/@types%2fexpress-serve-static-core set size:264345 disposed:false
1236 http cache https://registry.npmjs.org/flat 192ms (cache hit)
1237 silly packumentCache full:https://registry.npmjs.org/flat set size:56541 disposed:false
1238 http cache https://registry.npmjs.org/wildcard 177ms (cache hit)
1239 silly packumentCache full:https://registry.npmjs.org/wildcard set size:20813 disposed:false
1240 http cache https://registry.npmjs.org/clone-deep 93ms (cache hit)
1241 silly packumentCache full:https://registry.npmjs.org/clone-deep set size:38043 disposed:false
1242 silly placeDep node_modules/@angular-devkit/architect rxjs@7.8.1 OK for: @angular-devkit/architect@0.1902.27 want: 7.8.1
1243 silly placeDep node_modules/@angular-devkit/build-webpack rxjs@7.8.1 OK for: @angular-devkit/build-webpack@0.1902.27 want: 7.8.1
1244 silly placeDep ROOT ajv@8.18.0 OK for: @angular-devkit/core@19.2.27 want: 8.18.0
1245 silly placeDep ROOT ajv-formats@3.0.1 OK for: @angular-devkit/core@19.2.27 want: 3.0.1
1246 silly placeDep node_modules/@angular-devkit/core picomatch@4.0.4 OK for: @angular-devkit/core@19.2.27 want: 4.0.4
1247 silly placeDep node_modules/@angular-devkit/core rxjs@7.8.1 OK for: @angular-devkit/core@19.2.27 want: 7.8.1
1248 silly placeDep ROOT source-map@0.7.4 OK for: @angular-devkit/core@19.2.27 want: 0.7.4
1249 silly fetch manifest fast-uri@^3.0.1
1250 silly packumentCache full:https://registry.npmjs.org/fast-uri cache-miss
1251 silly fetch manifest fast-deep-equal@^3.1.3
1252 silly packumentCache full:https://registry.npmjs.org/fast-deep-equal cache-miss
1253 silly fetch manifest require-from-string@^2.0.2
1254 silly packumentCache full:https://registry.npmjs.org/require-from-string cache-miss
1255 silly fetch manifest json-schema-traverse@^1.0.0
1256 silly packumentCache full:https://registry.npmjs.org/json-schema-traverse cache-miss
1257 http cache https://registry.npmjs.org/fast-uri 27ms (cache hit)
1258 silly packumentCache full:https://registry.npmjs.org/fast-uri set size:71226 disposed:false
1259 http cache https://registry.npmjs.org/require-from-string 27ms (cache hit)
1260 silly packumentCache full:https://registry.npmjs.org/require-from-string set size:15128 disposed:false
1261 http cache https://registry.npmjs.org/json-schema-traverse 28ms (cache hit)
1262 silly packumentCache full:https://registry.npmjs.org/json-schema-traverse set size:23537 disposed:false
1263 http cache https://registry.npmjs.org/fast-deep-equal 39ms (cache hit)
1264 silly packumentCache full:https://registry.npmjs.org/fast-deep-equal set size:48634 disposed:false
1265 silly placeDep node_modules/@angular/build @babel/core@7.26.10 OK for: @angular/build@19.2.27 want: 7.26.10
1266 silly placeDep ROOT @babel/plugin-syntax-import-attributes@7.26.0 OK for: @angular/build@19.2.27 want: 7.26.0
1267 silly placeDep ROOT @inquirer/confirm@5.1.6 OK for: @angular/build@19.2.27 want: 5.1.6
1268 silly placeDep ROOT beasties@0.3.2 OK for: @angular/build@19.2.27 want: 0.3.2
1269 silly placeDep ROOT https-proxy-agent@7.0.6 OK for: @angular/build@19.2.27 want: 7.0.6
1270 silly placeDep node_modules/@angular/build istanbul-lib-instrument@6.0.3 OK for: @angular/build@19.2.27 want: 6.0.3
1271 silly placeDep ROOT listr2@8.2.5 OK for: @angular/build@19.2.27 want: 8.2.5
1272 silly placeDep ROOT lmdb@3.2.6 OK for: @angular/build@19.2.27 want: 3.2.6
1273 silly placeDep ROOT magic-string@0.30.17 OK for: @angular/build@19.2.27 want: 0.30.17
1274 silly placeDep ROOT mrmime@2.0.1 OK for: @angular/build@19.2.27 want: 2.0.1
1275 silly placeDep ROOT parse5-html-rewriting-stream@7.0.0 OK for: @angular/build@19.2.27 want: 7.0.0
1276 silly placeDep node_modules/@angular/build picomatch@4.0.4 OK for: @angular/build@19.2.27 want: 4.0.4
1277 silly placeDep ROOT rollup@4.59.0 OK for: @angular/build@19.2.27 want: 4.59.0
1278 silly placeDep node_modules/@angular/build semver@7.7.1 OK for: @angular/build@19.2.27 want: 7.7.1
1279 silly placeDep ROOT vite@6.4.2 OK for: @angular/build@19.2.27 want: 6.4.2
1280 silly placeDep ROOT watchpack@2.4.2 OK for: @angular/build@19.2.27 want: 2.4.2
1281 silly fetch manifest @inquirer/core@^10.1.7
1282 silly packumentCache full:https://registry.npmjs.org/@inquirer%2fcore cache-miss
1283 silly fetch manifest @inquirer/type@^3.0.4
1284 silly packumentCache full:https://registry.npmjs.org/@inquirer%2ftype cache-miss
1285 silly fetch manifest css-what@^6.1.0
1286 silly packumentCache full:https://registry.npmjs.org/css-what cache-miss
1287 silly fetch manifest css-select@^5.1.0
1288 silly packumentCache full:https://registry.npmjs.org/css-select cache-miss
1289 silly fetch manifest domhandler@^5.0.3
1290 silly packumentCache full:https://registry.npmjs.org/domhandler cache-miss
1291 silly fetch manifest htmlparser2@^10.0.0
1292 silly packumentCache full:https://registry.npmjs.org/htmlparser2 cache-miss
1293 silly fetch manifest dom-serializer@^2.0.0
1294 silly packumentCache full:https://registry.npmjs.org/dom-serializer cache-miss
1295 http cache https://registry.npmjs.org/@inquirer%2ftype 96ms (cache hit)
1296 silly packumentCache full:https://registry.npmjs.org/@inquirer%2ftype set size:119899 disposed:false
1297 silly fetch manifest postcss-media-query-parser@^0.2.3
1298 silly packumentCache full:https://registry.npmjs.org/postcss-media-query-parser cache-miss
1299 http cache https://registry.npmjs.org/@inquirer%2fcore 112ms (cache hit)
1300 silly packumentCache full:https://registry.npmjs.org/@inquirer%2fcore set size:353358 disposed:false
1301 silly fetch manifest agent-base@^7.1.2
1302 silly packumentCache full:https://registry.npmjs.org/agent-base cache-miss
1303 http cache https://registry.npmjs.org/dom-serializer 103ms (cache hit)
1304 silly packumentCache full:https://registry.npmjs.org/dom-serializer set size:61296 disposed:false
1305 silly fetch manifest colorette@^2.0.20
1306 silly packumentCache full:https://registry.npmjs.org/colorette cache-hit
1307 silly fetch manifest wrap-ansi@^9.0.0
1308 silly packumentCache full:https://registry.npmjs.org/wrap-ansi cache-miss
1309 http cache https://registry.npmjs.org/htmlparser2 125ms (cache hit)
1310 silly packumentCache full:https://registry.npmjs.org/htmlparser2 set size:176911 disposed:false
1311 silly fetch manifest log-update@^6.1.0
1312 silly packumentCache full:https://registry.npmjs.org/log-update cache-miss
1313 http cache https://registry.npmjs.org/css-select 166ms (cache hit)
1314 silly packumentCache full:https://registry.npmjs.org/css-select set size:111202 disposed:false
1315 silly fetch manifest cli-truncate@^4.0.0
1316 silly packumentCache full:https://registry.npmjs.org/cli-truncate cache-miss
1317 http cache https://registry.npmjs.org/domhandler 177ms (cache hit)
1318 silly packumentCache full:https://registry.npmjs.org/domhandler set size:78187 disposed:false
1319 silly fetch manifest eventemitter3@^5.0.1
1320 silly packumentCache full:https://registry.npmjs.org/eventemitter3 cache-miss
1321 http cache https://registry.npmjs.org/css-what 272ms (cache hit)
1322 silly packumentCache full:https://registry.npmjs.org/css-what set size:81721 disposed:false
1323 silly fetch manifest msgpackr@^1.11.2
1324 silly packumentCache full:https://registry.npmjs.org/msgpackr cache-miss
1325 http cache https://registry.npmjs.org/postcss-media-query-parser 341ms (cache hit)
1326 silly packumentCache full:https://registry.npmjs.org/postcss-media-query-parser set size:18322 disposed:false
1327 silly fetch manifest node-addon-api@^6.1.0
1328 silly packumentCache full:https://registry.npmjs.org/node-addon-api cache-miss
1329 http cache https://registry.npmjs.org/wrap-ansi 302ms (cache hit)
1330 silly packumentCache full:https://registry.npmjs.org/wrap-ansi set size:55299 disposed:false
1331 silly fetch manifest ordered-binary@^1.5.3
1332 silly packumentCache full:https://registry.npmjs.org/ordered-binary cache-miss
1333 http cache https://registry.npmjs.org/cli-truncate 280ms (cache hit)
1334 silly packumentCache full:https://registry.npmjs.org/cli-truncate set size:35177 disposed:false
1335 silly fetch manifest weak-lru-cache@^1.2.2
1336 silly packumentCache full:https://registry.npmjs.org/weak-lru-cache cache-miss
1337 http cache https://registry.npmjs.org/agent-base 342ms (cache hit)
1338 silly packumentCache full:https://registry.npmjs.org/agent-base set size:72085 disposed:false
1339 silly fetch manifest node-gyp-build-optional-packages@5.2.2
1340 silly packumentCache full:https://registry.npmjs.org/node-gyp-build-optional-packages cache-miss
1341 http cache https://registry.npmjs.org/log-update 318ms (cache hit)
1342 silly packumentCache full:https://registry.npmjs.org/log-update set size:60732 disposed:false
1343 silly fetch manifest @lmdb/lmdb-linux-arm@3.2.6
1344 silly packumentCache full:https://registry.npmjs.org/@lmdb%2flmdb-linux-arm cache-miss
1345 http cache https://registry.npmjs.org/eventemitter3 296ms (cache hit)
1346 silly packumentCache full:https://registry.npmjs.org/eventemitter3 set size:92292 disposed:false
1347 silly fetch manifest @lmdb/lmdb-linux-x64@3.2.6
1348 silly packumentCache full:https://registry.npmjs.org/@lmdb%2flmdb-linux-x64 cache-miss
1349 http cache https://registry.npmjs.org/msgpackr 254ms (cache hit)
1350 silly packumentCache full:https://registry.npmjs.org/msgpackr set size:436133 disposed:false
1351 silly fetch manifest @lmdb/lmdb-win32-x64@3.2.6
1352 silly packumentCache full:https://registry.npmjs.org/@lmdb%2flmdb-win32-x64 cache-miss
1353 http cache https://registry.npmjs.org/node-addon-api 198ms (cache hit)
1354 silly packumentCache full:https://registry.npmjs.org/node-addon-api set size:356526 disposed:false
1355 silly fetch manifest @lmdb/lmdb-darwin-x64@3.2.6
1356 silly packumentCache full:https://registry.npmjs.org/@lmdb%2flmdb-darwin-x64 cache-miss
1357 http cache https://registry.npmjs.org/ordered-binary 210ms (cache hit)
1358 silly packumentCache full:https://registry.npmjs.org/ordered-binary set size:68084 disposed:false
1359 silly fetch manifest @lmdb/lmdb-linux-arm64@3.2.6
1360 silly packumentCache full:https://registry.npmjs.org/@lmdb%2flmdb-linux-arm64 cache-miss
1361 http cache https://registry.npmjs.org/weak-lru-cache 205ms (cache hit)
1362 silly packumentCache full:https://registry.npmjs.org/weak-lru-cache set size:69411 disposed:false
1363 silly fetch manifest @lmdb/lmdb-darwin-arm64@3.2.6
1364 silly packumentCache full:https://registry.npmjs.org/@lmdb%2flmdb-darwin-arm64 cache-miss
1365 http cache https://registry.npmjs.org/node-gyp-build-optional-packages 208ms (cache hit)
1366 silly packumentCache full:https://registry.npmjs.org/node-gyp-build-optional-packages set size:49852 disposed:false
1367 silly fetch manifest entities@^4.3.0
1368 silly packumentCache full:https://registry.npmjs.org/entities cache-miss
1369 http cache https://registry.npmjs.org/@lmdb%2flmdb-linux-arm 210ms (cache hit)
1370 silly packumentCache full:https://registry.npmjs.org/@lmdb%2flmdb-linux-arm set size:195414 disposed:false
1371 silly fetch manifest parse5-sax-parser@^7.0.0
1372 silly packumentCache full:https://registry.npmjs.org/parse5-sax-parser cache-miss
1373 http cache https://registry.npmjs.org/@lmdb%2flmdb-linux-x64 216ms (cache hit)
1374 silly packumentCache full:https://registry.npmjs.org/@lmdb%2flmdb-linux-x64 set size:196980 disposed:false
1375 silly fetch manifest @types/estree@1.0.8
1376 silly packumentCache full:https://registry.npmjs.org/@types%2festree cache-hit
1377 silly fetch manifest @rollup/rollup-darwin-x64@4.59.0
1378 silly packumentCache full:https://registry.npmjs.org/@rollup%2frollup-darwin-x64 cache-miss
1379 http cache https://registry.npmjs.org/@lmdb%2flmdb-win32-x64 220ms (cache hit)
1380 silly packumentCache full:https://registry.npmjs.org/@lmdb%2flmdb-win32-x64 set size:193956 disposed:false
1381 silly fetch manifest @rollup/rollup-freebsd-x64@4.59.0
1382 silly packumentCache full:https://registry.npmjs.org/@rollup%2frollup-freebsd-x64 cache-miss
1383 http cache https://registry.npmjs.org/@lmdb%2flmdb-darwin-x64 159ms (cache hit)
1384 silly packumentCache full:https://registry.npmjs.org/@lmdb%2flmdb-darwin-x64 set size:194782 disposed:false
1385 silly fetch manifest @rollup/rollup-openbsd-x64@4.59.0
1386 silly packumentCache full:https://registry.npmjs.org/@rollup%2frollup-openbsd-x64 cache-miss
1387 http cache https://registry.npmjs.org/@lmdb%2flmdb-linux-arm64 164ms (cache hit)
1388 silly packumentCache full:https://registry.npmjs.org/@lmdb%2flmdb-linux-arm64 set size:197148 disposed:false
1389 silly fetch manifest @rollup/rollup-darwin-arm64@4.59.0
1390 silly packumentCache full:https://registry.npmjs.org/@rollup%2frollup-darwin-arm64 cache-miss
1391 http cache https://registry.npmjs.org/entities 152ms (cache hit)
1392 silly packumentCache full:https://registry.npmjs.org/entities set size:101550 disposed:false
1393 silly fetch manifest @rollup/rollup-android-arm64@4.59.0
1394 silly packumentCache full:https://registry.npmjs.org/@rollup%2frollup-android-arm64 cache-miss
1395 http cache https://registry.npmjs.org/parse5-sax-parser 151ms (cache hit)
1396 silly packumentCache full:https://registry.npmjs.org/parse5-sax-parser set size:18860 disposed:false
1397 silly fetch manifest @rollup/rollup-freebsd-arm64@4.59.0
1398 silly packumentCache full:https://registry.npmjs.org/@rollup%2frollup-freebsd-arm64 cache-miss
1399 http cache https://registry.npmjs.org/@lmdb%2flmdb-darwin-arm64 187ms (cache hit)
1400 silly packumentCache full:https://registry.npmjs.org/@lmdb%2flmdb-darwin-arm64 set size:196401 disposed:false
1401 silly fetch manifest @rollup/rollup-linux-x64-gnu@4.59.0
1402 silly packumentCache full:https://registry.npmjs.org/@rollup%2frollup-linux-x64-gnu cache-miss
1403 http cache https://registry.npmjs.org/@rollup%2frollup-darwin-x64 146ms (cache hit)
1404 silly packumentCache full:https://registry.npmjs.org/@rollup%2frollup-darwin-x64 set size:336611 disposed:false
1405 silly fetch manifest @rollup/rollup-win32-x64-gnu@4.59.0
1406 silly packumentCache full:https://registry.npmjs.org/@rollup%2frollup-win32-x64-gnu cache-miss
1407 http cache https://registry.npmjs.org/@rollup%2frollup-freebsd-x64 123ms (cache hit)
1408 silly packumentCache full:https://registry.npmjs.org/@rollup%2frollup-freebsd-x64 set size:189223 disposed:false
1409 silly fetch manifest @rollup/rollup-linux-x64-musl@4.59.0
1410 silly packumentCache full:https://registry.npmjs.org/@rollup%2frollup-linux-x64-musl cache-miss
1411 http cache https://registry.npmjs.org/@rollup%2frollup-openbsd-x64 148ms (cache hit)
1412 silly packumentCache full:https://registry.npmjs.org/@rollup%2frollup-openbsd-x64 set size:33968 disposed:false
1413 silly fetch manifest @rollup/rollup-win32-x64-msvc@4.59.0
1414 silly packumentCache full:https://registry.npmjs.org/@rollup%2frollup-win32-x64-msvc cache-miss
1415 http cache https://registry.npmjs.org/@rollup%2frollup-freebsd-arm64 132ms (cache hit)
1416 silly packumentCache full:https://registry.npmjs.org/@rollup%2frollup-freebsd-arm64 set size:191163 disposed:false
1417 silly fetch manifest @rollup/rollup-linux-arm64-gnu@4.59.0
1418 silly packumentCache full:https://registry.npmjs.org/@rollup%2frollup-linux-arm64-gnu cache-miss
1419 http cache https://registry.npmjs.org/@rollup%2frollup-darwin-arm64 157ms (cache hit)
1420 silly packumentCache full:https://registry.npmjs.org/@rollup%2frollup-darwin-arm64 set size:341440 disposed:false
1421 silly fetch manifest @rollup/rollup-linux-ppc64-gnu@4.59.0
1422 silly packumentCache full:https://registry.npmjs.org/@rollup%2frollup-linux-ppc64-gnu cache-miss
1423 http cache https://registry.npmjs.org/@rollup%2frollup-android-arm64 156ms (cache hit)
1424 silly packumentCache full:https://registry.npmjs.org/@rollup%2frollup-android-arm64 set size:342960 disposed:false
1425 silly fetch manifest @rollup/rollup-linux-s390x-gnu@4.59.0
1426 silly packumentCache full:https://registry.npmjs.org/@rollup%2frollup-linux-s390x-gnu cache-miss
1427 http cache https://registry.npmjs.org/@rollup%2frollup-linux-x64-gnu 156ms (cache hit)
1428 silly packumentCache full:https://registry.npmjs.org/@rollup%2frollup-linux-x64-gnu set size:343765 disposed:false
1429 silly fetch manifest @rollup/rollup-win32-ia32-msvc@4.59.0
1430 silly packumentCache full:https://registry.npmjs.org/@rollup%2frollup-win32-ia32-msvc cache-miss
1431 http cache https://registry.npmjs.org/@rollup%2frollup-win32-x64-gnu 154ms (cache hit)
1432 silly packumentCache full:https://registry.npmjs.org/@rollup%2frollup-win32-x64-gnu set size:64595 disposed:false
1433 silly fetch manifest @rollup/rollup-android-arm-eabi@4.59.0
1434 silly packumentCache full:https://registry.npmjs.org/@rollup%2frollup-android-arm-eabi cache-miss
1435 http cache https://registry.npmjs.org/@rollup%2frollup-linux-x64-musl 155ms (cache hit)
1436 silly packumentCache full:https://registry.npmjs.org/@rollup%2frollup-linux-x64-musl set size:343127 disposed:false
1437 silly fetch manifest @rollup/rollup-linux-arm64-musl@4.59.0
1438 silly packumentCache full:https://registry.npmjs.org/@rollup%2frollup-linux-arm64-musl cache-miss
1439 http cache https://registry.npmjs.org/@rollup%2frollup-win32-x64-msvc 184ms (cache hit)
1440 silly packumentCache full:https://registry.npmjs.org/@rollup%2frollup-win32-x64-msvc set size:341524 disposed:false
1441 silly fetch manifest @rollup/rollup-linux-ppc64-musl@4.59.0
1442 silly packumentCache full:https://registry.npmjs.org/@rollup%2frollup-linux-ppc64-musl cache-miss
1443 http cache https://registry.npmjs.org/@rollup%2frollup-linux-s390x-gnu 167ms (cache hit)
1444 silly packumentCache full:https://registry.npmjs.org/@rollup%2frollup-linux-s390x-gnu set size:248507 disposed:false
1445 silly fetch manifest @rollup/rollup-win32-arm64-msvc@4.59.0
1446 silly packumentCache full:https://registry.npmjs.org/@rollup%2frollup-win32-arm64-msvc cache-miss
1447 http cache https://registry.npmjs.org/@rollup%2frollup-linux-ppc64-gnu 189ms (cache hit)
1448 silly packumentCache full:https://registry.npmjs.org/@rollup%2frollup-linux-ppc64-gnu set size:93339 disposed:false
1449 silly fetch manifest @rollup/rollup-linux-loong64-gnu@4.59.0
1450 silly packumentCache full:https://registry.npmjs.org/@rollup%2frollup-linux-loong64-gnu cache-miss
1451 http cache https://registry.npmjs.org/@rollup%2frollup-linux-arm64-gnu 204ms (cache hit)
1452 silly packumentCache full:https://registry.npmjs.org/@rollup%2frollup-linux-arm64-gnu set size:348657 disposed:false
1453 silly fetch manifest @rollup/rollup-linux-riscv64-gnu@4.59.0
1454 silly packumentCache full:https://registry.npmjs.org/@rollup%2frollup-linux-riscv64-gnu cache-miss
1455 http cache https://registry.npmjs.org/@rollup%2frollup-win32-ia32-msvc 179ms (cache hit)
1456 silly packumentCache full:https://registry.npmjs.org/@rollup%2frollup-win32-ia32-msvc set size:344890 disposed:false
1457 silly fetch manifest @rollup/rollup-openharmony-arm64@4.59.0
1458 silly packumentCache full:https://registry.npmjs.org/@rollup%2frollup-openharmony-arm64 cache-miss
1459 http cache https://registry.npmjs.org/@rollup%2frollup-android-arm-eabi 190ms (cache hit)
1460 silly packumentCache full:https://registry.npmjs.org/@rollup%2frollup-android-arm-eabi set size:346401 disposed:false
1461 silly fetch manifest @rollup/rollup-linux-loong64-musl@4.59.0
1462 silly packumentCache full:https://registry.npmjs.org/@rollup%2frollup-linux-loong64-musl cache-miss
1463 http cache https://registry.npmjs.org/@rollup%2frollup-linux-arm64-musl 179ms (cache hit)
1464 silly packumentCache full:https://registry.npmjs.org/@rollup%2frollup-linux-arm64-musl set size:304059 disposed:false
1465 silly fetch manifest @rollup/rollup-linux-riscv64-musl@4.59.0
1466 silly packumentCache full:https://registry.npmjs.org/@rollup%2frollup-linux-riscv64-musl cache-miss
1467 http cache https://registry.npmjs.org/@rollup%2frollup-linux-ppc64-musl 155ms (cache hit)
1468 silly packumentCache full:https://registry.npmjs.org/@rollup%2frollup-linux-ppc64-musl set size:34879 disposed:false
1469 silly fetch manifest @rollup/rollup-linux-arm-gnueabihf@4.59.0
1470 silly packumentCache full:https://registry.npmjs.org/@rollup%2frollup-linux-arm-gnueabihf cache-miss
1471 http cache https://registry.npmjs.org/@rollup%2frollup-win32-arm64-msvc 148ms (cache hit)
1472 silly packumentCache full:https://registry.npmjs.org/@rollup%2frollup-win32-arm64-msvc set size:346391 disposed:false
1473 silly fetch manifest @rollup/rollup-linux-arm-musleabihf@4.59.0
1474 silly packumentCache full:https://registry.npmjs.org/@rollup%2frollup-linux-arm-musleabihf cache-miss
1475 http cache https://registry.npmjs.org/@rollup%2frollup-linux-riscv64-gnu 143ms (cache hit)
1476 silly packumentCache full:https://registry.npmjs.org/@rollup%2frollup-linux-riscv64-gnu set size:274840 disposed:false
1477 silly fetch manifest fdir@^6.4.4
1478 silly packumentCache full:https://registry.npmjs.org/fdir cache-miss
1479 http cache https://registry.npmjs.org/@rollup%2frollup-linux-loong64-gnu 158ms (cache hit)
1480 silly packumentCache full:https://registry.npmjs.org/@rollup%2frollup-linux-loong64-gnu set size:73153 disposed:false
1481 silly fetch manifest esbuild@^0.25.0
1482 silly packumentCache full:https://registry.npmjs.org/esbuild cache-miss
1483 http cache https://registry.npmjs.org/@rollup%2frollup-openharmony-arm64 144ms (cache hit)
1484 silly packumentCache full:https://registry.npmjs.org/@rollup%2frollup-openharmony-arm64 set size:74005 disposed:false
1485 silly fetch manifest picomatch@^4.0.2
1486 silly packumentCache full:https://registry.npmjs.org/picomatch cache-hit
1487 silly fetch manifest tinyglobby@^0.2.13
1488 silly packumentCache full:https://registry.npmjs.org/tinyglobby cache-miss
1489 http cache https://registry.npmjs.org/@rollup%2frollup-linux-loong64-musl 160ms (cache hit)
1490 silly packumentCache full:https://registry.npmjs.org/@rollup%2frollup-linux-loong64-musl set size:35170 disposed:false
1491 http cache https://registry.npmjs.org/@rollup%2frollup-linux-riscv64-musl 145ms (cache hit)
1492 silly packumentCache full:https://registry.npmjs.org/@rollup%2frollup-linux-riscv64-musl set size:120836 disposed:false
1493 http cache https://registry.npmjs.org/@rollup%2frollup-linux-arm-musleabihf 138ms (cache hit)
1494 silly packumentCache full:https://registry.npmjs.org/@rollup%2frollup-linux-arm-musleabihf set size:246397 disposed:false
1495 http cache https://registry.npmjs.org/fdir 149ms (cache hit)
1496 silly packumentCache full:https://registry.npmjs.org/fdir set size:136182 disposed:false
1497 http cache https://registry.npmjs.org/@rollup%2frollup-linux-arm-gnueabihf 180ms (cache hit)
1498 silly packumentCache full:https://registry.npmjs.org/@rollup%2frollup-linux-arm-gnueabihf set size:352208 disposed:false
1499 http cache https://registry.npmjs.org/esbuild 178ms (cache hit)
1500 silly packumentCache full:https://registry.npmjs.org/esbuild set size:1254708 disposed:false
1501 http cache https://registry.npmjs.org/tinyglobby 208ms (cache hit)
1502 silly packumentCache full:https://registry.npmjs.org/tinyglobby set size:54291 disposed:false
1503 silly placeDep ROOT @angular-devkit/schematics@19.2.27 OK for: @angular/cli@19.2.27 want: 19.2.27
1504 silly placeDep ROOT @inquirer/prompts@7.3.2 OK for: @angular/cli@19.2.27 want: 7.3.2
1505 silly placeDep ROOT @listr2/prompt-adapter-inquirer@2.0.18 OK for: @angular/cli@19.2.27 want: 2.0.18
1506 silly placeDep ROOT @schematics/angular@19.2.27 OK for: @angular/cli@19.2.27 want: 19.2.27
1507 silly placeDep ROOT ini@5.0.0 OK for: @angular/cli@19.2.27 want: 5.0.0
1508 silly placeDep ROOT npm-package-arg@12.0.2 OK for: @angular/cli@19.2.27 want: 12.0.2
1509 silly placeDep ROOT npm-pick-manifest@10.0.0 OK for: @angular/cli@19.2.27 want: 10.0.0
1510 silly placeDep ROOT pacote@20.0.0 OK for: @angular/cli@19.2.27 want: 20.0.0
1511 silly placeDep ROOT resolve@1.22.10 OK for: @angular/cli@19.2.27 want: 1.22.10
1512 silly placeDep node_modules/@angular/cli semver@7.7.1 OK for: @angular/cli@19.2.27 want: 7.7.1
1513 silly fetch manifest @inquirer/input@^4.1.6
1514 silly packumentCache full:https://registry.npmjs.org/@inquirer%2finput cache-miss
1515 silly fetch manifest @inquirer/editor@^4.2.7
1516 silly packumentCache full:https://registry.npmjs.org/@inquirer%2feditor cache-miss
1517 silly fetch manifest @inquirer/expand@^4.0.9
1518 silly packumentCache full:https://registry.npmjs.org/@inquirer%2fexpand cache-miss
1519 silly fetch manifest @inquirer/number@^3.0.9
1520 silly packumentCache full:https://registry.npmjs.org/@inquirer%2fnumber cache-miss
1521 silly fetch manifest @inquirer/search@^3.0.9
1522 silly packumentCache full:https://registry.npmjs.org/@inquirer%2fsearch cache-miss
1523 silly fetch manifest @inquirer/select@^4.0.9
1524 silly packumentCache full:https://registry.npmjs.org/@inquirer%2fselect cache-miss
1525 silly fetch manifest @inquirer/rawlist@^4.0.9
1526 silly packumentCache full:https://registry.npmjs.org/@inquirer%2frawlist cache-miss
1527 http cache https://registry.npmjs.org/@inquirer%2fnumber 181ms (cache hit)
1528 silly packumentCache full:https://registry.npmjs.org/@inquirer%2fnumber set size:142567 disposed:false
1529 silly fetch manifest @inquirer/checkbox@^4.1.2
1530 silly packumentCache full:https://registry.npmjs.org/@inquirer%2fcheckbox cache-miss
1531 http cache https://registry.npmjs.org/@inquirer%2finput 199ms (cache hit)
1532 silly packumentCache full:https://registry.npmjs.org/@inquirer%2finput set size:319406 disposed:false
1533 silly fetch manifest @inquirer/password@^4.0.9
1534 silly packumentCache full:https://registry.npmjs.org/@inquirer%2fpassword cache-miss
1535 http cache https://registry.npmjs.org/@inquirer%2feditor 232ms (cache hit)
1536 silly packumentCache full:https://registry.npmjs.org/@inquirer%2feditor set size:322894 disposed:false
1537 silly fetch manifest @inquirer/type@^1.5.5
1538 silly packumentCache full:https://registry.npmjs.org/@inquirer%2ftype cache-hit
1539 silly fetch manifest proc-log@^5.0.0
1540 silly packumentCache full:https://registry.npmjs.org/proc-log cache-miss
1541 http cache https://registry.npmjs.org/@inquirer%2fexpand 245ms (cache hit)
1542 silly packumentCache full:https://registry.npmjs.org/@inquirer%2fexpand set size:322112 disposed:false
1543 silly fetch manifest hosted-git-info@^8.0.0
1544 silly packumentCache full:https://registry.npmjs.org/hosted-git-info cache-miss
1545 http cache https://registry.npmjs.org/@inquirer%2fsearch 260ms (cache hit)
1546 silly packumentCache full:https://registry.npmjs.org/@inquirer%2fsearch set size:142958 disposed:false
1547 silly fetch manifest validate-npm-package-name@^6.0.0
1548 silly packumentCache full:https://registry.npmjs.org/validate-npm-package-name cache-miss
1549 http cache https://registry.npmjs.org/@inquirer%2frawlist 260ms (cache hit)
1550 silly packumentCache full:https://registry.npmjs.org/@inquirer%2frawlist set size:288948 disposed:false
1551 silly fetch manifest npm-install-checks@^7.1.0
1552 silly packumentCache full:https://registry.npmjs.org/npm-install-checks cache-miss
1553 http cache https://registry.npmjs.org/@inquirer%2fselect 329ms (cache hit)
1554 silly packumentCache full:https://registry.npmjs.org/@inquirer%2fselect set size:335462 disposed:false
1555 silly fetch manifest npm-normalize-package-bin@^4.0.0
1556 silly packumentCache full:https://registry.npmjs.org/npm-normalize-package-bin cache-miss
1557 http cache https://registry.npmjs.org/proc-log 143ms (cache hit)
1558 silly packumentCache full:https://registry.npmjs.org/proc-log set size:35852 disposed:false
1559 silly fetch manifest tar@^6.1.11
1560 silly packumentCache full:https://registry.npmjs.org/tar cache-miss
1561 http cache https://registry.npmjs.org/hosted-git-info 143ms (cache hit)
1562 silly packumentCache full:https://registry.npmjs.org/hosted-git-info set size:190196 disposed:false
1563 silly fetch manifest ssri@^12.0.0
1564 silly packumentCache full:https://registry.npmjs.org/ssri cache-miss
1565 http cache https://registry.npmjs.org/npm-normalize-package-bin 77ms (cache hit)
1566 silly packumentCache full:https://registry.npmjs.org/npm-normalize-package-bin set size:24461 disposed:false
1567 silly fetch manifest cacache@^19.0.0
1568 silly packumentCache full:https://registry.npmjs.org/cacache cache-miss
1569 http cache https://registry.npmjs.org/@inquirer%2fpassword 207ms (cache hit)
1570 silly packumentCache full:https://registry.npmjs.org/@inquirer%2fpassword set size:318894 disposed:false
1571 silly fetch manifest minipass@^7.0.2
1572 silly packumentCache full:https://registry.npmjs.org/minipass cache-miss
1573 http cache https://registry.npmjs.org/validate-npm-package-name 176ms (cache hit)
1574 silly packumentCache full:https://registry.npmjs.org/validate-npm-package-name set size:51156 disposed:false
1575 silly fetch manifest sigstore@^3.0.0
1576 silly packumentCache full:https://registry.npmjs.org/sigstore cache-miss
1577 http cache https://registry.npmjs.org/npm-install-checks 338ms (cache hit)
1578 silly packumentCache full:https://registry.npmjs.org/npm-install-checks set size:61706 disposed:false
1579 silly fetch manifest @npmcli/git@^6.0.0
1580 silly packumentCache full:https://registry.npmjs.org/@npmcli%2fgit cache-miss
1581 http cache https://registry.npmjs.org/@inquirer%2fcheckbox 679ms (cache hit)
1582 silly packumentCache full:https://registry.npmjs.org/@inquirer%2fcheckbox set size:346573 disposed:false
1583 silly fetch manifest fs-minipass@^3.0.0
1584 silly packumentCache full:https://registry.npmjs.org/fs-minipass cache-miss
1585 http cache https://registry.npmjs.org/ssri 781ms (cache hit)
1586 silly packumentCache full:https://registry.npmjs.org/ssri set size:139044 disposed:false
1587 silly fetch manifest npm-packlist@^9.0.0
1588 silly packumentCache full:https://registry.npmjs.org/npm-packlist cache-miss
1589 http cache https://registry.npmjs.org/tar 824ms (cache hit)
1590 silly packumentCache full:https://registry.npmjs.org/tar set size:551280 disposed:false
1591 silly fetch manifest promise-retry@^2.0.1
1592 silly packumentCache full:https://registry.npmjs.org/promise-retry cache-miss
1593 http cache https://registry.npmjs.org/minipass 813ms (cache hit)
1594 silly packumentCache full:https://registry.npmjs.org/minipass set size:276925 disposed:false
1595 silly fetch manifest @npmcli/run-script@^9.0.0
1596 silly packumentCache full:https://registry.npmjs.org/@npmcli%2frun-script cache-miss
1597 http cache https://registry.npmjs.org/cacache 846ms (cache hit)
1598 silly packumentCache full:https://registry.npmjs.org/cacache set size:388721 disposed:false
1599 silly fetch manifest npm-registry-fetch@^18.0.0
1600 silly packumentCache full:https://registry.npmjs.org/npm-registry-fetch cache-miss
1601 http cache https://registry.npmjs.org/sigstore 742ms (cache hit)
1602 silly packumentCache full:https://registry.npmjs.org/sigstore set size:121433 disposed:false
1603 silly fetch manifest @npmcli/package-json@^6.0.0
1604 silly packumentCache full:https://registry.npmjs.org/@npmcli%2fpackage-json cache-miss
1605 http cache https://registry.npmjs.org/@npmcli%2fgit 679ms (cache hit)
1606 silly packumentCache full:https://registry.npmjs.org/@npmcli%2fgit set size:116018 disposed:false
1607 silly fetch manifest @npmcli/promise-spawn@^8.0.0
1608 silly packumentCache full:https://registry.npmjs.org/@npmcli%2fpromise-spawn cache-miss
1609 http cache https://registry.npmjs.org/fs-minipass 258ms (cache hit)
1610 silly packumentCache full:https://registry.npmjs.org/fs-minipass set size:44606 disposed:false
1611 silly fetch manifest @npmcli/installed-package-contents@^3.0.0
1612 silly packumentCache full:https://registry.npmjs.org/@npmcli%2finstalled-package-contents cache-miss
1613 http cache https://registry.npmjs.org/promise-retry 183ms (cache hit)
1614 silly packumentCache full:https://registry.npmjs.org/promise-retry set size:34511 disposed:false
1615 silly fetch manifest path-parse@^1.0.7
1616 silly packumentCache full:https://registry.npmjs.org/path-parse cache-miss
1617 http cache https://registry.npmjs.org/npm-packlist 225ms (cache hit)
1618 silly packumentCache full:https://registry.npmjs.org/npm-packlist set size:200200 disposed:false
1619 silly fetch manifest is-core-module@^2.16.0
1620 silly packumentCache full:https://registry.npmjs.org/is-core-module cache-miss
1621 http cache https://registry.npmjs.org/@npmcli%2frun-script 204ms (cache hit)
1622 silly packumentCache full:https://registry.npmjs.org/@npmcli%2frun-script set size:199436 disposed:false
1623 silly fetch manifest supports-preserve-symlinks-flag@^1.0.0
1624 silly packumentCache full:https://registry.npmjs.org/supports-preserve-symlinks-flag cache-miss
1625 http cache https://registry.npmjs.org/npm-registry-fetch 194ms (cache hit)
1626 silly packumentCache full:https://registry.npmjs.org/npm-registry-fetch set size:285128 disposed:false
1627 http cache https://registry.npmjs.org/@npmcli%2fpackage-json 179ms (cache hit)
1628 silly packumentCache full:https://registry.npmjs.org/@npmcli%2fpackage-json set size:84760 disposed:false
1629 http cache https://registry.npmjs.org/@npmcli%2fpromise-spawn 150ms (cache hit)
1630 silly packumentCache full:https://registry.npmjs.org/@npmcli%2fpromise-spawn set size:70616 disposed:false
1631 http cache https://registry.npmjs.org/@npmcli%2finstalled-package-contents 171ms (cache hit)
1632 silly packumentCache full:https://registry.npmjs.org/@npmcli%2finstalled-package-contents set size:51596 disposed:false
1633 http cache https://registry.npmjs.org/is-core-module 175ms (cache hit)
1634 silly packumentCache full:https://registry.npmjs.org/is-core-module set size:74378 disposed:false
1635 http cache https://registry.npmjs.org/supports-preserve-symlinks-flag 164ms (cache hit)
1636 silly packumentCache full:https://registry.npmjs.org/supports-preserve-symlinks-flag set size:6802 disposed:false
1637 http cache https://registry.npmjs.org/path-parse 212ms (cache hit)
1638 silly packumentCache full:https://registry.npmjs.org/path-parse set size:14523 disposed:false
1639 silly placeDep node_modules/@angular-devkit/schematics rxjs@7.8.1 OK for: @angular-devkit/schematics@19.2.27 want: 7.8.1
1640 silly placeDep ROOT @babel/core@7.26.9 REPLACE for: @angular/compiler-cli@19.2.25 want: 7.26.9
1641 silly placeDep node_modules/@angular/compiler-cli chokidar@4.0.3 OK for: @angular/compiler-cli@19.2.25 want: ^4.0.0
1642 silly placeDep ROOT reflect-metadata@0.2.2 OK for: @angular/compiler-cli@19.2.25 want: ^0.2.0
1643 silly fetch manifest readdirp@^4.0.1
1644 silly packumentCache full:https://registry.npmjs.org/readdirp cache-miss
1645 http cache https://registry.npmjs.org/readdirp 76ms (cache hit)
1646 silly packumentCache full:https://registry.npmjs.org/readdirp set size:107589 disposed:false
1647 silly placeDep ROOT @babel/template@7.29.7 OK for: @babel/core@7.26.9 want: ^7.26.9
1648 silly placeDep node_modules/@babel/core convert-source-map@2.0.0 OK for: @babel/core@7.26.9 want: ^2.0.0
1649 silly fetch manifest @babel/code-frame@^7.29.7
1650 silly packumentCache full:https://registry.npmjs.org/@babel%2fcode-frame cache-miss
1651 silly fetch manifest @babel/parser@^7.29.7
1652 silly packumentCache full:https://registry.npmjs.org/@babel%2fparser cache-miss
1653 silly fetch manifest @babel/types@^7.29.7
1654 silly packumentCache full:https://registry.npmjs.org/@babel%2ftypes cache-miss
1655 http cache https://registry.npmjs.org/@babel%2fcode-frame 172ms (cache hit)
1656 silly packumentCache full:https://registry.npmjs.org/@babel%2fcode-frame set size:204481 disposed:false
1657 http cache https://registry.npmjs.org/@babel%2fparser 179ms (cache hit)
1658 silly packumentCache full:https://registry.npmjs.org/@babel%2fparser set size:730539 disposed:false
1659 http cache https://registry.npmjs.org/@babel%2ftypes 528ms (cache hit)
1660 silly packumentCache full:https://registry.npmjs.org/@babel%2ftypes set size:496342 disposed:false
1661 silly placeDep ROOT jsesc@3.1.0 OK for: @babel/generator@7.26.10 want: ^3.0.2
1662 silly placeDep ROOT @babel/helper-plugin-utils@7.29.7 OK for: @babel/plugin-syntax-import-attributes@7.26.0 want: ^7.25.9
1663 silly placeDep ROOT @babel/helper-remap-async-to-generator@7.29.7 OK for: @babel/plugin-transform-async-generator-functions@7.26.8 want: ^7.25.9
1664 silly fetch manifest @babel/helper-annotate-as-pure@^7.29.7
1665 silly packumentCache full:https://registry.npmjs.org/@babel%2fhelper-annotate-as-pure cache-hit
1666 silly fetch manifest @babel/helper-wrap-function@^7.29.7
1667 silly packumentCache full:https://registry.npmjs.org/@babel%2fhelper-wrap-function cache-miss
1668 silly fetch manifest @babel/traverse@^7.29.7
1669 silly packumentCache full:https://registry.npmjs.org/@babel%2ftraverse cache-miss
1670 http cache https://registry.npmjs.org/@babel%2ftraverse 85ms (cache hit)
1671 silly packumentCache full:https://registry.npmjs.org/@babel%2ftraverse set size:557773 disposed:false
1672 http cache https://registry.npmjs.org/@babel%2fhelper-wrap-function 166ms (cache hit)
1673 silly packumentCache full:https://registry.npmjs.org/@babel%2fhelper-wrap-function set size:222843 disposed:false
1674 silly placeDep node_modules/@babel/helper-remap-async-to-generator @babel/helper-annotate-as-pure@7.29.7 OK for: @babel/helper-remap-async-to-generator@7.29.7 want: ^7.29.7
1675 silly placeDep ROOT @babel/helper-wrap-function@7.29.7 OK for: @babel/helper-remap-async-to-generator@7.29.7 want: ^7.29.7
1676 silly placeDep ROOT @babel/traverse@7.29.7 REPLACE for: @babel/helper-remap-async-to-generator@7.29.7 want: ^7.29.7
1677 silly fetch manifest @babel/generator@^7.29.7
1678 silly packumentCache full:https://registry.npmjs.org/@babel%2fgenerator cache-hit
1679 silly fetch manifest @babel/helper-globals@^7.29.7
1680 silly packumentCache full:https://registry.npmjs.org/@babel%2fhelper-globals cache-miss
1681 http cache https://registry.npmjs.org/@babel%2fhelper-globals 176ms (cache hit)
1682 silly packumentCache full:https://registry.npmjs.org/@babel%2fhelper-globals set size:23181 disposed:false
1683 silly placeDep ROOT @babel/types@7.29.7 REPLACE for: @babel/helper-wrap-function@7.29.7 want: ^7.29.7
1684 silly fetch manifest @babel/helper-string-parser@^7.29.7
1685 silly packumentCache full:https://registry.npmjs.org/@babel%2fhelper-string-parser cache-miss
1686 silly fetch manifest @babel/helper-validator-identifier@^7.29.7
1687 silly packumentCache full:https://registry.npmjs.org/@babel%2fhelper-validator-identifier cache-miss
1688 http cache https://registry.npmjs.org/@babel%2fhelper-string-parser 362ms (cache hit)
1689 silly packumentCache full:https://registry.npmjs.org/@babel%2fhelper-string-parser set size:89614 disposed:false
1690 http cache https://registry.npmjs.org/@babel%2fhelper-validator-identifier 401ms (cache hit)
1691 silly packumentCache full:https://registry.npmjs.org/@babel%2fhelper-validator-identifier set size:123928 disposed:false
1692 silly placeDep ROOT babel-plugin-polyfill-corejs2@0.4.17 OK for: @babel/plugin-transform-runtime@7.26.10 want: ^0.4.10
1693 silly placeDep ROOT babel-plugin-polyfill-corejs3@0.11.1 OK for: @babel/plugin-transform-runtime@7.26.10 want: ^0.11.0
1694 silly placeDep ROOT babel-plugin-polyfill-regenerator@0.6.8 OK for: @babel/plugin-transform-runtime@7.26.10 want: ^0.6.1
1695 silly placeDep node_modules/@babel/plugin-transform-runtime semver@6.3.1 OK for: @babel/plugin-transform-runtime@7.26.10 want: ^6.3.1
1696 silly fetch manifest @babel/compat-data@^7.28.6
1697 silly packumentCache full:https://registry.npmjs.org/@babel%2fcompat-data cache-miss
1698 silly fetch manifest @babel/helper-define-polyfill-provider@^0.6.8
1699 silly packumentCache full:https://registry.npmjs.org/@babel%2fhelper-define-polyfill-provider cache-miss
1700 silly fetch manifest @babel/helper-define-polyfill-provider@^0.6.3
1701 silly packumentCache full:https://registry.npmjs.org/@babel%2fhelper-define-polyfill-provider cache-miss
1702 silly fetch manifest @babel/helper-define-polyfill-provider@^0.6.8
1703 silly packumentCache full:https://registry.npmjs.org/@babel%2fhelper-define-polyfill-provider cache-miss
1704 http cache https://registry.npmjs.org/@babel%2fhelper-define-polyfill-provider 112ms (cache hit)
1705 silly packumentCache full:https://registry.npmjs.org/@babel%2fhelper-define-polyfill-provider set size:116586 disposed:false
1706 http cache https://registry.npmjs.org/@babel%2fhelper-define-polyfill-provider 112ms (cache hit)
1707 silly packumentCache full:https://registry.npmjs.org/@babel%2fhelper-define-polyfill-provider set size:116586 disposed:false
1708 silly packumentCache full:https://registry.npmjs.org/@babel%2fhelper-define-polyfill-provider dispose
1709 http cache https://registry.npmjs.org/@babel%2fcompat-data 121ms (cache hit)
1710 silly packumentCache full:https://registry.npmjs.org/@babel%2fcompat-data set size:316558 disposed:false
1711 http cache https://registry.npmjs.org/@babel%2fhelper-define-polyfill-provider 127ms (cache hit)
1712 silly packumentCache full:https://registry.npmjs.org/@babel%2fhelper-define-polyfill-provider set size:116586 disposed:true
1713 silly packumentCache full:https://registry.npmjs.org/@babel%2fhelper-define-polyfill-provider dispose
1714 silly placeDep ROOT @babel/plugin-bugfix-firefox-class-in-computed-class-key@7.29.7 OK for: @babel/preset-env@7.26.9 want: ^7.25.9
1715 silly placeDep ROOT @babel/plugin-bugfix-safari-class-field-initializer-scope@7.29.7 OK for: @babel/preset-env@7.26.9 want: ^7.25.9
1716 silly placeDep ROOT @babel/plugin-bugfix-safari-id-destructuring-collision-in-function-expression@7.29.7 OK for: @babel/preset-env@7.26.9 want: ^7.25.9
1717 silly placeDep ROOT @babel/plugin-bugfix-v8-spread-parameters-in-optional-chaining@7.29.7 OK for: @babel/preset-env@7.26.9 want: ^7.25.9
1718 silly placeDep ROOT @babel/plugin-bugfix-v8-static-class-fields-redefine-readonly@7.29.7 OK for: @babel/preset-env@7.26.9 want: ^7.25.9
1719 silly placeDep ROOT @babel/plugin-proposal-private-property-in-object@7.21.0-placeholder-for-preset-env.2 OK for: @babel/preset-env@7.26.9 want: 7.21.0-placeholder-for-preset-env.2
1720 silly placeDep ROOT @babel/plugin-syntax-import-assertions@7.29.7 OK for: @babel/preset-env@7.26.9 want: ^7.26.0
1721 silly placeDep ROOT @babel/plugin-syntax-unicode-sets-regex@7.18.6 OK for: @babel/preset-env@7.26.9 want: ^7.18.6
1722 silly placeDep ROOT @babel/plugin-transform-arrow-functions@7.29.7 OK for: @babel/preset-env@7.26.9 want: ^7.25.9
1723 silly placeDep ROOT @babel/plugin-transform-block-scoped-functions@7.29.7 OK for: @babel/preset-env@7.26.9 want: ^7.26.5
1724 silly placeDep ROOT @babel/plugin-transform-block-scoping@7.29.7 OK for: @babel/preset-env@7.26.9 want: ^7.25.9
1725 silly placeDep ROOT @babel/plugin-transform-class-properties@7.29.7 OK for: @babel/preset-env@7.26.9 want: ^7.25.9
1726 silly placeDep ROOT @babel/plugin-transform-class-static-block@7.29.7 OK for: @babel/preset-env@7.26.9 want: ^7.26.0
1727 silly placeDep ROOT @babel/plugin-transform-classes@7.29.7 OK for: @babel/preset-env@7.26.9 want: ^7.25.9
1728 silly placeDep ROOT @babel/plugin-transform-computed-properties@7.29.7 OK for: @babel/preset-env@7.26.9 want: ^7.25.9
1729 silly placeDep ROOT @babel/plugin-transform-destructuring@7.29.7 OK for: @babel/preset-env@7.26.9 want: ^7.25.9
1730 silly placeDep ROOT @babel/plugin-transform-dotall-regex@7.29.7 OK for: @babel/preset-env@7.26.9 want: ^7.25.9
1731 silly placeDep ROOT @babel/plugin-transform-duplicate-keys@7.29.7 OK for: @babel/preset-env@7.26.9 want: ^7.25.9
1732 silly placeDep ROOT @babel/plugin-transform-duplicate-named-capturing-groups-regex@7.29.7 OK for: @babel/preset-env@7.26.9 want: ^7.25.9
1733 silly placeDep ROOT @babel/plugin-transform-dynamic-import@7.29.7 OK for: @babel/preset-env@7.26.9 want: ^7.25.9
1734 silly placeDep ROOT @babel/plugin-transform-exponentiation-operator@7.29.7 OK for: @babel/preset-env@7.26.9 want: ^7.26.3
1735 silly placeDep ROOT @babel/plugin-transform-export-namespace-from@7.29.7 OK for: @babel/preset-env@7.26.9 want: ^7.25.9
1736 silly placeDep ROOT @babel/plugin-transform-for-of@7.29.7 OK for: @babel/preset-env@7.26.9 want: ^7.26.9
1737 silly placeDep ROOT @babel/plugin-transform-function-name@7.29.7 OK for: @babel/preset-env@7.26.9 want: ^7.25.9
1738 silly placeDep ROOT @babel/plugin-transform-json-strings@7.29.7 OK for: @babel/preset-env@7.26.9 want: ^7.25.9
1739 silly placeDep ROOT @babel/plugin-transform-literals@7.29.7 OK for: @babel/preset-env@7.26.9 want: ^7.25.9
1740 silly placeDep ROOT @babel/plugin-transform-logical-assignment-operators@7.29.7 OK for: @babel/preset-env@7.26.9 want: ^7.25.9
1741 silly placeDep ROOT @babel/plugin-transform-member-expression-literals@7.29.7 OK for: @babel/preset-env@7.26.9 want: ^7.25.9
1742 silly placeDep ROOT @babel/plugin-transform-modules-amd@7.29.7 OK for: @babel/preset-env@7.26.9 want: ^7.25.9
1743 silly placeDep ROOT @babel/plugin-transform-modules-commonjs@7.29.7 OK for: @babel/preset-env@7.26.9 want: ^7.26.3
1744 silly placeDep ROOT @babel/plugin-transform-modules-systemjs@7.29.7 OK for: @babel/preset-env@7.26.9 want: ^7.25.9
1745 silly placeDep ROOT @babel/plugin-transform-modules-umd@7.29.7 OK for: @babel/preset-env@7.26.9 want: ^7.25.9
1746 silly placeDep ROOT @babel/plugin-transform-named-capturing-groups-regex@7.29.7 OK for: @babel/preset-env@7.26.9 want: ^7.25.9
1747 silly placeDep ROOT @babel/plugin-transform-new-target@7.29.7 OK for: @babel/preset-env@7.26.9 want: ^7.25.9
1748 silly placeDep ROOT @babel/plugin-transform-nullish-coalescing-operator@7.29.7 OK for: @babel/preset-env@7.26.9 want: ^7.26.6
1749 silly placeDep ROOT @babel/plugin-transform-numeric-separator@7.29.7 OK for: @babel/preset-env@7.26.9 want: ^7.25.9
1750 silly placeDep ROOT @babel/plugin-transform-object-rest-spread@7.29.7 OK for: @babel/preset-env@7.26.9 want: ^7.25.9
1751 silly placeDep ROOT @babel/plugin-transform-object-super@7.29.7 OK for: @babel/preset-env@7.26.9 want: ^7.25.9
1752 silly placeDep ROOT @babel/plugin-transform-optional-catch-binding@7.29.7 OK for: @babel/preset-env@7.26.9 want: ^7.25.9
1753 silly placeDep ROOT @babel/plugin-transform-optional-chaining@7.29.7 OK for: @babel/preset-env@7.26.9 want: ^7.25.9
1754 silly placeDep ROOT @babel/plugin-transform-parameters@7.29.7 OK for: @babel/preset-env@7.26.9 want: ^7.25.9
1755 silly placeDep ROOT @babel/plugin-transform-private-methods@7.29.7 OK for: @babel/preset-env@7.26.9 want: ^7.25.9
1756 silly placeDep ROOT @babel/plugin-transform-private-property-in-object@7.29.7 OK for: @babel/preset-env@7.26.9 want: ^7.25.9
1757 silly placeDep ROOT @babel/plugin-transform-property-literals@7.29.7 OK for: @babel/preset-env@7.26.9 want: ^7.25.9
1758 silly placeDep ROOT @babel/plugin-transform-regenerator@7.29.7 OK for: @babel/preset-env@7.26.9 want: ^7.25.9
1759 silly placeDep ROOT @babel/plugin-transform-regexp-modifiers@7.29.7 OK for: @babel/preset-env@7.26.9 want: ^7.26.0
1760 silly placeDep ROOT @babel/plugin-transform-reserved-words@7.29.7 OK for: @babel/preset-env@7.26.9 want: ^7.25.9
1761 silly placeDep ROOT @babel/plugin-transform-shorthand-properties@7.29.7 OK for: @babel/preset-env@7.26.9 want: ^7.25.9
1762 silly placeDep ROOT @babel/plugin-transform-spread@7.29.7 OK for: @babel/preset-env@7.26.9 want: ^7.25.9
1763 silly placeDep ROOT @babel/plugin-transform-sticky-regex@7.29.7 OK for: @babel/preset-env@7.26.9 want: ^7.25.9
1764 silly placeDep ROOT @babel/plugin-transform-template-literals@7.29.7 OK for: @babel/preset-env@7.26.9 want: ^7.26.8
1765 silly placeDep ROOT @babel/plugin-transform-typeof-symbol@7.29.7 OK for: @babel/preset-env@7.26.9 want: ^7.26.7
1766 silly placeDep ROOT @babel/plugin-transform-unicode-escapes@7.29.7 OK for: @babel/preset-env@7.26.9 want: ^7.25.9
1767 silly placeDep ROOT @babel/plugin-transform-unicode-property-regex@7.29.7 OK for: @babel/preset-env@7.26.9 want: ^7.25.9
1768 silly placeDep ROOT @babel/plugin-transform-unicode-regex@7.29.7 OK for: @babel/preset-env@7.26.9 want: ^7.25.9
1769 silly placeDep ROOT @babel/plugin-transform-unicode-sets-regex@7.29.7 OK for: @babel/preset-env@7.26.9 want: ^7.25.9
1770 silly placeDep ROOT @babel/preset-modules@0.1.6-no-external-plugins OK for: @babel/preset-env@7.26.9 want: 0.1.6-no-external-plugins
1771 silly placeDep ROOT core-js-compat@3.49.0 OK for: @babel/preset-env@7.26.9 want: ^3.40.0
1772 silly placeDep node_modules/@babel/preset-env semver@6.3.1 OK for: @babel/preset-env@7.26.9 want: ^6.3.1
1773 silly fetch manifest @babel/helper-skip-transparent-expression-wrappers@^7.29.7
1774 silly packumentCache full:https://registry.npmjs.org/@babel%2fhelper-skip-transparent-expression-wrappers cache-miss
1775 silly fetch manifest @babel/plugin-transform-optional-chaining@^7.29.7
1776 silly packumentCache full:https://registry.npmjs.org/@babel%2fplugin-transform-optional-chaining cache-hit
1777 silly fetch manifest @babel/helper-create-regexp-features-plugin@^7.18.6
1778 silly packumentCache full:https://registry.npmjs.org/@babel%2fhelper-create-regexp-features-plugin cache-miss
1779 silly fetch manifest @babel/helper-create-class-features-plugin@^7.29.7
1780 silly packumentCache full:https://registry.npmjs.org/@babel%2fhelper-create-class-features-plugin cache-miss
1781 silly fetch manifest @babel/helper-create-class-features-plugin@^7.29.7
1782 silly packumentCache full:https://registry.npmjs.org/@babel%2fhelper-create-class-features-plugin cache-miss
1783 silly fetch manifest @babel/helper-compilation-targets@^7.29.7
1784 silly packumentCache full:https://registry.npmjs.org/@babel%2fhelper-compilation-targets cache-miss
1785 silly fetch manifest @babel/helper-replace-supers@^7.29.7
1786 silly packumentCache full:https://registry.npmjs.org/@babel%2fhelper-replace-supers cache-miss
1787 silly fetch manifest @babel/helper-create-regexp-features-plugin@^7.29.7
1788 silly packumentCache full:https://registry.npmjs.org/@babel%2fhelper-create-regexp-features-plugin cache-miss
1789 http cache https://registry.npmjs.org/@babel%2fhelper-skip-transparent-expression-wrappers 53ms (cache hit)
1790 silly packumentCache full:https://registry.npmjs.org/@babel%2fhelper-skip-transparent-expression-wrappers set size:103627 disposed:false
1791 silly fetch manifest @babel/helper-create-regexp-features-plugin@^7.29.7
1792 silly packumentCache full:https://registry.npmjs.org/@babel%2fhelper-create-regexp-features-plugin cache-miss
1793 http cache https://registry.npmjs.org/@babel%2fhelper-create-regexp-features-plugin 62ms (cache hit)
1794 silly packumentCache full:https://registry.npmjs.org/@babel%2fhelper-create-regexp-features-plugin set size:184731 disposed:false
1795 silly fetch manifest @babel/helper-compilation-targets@^7.29.7
1796 silly packumentCache full:https://registry.npmjs.org/@babel%2fhelper-compilation-targets cache-miss
1797 http cache https://registry.npmjs.org/@babel%2fhelper-create-regexp-features-plugin 60ms (cache hit)
1798 silly packumentCache full:https://registry.npmjs.org/@babel%2fhelper-create-regexp-features-plugin set size:184731 disposed:false
1799 silly packumentCache full:https://registry.npmjs.org/@babel%2fhelper-create-regexp-features-plugin dispose
1800 silly fetch manifest @babel/helper-module-transforms@^7.29.7
1801 silly packumentCache full:https://registry.npmjs.org/@babel%2fhelper-module-transforms cache-miss
1802 http cache https://registry.npmjs.org/@babel%2fhelper-replace-supers 68ms (cache hit)
1803 silly packumentCache full:https://registry.npmjs.org/@babel%2fhelper-replace-supers set size:265920 disposed:false
1804 silly fetch manifest @babel/helper-module-transforms@^7.29.7
1805 silly packumentCache full:https://registry.npmjs.org/@babel%2fhelper-module-transforms cache-miss
1806 http cache https://registry.npmjs.org/@babel%2fhelper-compilation-targets 80ms (cache hit)
1807 silly packumentCache full:https://registry.npmjs.org/@babel%2fhelper-compilation-targets set size:227372 disposed:false
1808 silly fetch manifest @babel/helper-module-transforms@^7.29.7
1809 silly packumentCache full:https://registry.npmjs.org/@babel%2fhelper-module-transforms cache-miss
1810 http cache https://registry.npmjs.org/@babel%2fhelper-create-class-features-plugin 89ms (cache hit)
1811 silly packumentCache full:https://registry.npmjs.org/@babel%2fhelper-create-class-features-plugin set size:377310 disposed:false
1812 silly fetch manifest @babel/helper-module-transforms@^7.29.7
1813 silly packumentCache full:https://registry.npmjs.org/@babel%2fhelper-module-transforms cache-miss
1814 http cache https://registry.npmjs.org/@babel%2fhelper-create-class-features-plugin 106ms (cache hit)
1815 silly packumentCache full:https://registry.npmjs.org/@babel%2fhelper-create-class-features-plugin set size:377310 disposed:false
1816 silly packumentCache full:https://registry.npmjs.org/@babel%2fhelper-create-class-features-plugin dispose
1817 silly fetch manifest @babel/plugin-transform-parameters@^7.29.7
1818 silly packumentCache full:https://registry.npmjs.org/@babel%2fplugin-transform-parameters cache-hit
1819 silly fetch manifest esutils@^2.0.2
1820 silly packumentCache full:https://registry.npmjs.org/esutils cache-miss
1821 http cache https://registry.npmjs.org/@babel%2fhelper-create-regexp-features-plugin 196ms (cache hit)
1822 silly packumentCache full:https://registry.npmjs.org/@babel%2fhelper-create-regexp-features-plugin set size:184731 disposed:true
1823 silly packumentCache full:https://registry.npmjs.org/@babel%2fhelper-create-regexp-features-plugin dispose
1824 http cache https://registry.npmjs.org/@babel%2fhelper-compilation-targets 195ms (cache hit)
1825 silly packumentCache full:https://registry.npmjs.org/@babel%2fhelper-compilation-targets set size:227372 disposed:false
1826 silly packumentCache full:https://registry.npmjs.org/@babel%2fhelper-compilation-targets dispose
1827 http cache https://registry.npmjs.org/@babel%2fhelper-module-transforms 186ms (cache hit)
1828 silly packumentCache full:https://registry.npmjs.org/@babel%2fhelper-module-transforms set size:342070 disposed:false
1829 http cache https://registry.npmjs.org/@babel%2fhelper-module-transforms 200ms (cache hit)
1830 silly packumentCache full:https://registry.npmjs.org/@babel%2fhelper-module-transforms set size:342070 disposed:false
1831 silly packumentCache full:https://registry.npmjs.org/@babel%2fhelper-module-transforms dispose
1832 http cache https://registry.npmjs.org/esutils 173ms (cache hit)
1833 silly packumentCache full:https://registry.npmjs.org/esutils set size:29522 disposed:false
1834 http cache https://registry.npmjs.org/@babel%2fhelper-module-transforms 205ms (cache hit)
1835 silly packumentCache full:https://registry.npmjs.org/@babel%2fhelper-module-transforms set size:342070 disposed:true
1836 silly packumentCache full:https://registry.npmjs.org/@babel%2fhelper-module-transforms dispose
1837 http cache https://registry.npmjs.org/@babel%2fhelper-module-transforms 198ms (cache hit)
1838 silly packumentCache full:https://registry.npmjs.org/@babel%2fhelper-module-transforms set size:342070 disposed:true
1839 silly packumentCache full:https://registry.npmjs.org/@babel%2fhelper-module-transforms dispose
1840 silly placeDep ROOT @babel/helper-skip-transparent-expression-wrappers@7.29.7 OK for: @babel/plugin-bugfix-v8-spread-parameters-in-optional-chaining@7.29.7 want: ^7.29.7
1841 silly placeDep ROOT @babel/helper-create-regexp-features-plugin@7.29.7 OK for: @babel/plugin-syntax-unicode-sets-regex@7.18.6 want: ^7.18.6
1842 silly fetch manifest regexpu-core@^6.3.1
1843 silly packumentCache full:https://registry.npmjs.org/regexpu-core cache-miss
1844 http cache https://registry.npmjs.org/regexpu-core 54ms (cache hit)
1845 silly packumentCache full:https://registry.npmjs.org/regexpu-core set size:156240 disposed:false
1846 silly placeDep node_modules/@babel/helper-create-regexp-features-plugin @babel/helper-annotate-as-pure@7.29.7 OK for: @babel/helper-create-regexp-features-plugin@7.29.7 want: ^7.29.7
1847 silly placeDep ROOT regexpu-core@6.4.0 OK for: @babel/helper-create-regexp-features-plugin@7.29.7 want: ^6.3.1
1848 silly placeDep node_modules/@babel/helper-create-regexp-features-plugin semver@6.3.1 OK for: @babel/helper-create-regexp-features-plugin@7.29.7 want: ^6.3.1
1849 silly fetch manifest regenerate@^1.4.2
1850 silly packumentCache full:https://registry.npmjs.org/regenerate cache-miss
1851 silly fetch manifest regenerate-unicode-properties@^10.2.2
1852 silly packumentCache full:https://registry.npmjs.org/regenerate-unicode-properties cache-miss
1853 silly fetch manifest regjsgen@^0.8.0
1854 silly packumentCache full:https://registry.npmjs.org/regjsgen cache-miss
1855 silly fetch manifest regjsparser@^0.13.0
1856 silly packumentCache full:https://registry.npmjs.org/regjsparser cache-miss
1857 silly fetch manifest unicode-match-property-ecmascript@^2.0.0
1858 silly packumentCache full:https://registry.npmjs.org/unicode-match-property-ecmascript cache-miss
1859 silly fetch manifest unicode-match-property-value-ecmascript@^2.2.1
1860 silly packumentCache full:https://registry.npmjs.org/unicode-match-property-value-ecmascript cache-miss
1861 http cache https://registry.npmjs.org/regenerate 418ms (cache hit)
1862 silly packumentCache full:https://registry.npmjs.org/regenerate set size:56872 disposed:false
1863 http cache https://registry.npmjs.org/unicode-match-property-value-ecmascript 492ms (cache hit)
1864 silly packumentCache full:https://registry.npmjs.org/unicode-match-property-value-ecmascript set size:26439 disposed:false
1865 http cache https://registry.npmjs.org/regjsgen 562ms (cache hit)
1866 silly packumentCache full:https://registry.npmjs.org/regjsgen set size:26409 disposed:false
1867 http cache https://registry.npmjs.org/unicode-match-property-ecmascript 564ms (cache hit)
1868 silly packumentCache full:https://registry.npmjs.org/unicode-match-property-ecmascript set size:16934 disposed:false
1869 http cache https://registry.npmjs.org/regenerate-unicode-properties 569ms (cache hit)
1870 silly packumentCache full:https://registry.npmjs.org/regenerate-unicode-properties set size:78166 disposed:false
1871 http cache https://registry.npmjs.org/regjsparser 575ms (cache hit)
1872 silly packumentCache full:https://registry.npmjs.org/regjsparser set size:83765 disposed:false
1873 silly placeDep ROOT @babel/helper-create-class-features-plugin@7.29.7 OK for: @babel/plugin-transform-class-properties@7.29.7 want: ^7.29.7
1874 silly fetch manifest @babel/helper-member-expression-to-functions@^7.29.7
1875 silly packumentCache full:https://registry.npmjs.org/@babel%2fhelper-member-expression-to-functions cache-miss
1876 silly fetch manifest @babel/helper-optimise-call-expression@^7.29.7
1877 silly packumentCache full:https://registry.npmjs.org/@babel%2fhelper-optimise-call-expression cache-miss
1878 http cache https://registry.npmjs.org/@babel%2fhelper-optimise-call-expression 204ms (cache hit)
1879 silly packumentCache full:https://registry.npmjs.org/@babel%2fhelper-optimise-call-expression set size:190890 disposed:false
1880 http cache https://registry.npmjs.org/@babel%2fhelper-member-expression-to-functions 240ms (cache hit)
1881 silly packumentCache full:https://registry.npmjs.org/@babel%2fhelper-member-expression-to-functions set size:227080 disposed:false
1882 silly placeDep node_modules/@babel/helper-create-class-features-plugin @babel/helper-annotate-as-pure@7.29.7 OK for: @babel/helper-create-class-features-plugin@7.29.7 want: ^7.29.7
1883 silly placeDep ROOT @babel/helper-member-expression-to-functions@7.29.7 OK for: @babel/helper-create-class-features-plugin@7.29.7 want: ^7.29.7
1884 silly placeDep ROOT @babel/helper-optimise-call-expression@7.29.7 OK for: @babel/helper-create-class-features-plugin@7.29.7 want: ^7.29.7
1885 silly placeDep ROOT @babel/helper-replace-supers@7.29.7 OK for: @babel/helper-create-class-features-plugin@7.29.7 want: ^7.29.7
1886 silly placeDep node_modules/@babel/helper-create-class-features-plugin semver@6.3.1 OK for: @babel/helper-create-class-features-plugin@7.29.7 want: ^6.3.1
1887 silly placeDep node_modules/@babel/plugin-transform-classes @babel/helper-annotate-as-pure@7.29.7 OK for: @babel/plugin-transform-classes@7.29.7 want: ^7.29.7
1888 silly placeDep ROOT @babel/helper-compilation-targets@7.29.7 REPLACE for: @babel/plugin-transform-classes@7.29.7 want: ^7.29.7
1889 silly placeDep ROOT @babel/helper-globals@7.29.7 OK for: @babel/plugin-transform-classes@7.29.7 want: ^7.29.7
1890 silly fetch manifest @babel/compat-data@^7.29.7
1891 silly packumentCache full:https://registry.npmjs.org/@babel%2fcompat-data cache-hit
1892 silly fetch manifest @babel/helper-validator-option@^7.29.7
1893 silly packumentCache full:https://registry.npmjs.org/@babel%2fhelper-validator-option cache-miss
1894 http cache https://registry.npmjs.org/@babel%2fhelper-validator-option 248ms (cache hit)
1895 silly packumentCache full:https://registry.npmjs.org/@babel%2fhelper-validator-option set size:99449 disposed:false
1896 silly placeDep ROOT @babel/compat-data@7.29.7 REPLACE for: @babel/helper-compilation-targets@7.29.7 want: ^7.29.7
1897 silly placeDep ROOT @babel/helper-validator-option@7.29.7 REPLACE for: @babel/helper-compilation-targets@7.29.7 want: ^7.29.7
1898 silly placeDep ROOT @babel/helper-module-transforms@7.29.7 REPLACE for: @babel/plugin-transform-modules-amd@7.29.7 want: ^7.29.7
1899 silly fetch manifest @babel/helper-module-imports@^7.29.7
1900 silly packumentCache full:https://registry.npmjs.org/@babel%2fhelper-module-imports cache-miss
1901 http cache https://registry.npmjs.org/@babel%2fhelper-module-imports 17ms (cache hit)
1902 silly packumentCache full:https://registry.npmjs.org/@babel%2fhelper-module-imports set size:201351 disposed:false
1903 silly placeDep ROOT @babel/helper-module-imports@7.29.7 REPLACE for: @babel/helper-module-transforms@7.29.7 want: ^7.29.7
1904 silly placeDep ROOT @babel/helper-validator-identifier@7.29.7 REPLACE for: @babel/helper-module-transforms@7.29.7 want: ^7.29.7
1905 silly placeDep node_modules/@babel/plugin-transform-private-property-in-object @babel/helper-annotate-as-pure@7.29.7 OK for: @babel/plugin-transform-private-property-in-object@7.29.7 want: ^7.29.7
1906 silly placeDep ROOT esutils@2.0.3 OK for: @babel/preset-modules@0.1.6-no-external-plugins want: ^2.0.2
1907 silly placeDep ROOT regenerator-runtime@0.14.1 OK for: @babel/runtime@7.26.10 want: ^0.14.0
1908 silly placeDep ROOT @babel/code-frame@7.29.7 REPLACE for: @babel/template@7.29.7 want: ^7.29.7
1909 silly placeDep ROOT @babel/parser@7.29.7 REPLACE for: @babel/template@7.29.7 want: ^7.29.7
1910 silly placeDep node_modules/@babel/traverse @babel/generator@7.29.7 OK for: @babel/traverse@7.29.7 want: ^7.29.7
1911 silly placeDep ROOT @babel/helper-string-parser@7.29.7 OK for: @babel/types@7.29.7 want: ^7.29.7
1912 silly placeDep ROOT @inquirer/core@10.3.2 OK for: @inquirer/confirm@5.1.6 want: ^10.1.7
1913 silly placeDep ROOT @inquirer/type@3.0.10 OK for: @inquirer/confirm@5.1.6 want: ^3.0.4
1914 silly fetch manifest cli-width@^4.1.0
1915 silly packumentCache full:https://registry.npmjs.org/cli-width cache-miss
1916 silly fetch manifest wrap-ansi@^6.2.0
1917 silly packumentCache full:https://registry.npmjs.org/wrap-ansi cache-hit
1918 silly fetch manifest mute-stream@^2.0.0
1919 silly packumentCache full:https://registry.npmjs.org/mute-stream cache-miss
1920 silly fetch manifest signal-exit@^4.1.0
1921 silly packumentCache full:https://registry.npmjs.org/signal-exit cache-miss
1922 silly fetch manifest @inquirer/ansi@^1.0.2
1923 silly packumentCache full:https://registry.npmjs.org/@inquirer%2fansi cache-miss
1924 silly fetch manifest @inquirer/type@^3.0.10
1925 silly packumentCache full:https://registry.npmjs.org/@inquirer%2ftype cache-hit
1926 silly fetch manifest yoctocolors-cjs@^2.1.3
1927 silly packumentCache full:https://registry.npmjs.org/yoctocolors-cjs cache-miss
1928 silly fetch manifest @inquirer/figures@^1.0.15
1929 silly packumentCache full:https://registry.npmjs.org/@inquirer%2ffigures cache-miss
1930 http cache https://registry.npmjs.org/signal-exit 109ms (cache hit)
1931 silly packumentCache full:https://registry.npmjs.org/signal-exit set size:53489 disposed:false
1932 http cache https://registry.npmjs.org/mute-stream 114ms (cache hit)
1933 silly packumentCache full:https://registry.npmjs.org/mute-stream set size:24469 disposed:false
1934 http cache https://registry.npmjs.org/cli-width 118ms (cache hit)
1935 silly packumentCache full:https://registry.npmjs.org/cli-width set size:24976 disposed:false
1936 http cache https://registry.npmjs.org/@inquirer%2fansi 118ms (cache hit)
1937 silly packumentCache full:https://registry.npmjs.org/@inquirer%2fansi set size:29199 disposed:false
1938 http cache https://registry.npmjs.org/@inquirer%2ffigures 115ms (cache hit)
1939 silly packumentCache full:https://registry.npmjs.org/@inquirer%2ffigures set size:57318 disposed:false
1940 http cache https://registry.npmjs.org/yoctocolors-cjs 123ms (cache hit)
1941 silly packumentCache full:https://registry.npmjs.org/yoctocolors-cjs set size:12865 disposed:false
1942 silly placeDep ROOT @inquirer/ansi@1.0.2 OK for: @inquirer/core@10.3.2 want: ^1.0.2
1943 silly placeDep ROOT @inquirer/figures@1.0.15 OK for: @inquirer/core@10.3.2 want: ^1.0.15
1944 silly placeDep ROOT cli-width@4.1.0 OK for: @inquirer/core@10.3.2 want: ^4.1.0
1945 silly placeDep ROOT mute-stream@2.0.0 OK for: @inquirer/core@10.3.2 want: ^2.0.0
1946 silly placeDep node_modules/@inquirer/core signal-exit@4.1.0 OK for: @inquirer/core@10.3.2 want: ^4.1.0
1947 silly placeDep node_modules/@inquirer/core wrap-ansi@6.2.0 OK for: @inquirer/core@10.3.2 want: ^6.2.0
1948 silly placeDep ROOT yoctocolors-cjs@2.1.3 OK for: @inquirer/core@10.3.2 want: ^2.1.3
1949 silly placeDep ROOT @inquirer/checkbox@4.3.2 OK for: @inquirer/prompts@7.3.2 want: ^4.1.2
1950 silly placeDep ROOT @inquirer/editor@4.2.23 OK for: @inquirer/prompts@7.3.2 want: ^4.2.7
1951 silly placeDep ROOT @inquirer/expand@4.0.23 OK for: @inquirer/prompts@7.3.2 want: ^4.0.9
1952 silly placeDep ROOT @inquirer/input@4.3.1 OK for: @inquirer/prompts@7.3.2 want: ^4.1.6
1953 silly placeDep ROOT @inquirer/number@3.0.23 OK for: @inquirer/prompts@7.3.2 want: ^3.0.9
1954 silly placeDep ROOT @inquirer/password@4.0.23 OK for: @inquirer/prompts@7.3.2 want: ^4.0.9
1955 silly placeDep ROOT @inquirer/rawlist@4.1.11 OK for: @inquirer/prompts@7.3.2 want: ^4.0.9
1956 silly placeDep ROOT @inquirer/search@3.2.2 OK for: @inquirer/prompts@7.3.2 want: ^3.0.9
1957 silly placeDep ROOT @inquirer/select@4.4.2 OK for: @inquirer/prompts@7.3.2 want: ^4.0.9
1958 silly fetch manifest @inquirer/external-editor@^1.0.3
1959 silly packumentCache full:https://registry.npmjs.org/@inquirer%2fexternal-editor cache-miss
1960 http cache https://registry.npmjs.org/@inquirer%2fexternal-editor 145ms (cache hit)
1961 silly packumentCache full:https://registry.npmjs.org/@inquirer%2fexternal-editor set size:41046 disposed:false
1962 silly placeDep ROOT @inquirer/external-editor@1.0.3 OK for: @inquirer/editor@4.2.23 want: ^1.0.3
1963 silly fetch manifest chardet@^2.1.1
1964 silly packumentCache full:https://registry.npmjs.org/chardet cache-miss
1965 silly fetch manifest iconv-lite@^0.7.0
1966 silly packumentCache full:https://registry.npmjs.org/iconv-lite cache-hit
1967 http cache https://registry.npmjs.org/chardet 13ms (cache hit)
1968 silly packumentCache full:https://registry.npmjs.org/chardet set size:70553 disposed:false
1969 silly placeDep ROOT chardet@2.1.1 OK for: @inquirer/external-editor@1.0.3 want: ^2.1.1
1970 silly placeDep node_modules/@inquirer/external-editor iconv-lite@0.7.2 OK for: @inquirer/external-editor@1.0.3 want: ^0.7.0
1971 silly placeDep node_modules/@listr2/prompt-adapter-inquirer @inquirer/type@1.5.5 OK for: @listr2/prompt-adapter-inquirer@2.0.18 want: ^1.5.5
1972 silly fetch manifest mute-stream@^1.0.0
1973 silly packumentCache full:https://registry.npmjs.org/mute-stream cache-hit
1974 silly placeDep ROOT @primeuix/styled@0.3.2 OK for: @primeng/themes@19.1.4 want: ^0.3.2
1975 silly placeDep ROOT @primeuix/utils@0.3.2 OK for: @primeuix/styled@0.3.2 want: ^0.3.2
1976 silly placeDep ROOT fast-deep-equal@3.1.3 OK for: ajv@8.18.0 want: ^3.1.3
1977 silly placeDep ROOT fast-uri@3.1.2 OK for: ajv@8.18.0 want: ^3.0.1
1978 silly placeDep ROOT json-schema-traverse@1.0.0 OK for: ajv@8.18.0 want: ^1.0.0
1979 silly placeDep ROOT require-from-string@2.0.2 OK for: ajv@8.18.0 want: ^2.0.2
1980 silly placeDep ROOT fraction.js@4.3.7 OK for: autoprefixer@10.4.20 want: ^4.3.7
1981 silly placeDep ROOT normalize-range@0.1.2 OK for: autoprefixer@10.4.20 want: ^0.1.2
1982 silly placeDep ROOT postcss-value-parser@4.2.0 OK for: autoprefixer@10.4.20 want: ^4.2.0
1983 silly placeDep ROOT find-cache-dir@4.0.0 OK for: babel-loader@9.2.1 want: ^4.0.0
1984 silly placeDep ROOT schema-utils@4.3.3 OK for: babel-loader@9.2.1 want: ^4.0.0
1985 silly fetch manifest pkg-dir@^7.0.0
1986 silly packumentCache full:https://registry.npmjs.org/pkg-dir cache-miss
1987 silly fetch manifest common-path-prefix@^3.0.0
1988 silly packumentCache full:https://registry.npmjs.org/common-path-prefix cache-miss
1989 silly fetch manifest ajv-formats@^2.1.1
1990 silly packumentCache full:https://registry.npmjs.org/ajv-formats cache-hit
1991 silly fetch manifest ajv-keywords@^5.1.0
1992 silly packumentCache full:https://registry.npmjs.org/ajv-keywords cache-miss
1993 silly fetch manifest @types/json-schema@^7.0.9
1994 silly packumentCache full:https://registry.npmjs.org/@types%2fjson-schema cache-hit
1995 http cache https://registry.npmjs.org/pkg-dir 17ms (cache hit)
1996 silly packumentCache full:https://registry.npmjs.org/pkg-dir set size:30166 disposed:false
1997 http cache https://registry.npmjs.org/common-path-prefix 35ms (cache hit)
1998 silly packumentCache full:https://registry.npmjs.org/common-path-prefix set size:9154 disposed:false
1999 http cache https://registry.npmjs.org/ajv-keywords 38ms (cache hit)
2000 silly packumentCache full:https://registry.npmjs.org/ajv-keywords set size:310004 disposed:false
2001 silly placeDep ROOT @babel/helper-define-polyfill-provider@0.6.8 OK for: babel-plugin-polyfill-corejs2@0.4.17 want: ^0.6.8
2002 silly placeDep node_modules/babel-plugin-polyfill-corejs2 semver@6.3.1 OK for: babel-plugin-polyfill-corejs2@0.4.17 want: ^6.3.1
2003 silly fetch manifest resolve@^1.22.11
2004 silly packumentCache full:https://registry.npmjs.org/resolve cache-hit
2005 silly fetch manifest lodash.debounce@^4.0.8
2006 silly packumentCache full:https://registry.npmjs.org/lodash.debounce cache-miss
2007 http cache https://registry.npmjs.org/lodash.debounce 13ms (cache hit)
2008 silly packumentCache full:https://registry.npmjs.org/lodash.debounce set size:44123 disposed:false
2009 silly placeDep ROOT lodash.debounce@4.0.8 OK for: @babel/helper-define-polyfill-provider@0.6.8 want: ^4.0.8
2010 silly placeDep node_modules/@babel/helper-define-polyfill-provider resolve@1.22.12 OK for: @babel/helper-define-polyfill-provider@0.6.8 want: ^1.22.11
2011 silly fetch manifest is-core-module@^2.16.1
2012 silly packumentCache full:https://registry.npmjs.org/is-core-module cache-hit
2013 silly placeDep ROOT css-select@5.2.2 OK for: beasties@0.3.2 want: ^5.1.0
2014 silly placeDep ROOT css-what@6.2.2 OK for: beasties@0.3.2 want: ^6.1.0
2015 silly placeDep ROOT dom-serializer@2.0.0 OK for: beasties@0.3.2 want: ^2.0.0
2016 silly placeDep ROOT domhandler@5.0.3 OK for: beasties@0.3.2 want: ^5.0.3
2017 silly placeDep ROOT htmlparser2@10.1.0 OK for: beasties@0.3.2 want: ^10.0.0
2018 silly placeDep ROOT postcss-media-query-parser@0.2.3 OK for: beasties@0.3.2 want: ^0.2.3
2019 silly fetch manifest boolbase@^1.0.0
2020 silly packumentCache full:https://registry.npmjs.org/boolbase cache-miss
2021 silly fetch manifest domutils@^3.0.1
2022 silly packumentCache full:https://registry.npmjs.org/domutils cache-miss
2023 silly fetch manifest nth-check@^2.0.1
2024 silly packumentCache full:https://registry.npmjs.org/nth-check cache-miss
2025 silly fetch manifest domhandler@^5.0.2
2026 silly packumentCache full:https://registry.npmjs.org/domhandler cache-hit
2027 silly fetch manifest entities@^4.2.0
2028 silly packumentCache full:https://registry.npmjs.org/entities cache-hit
2029 silly fetch manifest domhandler@^5.0.2
2030 silly packumentCache full:https://registry.npmjs.org/domhandler cache-hit
2031 silly fetch manifest domelementtype@^2.3.0
2032 silly packumentCache full:https://registry.npmjs.org/domelementtype cache-miss
2033 silly fetch manifest domelementtype@^2.3.0
2034 silly packumentCache full:https://registry.npmjs.org/domelementtype cache-miss
2035 silly fetch manifest domutils@^3.2.2
2036 silly packumentCache full:https://registry.npmjs.org/domutils cache-miss
2037 silly fetch manifest entities@^7.0.1
2038 silly packumentCache full:https://registry.npmjs.org/entities cache-hit
2039 silly fetch manifest domelementtype@^2.3.0
2040 silly packumentCache full:https://registry.npmjs.org/domelementtype cache-miss
2041 http cache https://registry.npmjs.org/boolbase 182ms (cache hit)
2042 silly packumentCache full:https://registry.npmjs.org/boolbase set size:4438 disposed:false
2043 http cache https://registry.npmjs.org/domutils 184ms (cache hit)
2044 silly packumentCache full:https://registry.npmjs.org/domutils set size:110068 disposed:false
2045 http cache https://registry.npmjs.org/domutils 170ms (cache hit)
2046 silly packumentCache full:https://registry.npmjs.org/domutils set size:110068 disposed:false
2047 silly packumentCache full:https://registry.npmjs.org/domutils dispose
2048 http cache https://registry.npmjs.org/nth-check 193ms (cache hit)
2049 silly packumentCache full:https://registry.npmjs.org/nth-check set size:27445 disposed:false
2050 http cache https://registry.npmjs.org/domelementtype 179ms (cache hit)
2051 silly packumentCache full:https://registry.npmjs.org/domelementtype set size:33363 disposed:false
2052 http cache https://registry.npmjs.org/domelementtype 178ms (cache hit)
2053 silly packumentCache full:https://registry.npmjs.org/domelementtype set size:33363 disposed:false
2054 silly packumentCache full:https://registry.npmjs.org/domelementtype dispose
2055 http cache https://registry.npmjs.org/domelementtype 186ms (cache hit)
2056 silly packumentCache full:https://registry.npmjs.org/domelementtype set size:33363 disposed:true
2057 silly packumentCache full:https://registry.npmjs.org/domelementtype dispose
2058 silly placeDep node_modules/copy-webpack-plugin glob-parent@6.0.2 OK for: copy-webpack-plugin@12.0.2 want: ^6.0.1
2059 silly placeDep ROOT globby@14.1.0 OK for: copy-webpack-plugin@12.0.2 want: ^14.0.0
2060 silly placeDep ROOT serialize-javascript@6.0.2 OK for: copy-webpack-plugin@12.0.2 want: ^6.0.2
2061 silly fetch manifest slash@^5.1.0
2062 silly packumentCache full:https://registry.npmjs.org/slash cache-miss
2063 silly fetch manifest ignore@^7.0.3
2064 silly packumentCache full:https://registry.npmjs.org/ignore cache-miss
2065 silly fetch manifest path-type@^6.0.0
2066 silly packumentCache full:https://registry.npmjs.org/path-type cache-miss
2067 silly fetch manifest unicorn-magic@^0.3.0
2068 silly packumentCache full:https://registry.npmjs.org/unicorn-magic cache-miss
2069 silly fetch manifest @sindresorhus/merge-streams@^2.1.0
2070 silly packumentCache full:https://registry.npmjs.org/@sindresorhus%2fmerge-streams cache-miss
2071 silly fetch manifest randombytes@^2.1.0
2072 silly packumentCache full:https://registry.npmjs.org/randombytes cache-miss
2073 http cache https://registry.npmjs.org/slash 44ms (cache hit)
2074 silly packumentCache full:https://registry.npmjs.org/slash set size:20337 disposed:false
2075 http cache https://registry.npmjs.org/path-type 52ms (cache hit)
2076 silly packumentCache full:https://registry.npmjs.org/path-type set size:15341 disposed:false
2077 http cache https://registry.npmjs.org/ignore 67ms (cache hit)
2078 silly packumentCache full:https://registry.npmjs.org/ignore set size:237380 disposed:false
2079 http cache https://registry.npmjs.org/unicorn-magic 73ms (cache hit)
2080 silly packumentCache full:https://registry.npmjs.org/unicorn-magic set size:9139 disposed:false
2081 http cache https://registry.npmjs.org/@sindresorhus%2fmerge-streams 72ms (cache hit)
2082 silly packumentCache full:https://registry.npmjs.org/@sindresorhus%2fmerge-streams set size:23303 disposed:false
2083 http cache https://registry.npmjs.org/randombytes 73ms (cache hit)
2084 silly packumentCache full:https://registry.npmjs.org/randombytes set size:17505 disposed:false
2085 silly placeDep ROOT browserslist@4.28.2 REPLACE for: core-js-compat@3.49.0 want: ^4.28.1
2086 silly fetch manifest baseline-browser-mapping@^2.10.12
2087 silly packumentCache full:https://registry.npmjs.org/baseline-browser-mapping cache-miss
2088 silly fetch manifest caniuse-lite@^1.0.30001782
2089 silly packumentCache full:https://registry.npmjs.org/caniuse-lite cache-miss
2090 silly fetch manifest electron-to-chromium@^1.5.328
2091 silly packumentCache full:https://registry.npmjs.org/electron-to-chromium cache-miss
2092 silly fetch manifest node-releases@^2.0.36
2093 silly packumentCache full:https://registry.npmjs.org/node-releases cache-miss
2094 silly fetch manifest update-browserslist-db@^1.2.3
2095 silly packumentCache full:https://registry.npmjs.org/update-browserslist-db cache-miss
2096 http cache https://registry.npmjs.org/baseline-browser-mapping 194ms (cache hit)
2097 silly packumentCache full:https://registry.npmjs.org/baseline-browser-mapping set size:502404 disposed:false
2098 http cache https://registry.npmjs.org/caniuse-lite 244ms (cache hit)
2099 silly packumentCache full:https://registry.npmjs.org/caniuse-lite set size:2295054 disposed:false
2100 http cache https://registry.npmjs.org/node-releases 298ms (cache hit)
2101 silly packumentCache full:https://registry.npmjs.org/node-releases set size:283168 disposed:false
2102 http cache https://registry.npmjs.org/electron-to-chromium 320ms (cache hit)
2103 silly packumentCache full:https://registry.npmjs.org/electron-to-chromium set size:4825369 disposed:false
2104 http cache https://registry.npmjs.org/update-browserslist-db 517ms (cache hit)
2105 silly packumentCache full:https://registry.npmjs.org/update-browserslist-db set size:62000 disposed:false
2106 silly placeDep ROOT baseline-browser-mapping@2.10.35 OK for: browserslist@4.28.2 want: ^2.10.12
2107 silly placeDep ROOT caniuse-lite@1.0.30001797 REPLACE for: browserslist@4.28.2 want: ^1.0.30001782
2108 silly placeDep ROOT electron-to-chromium@1.5.371 OK for: browserslist@4.28.2 want: ^1.5.328
2109 silly placeDep ROOT node-releases@2.0.47 OK for: browserslist@4.28.2 want: ^2.0.36
2110 silly placeDep ROOT update-browserslist-db@1.2.3 OK for: browserslist@4.28.2 want: ^1.2.3
2111 silly placeDep ROOT icss-utils@5.1.0 OK for: css-loader@7.1.2 want: ^5.1.0
2112 silly placeDep ROOT postcss-modules-extract-imports@3.1.0 OK for: css-loader@7.1.2 want: ^3.1.0
2113 silly placeDep ROOT postcss-modules-local-by-default@4.2.0 OK for: css-loader@7.1.2 want: ^4.0.5
2114 silly placeDep ROOT postcss-modules-scope@3.2.1 OK for: css-loader@7.1.2 want: ^3.2.0
2115 silly placeDep ROOT postcss-modules-values@4.0.0 OK for: css-loader@7.1.2 want: ^4.0.0
2116 silly fetch manifest postcss-selector-parser@^7.0.0
2117 silly packumentCache full:https://registry.npmjs.org/postcss-selector-parser cache-miss
2118 silly fetch manifest postcss-selector-parser@^7.0.0
2119 silly packumentCache full:https://registry.npmjs.org/postcss-selector-parser cache-miss
2120 http cache https://registry.npmjs.org/postcss-selector-parser 166ms (cache hit)
2121 silly packumentCache full:https://registry.npmjs.org/postcss-selector-parser set size:182531 disposed:false
2122 http cache https://registry.npmjs.org/postcss-selector-parser 235ms (cache hit)
2123 silly packumentCache full:https://registry.npmjs.org/postcss-selector-parser set size:182531 disposed:false
2124 silly packumentCache full:https://registry.npmjs.org/postcss-selector-parser dispose
2125 silly placeDep ROOT boolbase@1.0.0 OK for: css-select@5.2.2 want: ^1.0.0
2126 silly placeDep ROOT domutils@3.2.2 OK for: css-select@5.2.2 want: ^3.0.1
2127 silly placeDep ROOT nth-check@2.1.1 OK for: css-select@5.2.2 want: ^2.0.1
2128 silly placeDep ROOT domelementtype@2.3.0 OK for: dom-serializer@2.0.0 want: ^2.3.0
2129 silly placeDep ROOT entities@4.5.0 OK for: dom-serializer@2.0.0 want: ^4.2.0
2130 silly placeDep ROOT @esbuild/aix-ppc64@0.28.0 OK for: esbuild@0.28.0 want: 0.28.0
2131 silly placeDep ROOT @esbuild/android-arm@0.28.0 OK for: esbuild@0.28.0 want: 0.28.0
2132 silly placeDep ROOT @esbuild/android-arm64@0.28.0 OK for: esbuild@0.28.0 want: 0.28.0
2133 silly placeDep ROOT @esbuild/android-x64@0.28.0 OK for: esbuild@0.28.0 want: 0.28.0
2134 silly placeDep ROOT @esbuild/darwin-arm64@0.28.0 OK for: esbuild@0.28.0 want: 0.28.0
2135 silly placeDep ROOT @esbuild/darwin-x64@0.28.0 OK for: esbuild@0.28.0 want: 0.28.0
2136 silly placeDep ROOT @esbuild/freebsd-arm64@0.28.0 OK for: esbuild@0.28.0 want: 0.28.0
2137 silly placeDep ROOT @esbuild/freebsd-x64@0.28.0 OK for: esbuild@0.28.0 want: 0.28.0
2138 silly placeDep ROOT @esbuild/linux-arm@0.28.0 OK for: esbuild@0.28.0 want: 0.28.0
2139 silly placeDep ROOT @esbuild/linux-arm64@0.28.0 OK for: esbuild@0.28.0 want: 0.28.0
2140 silly placeDep ROOT @esbuild/linux-ia32@0.28.0 OK for: esbuild@0.28.0 want: 0.28.0
2141 silly placeDep ROOT @esbuild/linux-loong64@0.28.0 OK for: esbuild@0.28.0 want: 0.28.0
2142 silly placeDep ROOT @esbuild/linux-mips64el@0.28.0 OK for: esbuild@0.28.0 want: 0.28.0
2143 silly placeDep ROOT @esbuild/linux-ppc64@0.28.0 OK for: esbuild@0.28.0 want: 0.28.0
2144 silly placeDep ROOT @esbuild/linux-riscv64@0.28.0 OK for: esbuild@0.28.0 want: 0.28.0
2145 silly placeDep ROOT @esbuild/linux-s390x@0.28.0 OK for: esbuild@0.28.0 want: 0.28.0
2146 silly placeDep ROOT @esbuild/linux-x64@0.28.0 OK for: esbuild@0.28.0 want: 0.28.0
2147 silly placeDep ROOT @esbuild/netbsd-arm64@0.28.0 OK for: esbuild@0.28.0 want: 0.28.0
2148 silly placeDep ROOT @esbuild/netbsd-x64@0.28.0 OK for: esbuild@0.28.0 want: 0.28.0
2149 silly placeDep ROOT @esbuild/openbsd-arm64@0.28.0 OK for: esbuild@0.28.0 want: 0.28.0
2150 silly placeDep ROOT @esbuild/openbsd-x64@0.28.0 OK for: esbuild@0.28.0 want: 0.28.0
2151 silly placeDep ROOT @esbuild/openharmony-arm64@0.28.0 OK for: esbuild@0.28.0 want: 0.28.0
2152 silly placeDep ROOT @esbuild/sunos-x64@0.28.0 OK for: esbuild@0.28.0 want: 0.28.0
2153 silly placeDep ROOT @esbuild/win32-arm64@0.28.0 OK for: esbuild@0.28.0 want: 0.28.0
2154 silly placeDep ROOT @esbuild/win32-ia32@0.28.0 OK for: esbuild@0.28.0 want: 0.28.0
2155 silly placeDep ROOT @esbuild/win32-x64@0.28.0 OK for: esbuild@0.28.0 want: 0.28.0
2156 silly placeDep ROOT @nodelib/fs.stat@2.0.5 OK for: fast-glob@3.3.3 want: ^2.0.2
2157 silly placeDep ROOT @nodelib/fs.walk@1.2.8 OK for: fast-glob@3.3.3 want: ^1.2.3
2158 silly placeDep ROOT merge2@1.4.1 OK for: fast-glob@3.3.3 want: ^1.3.0
2159 silly placeDep ROOT micromatch@4.0.8 OK for: fast-glob@3.3.3 want: ^4.0.8
2160 silly fetch manifest fastq@^1.6.0
2161 silly packumentCache full:https://registry.npmjs.org/fastq cache-miss
2162 silly fetch manifest @nodelib/fs.scandir@2.1.5
2163 silly packumentCache full:https://registry.npmjs.org/@nodelib%2ffs.scandir cache-miss
2164 http cache https://registry.npmjs.org/fastq 61ms (cache hit)
2165 silly packumentCache full:https://registry.npmjs.org/fastq set size:78301 disposed:false
2166 http cache https://registry.npmjs.org/@nodelib%2ffs.scandir 74ms (cache hit)
2167 silly packumentCache full:https://registry.npmjs.org/@nodelib%2ffs.scandir set size:49256 disposed:false
2168 silly placeDep ROOT @nodelib/fs.scandir@2.1.5 OK for: @nodelib/fs.walk@1.2.8 want: 2.1.5
2169 silly placeDep ROOT fastq@1.20.1 OK for: @nodelib/fs.walk@1.2.8 want: ^1.6.0
2170 silly fetch manifest run-parallel@^1.1.9
2171 silly packumentCache full:https://registry.npmjs.org/run-parallel cache-miss
2172 silly fetch manifest reusify@^1.0.4
2173 silly packumentCache full:https://registry.npmjs.org/reusify cache-miss
2174 http cache https://registry.npmjs.org/run-parallel 30ms (cache hit)
2175 silly packumentCache full:https://registry.npmjs.org/run-parallel set size:35172 disposed:false
2176 http cache https://registry.npmjs.org/reusify 31ms (cache hit)
2177 silly packumentCache full:https://registry.npmjs.org/reusify set size:14249 disposed:false
2178 silly placeDep ROOT run-parallel@1.2.0 OK for: @nodelib/fs.scandir@2.1.5 want: ^1.1.9
2179 silly fetch manifest queue-microtask@^1.2.2
2180 silly packumentCache full:https://registry.npmjs.org/queue-microtask cache-miss
2181 http cache https://registry.npmjs.org/queue-microtask 85ms (cache hit)
2182 silly packumentCache full:https://registry.npmjs.org/queue-microtask set size:36088 disposed:false
2183 silly placeDep ROOT reusify@1.1.0 OK for: fastq@1.20.1 want: ^1.0.4
2184 silly placeDep ROOT common-path-prefix@3.0.0 OK for: find-cache-dir@4.0.0 want: ^3.0.0
2185 silly placeDep ROOT pkg-dir@7.0.0 OK for: find-cache-dir@4.0.0 want: ^7.0.0
2186 silly fetch manifest find-up@^6.3.0
2187 silly packumentCache full:https://registry.npmjs.org/find-up cache-miss
2188 http cache https://registry.npmjs.org/find-up 46ms (cache hit)
2189 silly packumentCache full:https://registry.npmjs.org/find-up set size:42620 disposed:false
2190 silly placeDep ROOT @sindresorhus/merge-streams@2.3.0 OK for: globby@14.1.0 want: ^2.1.0
2191 silly placeDep ROOT ignore@7.0.5 OK for: globby@14.1.0 want: ^7.0.3
2192 silly placeDep ROOT path-type@6.0.0 OK for: globby@14.1.0 want: ^6.0.0
2193 silly placeDep ROOT slash@5.1.0 OK for: globby@14.1.0 want: ^5.1.0
2194 silly placeDep ROOT unicorn-magic@0.3.0 OK for: globby@14.1.0 want: ^0.3.0
2195 silly placeDep node_modules/htmlparser2 entities@7.0.1 OK for: htmlparser2@10.1.0 want: ^7.0.1
2196 silly placeDep ROOT @types/http-proxy@1.17.17 OK for: http-proxy-middleware@3.0.5 want: ^1.17.15
2197 silly placeDep ROOT is-plain-object@5.0.0 OK for: http-proxy-middleware@3.0.5 want: ^5.0.0
2198 silly placeDep ROOT agent-base@7.1.4 OK for: https-proxy-agent@7.0.6 want: ^7.1.2
2199 silly fetch manifest jasmine-core@^4.1.0
2200 silly packumentCache full:https://registry.npmjs.org/jasmine-core cache-hit
2201 silly placeDep node_modules/karma-jasmine jasmine-core@4.6.1 OK for: karma-jasmine@5.1.0 want: ^4.1.0
2202 silly placeDep ROOT copy-anything@2.0.6 OK for: less@4.2.2 want: ^2.0.1
2203 silly placeDep ROOT errno@0.1.8 OK for: less@4.2.2 want: ^0.1.1
2204 silly placeDep ROOT image-size@0.5.5 OK for: less@4.2.2 want: ~0.5.0
2205 silly placeDep node_modules/less make-dir@2.1.0 OK for: less@4.2.2 want: ^2.1.0
2206 silly placeDep node_modules/less mime@1.6.0 OK for: less@4.2.2 want: ^1.4.1
2207 silly placeDep ROOT needle@3.5.0 OK for: less@4.2.2 want: ^3.1.0
2208 silly placeDep ROOT parse-node-version@1.0.1 OK for: less@4.2.2 want: ^1.0.1
2209 silly placeDep node_modules/less source-map@0.6.1 OK for: less@4.2.2 want: ~0.6.0
2210 silly fetch manifest is-what@^3.14.1
2211 silly packumentCache full:https://registry.npmjs.org/is-what cache-miss
2212 silly fetch manifest prr@~1.0.1
2213 silly packumentCache full:https://registry.npmjs.org/prr cache-miss
2214 silly fetch manifest pify@^4.0.1
2215 silly packumentCache full:https://registry.npmjs.org/pify cache-miss
2216 silly fetch manifest semver@^5.6.0
2217 silly packumentCache full:https://registry.npmjs.org/semver cache-hit
2218 silly fetch manifest sax@^1.2.4
2219 silly packumentCache full:https://registry.npmjs.org/sax cache-miss
2220 http cache https://registry.npmjs.org/pify 56ms (cache hit)
2221 silly packumentCache full:https://registry.npmjs.org/pify set size:33583 disposed:false
2222 http cache https://registry.npmjs.org/prr 63ms (cache hit)
2223 silly packumentCache full:https://registry.npmjs.org/prr set size:5969 disposed:false
2224 http cache https://registry.npmjs.org/is-what 72ms (cache hit)
2225 silly packumentCache full:https://registry.npmjs.org/is-what set size:252332 disposed:false
2226 http cache https://registry.npmjs.org/sax 73ms (cache hit)
2227 silly packumentCache full:https://registry.npmjs.org/sax set size:91199 disposed:false
2228 silly placeDep ROOT is-what@3.14.1 OK for: copy-anything@2.0.6 want: ^3.14.1
2229 silly placeDep ROOT prr@1.0.1 OK for: errno@0.1.8 want: ~1.0.1
2230 silly placeDep ROOT cli-truncate@4.0.0 OK for: listr2@8.2.5 want: ^4.0.0
2231 silly placeDep ROOT colorette@2.0.20 OK for: listr2@8.2.5 want: ^2.0.20
2232 silly placeDep node_modules/listr2 eventemitter3@5.0.4 OK for: listr2@8.2.5 want: ^5.0.1
2233 silly placeDep ROOT log-update@6.1.0 OK for: listr2@8.2.5 want: ^6.1.0
2234 silly placeDep node_modules/listr2 wrap-ansi@9.0.2 OK for: listr2@8.2.5 want: ^9.0.0
2235 silly fetch manifest slice-ansi@^5.0.0
2236 silly packumentCache full:https://registry.npmjs.org/slice-ansi cache-miss
2237 silly fetch manifest string-width@^7.0.0
2238 silly packumentCache full:https://registry.npmjs.org/string-width cache-miss
2239 silly fetch manifest cli-cursor@^5.0.0
2240 silly packumentCache full:https://registry.npmjs.org/cli-cursor cache-miss
2241 silly fetch manifest slice-ansi@^7.1.0
2242 silly packumentCache full:https://registry.npmjs.org/slice-ansi cache-miss
2243 silly fetch manifest strip-ansi@^7.1.0
2244 silly packumentCache full:https://registry.npmjs.org/strip-ansi cache-miss
2245 silly fetch manifest ansi-escapes@^7.0.0
2246 silly packumentCache full:https://registry.npmjs.org/ansi-escapes cache-miss
2247 silly fetch manifest strip-ansi@^7.1.0
2248 silly packumentCache full:https://registry.npmjs.org/strip-ansi cache-miss
2249 http cache https://registry.npmjs.org/cli-cursor 62ms (cache hit)
2250 silly packumentCache full:https://registry.npmjs.org/cli-cursor set size:18913 disposed:false
2251 silly fetch manifest ansi-styles@^6.2.1
2252 silly packumentCache full:https://registry.npmjs.org/ansi-styles cache-miss
2253 http cache https://registry.npmjs.org/slice-ansi 75ms (cache hit)
2254 silly packumentCache full:https://registry.npmjs.org/slice-ansi set size:36418 disposed:false
2255 silly fetch manifest string-width@^7.0.0
2256 silly packumentCache full:https://registry.npmjs.org/string-width cache-miss
2257 http cache https://registry.npmjs.org/string-width 79ms (cache hit)
2258 silly packumentCache full:https://registry.npmjs.org/string-width set size:70381 disposed:false
2259 http cache https://registry.npmjs.org/slice-ansi 85ms (cache hit)
2260 silly packumentCache full:https://registry.npmjs.org/slice-ansi set size:36418 disposed:false
2261 silly packumentCache full:https://registry.npmjs.org/slice-ansi dispose
2262 http cache https://registry.npmjs.org/strip-ansi 89ms (cache hit)
2263 silly packumentCache full:https://registry.npmjs.org/strip-ansi set size:44998 disposed:false
2264 http cache https://registry.npmjs.org/strip-ansi 88ms (cache hit)
2265 silly packumentCache full:https://registry.npmjs.org/strip-ansi set size:44998 disposed:false
2266 silly packumentCache full:https://registry.npmjs.org/strip-ansi dispose
2267 http cache https://registry.npmjs.org/ansi-escapes 99ms (cache hit)
2268 silly packumentCache full:https://registry.npmjs.org/ansi-escapes set size:70915 disposed:false
2269 http cache https://registry.npmjs.org/string-width 59ms (cache hit)
2270 silly packumentCache full:https://registry.npmjs.org/string-width set size:70381 disposed:false
2271 silly packumentCache full:https://registry.npmjs.org/string-width dispose
2272 http cache https://registry.npmjs.org/ansi-styles 73ms (cache hit)
2273 silly packumentCache full:https://registry.npmjs.org/ansi-styles set size:63233 disposed:false
2274 silly placeDep ROOT slice-ansi@5.0.0 OK for: cli-truncate@4.0.0 want: ^5.0.0
2275 silly placeDep node_modules/cli-truncate string-width@7.2.0 OK for: cli-truncate@4.0.0 want: ^7.0.0
2276 silly fetch manifest ansi-styles@^6.0.0
2277 silly packumentCache full:https://registry.npmjs.org/ansi-styles cache-hit
2278 silly fetch manifest is-fullwidth-code-point@^4.0.0
2279 silly packumentCache full:https://registry.npmjs.org/is-fullwidth-code-point cache-miss
2280 silly fetch manifest emoji-regex@^10.3.0
2281 silly packumentCache full:https://registry.npmjs.org/emoji-regex cache-miss
2282 silly fetch manifest get-east-asian-width@^1.0.0
2283 silly packumentCache full:https://registry.npmjs.org/get-east-asian-width cache-miss
2284 http cache https://registry.npmjs.org/emoji-regex 35ms (cache hit)
2285 silly packumentCache full:https://registry.npmjs.org/emoji-regex set size:89064 disposed:false
2286 http cache https://registry.npmjs.org/get-east-asian-width 40ms (cache hit)
2287 silly packumentCache full:https://registry.npmjs.org/get-east-asian-width set size:20538 disposed:false
2288 http cache https://registry.npmjs.org/is-fullwidth-code-point 47ms (cache hit)
2289 silly packumentCache full:https://registry.npmjs.org/is-fullwidth-code-point set size:14578 disposed:false
2290 silly placeDep ROOT @lmdb/lmdb-darwin-arm64@3.2.6 OK for: lmdb@3.2.6 want: 3.2.6
2291 silly placeDep ROOT @lmdb/lmdb-darwin-x64@3.2.6 OK for: lmdb@3.2.6 want: 3.2.6
2292 silly placeDep ROOT @lmdb/lmdb-linux-arm@3.2.6 OK for: lmdb@3.2.6 want: 3.2.6
2293 silly placeDep ROOT @lmdb/lmdb-linux-arm64@3.2.6 OK for: lmdb@3.2.6 want: 3.2.6
2294 silly placeDep ROOT @lmdb/lmdb-linux-x64@3.2.6 OK for: lmdb@3.2.6 want: 3.2.6
2295 silly placeDep ROOT @lmdb/lmdb-win32-x64@3.2.6 OK for: lmdb@3.2.6 want: 3.2.6
2296 silly placeDep ROOT msgpackr@1.12.1 OK for: lmdb@3.2.6 want: ^1.11.2
2297 silly placeDep ROOT node-addon-api@6.1.0 OK for: lmdb@3.2.6 want: ^6.1.0
2298 silly placeDep ROOT node-gyp-build-optional-packages@5.2.2 OK for: lmdb@3.2.6 want: 5.2.2
2299 silly placeDep ROOT ordered-binary@1.6.1 OK for: lmdb@3.2.6 want: ^1.5.3
2300 silly placeDep ROOT weak-lru-cache@1.2.2 OK for: lmdb@3.2.6 want: ^1.2.2
2301 silly fetch manifest msgpackr-extract@^3.0.2
2302 silly packumentCache full:https://registry.npmjs.org/msgpackr-extract cache-miss
2303 silly fetch manifest detect-libc@^2.0.1
2304 silly packumentCache full:https://registry.npmjs.org/detect-libc cache-miss
2305 http cache https://registry.npmjs.org/detect-libc 26ms (cache hit)
2306 silly packumentCache full:https://registry.npmjs.org/detect-libc set size:47861 disposed:false
2307 http cache https://registry.npmjs.org/msgpackr-extract 36ms (cache hit)
2308 silly packumentCache full:https://registry.npmjs.org/msgpackr-extract set size:149941 disposed:false
2309 silly placeDep ROOT ansi-escapes@7.3.0 OK for: log-update@6.1.0 want: ^7.0.0
2310 silly placeDep node_modules/log-update cli-cursor@5.0.0 OK for: log-update@6.1.0 want: ^5.0.0
2311 silly placeDep node_modules/log-update slice-ansi@7.1.2 OK for: log-update@6.1.0 want: ^7.1.0
2312 silly placeDep node_modules/log-update strip-ansi@7.2.0 OK for: log-update@6.1.0 want: ^7.1.0
2313 silly placeDep node_modules/log-update wrap-ansi@9.0.2 OK for: log-update@6.1.0 want: ^9.0.0
2314 silly fetch manifest environment@^1.0.0
2315 silly packumentCache full:https://registry.npmjs.org/environment cache-miss
2316 silly fetch manifest restore-cursor@^5.0.0
2317 silly packumentCache full:https://registry.npmjs.org/restore-cursor cache-miss
2318 silly fetch manifest is-fullwidth-code-point@^5.0.0
2319 silly packumentCache full:https://registry.npmjs.org/is-fullwidth-code-point cache-hit
2320 silly fetch manifest ansi-regex@^6.2.2
2321 silly packumentCache full:https://registry.npmjs.org/ansi-regex cache-miss
2322 http cache https://registry.npmjs.org/ansi-regex 800ms (cache hit)
2323 silly packumentCache full:https://registry.npmjs.org/ansi-regex set size:43572 disposed:false
2324 http cache https://registry.npmjs.org/restore-cursor 1042ms (cache hit)
2325 silly packumentCache full:https://registry.npmjs.org/restore-cursor set size:17895 disposed:false
2326 http cache https://registry.npmjs.org/environment 1373ms (cache hit)
2327 silly packumentCache full:https://registry.npmjs.org/environment set size:13915 disposed:false
2328 silly placeDep ROOT environment@1.1.0 OK for: ansi-escapes@7.3.0 want: ^1.0.0
2329 silly placeDep ROOT tapable@2.3.3 OK for: mini-css-extract-plugin@2.9.2 want: ^2.2.1
2330 silly placeDep ROOT msgpackr-extract@3.0.4 OK for: msgpackr@1.12.1 want: ^3.0.2
2331 silly fetch manifest @msgpackr-extract/msgpackr-extract-darwin-arm64@3.0.4
2332 silly packumentCache full:https://registry.npmjs.org/@msgpackr-extract%2fmsgpackr-extract-darwin-arm64 cache-miss
2333 silly fetch manifest @msgpackr-extract/msgpackr-extract-darwin-x64@3.0.4
2334 silly packumentCache full:https://registry.npmjs.org/@msgpackr-extract%2fmsgpackr-extract-darwin-x64 cache-miss
2335 silly fetch manifest @msgpackr-extract/msgpackr-extract-linux-arm@3.0.4
2336 silly packumentCache full:https://registry.npmjs.org/@msgpackr-extract%2fmsgpackr-extract-linux-arm cache-miss
2337 silly fetch manifest @msgpackr-extract/msgpackr-extract-linux-arm64@3.0.4
2338 silly packumentCache full:https://registry.npmjs.org/@msgpackr-extract%2fmsgpackr-extract-linux-arm64 cache-miss
2339 silly fetch manifest @msgpackr-extract/msgpackr-extract-linux-x64@3.0.4
2340 silly packumentCache full:https://registry.npmjs.org/@msgpackr-extract%2fmsgpackr-extract-linux-x64 cache-miss
2341 silly fetch manifest @msgpackr-extract/msgpackr-extract-win32-x64@3.0.4
2342 silly packumentCache full:https://registry.npmjs.org/@msgpackr-extract%2fmsgpackr-extract-win32-x64 cache-miss
2343 http cache https://registry.npmjs.org/@msgpackr-extract%2fmsgpackr-extract-darwin-arm64 986ms (cache hit)
2344 silly packumentCache full:https://registry.npmjs.org/@msgpackr-extract%2fmsgpackr-extract-darwin-arm64 set size:26146 disposed:false
2345 http cache https://registry.npmjs.org/@msgpackr-extract%2fmsgpackr-extract-linux-arm64 987ms (cache hit)
2346 silly packumentCache full:https://registry.npmjs.org/@msgpackr-extract%2fmsgpackr-extract-linux-arm64 set size:26049 disposed:false
2347 http cache https://registry.npmjs.org/@msgpackr-extract%2fmsgpackr-extract-darwin-x64 1128ms (cache hit)
2348 silly packumentCache full:https://registry.npmjs.org/@msgpackr-extract%2fmsgpackr-extract-darwin-x64 set size:25980 disposed:false
2349 http cache https://registry.npmjs.org/@msgpackr-extract%2fmsgpackr-extract-linux-x64 1283ms (cache hit)
2350 silly packumentCache full:https://registry.npmjs.org/@msgpackr-extract%2fmsgpackr-extract-linux-x64 set size:25891 disposed:false
2351 http cache https://registry.npmjs.org/@msgpackr-extract%2fmsgpackr-extract-linux-arm 1397ms (cache hit)
2352 silly packumentCache full:https://registry.npmjs.org/@msgpackr-extract%2fmsgpackr-extract-linux-arm set size:25890 disposed:false
2353 http cache https://registry.npmjs.org/@msgpackr-extract%2fmsgpackr-extract-win32-x64 1607ms (cache hit)
2354 silly packumentCache full:https://registry.npmjs.org/@msgpackr-extract%2fmsgpackr-extract-win32-x64 set size:25902 disposed:false
2355 silly placeDep ROOT @msgpackr-extract/msgpackr-extract-darwin-arm64@3.0.4 OK for: msgpackr-extract@3.0.4 want: 3.0.4
2356 silly placeDep ROOT @msgpackr-extract/msgpackr-extract-darwin-x64@3.0.4 OK for: msgpackr-extract@3.0.4 want: 3.0.4
2357 silly placeDep ROOT @msgpackr-extract/msgpackr-extract-linux-arm@3.0.4 OK for: msgpackr-extract@3.0.4 want: 3.0.4
2358 silly placeDep ROOT @msgpackr-extract/msgpackr-extract-linux-arm64@3.0.4 OK for: msgpackr-extract@3.0.4 want: 3.0.4
2359 silly placeDep ROOT @msgpackr-extract/msgpackr-extract-linux-x64@3.0.4 OK for: msgpackr-extract@3.0.4 want: 3.0.4
2360 silly placeDep ROOT @msgpackr-extract/msgpackr-extract-win32-x64@3.0.4 OK for: msgpackr-extract@3.0.4 want: 3.0.4
2361 silly placeDep node_modules/needle iconv-lite@0.6.3 OK for: needle@3.5.0 want: ^0.6.3
2362 silly placeDep ROOT sax@1.6.0 OK for: needle@3.5.0 want: ^1.2.4
2363 silly placeDep ROOT detect-libc@2.1.2 OK for: node-gyp-build-optional-packages@5.2.2 want: ^2.0.1
2364 silly placeDep ROOT hosted-git-info@8.1.0 OK for: npm-package-arg@12.0.2 want: ^8.0.0
2365 silly placeDep ROOT proc-log@5.0.0 OK for: npm-package-arg@12.0.2 want: ^5.0.0
2366 silly placeDep ROOT validate-npm-package-name@6.0.2 OK for: npm-package-arg@12.0.2 want: ^6.0.0
2367 silly fetch manifest lru-cache@^10.0.1
2368 silly packumentCache full:https://registry.npmjs.org/lru-cache cache-miss
2369 http cache https://registry.npmjs.org/lru-cache 330ms (cache hit)
2370 silly packumentCache full:https://registry.npmjs.org/lru-cache set size:456196 disposed:false
2371 silly placeDep node_modules/hosted-git-info lru-cache@10.4.3 OK for: hosted-git-info@8.1.0 want: ^10.0.1
2372 silly placeDep ROOT npm-install-checks@7.1.2 OK for: npm-pick-manifest@10.0.0 want: ^7.1.0
2373 silly placeDep ROOT npm-normalize-package-bin@4.0.0 OK for: npm-pick-manifest@10.0.0 want: ^4.0.0
2374 silly placeDep ROOT default-browser@5.5.0 OK for: open@10.1.0 want: ^5.2.1
2375 silly placeDep ROOT define-lazy-prop@3.0.0 OK for: open@10.1.0 want: ^3.0.0
2376 silly placeDep ROOT is-inside-container@1.0.0 OK for: open@10.1.0 want: ^1.0.0
2377 silly placeDep ROOT is-wsl@3.1.1 OK for: open@10.1.0 want: ^3.1.0
2378 silly fetch manifest bundle-name@^4.1.0
2379 silly packumentCache full:https://registry.npmjs.org/bundle-name cache-miss
2380 silly fetch manifest default-browser-id@^5.0.0
2381 silly packumentCache full:https://registry.npmjs.org/default-browser-id cache-miss
2382 silly fetch manifest is-docker@^3.0.0
2383 silly packumentCache full:https://registry.npmjs.org/is-docker cache-miss
2384 http cache https://registry.npmjs.org/is-docker 109ms (cache hit)
2385 silly packumentCache full:https://registry.npmjs.org/is-docker set size:23690 disposed:false
2386 http cache https://registry.npmjs.org/bundle-name 114ms (cache hit)
2387 silly packumentCache full:https://registry.npmjs.org/bundle-name set size:17344 disposed:false
2388 http cache https://registry.npmjs.org/default-browser-id 120ms (cache hit)
2389 silly packumentCache full:https://registry.npmjs.org/default-browser-id set size:24398 disposed:false
2390 silly placeDep ROOT bundle-name@4.1.0 OK for: default-browser@5.5.0 want: ^4.1.0
2391 silly placeDep ROOT default-browser-id@5.0.1 OK for: default-browser@5.5.0 want: ^5.0.0
2392 silly fetch manifest run-applescript@^7.0.0
2393 silly packumentCache full:https://registry.npmjs.org/run-applescript cache-miss
2394 http cache https://registry.npmjs.org/run-applescript 97ms (cache hit)
2395 silly packumentCache full:https://registry.npmjs.org/run-applescript set size:27897 disposed:false
2396 silly placeDep ROOT run-applescript@7.1.0 OK for: bundle-name@4.1.0 want: ^7.0.0
2397 silly placeDep ROOT is-docker@3.0.0 OK for: is-inside-container@1.0.0 want: ^3.0.0
2398 silly placeDep ROOT @npmcli/git@6.0.3 OK for: pacote@20.0.0 want: ^6.0.0
2399 silly placeDep ROOT @npmcli/installed-package-contents@3.0.0 OK for: pacote@20.0.0 want: ^3.0.0
2400 silly placeDep ROOT @npmcli/package-json@6.2.0 OK for: pacote@20.0.0 want: ^6.0.0
2401 silly placeDep ROOT @npmcli/promise-spawn@8.0.3 OK for: pacote@20.0.0 want: ^8.0.0
2402 silly placeDep ROOT @npmcli/run-script@9.1.0 OK for: pacote@20.0.0 want: ^9.0.0
2403 silly placeDep ROOT cacache@19.0.1 OK for: pacote@20.0.0 want: ^19.0.0
2404 silly placeDep ROOT fs-minipass@3.0.3 OK for: pacote@20.0.0 want: ^3.0.0
2405 silly placeDep ROOT minipass@7.1.3 OK for: pacote@20.0.0 want: ^7.0.2
2406 silly placeDep ROOT npm-packlist@9.0.0 OK for: pacote@20.0.0 want: ^9.0.0
2407 silly placeDep ROOT npm-registry-fetch@18.0.2 OK for: pacote@20.0.0 want: ^18.0.0
2408 silly placeDep ROOT promise-retry@2.0.1 OK for: pacote@20.0.0 want: ^2.0.1
2409 silly placeDep ROOT sigstore@3.1.0 OK for: pacote@20.0.0 want: ^3.0.0
2410 silly placeDep ROOT ssri@12.0.0 OK for: pacote@20.0.0 want: ^12.0.0
2411 silly placeDep ROOT tar@6.2.1 OK for: pacote@20.0.0 want: ^6.1.11
2412 silly fetch manifest which@^5.0.0
2413 silly packumentCache full:https://registry.npmjs.org/which cache-miss
2414 silly fetch manifest npm-bundled@^4.0.0
2415 silly packumentCache full:https://registry.npmjs.org/npm-bundled cache-miss
2416 silly fetch manifest glob@^10.2.2
2417 silly packumentCache full:https://registry.npmjs.org/glob cache-miss
2418 silly fetch manifest validate-npm-package-license@^3.0.4
2419 silly packumentCache full:https://registry.npmjs.org/validate-npm-package-license cache-miss
2420 silly fetch manifest json-parse-even-better-errors@^4.0.0
2421 silly packumentCache full:https://registry.npmjs.org/json-parse-even-better-errors cache-hit
2422 silly fetch manifest which@^5.0.0
2423 silly packumentCache full:https://registry.npmjs.org/which cache-miss
2424 silly fetch manifest which@^5.0.0
2425 silly packumentCache full:https://registry.npmjs.org/which cache-miss
2426 silly fetch manifest node-gyp@^11.0.0
2427 silly packumentCache full:https://registry.npmjs.org/node-gyp cache-miss
2428 http cache https://registry.npmjs.org/which 167ms (cache hit)
2429 silly packumentCache full:https://registry.npmjs.org/which set size:70143 disposed:false
2430 silly fetch manifest @npmcli/node-gyp@^4.0.0
2431 silly packumentCache full:https://registry.npmjs.org/@npmcli%2fnode-gyp cache-miss
2432 http cache https://registry.npmjs.org/which 177ms (cache hit)
2433 silly packumentCache full:https://registry.npmjs.org/which set size:70143 disposed:false
2434 silly packumentCache full:https://registry.npmjs.org/which dispose
2435 silly fetch manifest tar@^7.4.3
2436 silly packumentCache full:https://registry.npmjs.org/tar cache-hit
2437 silly fetch manifest glob@^10.2.2
2438 silly packumentCache full:https://registry.npmjs.org/glob cache-miss
2439 http cache https://registry.npmjs.org/which 211ms (cache hit)
2440 silly packumentCache full:https://registry.npmjs.org/which set size:70143 disposed:true
2441 silly packumentCache full:https://registry.npmjs.org/which dispose
2442 silly fetch manifest p-map@^7.0.2
2443 silly packumentCache full:https://registry.npmjs.org/p-map cache-miss
2444 http cache https://registry.npmjs.org/node-gyp 200ms (cache hit)
2445 silly packumentCache full:https://registry.npmjs.org/node-gyp set size:320368 disposed:false
2446 silly fetch manifest minipass@^7.0.3
2447 silly packumentCache full:https://registry.npmjs.org/minipass cache-hit
2448 silly fetch manifest @npmcli/fs@^4.0.0
2449 silly packumentCache full:https://registry.npmjs.org/@npmcli%2ffs cache-miss
2450 http cache https://registry.npmjs.org/npm-bundled 245ms (cache hit)
2451 silly packumentCache full:https://registry.npmjs.org/npm-bundled set size:43804 disposed:false
2452 silly fetch manifest minipass-flush@^1.0.5
2453 silly packumentCache full:https://registry.npmjs.org/minipass-flush cache-miss
2454 http cache https://registry.npmjs.org/glob 271ms (cache hit)
2455 silly packumentCache full:https://registry.npmjs.org/glob set size:469465 disposed:false
2456 silly fetch manifest unique-filename@^4.0.0
2457 silly packumentCache full:https://registry.npmjs.org/unique-filename cache-miss
2458 http cache https://registry.npmjs.org/validate-npm-package-license 294ms (cache hit)
2459 silly packumentCache full:https://registry.npmjs.org/validate-npm-package-license set size:21821 disposed:false
2460 silly fetch manifest minipass-collect@^2.0.1
2461 silly packumentCache full:https://registry.npmjs.org/minipass-collect cache-miss
2462 http cache https://registry.npmjs.org/glob 234ms (cache hit)
2463 silly packumentCache full:https://registry.npmjs.org/glob set size:469465 disposed:false
2464 silly packumentCache full:https://registry.npmjs.org/glob dispose
2465 silly fetch manifest minipass-pipeline@^1.2.4
2466 silly packumentCache full:https://registry.npmjs.org/minipass-pipeline cache-miss
2467 http cache https://registry.npmjs.org/@npmcli%2fnode-gyp 549ms (cache hit)
2468 silly packumentCache full:https://registry.npmjs.org/@npmcli%2fnode-gyp set size:24278 disposed:false
2469 silly fetch manifest ignore-walk@^7.0.0
2470 silly packumentCache full:https://registry.npmjs.org/ignore-walk cache-miss
2471 http cache https://registry.npmjs.org/p-map 541ms (cache hit)
2472 silly packumentCache full:https://registry.npmjs.org/p-map set size:52373 disposed:false
2473 silly fetch manifest minizlib@^3.0.1
2474 silly packumentCache full:https://registry.npmjs.org/minizlib cache-miss
2475 http cache https://registry.npmjs.org/minipass-flush 499ms (cache hit)
2476 silly packumentCache full:https://registry.npmjs.org/minipass-flush set size:24771 disposed:false
2477 silly fetch manifest jsonparse@^1.3.1
2478 silly packumentCache full:https://registry.npmjs.org/jsonparse cache-miss
2479 http cache https://registry.npmjs.org/@npmcli%2ffs 521ms (cache hit)
2480 silly packumentCache full:https://registry.npmjs.org/@npmcli%2ffs set size:42864 disposed:false
2481 silly fetch manifest @npmcli/redact@^3.0.0
2482 silly packumentCache full:https://registry.npmjs.org/@npmcli%2fredact cache-miss
2483 http cache https://registry.npmjs.org/unique-filename 473ms (cache hit)
2484 silly packumentCache full:https://registry.npmjs.org/unique-filename set size:24668 disposed:false
2485 silly fetch manifest minipass-fetch@^4.0.0
2486 silly packumentCache full:https://registry.npmjs.org/minipass-fetch cache-miss
2487 http cache https://registry.npmjs.org/minipass-collect 490ms (cache hit)
2488 silly packumentCache full:https://registry.npmjs.org/minipass-collect set size:12471 disposed:false
2489 silly fetch manifest make-fetch-happen@^14.0.0
2490 silly packumentCache full:https://registry.npmjs.org/make-fetch-happen cache-miss
2491 http cache https://registry.npmjs.org/minipass-pipeline 273ms (cache hit)
2492 silly packumentCache full:https://registry.npmjs.org/minipass-pipeline set size:34695 disposed:false
2493 silly fetch manifest err-code@^2.0.2
2494 silly packumentCache full:https://registry.npmjs.org/err-code cache-miss
2495 http cache https://registry.npmjs.org/ignore-walk 136ms (cache hit)
2496 silly packumentCache full:https://registry.npmjs.org/ignore-walk set size:71031 disposed:false
2497 silly fetch manifest retry@^0.12.0
2498 silly packumentCache full:https://registry.npmjs.org/retry cache-miss
2499 http cache https://registry.npmjs.org/minizlib 154ms (cache hit)
2500 silly packumentCache full:https://registry.npmjs.org/minizlib set size:62862 disposed:false
2501 silly fetch manifest @sigstore/tuf@^3.1.0
2502 silly packumentCache full:https://registry.npmjs.org/@sigstore%2ftuf cache-miss
2503 http cache https://registry.npmjs.org/@npmcli%2fredact 157ms (cache hit)
2504 silly packumentCache full:https://registry.npmjs.org/@npmcli%2fredact set size:32911 disposed:false
2505 silly fetch manifest @sigstore/core@^2.0.0
2506 silly packumentCache full:https://registry.npmjs.org/@sigstore%2fcore cache-miss
2507 http cache https://registry.npmjs.org/minipass-fetch 179ms (cache hit)
2508 silly packumentCache full:https://registry.npmjs.org/minipass-fetch set size:109078 disposed:false
2509 silly fetch manifest @sigstore/sign@^3.1.0
2510 silly packumentCache full:https://registry.npmjs.org/@sigstore%2fsign cache-miss
2511 http cache https://registry.npmjs.org/make-fetch-happen 214ms (cache hit)
2512 silly packumentCache full:https://registry.npmjs.org/make-fetch-happen set size:382373 disposed:false
2513 silly fetch manifest @sigstore/bundle@^3.1.0
2514 silly packumentCache full:https://registry.npmjs.org/@sigstore%2fbundle cache-miss
2515 http cache https://registry.npmjs.org/jsonparse 275ms (cache hit)
2516 silly packumentCache full:https://registry.npmjs.org/jsonparse set size:15932 disposed:false
2517 silly fetch manifest @sigstore/verify@^2.1.0
2518 silly packumentCache full:https://registry.npmjs.org/@sigstore%2fverify cache-miss
2519 http cache https://registry.npmjs.org/err-code 418ms (cache hit)
2520 silly packumentCache full:https://registry.npmjs.org/err-code set size:29518 disposed:false
2521 silly fetch manifest @sigstore/protobuf-specs@^0.4.0
2522 silly packumentCache full:https://registry.npmjs.org/@sigstore%2fprotobuf-specs cache-miss
2523 http cache https://registry.npmjs.org/retry 469ms (cache hit)
2524 silly packumentCache full:https://registry.npmjs.org/retry set size:31161 disposed:false
2525 silly fetch manifest chownr@^2.0.0
2526 silly packumentCache full:https://registry.npmjs.org/chownr cache-miss
2527 http cache https://registry.npmjs.org/@sigstore%2ftuf 504ms (cache hit)
2528 silly packumentCache full:https://registry.npmjs.org/@sigstore%2ftuf set size:41391 disposed:false
2529 silly fetch manifest mkdirp@^1.0.3
2530 silly packumentCache full:https://registry.npmjs.org/mkdirp cache-miss
2531 http cache https://registry.npmjs.org/@sigstore%2fsign 451ms (cache hit)
2532 silly packumentCache full:https://registry.npmjs.org/@sigstore%2fsign set size:41793 disposed:false
2533 silly fetch manifest yallist@^4.0.0
2534 silly packumentCache full:https://registry.npmjs.org/yallist cache-miss
2535 http cache https://registry.npmjs.org/@sigstore%2fbundle 401ms (cache hit)
2536 silly packumentCache full:https://registry.npmjs.org/@sigstore%2fbundle set size:25054 disposed:false
2537 silly fetch manifest minipass@^5.0.0
2538 silly packumentCache full:https://registry.npmjs.org/minipass cache-hit
2539 silly fetch manifest minizlib@^2.1.1
2540 silly packumentCache full:https://registry.npmjs.org/minizlib cache-hit
2541 silly fetch manifest fs-minipass@^2.0.0
2542 silly packumentCache full:https://registry.npmjs.org/fs-minipass cache-hit
2543 http cache https://registry.npmjs.org/@sigstore%2fcore 530ms (cache hit)
2544 silly packumentCache full:https://registry.npmjs.org/@sigstore%2fcore set size:19014 disposed:false
2545 http cache https://registry.npmjs.org/@sigstore%2fverify 438ms (cache hit)
2546 silly packumentCache full:https://registry.npmjs.org/@sigstore%2fverify set size:25883 disposed:false
2547 http cache https://registry.npmjs.org/@sigstore%2fprotobuf-specs 257ms (cache hit)
2548 silly packumentCache full:https://registry.npmjs.org/@sigstore%2fprotobuf-specs set size:27957 disposed:false
2549 http cache https://registry.npmjs.org/chownr 212ms (cache hit)
2550 silly packumentCache full:https://registry.npmjs.org/chownr set size:22157 disposed:false
2551 http cache https://registry.npmjs.org/yallist 176ms (cache hit)
2552 silly packumentCache full:https://registry.npmjs.org/yallist set size:34610 disposed:false
2553 http cache https://registry.npmjs.org/mkdirp 275ms (cache hit)
2554 silly packumentCache full:https://registry.npmjs.org/mkdirp set size:116431 disposed:false
2555 silly placeDep node_modules/@npmcli/git lru-cache@10.4.3 OK for: @npmcli/git@6.0.3 want: ^10.0.1
2556 silly placeDep node_modules/@npmcli/git which@5.0.0 OK for: @npmcli/git@6.0.3 want: ^5.0.0
2557 silly fetch manifest isexe@^3.1.1
2558 silly packumentCache full:https://registry.npmjs.org/isexe cache-miss
2559 http cache https://registry.npmjs.org/isexe 24ms (cache hit)
2560 silly packumentCache full:https://registry.npmjs.org/isexe set size:31756 disposed:false
2561 silly placeDep ROOT npm-bundled@4.0.0 OK for: @npmcli/installed-package-contents@3.0.0 want: ^4.0.0
2562 silly placeDep node_modules/@npmcli/package-json glob@10.5.0 OK for: @npmcli/package-json@6.2.0 want: ^10.2.2
2563 silly placeDep ROOT json-parse-even-better-errors@4.0.0 OK for: @npmcli/package-json@6.2.0 want: ^4.0.0
2564 silly placeDep ROOT validate-npm-package-license@3.0.4 OK for: @npmcli/package-json@6.2.0 want: ^3.0.4
2565 silly fetch manifest jackspeak@^3.1.2
2566 silly packumentCache full:https://registry.npmjs.org/jackspeak cache-miss
2567 silly fetch manifest minimatch@^9.0.4
2568 silly packumentCache full:https://registry.npmjs.org/minimatch cache-miss
2569 silly fetch manifest path-scurry@^1.11.1
2570 silly packumentCache full:https://registry.npmjs.org/path-scurry cache-miss
2571 silly fetch manifest foreground-child@^3.1.0
2572 silly packumentCache full:https://registry.npmjs.org/foreground-child cache-miss
2573 silly fetch manifest package-json-from-dist@^1.0.0
2574 silly packumentCache full:https://registry.npmjs.org/package-json-from-dist cache-miss
2575 silly fetch manifest spdx-correct@^3.0.0
2576 silly packumentCache full:https://registry.npmjs.org/spdx-correct cache-miss
2577 silly fetch manifest spdx-expression-parse@^3.0.0
2578 silly packumentCache full:https://registry.npmjs.org/spdx-expression-parse cache-miss
2579 http cache https://registry.npmjs.org/jackspeak 70ms (cache hit)
2580 silly packumentCache full:https://registry.npmjs.org/jackspeak set size:204267 disposed:false
2581 http cache https://registry.npmjs.org/package-json-from-dist 64ms (cache hit)
2582 silly packumentCache full:https://registry.npmjs.org/package-json-from-dist set size:8854 disposed:false
2583 http cache https://registry.npmjs.org/path-scurry 75ms (cache hit)
2584 silly packumentCache full:https://registry.npmjs.org/path-scurry set size:117612 disposed:false
2585 http cache https://registry.npmjs.org/foreground-child 72ms (cache hit)
2586 silly packumentCache full:https://registry.npmjs.org/foreground-child set size:71503 disposed:false
2587 http cache https://registry.npmjs.org/minimatch 185ms (cache hit)
2588 silly packumentCache full:https://registry.npmjs.org/minimatch set size:375282 disposed:false
2589 http cache https://registry.npmjs.org/spdx-expression-parse 197ms (cache hit)
2590 silly packumentCache full:https://registry.npmjs.org/spdx-expression-parse set size:29500 disposed:false
2591 http cache https://registry.npmjs.org/spdx-correct 200ms (cache hit)
2592 silly packumentCache full:https://registry.npmjs.org/spdx-correct set size:38642 disposed:false
2593 silly placeDep node_modules/@npmcli/promise-spawn which@5.0.0 OK for: @npmcli/promise-spawn@8.0.3 want: ^5.0.0
2594 silly placeDep ROOT @npmcli/node-gyp@4.0.0 OK for: @npmcli/run-script@9.1.0 want: ^4.0.0
2595 silly placeDep ROOT node-gyp@11.5.0 OK for: @npmcli/run-script@9.1.0 want: ^11.0.0
2596 silly placeDep node_modules/@npmcli/run-script which@5.0.0 OK for: @npmcli/run-script@9.1.0 want: ^5.0.0
2597 silly fetch manifest nopt@^8.0.0
2598 silly packumentCache full:https://registry.npmjs.org/nopt cache-miss
2599 silly fetch manifest env-paths@^2.2.0
2600 silly packumentCache full:https://registry.npmjs.org/env-paths cache-miss
2601 silly fetch manifest tinyglobby@^0.2.12
2602 silly packumentCache full:https://registry.npmjs.org/tinyglobby cache-hit
2603 silly fetch manifest make-fetch-happen@^14.0.3
2604 silly packumentCache full:https://registry.npmjs.org/make-fetch-happen cache-hit
2605 silly fetch manifest exponential-backoff@^3.1.1
2606 silly packumentCache full:https://registry.npmjs.org/exponential-backoff cache-miss
2607 http cache https://registry.npmjs.org/nopt 109ms (cache hit)
2608 silly packumentCache full:https://registry.npmjs.org/nopt set size:76735 disposed:false
2609 http cache https://registry.npmjs.org/env-paths 134ms (cache hit)
2610 silly packumentCache full:https://registry.npmjs.org/env-paths set size:26913 disposed:false
2611 http cache https://registry.npmjs.org/exponential-backoff 133ms (cache hit)
2612 silly packumentCache full:https://registry.npmjs.org/exponential-backoff set size:55896 disposed:false
2613 silly placeDep ROOT @npmcli/fs@4.0.0 OK for: cacache@19.0.1 want: ^4.0.0
2614 silly placeDep node_modules/cacache glob@10.5.0 OK for: cacache@19.0.1 want: ^10.2.2
2615 silly placeDep node_modules/cacache lru-cache@10.4.3 OK for: cacache@19.0.1 want: ^10.0.1
2616 silly placeDep ROOT minipass-collect@2.0.1 OK for: cacache@19.0.1 want: ^2.0.1
2617 silly placeDep ROOT minipass-flush@1.0.7 OK for: cacache@19.0.1 want: ^1.0.5
2618 silly placeDep ROOT minipass-pipeline@1.2.4 OK for: cacache@19.0.1 want: ^1.2.4
2619 silly placeDep ROOT p-map@7.0.4 OK for: cacache@19.0.1 want: ^7.0.2
2620 silly placeDep node_modules/cacache tar@7.5.16 OK for: cacache@19.0.1 want: ^7.4.3
2621 silly placeDep ROOT unique-filename@4.0.0 OK for: cacache@19.0.1 want: ^4.0.0
2622 silly fetch manifest minipass@^3.0.0
2623 silly packumentCache full:https://registry.npmjs.org/minipass cache-hit
2624 silly fetch manifest minipass@^3.0.0
2625 silly packumentCache full:https://registry.npmjs.org/minipass cache-hit
2626 silly fetch manifest @isaacs/fs-minipass@^4.0.0
2627 silly packumentCache full:https://registry.npmjs.org/@isaacs%2ffs-minipass cache-miss
2628 silly fetch manifest chownr@^3.0.0
2629 silly packumentCache full:https://registry.npmjs.org/chownr cache-hit
2630 silly fetch manifest minizlib@^3.1.0
2631 silly packumentCache full:https://registry.npmjs.org/minizlib cache-hit
2632 silly fetch manifest yallist@^5.0.0
2633 silly packumentCache full:https://registry.npmjs.org/yallist cache-hit
2634 silly fetch manifest unique-slug@^5.0.0
2635 silly packumentCache full:https://registry.npmjs.org/unique-slug cache-miss
2636 http cache https://registry.npmjs.org/@isaacs%2ffs-minipass 107ms (cache hit)
2637 silly packumentCache full:https://registry.npmjs.org/@isaacs%2ffs-minipass set size:7912 disposed:false
2638 http cache https://registry.npmjs.org/unique-slug 112ms (cache hit)
2639 silly packumentCache full:https://registry.npmjs.org/unique-slug set size:22992 disposed:false
2640 silly placeDep node_modules/minipass-flush minipass@3.3.6 OK for: minipass-flush@1.0.7 want: ^3.0.0
2641 silly placeDep node_modules/minipass-pipeline minipass@3.3.6 OK for: minipass-pipeline@1.2.4 want: ^3.0.0
2642 silly placeDep ROOT env-paths@2.2.1 OK for: node-gyp@11.5.0 want: ^2.2.0
2643 silly placeDep ROOT exponential-backoff@3.1.3 OK for: node-gyp@11.5.0 want: ^3.1.1
2644 silly placeDep ROOT make-fetch-happen@14.0.3 OK for: node-gyp@11.5.0 want: ^14.0.3
2645 silly placeDep ROOT nopt@8.1.0 OK for: node-gyp@11.5.0 want: ^8.0.0
2646 silly placeDep node_modules/node-gyp tar@7.5.16 OK for: node-gyp@11.5.0 want: ^7.4.3
2647 silly placeDep ROOT tinyglobby@0.2.17 OK for: node-gyp@11.5.0 want: ^0.2.12
2648 silly placeDep node_modules/node-gyp which@5.0.0 OK for: node-gyp@11.5.0 want: ^5.0.0
2649 silly fetch manifest negotiator@^1.0.0
2650 silly packumentCache full:https://registry.npmjs.org/negotiator cache-miss
2651 silly fetch manifest @npmcli/agent@^3.0.0
2652 silly packumentCache full:https://registry.npmjs.org/@npmcli%2fagent cache-miss
2653 silly fetch manifest http-cache-semantics@^4.1.1
2654 silly packumentCache full:https://registry.npmjs.org/http-cache-semantics cache-miss
2655 silly fetch manifest abbrev@^3.0.0
2656 silly packumentCache full:https://registry.npmjs.org/abbrev cache-miss
2657 silly fetch manifest fdir@^6.5.0
2658 silly packumentCache full:https://registry.npmjs.org/fdir cache-hit
2659 silly fetch manifest picomatch@^4.0.4
2660 silly packumentCache full:https://registry.npmjs.org/picomatch cache-hit
2661 http cache https://registry.npmjs.org/http-cache-semantics 44ms (cache hit)
2662 silly packumentCache full:https://registry.npmjs.org/http-cache-semantics set size:66288 disposed:false
2663 http cache https://registry.npmjs.org/@npmcli%2fagent 47ms (cache hit)
2664 silly packumentCache full:https://registry.npmjs.org/@npmcli%2fagent set size:36153 disposed:false
2665 http cache https://registry.npmjs.org/negotiator 51ms (cache hit)
2666 silly packumentCache full:https://registry.npmjs.org/negotiator set size:48046 disposed:false
2667 http cache https://registry.npmjs.org/abbrev 52ms (cache hit)
2668 silly packumentCache full:https://registry.npmjs.org/abbrev set size:24244 disposed:false
2669 silly placeDep ROOT @npmcli/agent@3.0.0 OK for: make-fetch-happen@14.0.3 want: ^3.0.0
2670 silly placeDep ROOT http-cache-semantics@4.2.0 OK for: make-fetch-happen@14.0.3 want: ^4.1.1
2671 silly placeDep ROOT minipass-fetch@4.0.1 OK for: make-fetch-happen@14.0.3 want: ^4.0.0
2672 silly placeDep ROOT negotiator@1.0.0 OK for: make-fetch-happen@14.0.3 want: ^1.0.0
2673 silly fetch manifest http-proxy-agent@^7.0.0
2674 silly packumentCache full:https://registry.npmjs.org/http-proxy-agent cache-miss
2675 silly fetch manifest socks-proxy-agent@^8.0.3
2676 silly packumentCache full:https://registry.npmjs.org/socks-proxy-agent cache-miss
2677 silly fetch manifest minipass-sized@^1.0.3
2678 silly packumentCache full:https://registry.npmjs.org/minipass-sized cache-miss
2679 silly fetch manifest encoding@^0.1.13
2680 silly packumentCache full:https://registry.npmjs.org/encoding cache-miss
2681 http cache https://registry.npmjs.org/http-proxy-agent 98ms (cache hit)
2682 silly packumentCache full:https://registry.npmjs.org/http-proxy-agent set size:57253 disposed:false
2683 http cache https://registry.npmjs.org/minipass-sized 113ms (cache hit)
2684 silly packumentCache full:https://registry.npmjs.org/minipass-sized set size:14420 disposed:false
2685 http cache https://registry.npmjs.org/socks-proxy-agent 118ms (cache hit)
2686 silly packumentCache full:https://registry.npmjs.org/socks-proxy-agent set size:108698 disposed:false
2687 http cache https://registry.npmjs.org/encoding 122ms (cache hit)
2688 silly packumentCache full:https://registry.npmjs.org/encoding set size:17833 disposed:false
2689 silly placeDep ROOT http-proxy-agent@7.0.2 OK for: @npmcli/agent@3.0.0 want: ^7.0.0
2690 silly placeDep node_modules/@npmcli/agent lru-cache@10.4.3 OK for: @npmcli/agent@3.0.0 want: ^10.0.1
2691 silly placeDep ROOT socks-proxy-agent@8.0.5 OK for: @npmcli/agent@3.0.0 want: ^8.0.3
2692 silly fetch manifest socks@^2.8.3
2693 silly packumentCache full:https://registry.npmjs.org/socks cache-miss
2694 http cache https://registry.npmjs.org/socks 100ms (cache hit)
2695 silly packumentCache full:https://registry.npmjs.org/socks set size:173143 disposed:false
2696 silly placeDep ROOT encoding@0.1.13 OK for: minipass-fetch@4.0.1 want: ^0.1.13
2697 silly placeDep ROOT minipass-sized@1.0.3 OK for: minipass-fetch@4.0.1 want: ^1.0.3
2698 silly placeDep ROOT minizlib@3.1.0 OK for: minipass-fetch@4.0.1 want: ^3.0.1
2699 silly fetch manifest iconv-lite@^0.6.2
2700 silly packumentCache full:https://registry.npmjs.org/iconv-lite cache-hit
2701 silly placeDep node_modules/encoding iconv-lite@0.6.3 OK for: encoding@0.1.13 want: ^0.6.2
2702 silly placeDep node_modules/minipass-sized minipass@3.3.6 OK for: minipass-sized@1.0.3 want: ^3.0.0
2703 silly placeDep ROOT abbrev@3.0.1 OK for: nopt@8.1.0 want: ^3.0.0
2704 silly placeDep ROOT ignore-walk@7.0.0 OK for: npm-packlist@9.0.0 want: ^7.0.0
2705 silly fetch manifest minimatch@^9.0.0
2706 silly packumentCache full:https://registry.npmjs.org/minimatch cache-hit
2707 silly placeDep node_modules/ignore-walk minimatch@9.0.9 OK for: ignore-walk@7.0.0 want: ^9.0.0
2708 silly fetch manifest brace-expansion@^2.0.2
2709 silly packumentCache full:https://registry.npmjs.org/brace-expansion cache-miss
2710 http cache https://registry.npmjs.org/brace-expansion 81ms (cache hit)
2711 silly packumentCache full:https://registry.npmjs.org/brace-expansion set size:72152 disposed:false
2712 silly placeDep ROOT @npmcli/redact@3.2.2 OK for: npm-registry-fetch@18.0.2 want: ^3.0.0
2713 silly placeDep ROOT jsonparse@1.3.1 OK for: npm-registry-fetch@18.0.2 want: ^1.3.1
2714 silly placeDep ROOT parse5-sax-parser@7.0.0 OK for: parse5-html-rewriting-stream@7.0.0 want: ^7.0.0
2715 silly placeDep ROOT @napi-rs/nice@1.1.1 OK for: piscina@4.8.0 want: ^1.0.1
2716 silly fetch manifest @napi-rs/nice-darwin-x64@1.1.1
2717 silly packumentCache full:https://registry.npmjs.org/@napi-rs%2fnice-darwin-x64 cache-miss
2718 silly fetch manifest @napi-rs/nice-darwin-arm64@1.1.1
2719 silly packumentCache full:https://registry.npmjs.org/@napi-rs%2fnice-darwin-arm64 cache-miss
2720 silly fetch manifest @napi-rs/nice-linux-x64-gnu@1.1.1
2721 silly packumentCache full:https://registry.npmjs.org/@napi-rs%2fnice-linux-x64-gnu cache-miss
2722 silly fetch manifest @napi-rs/nice-win32-x64-msvc@1.1.1
2723 silly packumentCache full:https://registry.npmjs.org/@napi-rs%2fnice-win32-x64-msvc cache-miss
2724 silly fetch manifest @napi-rs/nice-linux-x64-musl@1.1.1
2725 silly packumentCache full:https://registry.npmjs.org/@napi-rs%2fnice-linux-x64-musl cache-miss
2726 silly fetch manifest @napi-rs/nice-linux-arm64-gnu@1.1.1
2727 silly packumentCache full:https://registry.npmjs.org/@napi-rs%2fnice-linux-arm64-gnu cache-miss
2728 silly fetch manifest @napi-rs/nice-win32-ia32-msvc@1.1.1
2729 silly packumentCache full:https://registry.npmjs.org/@napi-rs%2fnice-win32-ia32-msvc cache-miss
2730 http cache https://registry.npmjs.org/@napi-rs%2fnice-darwin-x64 149ms (cache hit)
2731 silly packumentCache full:https://registry.npmjs.org/@napi-rs%2fnice-darwin-x64 set size:11922 disposed:false
2732 silly fetch manifest @napi-rs/nice-linux-arm-gnueabihf@1.1.1
2733 silly packumentCache full:https://registry.npmjs.org/@napi-rs%2fnice-linux-arm-gnueabihf cache-miss
2734 http cache https://registry.npmjs.org/@napi-rs%2fnice-linux-x64-gnu 152ms (cache hit)
2735 silly packumentCache full:https://registry.npmjs.org/@napi-rs%2fnice-linux-x64-gnu set size:10229 disposed:false
2736 silly fetch manifest @napi-rs/nice-android-arm64@1.1.1
2737 silly packumentCache full:https://registry.npmjs.org/@napi-rs%2fnice-android-arm64 cache-miss
2738 http cache https://registry.npmjs.org/@napi-rs%2fnice-linux-arm64-gnu 162ms (cache hit)
2739 silly packumentCache full:https://registry.npmjs.org/@napi-rs%2fnice-linux-arm64-gnu set size:10318 disposed:false
2740 silly fetch manifest @napi-rs/nice-freebsd-x64@1.1.1
2741 silly packumentCache full:https://registry.npmjs.org/@napi-rs%2fnice-freebsd-x64 cache-miss
2742 http cache https://registry.npmjs.org/@napi-rs%2fnice-darwin-arm64 183ms (cache hit)
2743 silly packumentCache full:https://registry.npmjs.org/@napi-rs%2fnice-darwin-arm64 set size:10116 disposed:false
2744 silly fetch manifest @napi-rs/nice-linux-arm64-musl@1.1.1
2745 silly packumentCache full:https://registry.npmjs.org/@napi-rs%2fnice-linux-arm64-musl cache-miss
2746 http cache https://registry.npmjs.org/@napi-rs%2fnice-win32-x64-msvc 225ms (cache hit)
2747 silly packumentCache full:https://registry.npmjs.org/@napi-rs%2fnice-win32-x64-msvc set size:10178 disposed:false
2748 silly fetch manifest @napi-rs/nice-android-arm-eabi@1.1.1
2749 silly packumentCache full:https://registry.npmjs.org/@napi-rs%2fnice-android-arm-eabi cache-miss
2750 http cache https://registry.npmjs.org/@napi-rs%2fnice-win32-ia32-msvc 241ms (cache hit)
2751 silly packumentCache full:https://registry.npmjs.org/@napi-rs%2fnice-win32-ia32-msvc set size:10218 disposed:false
2752 silly fetch manifest @napi-rs/nice-win32-arm64-msvc@1.1.1
2753 silly packumentCache full:https://registry.npmjs.org/@napi-rs%2fnice-win32-arm64-msvc cache-miss
2754 http cache https://registry.npmjs.org/@napi-rs%2fnice-linux-x64-musl 250ms (cache hit)
2755 silly packumentCache full:https://registry.npmjs.org/@napi-rs%2fnice-linux-x64-musl set size:10262 disposed:false
2756 silly fetch manifest @napi-rs/nice-linux-ppc64-gnu@1.1.1
2757 silly packumentCache full:https://registry.npmjs.org/@napi-rs%2fnice-linux-ppc64-gnu cache-miss
2758 http cache https://registry.npmjs.org/@napi-rs%2fnice-android-arm64 209ms (cache hit)
2759 silly packumentCache full:https://registry.npmjs.org/@napi-rs%2fnice-android-arm64 set size:10160 disposed:false
2760 silly fetch manifest @napi-rs/nice-linux-s390x-gnu@1.1.1
2761 silly packumentCache full:https://registry.npmjs.org/@napi-rs%2fnice-linux-s390x-gnu cache-miss
2762 http cache https://registry.npmjs.org/@napi-rs%2fnice-freebsd-x64 202ms (cache hit)
2763 silly packumentCache full:https://registry.npmjs.org/@napi-rs%2fnice-freebsd-x64 set size:10075 disposed:false
2764 silly fetch manifest @napi-rs/nice-linux-riscv64-gnu@1.1.1
2765 silly packumentCache full:https://registry.npmjs.org/@napi-rs%2fnice-linux-riscv64-gnu cache-miss
2766 http cache https://registry.npmjs.org/@napi-rs%2fnice-linux-arm64-musl 154ms (cache hit)
2767 silly packumentCache full:https://registry.npmjs.org/@napi-rs%2fnice-linux-arm64-musl set size:10350 disposed:false
2768 silly fetch manifest @napi-rs/nice-openharmony-arm64@1.1.1
2769 silly packumentCache full:https://registry.npmjs.org/@napi-rs%2fnice-openharmony-arm64 cache-miss
2770 http cache https://registry.npmjs.org/@napi-rs%2fnice-linux-arm-gnueabihf 241ms (cache hit)
2771 silly packumentCache full:https://registry.npmjs.org/@napi-rs%2fnice-linux-arm-gnueabihf set size:10376 disposed:false
2772 http cache https://registry.npmjs.org/@napi-rs%2fnice-linux-ppc64-gnu 141ms (cache hit)
2773 silly packumentCache full:https://registry.npmjs.org/@napi-rs%2fnice-linux-ppc64-gnu set size:8493 disposed:false
2774 http cache https://registry.npmjs.org/@napi-rs%2fnice-android-arm-eabi 156ms (cache hit)
2775 silly packumentCache full:https://registry.npmjs.org/@napi-rs%2fnice-android-arm-eabi set size:10267 disposed:false
2776 http cache https://registry.npmjs.org/@napi-rs%2fnice-win32-arm64-msvc 152ms (cache hit)
2777 silly packumentCache full:https://registry.npmjs.org/@napi-rs%2fnice-win32-arm64-msvc set size:10263 disposed:false
2778 http cache https://registry.npmjs.org/@napi-rs%2fnice-linux-s390x-gnu 54ms (cache hit)
2779 silly packumentCache full:https://registry.npmjs.org/@napi-rs%2fnice-linux-s390x-gnu set size:8487 disposed:false
2780 http cache https://registry.npmjs.org/@napi-rs%2fnice-linux-riscv64-gnu 53ms (cache hit)
2781 silly packumentCache full:https://registry.npmjs.org/@napi-rs%2fnice-linux-riscv64-gnu set size:8562 disposed:false
2782 http cache https://registry.npmjs.org/@napi-rs%2fnice-openharmony-arm64 40ms (cache hit)
2783 silly packumentCache full:https://registry.npmjs.org/@napi-rs%2fnice-openharmony-arm64 set size:4506 disposed:false
2784 silly placeDep ROOT @napi-rs/nice-android-arm-eabi@1.1.1 OK for: @napi-rs/nice@1.1.1 want: 1.1.1
2785 silly placeDep ROOT @napi-rs/nice-android-arm64@1.1.1 OK for: @napi-rs/nice@1.1.1 want: 1.1.1
2786 silly placeDep ROOT @napi-rs/nice-darwin-arm64@1.1.1 OK for: @napi-rs/nice@1.1.1 want: 1.1.1
2787 silly placeDep ROOT @napi-rs/nice-darwin-x64@1.1.1 OK for: @napi-rs/nice@1.1.1 want: 1.1.1
2788 silly placeDep ROOT @napi-rs/nice-freebsd-x64@1.1.1 OK for: @napi-rs/nice@1.1.1 want: 1.1.1
2789 silly placeDep ROOT @napi-rs/nice-linux-arm-gnueabihf@1.1.1 OK for: @napi-rs/nice@1.1.1 want: 1.1.1
2790 silly placeDep ROOT @napi-rs/nice-linux-arm64-gnu@1.1.1 OK for: @napi-rs/nice@1.1.1 want: 1.1.1
2791 silly placeDep ROOT @napi-rs/nice-linux-arm64-musl@1.1.1 OK for: @napi-rs/nice@1.1.1 want: 1.1.1
2792 silly placeDep ROOT @napi-rs/nice-linux-ppc64-gnu@1.1.1 OK for: @napi-rs/nice@1.1.1 want: 1.1.1
2793 silly placeDep ROOT @napi-rs/nice-linux-riscv64-gnu@1.1.1 OK for: @napi-rs/nice@1.1.1 want: 1.1.1
2794 silly placeDep ROOT @napi-rs/nice-linux-s390x-gnu@1.1.1 OK for: @napi-rs/nice@1.1.1 want: 1.1.1
2795 silly placeDep ROOT @napi-rs/nice-linux-x64-gnu@1.1.1 OK for: @napi-rs/nice@1.1.1 want: 1.1.1
2796 silly placeDep ROOT @napi-rs/nice-linux-x64-musl@1.1.1 OK for: @napi-rs/nice@1.1.1 want: 1.1.1
2797 silly placeDep ROOT @napi-rs/nice-openharmony-arm64@1.1.1 OK for: @napi-rs/nice@1.1.1 want: 1.1.1
2798 silly placeDep ROOT @napi-rs/nice-win32-arm64-msvc@1.1.1 OK for: @napi-rs/nice@1.1.1 want: 1.1.1
2799 silly placeDep ROOT @napi-rs/nice-win32-ia32-msvc@1.1.1 OK for: @napi-rs/nice@1.1.1 want: 1.1.1
2800 silly placeDep ROOT @napi-rs/nice-win32-x64-msvc@1.1.1 OK for: @napi-rs/nice@1.1.1 want: 1.1.1
2801 silly placeDep ROOT find-up@6.3.0 OK for: pkg-dir@7.0.0 want: ^6.3.0
2802 silly fetch manifest locate-path@^7.1.0
2803 silly packumentCache full:https://registry.npmjs.org/locate-path cache-miss
2804 silly fetch manifest path-exists@^5.0.0
2805 silly packumentCache full:https://registry.npmjs.org/path-exists cache-miss
2806 http cache https://registry.npmjs.org/path-exists 37ms (cache hit)
2807 silly packumentCache full:https://registry.npmjs.org/path-exists set size:13704 disposed:false
2808 http cache https://registry.npmjs.org/locate-path 43ms (cache hit)
2809 silly packumentCache full:https://registry.npmjs.org/locate-path set size:31329 disposed:false
2810 silly placeDep ROOT locate-path@7.2.0 OK for: find-up@6.3.0 want: ^7.1.0
2811 silly placeDep ROOT path-exists@5.0.0 OK for: find-up@6.3.0 want: ^5.0.0
2812 silly fetch manifest p-locate@^6.0.0
2813 silly packumentCache full:https://registry.npmjs.org/p-locate cache-miss
2814 http cache https://registry.npmjs.org/p-locate 28ms (cache hit)
2815 silly packumentCache full:https://registry.npmjs.org/p-locate set size:22488 disposed:false
2816 silly placeDep ROOT p-locate@6.0.0 OK for: locate-path@7.2.0 want: ^6.0.0
2817 silly fetch manifest p-limit@^4.0.0
2818 silly packumentCache full:https://registry.npmjs.org/p-limit cache-miss
2819 http cache https://registry.npmjs.org/p-limit 20ms (cache hit)
2820 silly packumentCache full:https://registry.npmjs.org/p-limit set size:61867 disposed:false
2821 silly placeDep ROOT p-limit@4.0.0 OK for: p-locate@6.0.0 want: ^4.0.0
2822 silly fetch manifest yocto-queue@^1.0.0
2823 silly packumentCache full:https://registry.npmjs.org/yocto-queue cache-miss
2824 http cache https://registry.npmjs.org/yocto-queue 31ms (cache hit)
2825 silly packumentCache full:https://registry.npmjs.org/yocto-queue set size:20256 disposed:false
2826 silly placeDep ROOT yocto-queue@1.2.2 OK for: p-limit@4.0.0 want: ^1.0.0
2827 silly placeDep ROOT cosmiconfig@9.0.2 OK for: postcss-loader@8.1.1 want: ^9.0.0
2828 silly placeDep ROOT jiti@1.21.7 OK for: postcss-loader@8.1.1 want: ^1.20.0
2829 silly fetch manifest js-yaml@^4.1.0
2830 silly packumentCache full:https://registry.npmjs.org/js-yaml cache-miss
2831 silly fetch manifest parse-json@^5.2.0
2832 silly packumentCache full:https://registry.npmjs.org/parse-json cache-miss
2833 silly fetch manifest import-fresh@^3.3.0
2834 silly packumentCache full:https://registry.npmjs.org/import-fresh cache-miss
2835 http cache https://registry.npmjs.org/js-yaml 83ms (cache hit)
2836 silly packumentCache full:https://registry.npmjs.org/js-yaml set size:152841 disposed:false
2837 http cache https://registry.npmjs.org/parse-json 90ms (cache hit)
2838 silly packumentCache full:https://registry.npmjs.org/parse-json set size:48198 disposed:false
2839 http cache https://registry.npmjs.org/import-fresh 92ms (cache hit)
2840 silly packumentCache full:https://registry.npmjs.org/import-fresh set size:24604 disposed:false
2841 silly placeDep ROOT import-fresh@3.3.1 OK for: cosmiconfig@9.0.2 want: ^3.3.0
2842 silly placeDep ROOT js-yaml@4.2.0 OK for: cosmiconfig@9.0.2 want: ^4.1.0
2843 silly placeDep ROOT parse-json@5.2.0 OK for: cosmiconfig@9.0.2 want: ^5.2.0
2844 silly fetch manifest resolve-from@^4.0.0
2845 silly packumentCache full:https://registry.npmjs.org/resolve-from cache-miss
2846 silly fetch manifest parent-module@^1.0.0
2847 silly packumentCache full:https://registry.npmjs.org/parent-module cache-miss
2848 silly fetch manifest argparse@^2.0.1
2849 silly packumentCache full:https://registry.npmjs.org/argparse cache-miss
2850 silly fetch manifest error-ex@^1.3.1
2851 silly packumentCache full:https://registry.npmjs.org/error-ex cache-miss
2852 silly fetch manifest lines-and-columns@^1.1.6
2853 silly packumentCache full:https://registry.npmjs.org/lines-and-columns cache-miss
2854 silly fetch manifest json-parse-even-better-errors@^2.3.0
2855 silly packumentCache full:https://registry.npmjs.org/json-parse-even-better-errors cache-hit
2856 http cache https://registry.npmjs.org/error-ex 29ms (cache hit)
2857 silly packumentCache full:https://registry.npmjs.org/error-ex set size:31684 disposed:false
2858 http cache https://registry.npmjs.org/parent-module 55ms (cache hit)
2859 silly packumentCache full:https://registry.npmjs.org/parent-module set size:18255 disposed:false
2860 http cache https://registry.npmjs.org/resolve-from 68ms (cache hit)
2861 silly packumentCache full:https://registry.npmjs.org/resolve-from set size:12911 disposed:false
2862 http cache https://registry.npmjs.org/lines-and-columns 68ms (cache hit)
2863 silly packumentCache full:https://registry.npmjs.org/lines-and-columns set size:73796 disposed:false
2864 http cache https://registry.npmjs.org/argparse 92ms (cache hit)
2865 silly packumentCache full:https://registry.npmjs.org/argparse set size:49266 disposed:false
2866 silly placeDep ROOT parent-module@1.0.1 OK for: import-fresh@3.3.1 want: ^1.0.0
2867 silly placeDep ROOT resolve-from@4.0.0 OK for: import-fresh@3.3.1 want: ^4.0.0
2868 silly fetch manifest callsites@^3.0.0
2869 silly packumentCache full:https://registry.npmjs.org/callsites cache-miss
2870 http cache https://registry.npmjs.org/callsites 24ms (cache hit)
2871 silly packumentCache full:https://registry.npmjs.org/callsites set size:21349 disposed:false
2872 silly placeDep ROOT argparse@2.0.1 OK for: js-yaml@4.2.0 want: ^2.0.1
2873 silly placeDep ROOT callsites@3.1.0 OK for: parent-module@1.0.1 want: ^3.0.0
2874 silly placeDep ROOT error-ex@1.3.4 OK for: parse-json@5.2.0 want: ^1.3.1
2875 silly placeDep node_modules/parse-json json-parse-even-better-errors@2.3.1 OK for: parse-json@5.2.0 want: ^2.3.0
2876 silly placeDep ROOT lines-and-columns@1.2.4 OK for: parse-json@5.2.0 want: ^1.1.6
2877 silly fetch manifest is-arrayish@^0.2.1
2878 silly packumentCache full:https://registry.npmjs.org/is-arrayish cache-miss
2879 http cache https://registry.npmjs.org/is-arrayish 13ms (cache hit)
2880 silly packumentCache full:https://registry.npmjs.org/is-arrayish set size:15371 disposed:false
2881 silly placeDep ROOT is-arrayish@0.2.1 OK for: error-ex@1.3.4 want: ^0.2.1
2882 silly placeDep ROOT postcss-selector-parser@7.1.2 OK for: postcss-modules-local-by-default@4.2.0 want: ^7.0.0
2883 silly fetch manifest cssesc@^3.0.0
2884 silly packumentCache full:https://registry.npmjs.org/cssesc cache-miss
2885 http cache https://registry.npmjs.org/cssesc 14ms (cache hit)
2886 silly packumentCache full:https://registry.npmjs.org/cssesc set size:18815 disposed:false
2887 silly placeDep ROOT cssesc@3.0.0 OK for: postcss-selector-parser@7.1.2 want: ^3.0.0
2888 silly placeDep ROOT err-code@2.0.3 OK for: promise-retry@2.0.1 want: ^2.0.2
2889 silly placeDep ROOT retry@0.12.0 OK for: promise-retry@2.0.1 want: ^0.12.0
2890 silly placeDep ROOT regenerate@1.4.2 OK for: regexpu-core@6.4.0 want: ^1.4.2
2891 silly placeDep ROOT regenerate-unicode-properties@10.2.2 OK for: regexpu-core@6.4.0 want: ^10.2.2
2892 silly placeDep ROOT regjsgen@0.8.0 OK for: regexpu-core@6.4.0 want: ^0.8.0
2893 silly placeDep ROOT regjsparser@0.13.1 OK for: regexpu-core@6.4.0 want: ^0.13.0
2894 silly placeDep ROOT unicode-match-property-ecmascript@2.0.0 OK for: regexpu-core@6.4.0 want: ^2.0.0
2895 silly placeDep ROOT unicode-match-property-value-ecmascript@2.2.1 OK for: regexpu-core@6.4.0 want: ^2.2.1
2896 silly fetch manifest unicode-canonical-property-names-ecmascript@^2.0.0
2897 silly packumentCache full:https://registry.npmjs.org/unicode-canonical-property-names-ecmascript cache-miss
2898 silly fetch manifest unicode-property-aliases-ecmascript@^2.0.0
2899 silly packumentCache full:https://registry.npmjs.org/unicode-property-aliases-ecmascript cache-miss
2900 http cache https://registry.npmjs.org/unicode-canonical-property-names-ecmascript 19ms (cache hit)
2901 silly packumentCache full:https://registry.npmjs.org/unicode-canonical-property-names-ecmascript set size:17227 disposed:false
2902 http cache https://registry.npmjs.org/unicode-property-aliases-ecmascript 23ms (cache hit)
2903 silly packumentCache full:https://registry.npmjs.org/unicode-property-aliases-ecmascript set size:28095 disposed:false
2904 silly placeDep ROOT is-core-module@2.16.2 OK for: resolve@1.22.10 want: ^2.16.0
2905 silly placeDep ROOT path-parse@1.0.7 OK for: resolve@1.22.10 want: ^1.0.7
2906 silly placeDep ROOT supports-preserve-symlinks-flag@1.0.0 OK for: resolve@1.22.10 want: ^1.0.0
2907 silly fetch manifest hasown@^2.0.3
2908 silly packumentCache full:https://registry.npmjs.org/hasown cache-miss
2909 http cache https://registry.npmjs.org/hasown 23ms (cache hit)
2910 silly packumentCache full:https://registry.npmjs.org/hasown set size:18361 disposed:false
2911 silly placeDep ROOT hasown@2.0.4 REPLACE for: is-core-module@2.16.2 want: ^2.0.3
2912 silly placeDep ROOT @rollup/rollup-android-arm-eabi@4.59.0 OK for: rollup@4.59.0 want: 4.59.0
2913 silly placeDep ROOT @rollup/rollup-android-arm64@4.59.0 OK for: rollup@4.59.0 want: 4.59.0
2914 silly placeDep ROOT @rollup/rollup-darwin-arm64@4.59.0 OK for: rollup@4.59.0 want: 4.59.0
2915 silly placeDep ROOT @rollup/rollup-darwin-x64@4.59.0 OK for: rollup@4.59.0 want: 4.59.0
2916 silly placeDep ROOT @rollup/rollup-freebsd-arm64@4.59.0 OK for: rollup@4.59.0 want: 4.59.0
2917 silly placeDep ROOT @rollup/rollup-freebsd-x64@4.59.0 OK for: rollup@4.59.0 want: 4.59.0
2918 silly placeDep ROOT @rollup/rollup-linux-arm-gnueabihf@4.59.0 OK for: rollup@4.59.0 want: 4.59.0
2919 silly placeDep ROOT @rollup/rollup-linux-arm-musleabihf@4.59.0 OK for: rollup@4.59.0 want: 4.59.0
2920 silly placeDep ROOT @rollup/rollup-linux-arm64-gnu@4.59.0 OK for: rollup@4.59.0 want: 4.59.0
2921 silly placeDep ROOT @rollup/rollup-linux-arm64-musl@4.59.0 OK for: rollup@4.59.0 want: 4.59.0
2922 silly placeDep ROOT @rollup/rollup-linux-loong64-gnu@4.59.0 OK for: rollup@4.59.0 want: 4.59.0
2923 silly placeDep ROOT @rollup/rollup-linux-loong64-musl@4.59.0 OK for: rollup@4.59.0 want: 4.59.0
2924 silly placeDep ROOT @rollup/rollup-linux-ppc64-gnu@4.59.0 OK for: rollup@4.59.0 want: 4.59.0
2925 silly placeDep ROOT @rollup/rollup-linux-ppc64-musl@4.59.0 OK for: rollup@4.59.0 want: 4.59.0
2926 silly placeDep ROOT @rollup/rollup-linux-riscv64-gnu@4.59.0 OK for: rollup@4.59.0 want: 4.59.0
2927 silly placeDep ROOT @rollup/rollup-linux-riscv64-musl@4.59.0 OK for: rollup@4.59.0 want: 4.59.0
2928 silly placeDep ROOT @rollup/rollup-linux-s390x-gnu@4.59.0 OK for: rollup@4.59.0 want: 4.59.0
2929 silly placeDep ROOT @rollup/rollup-linux-x64-gnu@4.59.0 OK for: rollup@4.59.0 want: 4.59.0
2930 silly placeDep ROOT @rollup/rollup-linux-x64-musl@4.59.0 OK for: rollup@4.59.0 want: 4.59.0
2931 silly placeDep ROOT @rollup/rollup-openbsd-x64@4.59.0 OK for: rollup@4.59.0 want: 4.59.0
2932 silly placeDep ROOT @rollup/rollup-openharmony-arm64@4.59.0 OK for: rollup@4.59.0 want: 4.59.0
2933 silly placeDep ROOT @rollup/rollup-win32-arm64-msvc@4.59.0 OK for: rollup@4.59.0 want: 4.59.0
2934 silly placeDep ROOT @rollup/rollup-win32-ia32-msvc@4.59.0 OK for: rollup@4.59.0 want: 4.59.0
2935 silly placeDep ROOT @rollup/rollup-win32-x64-gnu@4.59.0 OK for: rollup@4.59.0 want: 4.59.0
2936 silly placeDep ROOT @rollup/rollup-win32-x64-msvc@4.59.0 OK for: rollup@4.59.0 want: 4.59.0
2937 silly placeDep ROOT @types/estree@1.0.8 OK for: rollup@4.59.0 want: 1.0.8
2938 silly placeDep ROOT queue-microtask@1.2.3 OK for: run-parallel@1.2.0 want: ^1.2.2
2939 silly placeDep ROOT @parcel/watcher@2.5.6 OK for: sass@1.85.0 want: ^2.4.1
2940 silly placeDep node_modules/sass chokidar@4.0.3 OK for: sass@1.85.0 want: ^4.0.0
2941 silly placeDep ROOT immutable@5.1.6 OK for: sass@1.85.0 want: ^5.0.2
2942 silly fetch manifest node-addon-api@^7.0.0
2943 silly packumentCache full:https://registry.npmjs.org/node-addon-api cache-hit
2944 silly fetch manifest picomatch@^4.0.3
2945 silly packumentCache full:https://registry.npmjs.org/picomatch cache-hit
2946 silly fetch manifest @parcel/watcher-darwin-x64@2.5.6
2947 silly packumentCache full:https://registry.npmjs.org/@parcel%2fwatcher-darwin-x64 cache-miss
2948 silly fetch manifest @parcel/watcher-darwin-arm64@2.5.6
2949 silly packumentCache full:https://registry.npmjs.org/@parcel%2fwatcher-darwin-arm64 cache-miss
2950 silly fetch manifest @parcel/watcher-win32-x64@2.5.6
2951 silly packumentCache full:https://registry.npmjs.org/@parcel%2fwatcher-win32-x64 cache-miss
2952 silly fetch manifest @parcel/watcher-win32-arm64@2.5.6
2953 silly packumentCache full:https://registry.npmjs.org/@parcel%2fwatcher-win32-arm64 cache-miss
2954 silly fetch manifest @parcel/watcher-win32-ia32@2.5.6
2955 silly packumentCache full:https://registry.npmjs.org/@parcel%2fwatcher-win32-ia32 cache-miss
2956 silly fetch manifest @parcel/watcher-linux-x64-glibc@2.5.6
2957 silly packumentCache full:https://registry.npmjs.org/@parcel%2fwatcher-linux-x64-glibc cache-miss
2958 silly fetch manifest @parcel/watcher-linux-x64-musl@2.5.6
2959 silly packumentCache full:https://registry.npmjs.org/@parcel%2fwatcher-linux-x64-musl cache-miss
2960 http cache https://registry.npmjs.org/@parcel%2fwatcher-linux-x64-glibc 61ms (cache hit)
2961 silly packumentCache full:https://registry.npmjs.org/@parcel%2fwatcher-linux-x64-glibc set size:27128 disposed:false
2962 silly fetch manifest @parcel/watcher-linux-arm64-glibc@2.5.6
2963 silly packumentCache full:https://registry.npmjs.org/@parcel%2fwatcher-linux-arm64-glibc cache-miss
2964 http cache https://registry.npmjs.org/@parcel%2fwatcher-darwin-x64 79ms (cache hit)
2965 silly packumentCache full:https://registry.npmjs.org/@parcel%2fwatcher-darwin-x64 set size:26457 disposed:false
2966 silly fetch manifest @parcel/watcher-linux-arm64-musl@2.5.6
2967 silly packumentCache full:https://registry.npmjs.org/@parcel%2fwatcher-linux-arm64-musl cache-miss
2968 http cache https://registry.npmjs.org/@parcel%2fwatcher-win32-x64 90ms (cache hit)
2969 silly packumentCache full:https://registry.npmjs.org/@parcel%2fwatcher-win32-x64 set size:26356 disposed:false
2970 silly fetch manifest @parcel/watcher-linux-arm-glibc@2.5.6
2971 silly packumentCache full:https://registry.npmjs.org/@parcel%2fwatcher-linux-arm-glibc cache-miss
2972 http cache https://registry.npmjs.org/@parcel%2fwatcher-win32-ia32 91ms (cache hit)
2973 silly packumentCache full:https://registry.npmjs.org/@parcel%2fwatcher-win32-ia32 set size:20007 disposed:false
2974 silly fetch manifest @parcel/watcher-linux-arm-musl@2.5.6
2975 silly packumentCache full:https://registry.npmjs.org/@parcel%2fwatcher-linux-arm-musl cache-miss
2976 http cache https://registry.npmjs.org/@parcel%2fwatcher-win32-arm64 95ms (cache hit)
2977 silly packumentCache full:https://registry.npmjs.org/@parcel%2fwatcher-win32-arm64 set size:24926 disposed:false
2978 silly fetch manifest @parcel/watcher-android-arm64@2.5.6
2979 silly packumentCache full:https://registry.npmjs.org/@parcel%2fwatcher-android-arm64 cache-miss
2980 http cache https://registry.npmjs.org/@parcel%2fwatcher-darwin-arm64 100ms (cache hit)
2981 silly packumentCache full:https://registry.npmjs.org/@parcel%2fwatcher-darwin-arm64 set size:26656 disposed:false
2982 silly fetch manifest @parcel/watcher-freebsd-x64@2.5.6
2983 silly packumentCache full:https://registry.npmjs.org/@parcel%2fwatcher-freebsd-x64 cache-miss
2984 http cache https://registry.npmjs.org/@parcel%2fwatcher-linux-x64-musl 98ms (cache hit)
2985 silly packumentCache full:https://registry.npmjs.org/@parcel%2fwatcher-linux-x64-musl set size:27028 disposed:false
2986 http cache https://registry.npmjs.org/@parcel%2fwatcher-linux-arm64-glibc 167ms (cache hit)
2987 silly packumentCache full:https://registry.npmjs.org/@parcel%2fwatcher-linux-arm64-glibc set size:27327 disposed:false
2988 http cache https://registry.npmjs.org/@parcel%2fwatcher-linux-arm64-musl 179ms (cache hit)
2989 silly packumentCache full:https://registry.npmjs.org/@parcel%2fwatcher-linux-arm64-musl set size:27225 disposed:false
2990 http cache https://registry.npmjs.org/@parcel%2fwatcher-freebsd-x64 187ms (cache hit)
2991 silly packumentCache full:https://registry.npmjs.org/@parcel%2fwatcher-freebsd-x64 set size:20079 disposed:false
2992 http cache https://registry.npmjs.org/@parcel%2fwatcher-linux-arm-glibc 208ms (cache hit)
2993 silly packumentCache full:https://registry.npmjs.org/@parcel%2fwatcher-linux-arm-glibc set size:27125 disposed:false
2994 http cache https://registry.npmjs.org/@parcel%2fwatcher-linux-arm-musl 209ms (cache hit)
2995 silly packumentCache full:https://registry.npmjs.org/@parcel%2fwatcher-linux-arm-musl set size:7305 disposed:false
2996 http cache https://registry.npmjs.org/@parcel%2fwatcher-android-arm64 209ms (cache hit)
2997 silly packumentCache full:https://registry.npmjs.org/@parcel%2fwatcher-android-arm64 set size:25111 disposed:false
2998 silly placeDep ROOT @parcel/watcher-android-arm64@2.5.6 OK for: @parcel/watcher@2.5.6 want: 2.5.6
2999 silly placeDep ROOT @parcel/watcher-darwin-arm64@2.5.6 OK for: @parcel/watcher@2.5.6 want: 2.5.6
3000 silly placeDep ROOT @parcel/watcher-darwin-x64@2.5.6 OK for: @parcel/watcher@2.5.6 want: 2.5.6
3001 silly placeDep ROOT @parcel/watcher-freebsd-x64@2.5.6 OK for: @parcel/watcher@2.5.6 want: 2.5.6
3002 silly placeDep ROOT @parcel/watcher-linux-arm-glibc@2.5.6 OK for: @parcel/watcher@2.5.6 want: 2.5.6
3003 silly placeDep ROOT @parcel/watcher-linux-arm-musl@2.5.6 OK for: @parcel/watcher@2.5.6 want: 2.5.6
3004 silly placeDep ROOT @parcel/watcher-linux-arm64-glibc@2.5.6 OK for: @parcel/watcher@2.5.6 want: 2.5.6
3005 silly placeDep ROOT @parcel/watcher-linux-arm64-musl@2.5.6 OK for: @parcel/watcher@2.5.6 want: 2.5.6
3006 silly placeDep ROOT @parcel/watcher-linux-x64-glibc@2.5.6 OK for: @parcel/watcher@2.5.6 want: 2.5.6
3007 silly placeDep ROOT @parcel/watcher-linux-x64-musl@2.5.6 OK for: @parcel/watcher@2.5.6 want: 2.5.6
3008 silly placeDep ROOT @parcel/watcher-win32-arm64@2.5.6 OK for: @parcel/watcher@2.5.6 want: 2.5.6
3009 silly placeDep ROOT @parcel/watcher-win32-ia32@2.5.6 OK for: @parcel/watcher@2.5.6 want: 2.5.6
3010 silly placeDep ROOT @parcel/watcher-win32-x64@2.5.6 OK for: @parcel/watcher@2.5.6 want: 2.5.6
3011 silly placeDep node_modules/@parcel/watcher node-addon-api@7.1.1 OK for: @parcel/watcher@2.5.6 want: ^7.0.0
3012 silly placeDep node_modules/@parcel/watcher picomatch@4.0.4 OK for: @parcel/watcher@2.5.6 want: ^4.0.3
3013 silly placeDep ROOT neo-async@2.6.2 OK for: sass-loader@16.0.5 want: ^2.6.2
3014 silly placeDep ROOT @types/json-schema@7.0.15 OK for: schema-utils@4.3.3 want: ^7.0.9
3015 silly placeDep node_modules/schema-utils ajv-formats@2.1.1 OK for: schema-utils@4.3.3 want: ^2.1.1
3016 silly placeDep ROOT ajv-keywords@5.1.0 OK for: schema-utils@4.3.3 want: ^5.1.0
3017 silly placeDep ROOT randombytes@2.1.0 OK for: serialize-javascript@6.0.2 want: ^2.1.0
3018 silly placeDep ROOT @sigstore/bundle@3.1.0 OK for: sigstore@3.1.0 want: ^3.1.0
3019 silly placeDep ROOT @sigstore/core@2.0.0 OK for: sigstore@3.1.0 want: ^2.0.0
3020 silly placeDep ROOT @sigstore/protobuf-specs@0.4.3 OK for: sigstore@3.1.0 want: ^0.4.0
3021 silly placeDep ROOT @sigstore/sign@3.1.0 OK for: sigstore@3.1.0 want: ^3.1.0
3022 silly placeDep ROOT @sigstore/tuf@3.1.1 OK for: sigstore@3.1.0 want: ^3.1.0
3023 silly placeDep ROOT @sigstore/verify@2.1.1 OK for: sigstore@3.1.0 want: ^2.1.0
3024 silly fetch manifest tuf-js@^3.0.1
3025 silly packumentCache full:https://registry.npmjs.org/tuf-js cache-miss
3026 http cache https://registry.npmjs.org/tuf-js 219ms (cache hit)
3027 silly packumentCache full:https://registry.npmjs.org/tuf-js set size:69593 disposed:false
3028 silly placeDep ROOT tuf-js@3.1.0 OK for: @sigstore/tuf@3.1.1 want: ^3.0.1
3029 silly fetch manifest @tufjs/models@3.0.1
3030 silly packumentCache full:https://registry.npmjs.org/@tufjs%2fmodels cache-miss
3031 http cache https://registry.npmjs.org/@tufjs%2fmodels 126ms (cache hit)
3032 silly packumentCache full:https://registry.npmjs.org/@tufjs%2fmodels set size:33329 disposed:false
3033 silly placeDep node_modules/slice-ansi ansi-styles@6.2.3 OK for: slice-ansi@5.0.0 want: ^6.0.0
3034 silly placeDep node_modules/slice-ansi is-fullwidth-code-point@4.0.0 OK for: slice-ansi@5.0.0 want: ^4.0.0
3035 silly placeDep ROOT socks@2.8.9 OK for: socks-proxy-agent@8.0.5 want: ^2.8.3
3036 silly fetch manifest ip-address@^10.1.1
3037 silly packumentCache full:https://registry.npmjs.org/ip-address cache-miss
3038 silly fetch manifest smart-buffer@^4.2.0
3039 silly packumentCache full:https://registry.npmjs.org/smart-buffer cache-miss
3040 http cache https://registry.npmjs.org/smart-buffer 86ms (cache hit)
3041 silly packumentCache full:https://registry.npmjs.org/smart-buffer set size:87065 disposed:false
3042 http cache https://registry.npmjs.org/ip-address 103ms (cache hit)
3043 silly packumentCache full:https://registry.npmjs.org/ip-address set size:171530 disposed:false
3044 silly placeDep ROOT ip-address@10.2.0 OK for: socks@2.8.9 want: ^10.1.1
3045 silly placeDep ROOT smart-buffer@4.2.0 OK for: socks@2.8.9 want: ^4.2.0
3046 silly placeDep node_modules/source-map-loader iconv-lite@0.6.3 OK for: source-map-loader@5.0.0 want: ^0.6.3
3047 silly placeDep ROOT chownr@2.0.0 OK for: tar@6.2.1 want: ^2.0.0
3048 silly placeDep node_modules/tar fs-minipass@2.1.0 OK for: tar@6.2.1 want: ^2.0.0
3049 silly placeDep node_modules/tar minipass@5.0.0 OK for: tar@6.2.1 want: ^5.0.0
3050 silly placeDep node_modules/tar minizlib@2.1.2 OK for: tar@6.2.1 want: ^2.1.1
3051 silly placeDep node_modules/tar mkdirp@1.0.4 OK for: tar@6.2.1 want: ^1.0.3
3052 silly placeDep node_modules/tar yallist@4.0.0 OK for: tar@6.2.1 want: ^4.0.0
3053 silly placeDep ROOT @jridgewell/source-map@0.3.11 OK for: terser@5.39.0 want: ^0.3.3
3054 silly placeDep ROOT acorn@8.16.0 OK for: terser@5.39.0 want: ^8.8.2
3055 silly placeDep ROOT commander@2.20.3 OK for: terser@5.39.0 want: ^2.20.0
3056 silly placeDep ROOT fdir@6.5.0 OK for: tinyglobby@0.2.17 want: ^6.5.0
3057 silly placeDep node_modules/tinyglobby picomatch@4.0.4 OK for: tinyglobby@0.2.17 want: ^4.0.4
3058 silly placeDep ROOT @tufjs/models@3.0.1 OK for: tuf-js@3.1.0 want: 3.0.1
3059 silly fetch manifest minimatch@^9.0.5
3060 silly packumentCache full:https://registry.npmjs.org/minimatch cache-hit
3061 silly fetch manifest @tufjs/canonical-json@2.0.0
3062 silly packumentCache full:https://registry.npmjs.org/@tufjs%2fcanonical-json cache-miss
3063 http cache https://registry.npmjs.org/@tufjs%2fcanonical-json 211ms (cache hit)
3064 silly packumentCache full:https://registry.npmjs.org/@tufjs%2fcanonical-json set size:7336 disposed:false
3065 silly placeDep ROOT @tufjs/canonical-json@2.0.0 OK for: @tufjs/models@3.0.1 want: 2.0.0
3066 silly placeDep node_modules/@tufjs/models minimatch@9.0.9 OK for: @tufjs/models@3.0.1 want: ^9.0.5
3067 silly placeDep ROOT unicode-canonical-property-names-ecmascript@2.0.1 OK for: unicode-match-property-ecmascript@2.0.0 want: ^2.0.0
3068 silly placeDep ROOT unicode-property-aliases-ecmascript@2.2.0 OK for: unicode-match-property-ecmascript@2.0.0 want: ^2.0.0
3069 silly placeDep ROOT unique-slug@5.0.0 OK for: unique-filename@4.0.0 want: ^5.0.0
3070 silly fetch manifest imurmurhash@^0.1.4
3071 silly packumentCache full:https://registry.npmjs.org/imurmurhash cache-miss
3072 http cache https://registry.npmjs.org/imurmurhash 163ms (cache hit)
3073 silly packumentCache full:https://registry.npmjs.org/imurmurhash set size:35819 disposed:false
3074 silly placeDep ROOT imurmurhash@0.1.4 OK for: unique-slug@5.0.0 want: ^0.1.4
3075 silly placeDep ROOT spdx-correct@3.2.0 OK for: validate-npm-package-license@3.0.4 want: ^3.0.0
3076 silly placeDep ROOT spdx-expression-parse@3.0.1 OK for: validate-npm-package-license@3.0.4 want: ^3.0.0
3077 silly fetch manifest spdx-license-ids@^3.0.0
3078 silly packumentCache full:https://registry.npmjs.org/spdx-license-ids cache-miss
3079 silly fetch manifest spdx-exceptions@^2.1.0
3080 silly packumentCache full:https://registry.npmjs.org/spdx-exceptions cache-miss
3081 silly fetch manifest spdx-license-ids@^3.0.0
3082 silly packumentCache full:https://registry.npmjs.org/spdx-license-ids cache-miss
3083 http cache https://registry.npmjs.org/spdx-license-ids 29ms (cache hit)
3084 silly packumentCache full:https://registry.npmjs.org/spdx-license-ids set size:81601 disposed:false
3085 http cache https://registry.npmjs.org/spdx-license-ids 32ms (cache hit)
3086 silly packumentCache full:https://registry.npmjs.org/spdx-license-ids set size:81601 disposed:false
3087 silly packumentCache full:https://registry.npmjs.org/spdx-license-ids dispose
3088 http cache https://registry.npmjs.org/spdx-exceptions 36ms (cache hit)
3089 silly packumentCache full:https://registry.npmjs.org/spdx-exceptions set size:21227 disposed:false
3090 silly placeDep ROOT spdx-license-ids@3.0.23 OK for: spdx-correct@3.2.0 want: ^3.0.0
3091 silly placeDep ROOT spdx-exceptions@2.5.0 OK for: spdx-expression-parse@3.0.1 want: ^2.1.0
3092 silly placeDep node_modules/vite esbuild@0.25.12 OK for: vite@6.4.2 want: ^0.25.0
3093 silly placeDep node_modules/vite picomatch@4.0.4 OK for: vite@6.4.2 want: ^4.0.2
3094 silly fetch manifest @esbuild/aix-ppc64@0.25.12
3095 silly packumentCache full:https://registry.npmjs.org/@esbuild%2faix-ppc64 cache-hit
3096 silly fetch manifest @esbuild/linux-arm@0.25.12
3097 silly packumentCache full:https://registry.npmjs.org/@esbuild%2flinux-arm cache-hit
3098 silly fetch manifest @esbuild/linux-x64@0.25.12
3099 silly packumentCache full:https://registry.npmjs.org/@esbuild%2flinux-x64 cache-hit
3100 silly fetch manifest @esbuild/sunos-x64@0.25.12
3101 silly packumentCache full:https://registry.npmjs.org/@esbuild%2fsunos-x64 cache-hit
3102 silly fetch manifest @esbuild/win32-x64@0.25.12
3103 silly packumentCache full:https://registry.npmjs.org/@esbuild%2fwin32-x64 cache-hit
3104 silly fetch manifest @esbuild/darwin-x64@0.25.12
3105 silly packumentCache full:https://registry.npmjs.org/@esbuild%2fdarwin-x64 cache-hit
3106 silly fetch manifest @esbuild/linux-ia32@0.25.12
3107 silly packumentCache full:https://registry.npmjs.org/@esbuild%2flinux-ia32 cache-hit
3108 silly fetch manifest @esbuild/netbsd-x64@0.25.12
3109 silly packumentCache full:https://registry.npmjs.org/@esbuild%2fnetbsd-x64 cache-hit
3110 silly fetch manifest @esbuild/win32-ia32@0.25.12
3111 silly packumentCache full:https://registry.npmjs.org/@esbuild%2fwin32-ia32 cache-hit
3112 silly fetch manifest @esbuild/android-arm@0.25.12
3113 silly packumentCache full:https://registry.npmjs.org/@esbuild%2fandroid-arm cache-hit
3114 silly fetch manifest @esbuild/android-x64@0.25.12
3115 silly packumentCache full:https://registry.npmjs.org/@esbuild%2fandroid-x64 cache-hit
3116 silly fetch manifest @esbuild/freebsd-x64@0.25.12
3117 silly packumentCache full:https://registry.npmjs.org/@esbuild%2ffreebsd-x64 cache-hit
3118 silly fetch manifest @esbuild/linux-arm64@0.25.12
3119 silly packumentCache full:https://registry.npmjs.org/@esbuild%2flinux-arm64 cache-hit
3120 silly fetch manifest @esbuild/linux-ppc64@0.25.12
3121 silly packumentCache full:https://registry.npmjs.org/@esbuild%2flinux-ppc64 cache-hit
3122 silly fetch manifest @esbuild/linux-s390x@0.25.12
3123 silly packumentCache full:https://registry.npmjs.org/@esbuild%2flinux-s390x cache-hit
3124 silly fetch manifest @esbuild/openbsd-x64@0.25.12
3125 silly packumentCache full:https://registry.npmjs.org/@esbuild%2fopenbsd-x64 cache-hit
3126 silly fetch manifest @esbuild/win32-arm64@0.25.12
3127 silly packumentCache full:https://registry.npmjs.org/@esbuild%2fwin32-arm64 cache-hit
3128 silly fetch manifest @esbuild/darwin-arm64@0.25.12
3129 silly packumentCache full:https://registry.npmjs.org/@esbuild%2fdarwin-arm64 cache-hit
3130 silly fetch manifest @esbuild/netbsd-arm64@0.25.12
3131 silly packumentCache full:https://registry.npmjs.org/@esbuild%2fnetbsd-arm64 cache-hit
3132 silly fetch manifest @esbuild/android-arm64@0.25.12
3133 silly packumentCache full:https://registry.npmjs.org/@esbuild%2fandroid-arm64 cache-hit
3134 silly fetch manifest @esbuild/freebsd-arm64@0.25.12
3135 silly packumentCache full:https://registry.npmjs.org/@esbuild%2ffreebsd-arm64 cache-hit
3136 silly fetch manifest @esbuild/linux-loong64@0.25.12
3137 silly packumentCache full:https://registry.npmjs.org/@esbuild%2flinux-loong64 cache-hit
3138 silly fetch manifest @esbuild/linux-riscv64@0.25.12
3139 silly packumentCache full:https://registry.npmjs.org/@esbuild%2flinux-riscv64 cache-hit
3140 silly fetch manifest @esbuild/openbsd-arm64@0.25.12
3141 silly packumentCache full:https://registry.npmjs.org/@esbuild%2fopenbsd-arm64 cache-hit
3142 silly fetch manifest @esbuild/linux-mips64el@0.25.12
3143 silly packumentCache full:https://registry.npmjs.org/@esbuild%2flinux-mips64el cache-hit
3144 silly fetch manifest @esbuild/openharmony-arm64@0.25.12
3145 silly packumentCache full:https://registry.npmjs.org/@esbuild%2fopenharmony-arm64 cache-hit
3146 silly placeDep ROOT glob-to-regexp@0.4.1 OK for: watchpack@2.4.2 want: ^0.4.1
3147 silly placeDep ROOT @types/eslint-scope@3.7.7 OK for: webpack@5.105.0 want: ^3.7.7
3148 silly placeDep ROOT @webassemblyjs/ast@1.14.1 OK for: webpack@5.105.0 want: ^1.14.1
3149 silly placeDep ROOT @webassemblyjs/wasm-edit@1.14.1 OK for: webpack@5.105.0 want: ^1.14.1
3150 silly placeDep ROOT @webassemblyjs/wasm-parser@1.14.1 OK for: webpack@5.105.0 want: ^1.14.1
3151 silly placeDep ROOT acorn-import-phases@1.0.4 OK for: webpack@5.105.0 want: ^1.0.3
3152 silly placeDep ROOT chrome-trace-event@1.0.4 OK for: webpack@5.105.0 want: ^1.0.2
3153 silly placeDep ROOT enhanced-resolve@5.23.0 OK for: webpack@5.105.0 want: ^5.19.0
3154 silly placeDep ROOT es-module-lexer@2.1.0 OK for: webpack@5.105.0 want: ^2.0.0
3155 silly placeDep ROOT eslint-scope@5.1.1 OK for: webpack@5.105.0 want: 5.1.1
3156 silly placeDep ROOT events@3.3.0 OK for: webpack@5.105.0 want: ^3.2.0
3157 silly placeDep node_modules/webpack json-parse-even-better-errors@2.3.1 OK for: webpack@5.105.0 want: ^2.3.1
3158 silly placeDep ROOT loader-runner@4.3.2 OK for: webpack@5.105.0 want: ^4.3.1
3159 silly placeDep ROOT terser-webpack-plugin@5.6.1 OK for: webpack@5.105.0 want: ^5.3.16
3160 silly placeDep node_modules/webpack watchpack@2.5.1 OK for: webpack@5.105.0 want: ^2.5.1
3161 silly fetch manifest @types/eslint@*
3162 silly packumentCache full:https://registry.npmjs.org/@types%2feslint cache-miss
3163 silly fetch manifest @webassemblyjs/helper-numbers@1.13.2
3164 silly packumentCache full:https://registry.npmjs.org/@webassemblyjs%2fhelper-numbers cache-miss
3165 silly fetch manifest @webassemblyjs/helper-wasm-bytecode@1.13.2
3166 silly packumentCache full:https://registry.npmjs.org/@webassemblyjs%2fhelper-wasm-bytecode cache-miss
3167 silly fetch manifest @webassemblyjs/helper-buffer@1.14.1
3168 silly packumentCache full:https://registry.npmjs.org/@webassemblyjs%2fhelper-buffer cache-miss
3169 silly fetch manifest @webassemblyjs/helper-wasm-bytecode@1.13.2
3170 silly packumentCache full:https://registry.npmjs.org/@webassemblyjs%2fhelper-wasm-bytecode cache-miss
3171 silly fetch manifest @webassemblyjs/helper-wasm-section@1.14.1
3172 silly packumentCache full:https://registry.npmjs.org/@webassemblyjs%2fhelper-wasm-section cache-miss
3173 silly fetch manifest @webassemblyjs/wasm-gen@1.14.1
3174 silly packumentCache full:https://registry.npmjs.org/@webassemblyjs%2fwasm-gen cache-miss
3175 http cache https://registry.npmjs.org/@webassemblyjs%2fhelper-wasm-section 92ms (cache hit)
3176 silly packumentCache full:https://registry.npmjs.org/@webassemblyjs%2fhelper-wasm-section set size:191754 disposed:false
3177 silly fetch manifest @webassemblyjs/wasm-opt@1.14.1
3178 silly packumentCache full:https://registry.npmjs.org/@webassemblyjs%2fwasm-opt cache-miss
3179 http cache https://registry.npmjs.org/@types%2feslint 114ms (cache hit)
3180 silly packumentCache full:https://registry.npmjs.org/@types%2feslint set size:220085 disposed:false
3181 silly fetch manifest @webassemblyjs/wasm-parser@1.14.1
3182 silly packumentCache full:https://registry.npmjs.org/@webassemblyjs%2fwasm-parser cache-hit
3183 silly fetch manifest @webassemblyjs/wast-printer@1.14.1
3184 silly packumentCache full:https://registry.npmjs.org/@webassemblyjs%2fwast-printer cache-miss
3185 http cache https://registry.npmjs.org/@webassemblyjs%2fhelper-buffer 136ms (cache hit)
3186 silly packumentCache full:https://registry.npmjs.org/@webassemblyjs%2fhelper-buffer set size:178406 disposed:false
3187 silly fetch manifest @webassemblyjs/helper-api-error@1.13.2
3188 silly packumentCache full:https://registry.npmjs.org/@webassemblyjs%2fhelper-api-error cache-miss
3189 http cache https://registry.npmjs.org/@webassemblyjs%2fwasm-gen 146ms (cache hit)
3190 silly packumentCache full:https://registry.npmjs.org/@webassemblyjs%2fwasm-gen set size:187955 disposed:false
3191 silly fetch manifest @webassemblyjs/helper-wasm-bytecode@1.13.2
3192 silly packumentCache full:https://registry.npmjs.org/@webassemblyjs%2fhelper-wasm-bytecode cache-miss
3193 http cache https://registry.npmjs.org/@webassemblyjs%2fhelper-wasm-bytecode 176ms (cache hit)
3194 silly packumentCache full:https://registry.npmjs.org/@webassemblyjs%2fhelper-wasm-bytecode set size:179356 disposed:false
3195 silly fetch manifest @webassemblyjs/ieee754@1.13.2
3196 silly packumentCache full:https://registry.npmjs.org/@webassemblyjs%2fieee754 cache-miss
3197 http cache https://registry.npmjs.org/@webassemblyjs%2fhelper-numbers 193ms (cache hit)
3198 silly packumentCache full:https://registry.npmjs.org/@webassemblyjs%2fhelper-numbers set size:23867 disposed:false
3199 silly fetch manifest @webassemblyjs/leb128@1.13.2
3200 silly packumentCache full:https://registry.npmjs.org/@webassemblyjs%2fleb128 cache-miss
3201 http cache https://registry.npmjs.org/@webassemblyjs%2fhelper-wasm-bytecode 197ms (cache hit)
3202 silly packumentCache full:https://registry.npmjs.org/@webassemblyjs%2fhelper-wasm-bytecode set size:179356 disposed:false
3203 silly packumentCache full:https://registry.npmjs.org/@webassemblyjs%2fhelper-wasm-bytecode dispose
3204 silly fetch manifest @webassemblyjs/utf8@1.13.2
3205 silly packumentCache full:https://registry.npmjs.org/@webassemblyjs%2futf8 cache-miss
3206 http cache https://registry.npmjs.org/@webassemblyjs%2fwasm-opt 313ms (cache hit)
3207 silly packumentCache full:https://registry.npmjs.org/@webassemblyjs%2fwasm-opt set size:150483 disposed:false
3208 silly fetch manifest esrecurse@^4.3.0
3209 silly packumentCache full:https://registry.npmjs.org/esrecurse cache-miss
3210 http cache https://registry.npmjs.org/@webassemblyjs%2fhelper-api-error 274ms (cache hit)
3211 silly packumentCache full:https://registry.npmjs.org/@webassemblyjs%2fhelper-api-error set size:103778 disposed:false
3212 silly fetch manifest estraverse@^4.1.1
3213 silly packumentCache full:https://registry.npmjs.org/estraverse cache-miss
3214 http cache https://registry.npmjs.org/@webassemblyjs%2fwast-printer 304ms (cache hit)
3215 silly packumentCache full:https://registry.npmjs.org/@webassemblyjs%2fwast-printer set size:193690 disposed:false
3216 silly fetch manifest jest-worker@^27.4.5
3217 silly packumentCache full:https://registry.npmjs.org/jest-worker cache-miss
3218 http cache https://registry.npmjs.org/@webassemblyjs%2fhelper-wasm-bytecode 289ms (cache hit)
3219 silly packumentCache full:https://registry.npmjs.org/@webassemblyjs%2fhelper-wasm-bytecode set size:179356 disposed:true
3220 silly packumentCache full:https://registry.npmjs.org/@webassemblyjs%2fhelper-wasm-bytecode dispose
3221 http cache https://registry.npmjs.org/@webassemblyjs%2fieee754 292ms (cache hit)
3222 silly packumentCache full:https://registry.npmjs.org/@webassemblyjs%2fieee754 set size:99475 disposed:false
3223 http cache https://registry.npmjs.org/@webassemblyjs%2fleb128 290ms (cache hit)
3224 silly packumentCache full:https://registry.npmjs.org/@webassemblyjs%2fleb128 set size:248474 disposed:false
3225 http cache https://registry.npmjs.org/@webassemblyjs%2futf8 288ms (cache hit)
3226 silly packumentCache full:https://registry.npmjs.org/@webassemblyjs%2futf8 set size:102359 disposed:false
3227 http cache https://registry.npmjs.org/esrecurse 167ms (cache hit)
3228 silly packumentCache full:https://registry.npmjs.org/esrecurse set size:29005 disposed:false
3229 http cache https://registry.npmjs.org/estraverse 180ms (cache hit)
3230 silly packumentCache full:https://registry.npmjs.org/estraverse set size:62412 disposed:false
3231 http cache https://registry.npmjs.org/jest-worker 183ms (cache hit)
3232 silly packumentCache full:https://registry.npmjs.org/jest-worker set size:466737 disposed:false
3233 silly placeDep ROOT @types/eslint@9.6.1 OK for: @types/eslint-scope@3.7.7 want: *
3234 silly placeDep ROOT @webassemblyjs/helper-numbers@1.13.2 OK for: @webassemblyjs/ast@1.14.1 want: 1.13.2
3235 silly placeDep ROOT @webassemblyjs/helper-wasm-bytecode@1.13.2 OK for: @webassemblyjs/ast@1.14.1 want: 1.13.2
3236 silly fetch manifest @xtuc/long@4.2.2
3237 silly packumentCache full:https://registry.npmjs.org/@xtuc%2flong cache-miss
3238 silly fetch manifest @webassemblyjs/floating-point-hex-parser@1.13.2
3239 silly packumentCache full:https://registry.npmjs.org/@webassemblyjs%2ffloating-point-hex-parser cache-miss
3240 http cache https://registry.npmjs.org/@xtuc%2flong 271ms (cache hit)
3241 silly packumentCache full:https://registry.npmjs.org/@xtuc%2flong set size:23242 disposed:false
3242 http cache https://registry.npmjs.org/@webassemblyjs%2ffloating-point-hex-parser 273ms (cache hit)
3243 silly packumentCache full:https://registry.npmjs.org/@webassemblyjs%2ffloating-point-hex-parser set size:186097 disposed:false
3244 silly placeDep ROOT @webassemblyjs/floating-point-hex-parser@1.13.2 OK for: @webassemblyjs/helper-numbers@1.13.2 want: 1.13.2
3245 silly placeDep ROOT @webassemblyjs/helper-api-error@1.13.2 OK for: @webassemblyjs/helper-numbers@1.13.2 want: 1.13.2
3246 silly placeDep ROOT @xtuc/long@4.2.2 OK for: @webassemblyjs/helper-numbers@1.13.2 want: 4.2.2
3247 silly placeDep ROOT @webassemblyjs/helper-buffer@1.14.1 OK for: @webassemblyjs/wasm-edit@1.14.1 want: 1.14.1
3248 silly placeDep ROOT @webassemblyjs/helper-wasm-section@1.14.1 OK for: @webassemblyjs/wasm-edit@1.14.1 want: 1.14.1
3249 silly placeDep ROOT @webassemblyjs/wasm-gen@1.14.1 OK for: @webassemblyjs/wasm-edit@1.14.1 want: 1.14.1
3250 silly placeDep ROOT @webassemblyjs/wasm-opt@1.14.1 OK for: @webassemblyjs/wasm-edit@1.14.1 want: 1.14.1
3251 silly placeDep ROOT @webassemblyjs/wast-printer@1.14.1 OK for: @webassemblyjs/wasm-edit@1.14.1 want: 1.14.1
3252 silly placeDep ROOT @webassemblyjs/ieee754@1.13.2 OK for: @webassemblyjs/wasm-gen@1.14.1 want: 1.13.2
3253 silly placeDep ROOT @webassemblyjs/leb128@1.13.2 OK for: @webassemblyjs/wasm-gen@1.14.1 want: 1.13.2
3254 silly placeDep ROOT @webassemblyjs/utf8@1.13.2 OK for: @webassemblyjs/wasm-gen@1.14.1 want: 1.13.2
3255 silly fetch manifest @xtuc/ieee754@^1.2.0
3256 silly packumentCache full:https://registry.npmjs.org/@xtuc%2fieee754 cache-miss
3257 http cache https://registry.npmjs.org/@xtuc%2fieee754 89ms (cache hit)
3258 silly packumentCache full:https://registry.npmjs.org/@xtuc%2fieee754 set size:5495 disposed:false
3259 silly placeDep ROOT @xtuc/ieee754@1.2.0 OK for: @webassemblyjs/ieee754@1.13.2 want: ^1.2.0
3260 silly placeDep ROOT esrecurse@4.3.0 OK for: eslint-scope@5.1.1 want: ^4.3.0
3261 silly placeDep ROOT estraverse@4.3.0 OK for: eslint-scope@5.1.1 want: ^4.1.1
3262 silly fetch manifest estraverse@^5.2.0
3263 silly packumentCache full:https://registry.npmjs.org/estraverse cache-hit
3264 silly placeDep node_modules/esrecurse estraverse@5.3.0 OK for: esrecurse@4.3.0 want: ^5.2.0
3265 silly placeDep ROOT jest-worker@27.5.1 OK for: terser-webpack-plugin@5.6.1 want: ^27.4.5
3266 silly fetch manifest merge-stream@^2.0.0
3267 silly packumentCache full:https://registry.npmjs.org/merge-stream cache-miss
3268 silly fetch manifest supports-color@^8.0.0
3269 silly packumentCache full:https://registry.npmjs.org/supports-color cache-miss
3270 http cache https://registry.npmjs.org/supports-color 307ms (cache hit)
3271 silly packumentCache full:https://registry.npmjs.org/supports-color set size:118680 disposed:false
3272 http cache https://registry.npmjs.org/merge-stream 489ms (cache hit)
3273 silly packumentCache full:https://registry.npmjs.org/merge-stream set size:22168 disposed:false
3274 silly placeDep ROOT merge-stream@2.0.0 OK for: jest-worker@27.5.1 want: ^2.0.0
3275 silly placeDep node_modules/jest-worker supports-color@8.1.1 OK for: jest-worker@27.5.1 want: ^8.0.0
3276 silly placeDep ROOT memfs@4.57.7 OK for: webpack-dev-middleware@7.4.2 want: ^4.6.0
3277 silly fetch manifest @jsonjoy.com/fs-core@4.57.7
3278 silly packumentCache full:https://registry.npmjs.org/@jsonjoy.com%2ffs-core cache-miss
3279 silly fetch manifest @jsonjoy.com/fs-fsa@4.57.7
3280 silly packumentCache full:https://registry.npmjs.org/@jsonjoy.com%2ffs-fsa cache-miss
3281 silly fetch manifest @jsonjoy.com/fs-node@4.57.7
3282 silly packumentCache full:https://registry.npmjs.org/@jsonjoy.com%2ffs-node cache-miss
3283 silly fetch manifest @jsonjoy.com/fs-node-builtins@4.57.7
3284 silly packumentCache full:https://registry.npmjs.org/@jsonjoy.com%2ffs-node-builtins cache-miss
3285 silly fetch manifest @jsonjoy.com/fs-node-to-fsa@4.57.7
3286 silly packumentCache full:https://registry.npmjs.org/@jsonjoy.com%2ffs-node-to-fsa cache-miss
3287 silly fetch manifest @jsonjoy.com/fs-node-utils@4.57.7
3288 silly packumentCache full:https://registry.npmjs.org/@jsonjoy.com%2ffs-node-utils cache-miss
3289 silly fetch manifest @jsonjoy.com/fs-print@4.57.7
3290 silly packumentCache full:https://registry.npmjs.org/@jsonjoy.com%2ffs-print cache-miss
3291 http cache https://registry.npmjs.org/@jsonjoy.com%2ffs-node-builtins 355ms (cache hit)
3292 silly packumentCache full:https://registry.npmjs.org/@jsonjoy.com%2ffs-node-builtins set size:49584 disposed:false
3293 silly fetch manifest @jsonjoy.com/fs-snapshot@4.57.7
3294 silly packumentCache full:https://registry.npmjs.org/@jsonjoy.com%2ffs-snapshot cache-miss
3295 http cache https://registry.npmjs.org/@jsonjoy.com%2ffs-core 374ms (cache hit)
3296 silly packumentCache full:https://registry.npmjs.org/@jsonjoy.com%2ffs-core set size:53403 disposed:false
3297 silly fetch manifest @jsonjoy.com/json-pack@^1.11.0
3298 silly packumentCache full:https://registry.npmjs.org/@jsonjoy.com%2fjson-pack cache-miss
3299 http cache https://registry.npmjs.org/@jsonjoy.com%2ffs-node 387ms (cache hit)
3300 silly packumentCache full:https://registry.npmjs.org/@jsonjoy.com%2ffs-node set size:55254 disposed:false
3301 silly fetch manifest @jsonjoy.com/util@^1.9.0
3302 silly packumentCache full:https://registry.npmjs.org/@jsonjoy.com%2futil cache-miss
3303 http cache https://registry.npmjs.org/@jsonjoy.com%2ffs-fsa 401ms (cache hit)
3304 silly packumentCache full:https://registry.npmjs.org/@jsonjoy.com%2ffs-fsa set size:54503 disposed:false
3305 silly fetch manifest glob-to-regex.js@^1.0.1
3306 silly packumentCache full:https://registry.npmjs.org/glob-to-regex.js cache-miss
3307 http cache https://registry.npmjs.org/@jsonjoy.com%2ffs-print 409ms (cache hit)
3308 silly packumentCache full:https://registry.npmjs.org/@jsonjoy.com%2ffs-print set size:50496 disposed:false
3309 silly fetch manifest thingies@^2.5.0
3310 silly packumentCache full:https://registry.npmjs.org/thingies cache-miss
3311 http cache https://registry.npmjs.org/@jsonjoy.com%2ffs-node-utils 421ms (cache hit)
3312 silly packumentCache full:https://registry.npmjs.org/@jsonjoy.com%2ffs-node-utils set size:50550 disposed:false
3313 silly fetch manifest tree-dump@^1.0.3
3314 silly packumentCache full:https://registry.npmjs.org/tree-dump cache-miss
3315 http cache https://registry.npmjs.org/@jsonjoy.com%2ffs-node-to-fsa 435ms (cache hit)
3316 silly packumentCache full:https://registry.npmjs.org/@jsonjoy.com%2ffs-node-to-fsa set size:52379 disposed:false
3317 http cache https://registry.npmjs.org/@jsonjoy.com%2ffs-snapshot 219ms (cache hit)
3318 silly packumentCache full:https://registry.npmjs.org/@jsonjoy.com%2ffs-snapshot set size:54088 disposed:false
3319 http cache https://registry.npmjs.org/@jsonjoy.com%2fjson-pack 215ms (cache hit)
3320 silly packumentCache full:https://registry.npmjs.org/@jsonjoy.com%2fjson-pack set size:284763 disposed:false
3321 http cache https://registry.npmjs.org/tree-dump 191ms (cache hit)
3322 silly packumentCache full:https://registry.npmjs.org/tree-dump set size:17522 disposed:false
3323 http cache https://registry.npmjs.org/@jsonjoy.com%2futil 233ms (cache hit)
3324 silly packumentCache full:https://registry.npmjs.org/@jsonjoy.com%2futil set size:137475 disposed:false
3325 http cache https://registry.npmjs.org/glob-to-regex.js 233ms (cache hit)
3326 silly packumentCache full:https://registry.npmjs.org/glob-to-regex.js set size:13062 disposed:false
3327 http cache https://registry.npmjs.org/thingies 218ms (cache hit)
3328 silly packumentCache full:https://registry.npmjs.org/thingies set size:123554 disposed:false
3329 silly placeDep ROOT @jsonjoy.com/fs-core@4.57.7 OK for: memfs@4.57.7 want: 4.57.7
3330 silly placeDep ROOT @jsonjoy.com/fs-fsa@4.57.7 OK for: memfs@4.57.7 want: 4.57.7
3331 silly placeDep ROOT @jsonjoy.com/fs-node@4.57.7 OK for: memfs@4.57.7 want: 4.57.7
3332 silly placeDep ROOT @jsonjoy.com/fs-node-builtins@4.57.7 OK for: memfs@4.57.7 want: 4.57.7
3333 silly placeDep ROOT @jsonjoy.com/fs-node-to-fsa@4.57.7 OK for: memfs@4.57.7 want: 4.57.7
3334 silly placeDep ROOT @jsonjoy.com/fs-node-utils@4.57.7 OK for: memfs@4.57.7 want: 4.57.7
3335 silly placeDep ROOT @jsonjoy.com/fs-print@4.57.7 OK for: memfs@4.57.7 want: 4.57.7
3336 silly placeDep ROOT @jsonjoy.com/fs-snapshot@4.57.7 OK for: memfs@4.57.7 want: 4.57.7
3337 silly placeDep ROOT @jsonjoy.com/json-pack@1.21.0 OK for: memfs@4.57.7 want: ^1.11.0
3338 silly placeDep ROOT @jsonjoy.com/util@1.9.0 OK for: memfs@4.57.7 want: ^1.9.0
3339 silly placeDep ROOT glob-to-regex.js@1.2.0 OK for: memfs@4.57.7 want: ^1.0.1
3340 silly placeDep ROOT thingies@2.6.0 OK for: memfs@4.57.7 want: ^2.5.0
3341 silly placeDep ROOT tree-dump@1.1.0 OK for: memfs@4.57.7 want: ^1.0.3
3342 silly fetch manifest glob-to-regex.js@^1.0.0
3343 silly packumentCache full:https://registry.npmjs.org/glob-to-regex.js cache-hit
3344 silly fetch manifest tree-dump@^1.1.0
3345 silly packumentCache full:https://registry.npmjs.org/tree-dump cache-hit
3346 silly fetch manifest @jsonjoy.com/buffers@^17.65.0
3347 silly packumentCache full:https://registry.npmjs.org/@jsonjoy.com%2fbuffers cache-miss
3348 silly fetch manifest @jsonjoy.com/json-pack@^17.65.0
3349 silly packumentCache full:https://registry.npmjs.org/@jsonjoy.com%2fjson-pack cache-hit
3350 silly fetch manifest @jsonjoy.com/util@^17.65.0
3351 silly packumentCache full:https://registry.npmjs.org/@jsonjoy.com%2futil cache-hit
3352 silly fetch manifest tree-dump@^1.1.0
3353 silly packumentCache full:https://registry.npmjs.org/tree-dump cache-hit
3354 silly fetch manifest hyperdyperid@^1.2.0
3355 silly packumentCache full:https://registry.npmjs.org/hyperdyperid cache-miss
3356 silly fetch manifest @jsonjoy.com/base64@^1.1.2
3357 silly packumentCache full:https://registry.npmjs.org/@jsonjoy.com%2fbase64 cache-miss
3358 silly fetch manifest @jsonjoy.com/buffers@^1.2.0
3359 silly packumentCache full:https://registry.npmjs.org/@jsonjoy.com%2fbuffers cache-miss
3360 silly fetch manifest @jsonjoy.com/codegen@^1.0.0
3361 silly packumentCache full:https://registry.npmjs.org/@jsonjoy.com%2fcodegen cache-miss
3362 silly fetch manifest @jsonjoy.com/json-pointer@^1.0.2
3363 silly packumentCache full:https://registry.npmjs.org/@jsonjoy.com%2fjson-pointer cache-miss
3364 silly fetch manifest @jsonjoy.com/buffers@^1.0.0
3365 silly packumentCache full:https://registry.npmjs.org/@jsonjoy.com%2fbuffers cache-miss
3366 http cache https://registry.npmjs.org/@jsonjoy.com%2fbuffers 87ms (cache hit)
3367 silly packumentCache full:https://registry.npmjs.org/@jsonjoy.com%2fbuffers set size:121788 disposed:false
3368 silly fetch manifest @jsonjoy.com/codegen@^1.0.0
3369 silly packumentCache full:https://registry.npmjs.org/@jsonjoy.com%2fcodegen cache-miss
3370 http cache https://registry.npmjs.org/@jsonjoy.com%2fbuffers 76ms (cache hit)
3371 silly packumentCache full:https://registry.npmjs.org/@jsonjoy.com%2fbuffers set size:121788 disposed:false
3372 silly packumentCache full:https://registry.npmjs.org/@jsonjoy.com%2fbuffers dispose
3373 http cache https://registry.npmjs.org/@jsonjoy.com%2fbase64 87ms (cache hit)
3374 silly packumentCache full:https://registry.npmjs.org/@jsonjoy.com%2fbase64 set size:103225 disposed:false
3375 http cache https://registry.npmjs.org/@jsonjoy.com%2fbuffers 90ms (cache hit)
3376 silly packumentCache full:https://registry.npmjs.org/@jsonjoy.com%2fbuffers set size:121788 disposed:true
3377 silly packumentCache full:https://registry.npmjs.org/@jsonjoy.com%2fbuffers dispose
3378 http cache https://registry.npmjs.org/hyperdyperid 111ms (cache hit)
3379 silly packumentCache full:https://registry.npmjs.org/hyperdyperid set size:15077 disposed:false
3380 http cache https://registry.npmjs.org/@jsonjoy.com%2fjson-pointer 108ms (cache hit)
3381 silly packumentCache full:https://registry.npmjs.org/@jsonjoy.com%2fjson-pointer set size:106538 disposed:false
3382 http cache https://registry.npmjs.org/@jsonjoy.com%2fcodegen 125ms (cache hit)
3383 silly packumentCache full:https://registry.npmjs.org/@jsonjoy.com%2fcodegen set size:103712 disposed:false
3384 http cache https://registry.npmjs.org/@jsonjoy.com%2fcodegen 151ms (cache hit)
3385 silly packumentCache full:https://registry.npmjs.org/@jsonjoy.com%2fcodegen set size:103712 disposed:false
3386 silly packumentCache full:https://registry.npmjs.org/@jsonjoy.com%2fcodegen dispose
3387 silly placeDep ROOT @jsonjoy.com/buffers@17.67.0 OK for: @jsonjoy.com/fs-snapshot@4.57.7 want: ^17.65.0
3388 silly placeDep node_modules/@jsonjoy.com/fs-snapshot @jsonjoy.com/json-pack@17.67.0 OK for: @jsonjoy.com/fs-snapshot@4.57.7 want: ^17.65.0
3389 silly placeDep node_modules/@jsonjoy.com/fs-snapshot @jsonjoy.com/util@17.67.0 OK for: @jsonjoy.com/fs-snapshot@4.57.7 want: ^17.65.0
3390 silly fetch manifest @jsonjoy.com/util@17.67.0
3391 silly packumentCache full:https://registry.npmjs.org/@jsonjoy.com%2futil cache-hit
3392 silly fetch manifest @jsonjoy.com/base64@17.67.0
3393 silly packumentCache full:https://registry.npmjs.org/@jsonjoy.com%2fbase64 cache-hit
3394 silly fetch manifest @jsonjoy.com/codegen@17.67.0
3395 silly packumentCache full:https://registry.npmjs.org/@jsonjoy.com%2fcodegen cache-hit
3396 silly fetch manifest @jsonjoy.com/json-pointer@17.67.0
3397 silly packumentCache full:https://registry.npmjs.org/@jsonjoy.com%2fjson-pointer cache-hit
3398 silly fetch manifest @jsonjoy.com/codegen@17.67.0
3399 silly packumentCache full:https://registry.npmjs.org/@jsonjoy.com%2fcodegen cache-hit
3400 silly placeDep ROOT @jsonjoy.com/base64@1.1.2 OK for: @jsonjoy.com/json-pack@1.21.0 want: ^1.1.2
3401 silly placeDep node_modules/@jsonjoy.com/json-pack @jsonjoy.com/buffers@1.2.1 OK for: @jsonjoy.com/json-pack@1.21.0 want: ^1.2.0
3402 silly placeDep ROOT @jsonjoy.com/codegen@1.0.0 OK for: @jsonjoy.com/json-pack@1.21.0 want: ^1.0.0
3403 silly placeDep ROOT @jsonjoy.com/json-pointer@1.0.2 OK for: @jsonjoy.com/json-pack@1.21.0 want: ^1.0.2
3404 silly placeDep ROOT hyperdyperid@1.2.0 OK for: @jsonjoy.com/json-pack@1.21.0 want: ^1.2.0
3405 silly placeDep node_modules/@jsonjoy.com/util @jsonjoy.com/buffers@1.2.1 OK for: @jsonjoy.com/util@1.9.0 want: ^1.0.0
3406 silly placeDep ROOT @types/bonjour@3.5.13 OK for: webpack-dev-server@5.2.2 want: ^3.5.13
3407 silly placeDep ROOT @types/connect-history-api-fallback@1.5.4 OK for: webpack-dev-server@5.2.2 want: ^1.5.4
3408 silly placeDep ROOT @types/express@4.17.25 OK for: webpack-dev-server@5.2.2 want: ^4.17.21
3409 silly placeDep ROOT @types/express-serve-static-core@4.19.8 OK for: webpack-dev-server@5.2.2 want: ^4.17.21
3410 silly placeDep ROOT @types/serve-index@1.9.4 OK for: webpack-dev-server@5.2.2 want: ^1.9.4
3411 silly placeDep ROOT @types/serve-static@1.15.10 OK for: webpack-dev-server@5.2.2 want: ^1.15.5
3412 silly placeDep ROOT @types/sockjs@0.3.36 OK for: webpack-dev-server@5.2.2 want: ^0.3.36
3413 silly placeDep ROOT @types/ws@8.18.1 OK for: webpack-dev-server@5.2.2 want: ^8.5.10
3414 silly placeDep ROOT ansi-html-community@0.0.8 OK for: webpack-dev-server@5.2.2 want: ^0.0.8
3415 silly placeDep ROOT bonjour-service@1.4.1 OK for: webpack-dev-server@5.2.2 want: ^1.2.1
3416 silly placeDep ROOT chokidar@3.6.0 REPLACE for: webpack-dev-server@5.2.2 want: ^3.6.0
3417 silly placeDep ROOT compression@1.8.1 OK for: webpack-dev-server@5.2.2 want: ^1.7.4
3418 silly placeDep ROOT connect-history-api-fallback@2.0.0 OK for: webpack-dev-server@5.2.2 want: ^2.0.0
3419 silly placeDep ROOT express@4.22.2 OK for: webpack-dev-server@5.2.2 want: ^4.21.2
3420 silly placeDep node_modules/webpack-dev-server http-proxy-middleware@2.0.9 OK for: webpack-dev-server@5.2.2 want: ^2.0.9
3421 silly placeDep ROOT ipaddr.js@2.4.0 OK for: webpack-dev-server@5.2.2 want: ^2.1.0
3422 silly placeDep ROOT launch-editor@2.14.1 OK for: webpack-dev-server@5.2.2 want: ^2.6.1
3423 silly placeDep ROOT p-retry@6.2.1 OK for: webpack-dev-server@5.2.2 want: ^6.2.0
3424 silly placeDep ROOT selfsigned@2.4.1 OK for: webpack-dev-server@5.2.2 want: ^2.4.1
3425 silly placeDep ROOT serve-index@1.9.2 OK for: webpack-dev-server@5.2.2 want: ^1.9.1
3426 silly placeDep ROOT sockjs@0.3.24 OK for: webpack-dev-server@5.2.2 want: ^0.3.24
3427 silly placeDep ROOT spdy@4.0.2 OK for: webpack-dev-server@5.2.2 want: ^4.0.2
3428 silly placeDep ROOT ws@8.21.0 OK for: webpack-dev-server@5.2.2 want: ^8.18.0
3429 silly fetch manifest @types/express-serve-static-core@*
3430 silly packumentCache full:https://registry.npmjs.org/@types%2fexpress-serve-static-core cache-hit
3431 silly fetch manifest @types/qs@*
3432 silly packumentCache full:https://registry.npmjs.org/@types%2fqs cache-miss
3433 silly fetch manifest @types/body-parser@*
3434 silly packumentCache full:https://registry.npmjs.org/@types%2fbody-parser cache-miss
3435 silly fetch manifest @types/serve-static@^1
3436 silly packumentCache full:https://registry.npmjs.org/@types%2fserve-static cache-hit
3437 silly fetch manifest @types/express-serve-static-core@^4.17.33
3438 silly packumentCache full:https://registry.npmjs.org/@types%2fexpress-serve-static-core cache-hit
3439 silly fetch manifest @types/qs@*
3440 silly packumentCache full:https://registry.npmjs.org/@types%2fqs cache-miss
3441 silly fetch manifest @types/send@*
3442 silly packumentCache full:https://registry.npmjs.org/@types%2fsend cache-miss
3443 silly fetch manifest @types/range-parser@*
3444 silly packumentCache full:https://registry.npmjs.org/@types%2frange-parser cache-miss
3445 silly fetch manifest @types/send@<1
3446 silly packumentCache full:https://registry.npmjs.org/@types%2fsend cache-miss
3447 silly fetch manifest @types/http-errors@*
3448 silly packumentCache full:https://registry.npmjs.org/@types%2fhttp-errors cache-miss
3449 http cache https://registry.npmjs.org/@types%2fqs 103ms (cache hit)
3450 silly packumentCache full:https://registry.npmjs.org/@types%2fqs set size:84522 disposed:false
3451 silly fetch manifest multicast-dns@^7.2.5
3452 silly packumentCache full:https://registry.npmjs.org/multicast-dns cache-miss
3453 http cache https://registry.npmjs.org/@types%2fqs 102ms (cache hit)
3454 silly packumentCache full:https://registry.npmjs.org/@types%2fqs set size:84522 disposed:false
3455 silly packumentCache full:https://registry.npmjs.org/@types%2fqs dispose
3456 silly fetch manifest debug@2.6.9
3457 silly packumentCache full:https://registry.npmjs.org/debug cache-miss
3458 http cache https://registry.npmjs.org/@types%2fhttp-errors 92ms (cache hit)
3459 silly packumentCache full:https://registry.npmjs.org/@types%2fhttp-errors set size:48994 disposed:false
3460 silly fetch manifest negotiator@~0.6.4
3461 silly packumentCache full:https://registry.npmjs.org/negotiator cache-hit
3462 silly fetch manifest on-headers@~1.1.0
3463 silly packumentCache full:https://registry.npmjs.org/on-headers cache-miss
3464 http cache https://registry.npmjs.org/@types%2frange-parser 103ms (cache hit)
3465 silly packumentCache full:https://registry.npmjs.org/@types%2frange-parser set size:15278 disposed:false
3466 silly fetch manifest compressible@~2.0.18
3467 silly packumentCache full:https://registry.npmjs.org/compressible cache-miss
3468 http cache https://registry.npmjs.org/@types%2fsend 120ms (cache hit)
3469 silly packumentCache full:https://registry.npmjs.org/@types%2fsend set size:29985 disposed:false
3470 silly fetch manifest qs@~6.15.1
3471 silly packumentCache full:https://registry.npmjs.org/qs cache-miss
3472 http cache https://registry.npmjs.org/@types%2fbody-parser 132ms (cache hit)
3473 silly packumentCache full:https://registry.npmjs.org/@types%2fbody-parser set size:59466 disposed:false
3474 silly fetch manifest etag@~1.8.1
3475 silly packumentCache full:https://registry.npmjs.org/etag cache-miss
3476 http cache https://registry.npmjs.org/@types%2fsend 131ms (cache hit)
3477 silly packumentCache full:https://registry.npmjs.org/@types%2fsend set size:29985 disposed:false
3478 silly packumentCache full:https://registry.npmjs.org/@types%2fsend dispose
3479 silly fetch manifest send@~0.19.0
3480 silly packumentCache full:https://registry.npmjs.org/send cache-miss
3481 http cache https://registry.npmjs.org/debug 78ms (cache hit)
3482 silly packumentCache full:https://registry.npmjs.org/debug set size:195840 disposed:false
3483 silly fetch manifest fresh@~0.5.2
3484 silly packumentCache full:https://registry.npmjs.org/fresh cache-miss
3485 http cache https://registry.npmjs.org/multicast-dns 98ms (cache hit)
3486 silly packumentCache full:https://registry.npmjs.org/multicast-dns set size:79279 disposed:false
3487 silly fetch manifest methods@~1.1.2
3488 silly packumentCache full:https://registry.npmjs.org/methods cache-miss
3489 http cache https://registry.npmjs.org/compressible 92ms (cache hit)
3490 silly packumentCache full:https://registry.npmjs.org/compressible set size:61733 disposed:false
3491 silly fetch manifest statuses@~2.0.1
3492 silly packumentCache full:https://registry.npmjs.org/statuses cache-miss
3493 http cache https://registry.npmjs.org/on-headers 118ms (cache hit)
3494 silly packumentCache full:https://registry.npmjs.org/on-headers set size:13226 disposed:false
3495 silly fetch manifest encodeurl@~2.0.0
3496 silly packumentCache full:https://registry.npmjs.org/encodeurl cache-miss
3497 http cache https://registry.npmjs.org/etag 102ms (cache hit)
3498 silly packumentCache full:https://registry.npmjs.org/etag set size:30032 disposed:false
3499 silly fetch manifest proxy-addr@~2.0.7
3500 silly packumentCache full:https://registry.npmjs.org/proxy-addr cache-miss
3501 http cache https://registry.npmjs.org/qs 115ms (cache hit)
3502 silly packumentCache full:https://registry.npmjs.org/qs set size:356906 disposed:false
3503 silly fetch manifest body-parser@~1.20.5
3504 silly packumentCache full:https://registry.npmjs.org/body-parser cache-miss
3505 http cache https://registry.npmjs.org/send 126ms (cache hit)
3506 silly packumentCache full:https://registry.npmjs.org/send set size:152810 disposed:false
3507 silly fetch manifest finalhandler@~1.3.1
3508 silly packumentCache full:https://registry.npmjs.org/finalhandler cache-miss
3509 http cache https://registry.npmjs.org/fresh 146ms (cache hit)
3510 silly packumentCache full:https://registry.npmjs.org/fresh set size:25427 disposed:false
3511 silly fetch manifest serve-static@~1.16.2
3512 silly packumentCache full:https://registry.npmjs.org/serve-static cache-miss
3513 http cache https://registry.npmjs.org/methods 146ms (cache hit)
3514 silly packumentCache full:https://registry.npmjs.org/methods set size:12600 disposed:false
3515 silly fetch manifest array-flatten@1.1.1
3516 silly packumentCache full:https://registry.npmjs.org/array-flatten cache-miss
3517 http cache https://registry.npmjs.org/statuses 144ms (cache hit)
3518 silly packumentCache full:https://registry.npmjs.org/statuses set size:37117 disposed:false
3519 silly fetch manifest path-to-regexp@~0.1.12
3520 silly packumentCache full:https://registry.npmjs.org/path-to-regexp cache-miss
3521 http cache https://registry.npmjs.org/encodeurl 135ms (cache hit)
3522 silly packumentCache full:https://registry.npmjs.org/encodeurl set size:12296 disposed:false
3523 silly fetch manifest cookie-signature@~1.0.6
3524 silly packumentCache full:https://registry.npmjs.org/cookie-signature cache-miss
3525 http cache https://registry.npmjs.org/proxy-addr 139ms (cache hit)
3526 silly packumentCache full:https://registry.npmjs.org/proxy-addr set size:61619 disposed:false
3527 silly fetch manifest merge-descriptors@1.0.3
3528 silly packumentCache full:https://registry.npmjs.org/merge-descriptors cache-miss
3529 http cache https://registry.npmjs.org/body-parser 133ms (cache hit)
3530 silly packumentCache full:https://registry.npmjs.org/body-parser set size:199299 disposed:false
3531 silly fetch manifest content-disposition@~0.5.4
3532 silly packumentCache full:https://registry.npmjs.org/content-disposition cache-miss
3533 http cache https://registry.npmjs.org/finalhandler 135ms (cache hit)
3534 silly packumentCache full:https://registry.npmjs.org/finalhandler set size:79291 disposed:false
3535 silly fetch manifest is-plain-obj@^3.0.0
3536 silly packumentCache full:https://registry.npmjs.org/is-plain-obj cache-miss
3537 http cache https://registry.npmjs.org/path-to-regexp 168ms (cache hit)
3538 silly packumentCache full:https://registry.npmjs.org/path-to-regexp set size:216334 disposed:false
3539 silly fetch manifest shell-quote@^1.8.4
3540 silly packumentCache full:https://registry.npmjs.org/shell-quote cache-miss
3541 http cache https://registry.npmjs.org/array-flatten 199ms (cache hit)
3542 silly packumentCache full:https://registry.npmjs.org/array-flatten set size:24005 disposed:false
3543 silly fetch manifest retry@^0.13.1
3544 silly packumentCache full:https://registry.npmjs.org/retry cache-hit
3545 silly fetch manifest @types/retry@0.12.2
3546 silly packumentCache full:https://registry.npmjs.org/@types%2fretry cache-miss
3547 http cache https://registry.npmjs.org/serve-static 218ms (cache hit)
3548 silly packumentCache full:https://registry.npmjs.org/serve-static set size:150391 disposed:false
3549 silly fetch manifest is-network-error@^1.0.0
3550 silly packumentCache full:https://registry.npmjs.org/is-network-error cache-miss
3551 http cache https://registry.npmjs.org/cookie-signature 211ms (cache hit)
3552 silly packumentCache full:https://registry.npmjs.org/cookie-signature set size:21777 disposed:false
3553 silly fetch manifest node-forge@^1
3554 silly packumentCache full:https://registry.npmjs.org/node-forge cache-miss
3555 http cache https://registry.npmjs.org/content-disposition 188ms (cache hit)
3556 silly packumentCache full:https://registry.npmjs.org/content-disposition set size:42862 disposed:false
3557 silly fetch manifest @types/node-forge@^1.3.0
3558 silly packumentCache full:https://registry.npmjs.org/@types%2fnode-forge cache-miss
3559 http cache https://registry.npmjs.org/merge-descriptors 215ms (cache hit)
3560 silly packumentCache full:https://registry.npmjs.org/merge-descriptors set size:16527 disposed:false
3561 silly fetch manifest batch@0.6.1
3562 silly packumentCache full:https://registry.npmjs.org/batch cache-miss
3563 http cache https://registry.npmjs.org/is-plain-obj 192ms (cache hit)
3564 silly packumentCache full:https://registry.npmjs.org/is-plain-obj set size:17899 disposed:false
3565 silly fetch manifest http-errors@~1.8.0
3566 silly packumentCache full:https://registry.npmjs.org/http-errors cache-miss
3567 http cache https://registry.npmjs.org/shell-quote 210ms (cache hit)
3568 silly packumentCache full:https://registry.npmjs.org/shell-quote set size:65011 disposed:false
3569 silly fetch manifest faye-websocket@^0.11.3
3570 silly packumentCache full:https://registry.npmjs.org/faye-websocket cache-miss
3571 http cache https://registry.npmjs.org/is-network-error 180ms (cache hit)
3572 silly packumentCache full:https://registry.npmjs.org/is-network-error set size:14699 disposed:false
3573 silly fetch manifest uuid@^8.3.2
3574 silly packumentCache full:https://registry.npmjs.org/uuid cache-miss
3575 http cache https://registry.npmjs.org/node-forge 191ms (cache hit)
3576 silly packumentCache full:https://registry.npmjs.org/node-forge set size:394631 disposed:false
3577 silly fetch manifest websocket-driver@^0.7.4
3578 silly packumentCache full:https://registry.npmjs.org/websocket-driver cache-miss
3579 http cache https://registry.npmjs.org/@types%2fretry 234ms (cache hit)
3580 silly packumentCache full:https://registry.npmjs.org/@types%2fretry set size:17008 disposed:false
3581 silly fetch manifest handle-thing@^2.0.0
3582 silly packumentCache full:https://registry.npmjs.org/handle-thing cache-miss
3583 http cache https://registry.npmjs.org/batch 200ms (cache hit)
3584 silly packumentCache full:https://registry.npmjs.org/batch set size:18505 disposed:false
3585 silly fetch manifest http-deceiver@^1.2.7
3586 silly packumentCache full:https://registry.npmjs.org/http-deceiver cache-miss
3587 http cache https://registry.npmjs.org/@types%2fnode-forge 210ms (cache hit)
3588 silly packumentCache full:https://registry.npmjs.org/@types%2fnode-forge set size:228988 disposed:false
3589 silly fetch manifest select-hose@^2.0.0
3590 silly packumentCache full:https://registry.npmjs.org/select-hose cache-miss
3591 http cache https://registry.npmjs.org/http-errors 219ms (cache hit)
3592 silly packumentCache full:https://registry.npmjs.org/http-errors set size:71987 disposed:false
3593 silly fetch manifest spdy-transport@^3.0.0
3594 silly packumentCache full:https://registry.npmjs.org/spdy-transport cache-miss
3595 http cache https://registry.npmjs.org/faye-websocket 153ms (cache hit)
3596 silly packumentCache full:https://registry.npmjs.org/faye-websocket set size:45682 disposed:false
3597 http cache https://registry.npmjs.org/uuid 147ms (cache hit)
3598 silly packumentCache full:https://registry.npmjs.org/uuid set size:234700 disposed:false
3599 http cache https://registry.npmjs.org/websocket-driver 144ms (cache hit)
3600 silly packumentCache full:https://registry.npmjs.org/websocket-driver set size:57610 disposed:false
3601 http cache https://registry.npmjs.org/handle-thing 142ms (cache hit)
3602 silly packumentCache full:https://registry.npmjs.org/handle-thing set size:20817 disposed:false
3603 http cache https://registry.npmjs.org/select-hose 132ms (cache hit)
3604 silly packumentCache full:https://registry.npmjs.org/select-hose set size:5125 disposed:false
3605 http cache https://registry.npmjs.org/http-deceiver 143ms (cache hit)
3606 silly packumentCache full:https://registry.npmjs.org/http-deceiver set size:16525 disposed:false
3607 http cache https://registry.npmjs.org/spdy-transport 106ms (cache hit)
3608 silly packumentCache full:https://registry.npmjs.org/spdy-transport set size:89673 disposed:false
3609 silly placeDep ROOT @types/body-parser@1.19.6 OK for: @types/express@4.17.25 want: *
3610 silly placeDep ROOT @types/qs@6.15.1 OK for: @types/express@4.17.25 want: *
3611 silly fetch manifest @types/connect@*
3612 silly packumentCache full:https://registry.npmjs.org/@types%2fconnect cache-miss
3613 http cache https://registry.npmjs.org/@types%2fconnect 54ms (cache hit)
3614 silly packumentCache full:https://registry.npmjs.org/@types%2fconnect set size:31512 disposed:false
3615 silly placeDep ROOT @types/connect@3.4.38 OK for: @types/body-parser@1.19.6 want: *
3616 silly placeDep ROOT @types/range-parser@1.2.7 OK for: @types/express-serve-static-core@4.19.8 want: *
3617 silly placeDep ROOT @types/send@1.2.1 OK for: @types/express-serve-static-core@4.19.8 want: *
3618 silly placeDep ROOT @types/http-errors@2.0.5 OK for: @types/serve-static@1.15.10 want: *
3619 silly placeDep node_modules/@types/serve-static @types/send@0.17.6 OK for: @types/serve-static@1.15.10 want: <1
3620 silly fetch manifest @types/mime@^1
3621 silly packumentCache full:https://registry.npmjs.org/@types%2fmime cache-miss
3622 http cache https://registry.npmjs.org/@types%2fmime 85ms (cache hit)
3623 silly packumentCache full:https://registry.npmjs.org/@types%2fmime set size:43242 disposed:false
3624 silly placeDep ROOT multicast-dns@7.2.5 OK for: bonjour-service@1.4.1 want: ^7.2.5
3625 silly fetch manifest thunky@^1.0.2
3626 silly packumentCache full:https://registry.npmjs.org/thunky cache-miss
3627 silly fetch manifest dns-packet@^5.2.2
3628 silly packumentCache full:https://registry.npmjs.org/dns-packet cache-miss
3629 http cache https://registry.npmjs.org/dns-packet 58ms (cache hit)
3630 silly packumentCache full:https://registry.npmjs.org/dns-packet set size:96184 disposed:false
3631 http cache https://registry.npmjs.org/thunky 67ms (cache hit)
3632 silly packumentCache full:https://registry.npmjs.org/thunky set size:14018 disposed:false
3633 silly placeDep ROOT compressible@2.0.18 OK for: compression@1.8.1 want: ~2.0.18
3634 silly placeDep node_modules/compression debug@2.6.9 OK for: compression@1.8.1 want: 2.6.9
3635 silly placeDep node_modules/compression negotiator@0.6.4 OK for: compression@1.8.1 want: ~0.6.4
3636 silly placeDep ROOT on-headers@1.1.0 OK for: compression@1.8.1 want: ~1.1.0
3637 silly fetch manifest ms@2.0.0
3638 silly packumentCache full:https://registry.npmjs.org/ms cache-miss
3639 http cache https://registry.npmjs.org/ms 96ms (cache hit)
3640 silly packumentCache full:https://registry.npmjs.org/ms set size:92208 disposed:false
3641 silly placeDep ROOT array-flatten@1.1.1 OK for: express@4.22.2 want: 1.1.1
3642 silly placeDep ROOT body-parser@1.20.5 REPLACE for: express@4.22.2 want: ~1.20.5
3643 silly placeDep ROOT content-disposition@0.5.4 OK for: express@4.22.2 want: ~0.5.4
3644 silly placeDep ROOT cookie-signature@1.0.7 OK for: express@4.22.2 want: ~1.0.6
3645 silly placeDep node_modules/express debug@2.6.9 OK for: express@4.22.2 want: 2.6.9
3646 silly placeDep node_modules/express encodeurl@2.0.0 OK for: express@4.22.2 want: ~2.0.0
3647 silly placeDep ROOT etag@1.8.1 OK for: express@4.22.2 want: ~1.8.1
3648 silly placeDep node_modules/express finalhandler@1.3.2 OK for: express@4.22.2 want: ~1.3.1
3649 silly placeDep ROOT fresh@0.5.2 OK for: express@4.22.2 want: ~0.5.2
3650 silly placeDep ROOT merge-descriptors@1.0.3 OK for: express@4.22.2 want: 1.0.3
3651 silly placeDep ROOT methods@1.1.2 OK for: express@4.22.2 want: ~1.1.2
3652 silly placeDep ROOT path-to-regexp@0.1.13 OK for: express@4.22.2 want: ~0.1.12
3653 silly placeDep ROOT proxy-addr@2.0.7 OK for: express@4.22.2 want: ~2.0.7
3654 silly placeDep ROOT qs@6.15.2 OK for: express@4.22.2 want: ~6.15.1
3655 silly placeDep ROOT send@0.19.2 OK for: express@4.22.2 want: ~0.19.0
3656 silly placeDep ROOT serve-static@1.16.3 OK for: express@4.22.2 want: ~1.16.2
3657 silly placeDep node_modules/express statuses@2.0.2 OK for: express@4.22.2 want: ~2.0.1
3658 silly fetch manifest http-errors@~2.0.1
3659 silly packumentCache full:https://registry.npmjs.org/http-errors cache-hit
3660 silly fetch manifest iconv-lite@~0.4.24
3661 silly packumentCache full:https://registry.npmjs.org/iconv-lite cache-hit
3662 silly fetch manifest raw-body@~2.5.3
3663 silly packumentCache full:https://registry.npmjs.org/raw-body cache-miss
3664 silly fetch manifest statuses@~2.0.2
3665 silly packumentCache full:https://registry.npmjs.org/statuses cache-hit
3666 silly fetch manifest forwarded@0.2.0
3667 silly packumentCache full:https://registry.npmjs.org/forwarded cache-miss
3668 silly fetch manifest ipaddr.js@1.9.1
3669 silly packumentCache full:https://registry.npmjs.org/ipaddr.js cache-hit
3670 silly fetch manifest side-channel@^1.1.0
3671 silly packumentCache full:https://registry.npmjs.org/side-channel cache-miss
3672 silly fetch manifest mime@1.6.0
3673 silly packumentCache full:https://registry.npmjs.org/mime cache-hit
3674 http cache https://registry.npmjs.org/forwarded 135ms (cache hit)
3675 silly packumentCache full:https://registry.npmjs.org/forwarded set size:11229 disposed:false
3676 http cache https://registry.npmjs.org/raw-body 156ms (cache hit)
3677 silly packumentCache full:https://registry.npmjs.org/raw-body set size:117822 disposed:false
3678 http cache https://registry.npmjs.org/side-channel 163ms (cache hit)
3679 silly packumentCache full:https://registry.npmjs.org/side-channel set size:27650 disposed:false
3680 silly placeDep node_modules/body-parser http-errors@2.0.1 OK for: body-parser@1.20.5 want: ~2.0.1
3681 silly placeDep ROOT iconv-lite@0.4.24 OK for: body-parser@1.20.5 want: ~0.4.24
3682 silly placeDep ROOT raw-body@2.5.3 OK for: body-parser@1.20.5 want: ~2.5.3
3683 silly placeDep ROOT shell-quote@1.8.4 OK for: launch-editor@2.14.1 want: ^1.8.4
3684 silly placeDep ROOT dns-packet@5.6.1 OK for: multicast-dns@7.2.5 want: ^5.2.2
3685 silly placeDep ROOT thunky@1.1.0 OK for: multicast-dns@7.2.5 want: ^1.0.2
3686 silly fetch manifest @leichtgewicht/ip-codec@^2.0.1
3687 silly packumentCache full:https://registry.npmjs.org/@leichtgewicht%2fip-codec cache-miss
3688 http cache https://registry.npmjs.org/@leichtgewicht%2fip-codec 51ms (cache hit)
3689 silly packumentCache full:https://registry.npmjs.org/@leichtgewicht%2fip-codec set size:20495 disposed:false
3690 silly placeDep ROOT @leichtgewicht/ip-codec@2.0.5 OK for: dns-packet@5.6.1 want: ^2.0.1
3691 silly placeDep ROOT @types/retry@0.12.2 OK for: p-retry@6.2.1 want: 0.12.2
3692 silly placeDep ROOT is-network-error@1.3.2 OK for: p-retry@6.2.1 want: ^1.0.0
3693 silly placeDep node_modules/p-retry retry@0.13.1 OK for: p-retry@6.2.1 want: ^0.13.1
3694 silly placeDep ROOT forwarded@0.2.0 OK for: proxy-addr@2.0.7 want: 0.2.0
3695 silly placeDep node_modules/proxy-addr ipaddr.js@1.9.1 OK for: proxy-addr@2.0.7 want: 1.9.1
3696 silly placeDep ROOT side-channel@1.1.1 OK for: qs@6.15.2 want: ^1.1.0
3697 silly fetch manifest object-inspect@^1.13.4
3698 silly packumentCache full:https://registry.npmjs.org/object-inspect cache-miss
3699 silly fetch manifest side-channel-list@^1.0.1
3700 silly packumentCache full:https://registry.npmjs.org/side-channel-list cache-miss
3701 silly fetch manifest side-channel-map@^1.0.1
3702 silly packumentCache full:https://registry.npmjs.org/side-channel-map cache-miss
3703 silly fetch manifest side-channel-weakmap@^1.0.2
3704 silly packumentCache full:https://registry.npmjs.org/side-channel-weakmap cache-miss
3705 http cache https://registry.npmjs.org/object-inspect 96ms (cache hit)
3706 silly packumentCache full:https://registry.npmjs.org/object-inspect set size:101912 disposed:false
3707 http cache https://registry.npmjs.org/side-channel-map 124ms (cache hit)
3708 silly packumentCache full:https://registry.npmjs.org/side-channel-map set size:9126 disposed:false
3709 http cache https://registry.npmjs.org/side-channel-list 135ms (cache hit)
3710 silly packumentCache full:https://registry.npmjs.org/side-channel-list set size:9021 disposed:false
3711 http cache https://registry.npmjs.org/side-channel-weakmap 153ms (cache hit)
3712 silly packumentCache full:https://registry.npmjs.org/side-channel-weakmap set size:12620 disposed:false
3713 silly placeDep node_modules/raw-body http-errors@2.0.1 OK for: raw-body@2.5.3 want: ~2.0.1
3714 silly placeDep ROOT @types/node-forge@1.3.14 OK for: selfsigned@2.4.1 want: ^1.3.0
3715 silly placeDep ROOT node-forge@1.4.0 OK for: selfsigned@2.4.1 want: ^1
3716 silly placeDep node_modules/send debug@2.6.9 OK for: send@0.19.2 want: 2.6.9
3717 silly placeDep node_modules/send encodeurl@2.0.0 OK for: send@0.19.2 want: ~2.0.0
3718 silly placeDep node_modules/send http-errors@2.0.1 OK for: send@0.19.2 want: ~2.0.1
3719 silly placeDep node_modules/send mime@1.6.0 OK for: send@0.19.2 want: 1.6.0
3720 silly placeDep node_modules/send statuses@2.0.2 OK for: send@0.19.2 want: ~2.0.2
3721 silly placeDep ROOT batch@0.6.1 OK for: serve-index@1.9.2 want: 0.6.1
3722 silly placeDep node_modules/serve-index debug@2.6.9 OK for: serve-index@1.9.2 want: 2.6.9
3723 silly placeDep node_modules/serve-index http-errors@1.8.1 OK for: serve-index@1.9.2 want: ~1.8.0
3724 silly fetch manifest depd@~1.1.2
3725 silly packumentCache full:https://registry.npmjs.org/depd cache-miss
3726 http cache https://registry.npmjs.org/depd 86ms (cache hit)
3727 silly packumentCache full:https://registry.npmjs.org/depd set size:40182 disposed:false
3728 silly placeDep node_modules/serve-static encodeurl@2.0.0 OK for: serve-static@1.16.3 want: ~2.0.0
3729 silly placeDep ROOT object-inspect@1.13.4 OK for: side-channel@1.1.1 want: ^1.13.4
3730 silly placeDep ROOT side-channel-list@1.0.1 OK for: side-channel@1.1.1 want: ^1.0.1
3731 silly placeDep ROOT side-channel-map@1.0.1 OK for: side-channel@1.1.1 want: ^1.0.1
3732 silly placeDep ROOT side-channel-weakmap@1.0.2 OK for: side-channel@1.1.1 want: ^1.0.2
3733 silly placeDep ROOT faye-websocket@0.11.4 OK for: sockjs@0.3.24 want: ^0.11.3
3734 silly placeDep ROOT uuid@8.3.2 OK for: sockjs@0.3.24 want: ^8.3.2
3735 silly placeDep ROOT websocket-driver@0.7.5 OK for: sockjs@0.3.24 want: ^0.7.4
3736 silly fetch manifest websocket-driver@>=0.5.1
3737 silly packumentCache full:https://registry.npmjs.org/websocket-driver cache-hit
3738 silly fetch manifest http-parser-js@>=0.5.1
3739 silly packumentCache full:https://registry.npmjs.org/http-parser-js cache-miss
3740 silly fetch manifest websocket-extensions@>=0.1.1
3741 silly packumentCache full:https://registry.npmjs.org/websocket-extensions cache-miss
3742 http cache https://registry.npmjs.org/http-parser-js 55ms (cache hit)
3743 silly packumentCache full:https://registry.npmjs.org/http-parser-js set size:68161 disposed:false
3744 http cache https://registry.npmjs.org/websocket-extensions 56ms (cache hit)
3745 silly packumentCache full:https://registry.npmjs.org/websocket-extensions set size:22792 disposed:false
3746 silly placeDep ROOT handle-thing@2.0.1 OK for: spdy@4.0.2 want: ^2.0.0
3747 silly placeDep ROOT http-deceiver@1.2.7 OK for: spdy@4.0.2 want: ^1.2.7
3748 silly placeDep ROOT select-hose@2.0.0 OK for: spdy@4.0.2 want: ^2.0.0
3749 silly placeDep ROOT spdy-transport@3.0.0 OK for: spdy@4.0.2 want: ^3.0.0
3750 silly fetch manifest detect-node@^2.0.4
3751 silly packumentCache full:https://registry.npmjs.org/detect-node cache-miss
3752 silly fetch manifest hpack.js@^2.1.6
3753 silly packumentCache full:https://registry.npmjs.org/hpack.js cache-miss
3754 silly fetch manifest obuf@^1.1.2
3755 silly packumentCache full:https://registry.npmjs.org/obuf cache-miss
3756 silly fetch manifest wbuf@^1.7.3
3757 silly packumentCache full:https://registry.npmjs.org/wbuf cache-miss
3758 http cache https://registry.npmjs.org/detect-node 119ms (cache hit)
3759 silly packumentCache full:https://registry.npmjs.org/detect-node set size:14548 disposed:false
3760 http cache https://registry.npmjs.org/obuf 118ms (cache hit)
3761 silly packumentCache full:https://registry.npmjs.org/obuf set size:14024 disposed:false
3762 http cache https://registry.npmjs.org/hpack.js 121ms (cache hit)
3763 silly packumentCache full:https://registry.npmjs.org/hpack.js set size:15353 disposed:false
3764 http cache https://registry.npmjs.org/wbuf 123ms (cache hit)
3765 silly packumentCache full:https://registry.npmjs.org/wbuf set size:20540 disposed:false
3766 silly placeDep ROOT detect-node@2.1.0 OK for: spdy-transport@3.0.0 want: ^2.0.4
3767 silly placeDep ROOT hpack.js@2.1.6 OK for: spdy-transport@3.0.0 want: ^2.1.6
3768 silly placeDep ROOT obuf@1.1.2 OK for: spdy-transport@3.0.0 want: ^1.1.2
3769 silly placeDep ROOT wbuf@1.7.3 OK for: spdy-transport@3.0.0 want: ^1.7.3
3770 silly fetch manifest obuf@^1.0.0
3771 silly packumentCache full:https://registry.npmjs.org/obuf cache-hit
3772 silly fetch manifest readable-stream@^2.0.1
3773 silly packumentCache full:https://registry.npmjs.org/readable-stream cache-miss
3774 silly fetch manifest wbuf@^1.1.0
3775 silly packumentCache full:https://registry.npmjs.org/wbuf cache-hit
3776 silly fetch manifest minimalistic-assert@^1.0.0
3777 silly packumentCache full:https://registry.npmjs.org/minimalistic-assert cache-miss
3778 http cache https://registry.npmjs.org/readable-stream 83ms (cache hit)
3779 silly packumentCache full:https://registry.npmjs.org/readable-stream set size:261096 disposed:false
3780 http cache https://registry.npmjs.org/minimalistic-assert 97ms (cache hit)
3781 silly packumentCache full:https://registry.npmjs.org/minimalistic-assert set size:3465 disposed:false
3782 silly placeDep node_modules/hpack.js readable-stream@2.3.8 OK for: hpack.js@2.1.6 want: ^2.0.1
3783 silly fetch manifest isarray@~1.0.0
3784 silly packumentCache full:https://registry.npmjs.org/isarray cache-miss
3785 silly fetch manifest safe-buffer@~5.1.1
3786 silly packumentCache full:https://registry.npmjs.org/safe-buffer cache-miss
3787 silly fetch manifest core-util-is@~1.0.0
3788 silly packumentCache full:https://registry.npmjs.org/core-util-is cache-miss
3789 silly fetch manifest string_decoder@~1.1.1
3790 silly packumentCache full:https://registry.npmjs.org/string_decoder cache-miss
3791 silly fetch manifest process-nextick-args@~2.0.0
3792 silly packumentCache full:https://registry.npmjs.org/process-nextick-args cache-miss
3793 http cache https://registry.npmjs.org/safe-buffer 90ms (cache hit)
3794 silly packumentCache full:https://registry.npmjs.org/safe-buffer set size:41183 disposed:false
3795 http cache https://registry.npmjs.org/core-util-is 98ms (cache hit)
3796 silly packumentCache full:https://registry.npmjs.org/core-util-is set size:7163 disposed:false
3797 http cache https://registry.npmjs.org/string_decoder 99ms (cache hit)
3798 silly packumentCache full:https://registry.npmjs.org/string_decoder set size:28441 disposed:false
3799 http cache https://registry.npmjs.org/process-nextick-args 104ms (cache hit)
3800 silly packumentCache full:https://registry.npmjs.org/process-nextick-args set size:15428 disposed:false
3801 http cache https://registry.npmjs.org/isarray 113ms (cache hit)
3802 silly packumentCache full:https://registry.npmjs.org/isarray set size:17392 disposed:false
3803 silly placeDep ROOT minimalistic-assert@1.0.1 OK for: wbuf@1.7.3 want: ^1.0.0
3804 silly placeDep ROOT clone-deep@4.0.1 OK for: webpack-merge@6.0.1 want: ^4.0.1
3805 silly placeDep ROOT flat@5.0.2 OK for: webpack-merge@6.0.1 want: ^5.0.2
3806 silly placeDep ROOT wildcard@2.0.1 OK for: webpack-merge@6.0.1 want: ^2.0.1
3807 silly fetch manifest is-plain-object@^2.0.4
3808 silly packumentCache full:https://registry.npmjs.org/is-plain-object cache-hit
3809 silly fetch manifest kind-of@^6.0.2
3810 silly packumentCache full:https://registry.npmjs.org/kind-of cache-miss
3811 silly fetch manifest shallow-clone@^3.0.0
3812 silly packumentCache full:https://registry.npmjs.org/shallow-clone cache-miss
3813 http cache https://registry.npmjs.org/shallow-clone 21ms (cache hit)
3814 silly packumentCache full:https://registry.npmjs.org/shallow-clone set size:24716 disposed:false
3815 http cache https://registry.npmjs.org/kind-of 31ms (cache hit)
3816 silly packumentCache full:https://registry.npmjs.org/kind-of set size:70901 disposed:false
3817 silly placeDep node_modules/clone-deep is-plain-object@2.0.4 OK for: clone-deep@4.0.1 want: ^2.0.4
3818 silly placeDep ROOT kind-of@6.0.3 OK for: clone-deep@4.0.1 want: ^6.0.2
3819 silly placeDep ROOT shallow-clone@3.0.1 OK for: clone-deep@4.0.1 want: ^3.0.0
3820 silly fetch manifest isobject@^3.0.1
3821 silly packumentCache full:https://registry.npmjs.org/isobject cache-miss
3822 http cache https://registry.npmjs.org/isobject 48ms (cache hit)
3823 silly packumentCache full:https://registry.npmjs.org/isobject set size:26140 disposed:false
3824 silly placeDep ROOT http-parser-js@0.5.10 OK for: websocket-driver@0.7.5 want: >=0.5.1
3825 silly placeDep ROOT websocket-extensions@0.1.4 OK for: websocket-driver@0.7.5 want: >=0.1.1
3826 silly placeDep node_modules/@angular-devkit/build-angular convert-source-map@2.0.0 OK for: @babel/core@7.26.10 want: ^2.0.0
3827 silly placeDep node_modules/@angular-devkit/build-angular/node_modules/@babel/core semver@6.3.1 OK for: @babel/core@7.26.10 want: ^6.3.1
3828 silly placeDep node_modules/@angular/build convert-source-map@2.0.0 OK for: @babel/core@7.26.10 want: ^2.0.0
3829 silly placeDep node_modules/@angular/build/node_modules/@babel/core semver@6.3.1 OK for: @babel/core@7.26.10 want: ^6.3.1
3830 silly placeDep node_modules/@angular/compiler-cli readdirp@4.1.2 OK for: chokidar@4.0.3 want: ^4.0.1
3831 silly placeDep node_modules/@jsonjoy.com/fs-snapshot @jsonjoy.com/base64@17.67.0 OK for: @jsonjoy.com/json-pack@17.67.0 want: 17.67.0
3832 silly placeDep node_modules/@jsonjoy.com/fs-snapshot @jsonjoy.com/codegen@17.67.0 OK for: @jsonjoy.com/json-pack@17.67.0 want: 17.67.0
3833 silly placeDep node_modules/@jsonjoy.com/fs-snapshot @jsonjoy.com/json-pointer@17.67.0 OK for: @jsonjoy.com/json-pack@17.67.0 want: 17.67.0
3834 silly placeDep node_modules/@listr2/prompt-adapter-inquirer mute-stream@1.0.0 OK for: @inquirer/type@1.5.5 want: ^1.0.0
3835 silly placeDep node_modules/@npmcli/git isexe@3.1.5 OK for: which@5.0.0 want: ^3.1.1
3836 silly placeDep ROOT foreground-child@3.3.1 OK for: glob@10.5.0 want: ^3.1.0
3837 silly placeDep ROOT jackspeak@3.4.3 OK for: glob@10.5.0 want: ^3.1.2
3838 silly placeDep node_modules/@npmcli/package-json minimatch@9.0.9 OK for: glob@10.5.0 want: ^9.0.4
3839 silly placeDep ROOT package-json-from-dist@1.0.1 OK for: glob@10.5.0 want: ^1.0.0
3840 silly placeDep ROOT path-scurry@1.11.1 OK for: glob@10.5.0 want: ^1.11.1
3841 silly fetch manifest cross-spawn@^7.0.6
3842 silly packumentCache full:https://registry.npmjs.org/cross-spawn cache-miss
3843 silly fetch manifest signal-exit@^4.0.1
3844 silly packumentCache full:https://registry.npmjs.org/signal-exit cache-hit
3845 silly fetch manifest @isaacs/cliui@^8.0.2
3846 silly packumentCache full:https://registry.npmjs.org/@isaacs%2fcliui cache-miss
3847 silly fetch manifest @pkgjs/parseargs@^0.11.0
3848 silly packumentCache full:https://registry.npmjs.org/@pkgjs%2fparseargs cache-miss
3849 silly fetch manifest lru-cache@^10.2.0
3850 silly packumentCache full:https://registry.npmjs.org/lru-cache cache-hit
3851 http cache https://registry.npmjs.org/cross-spawn 98ms (cache hit)
3852 silly packumentCache full:https://registry.npmjs.org/cross-spawn set size:109066 disposed:false
3853 http cache https://registry.npmjs.org/@isaacs%2fcliui 101ms (cache hit)
3854 silly packumentCache full:https://registry.npmjs.org/@isaacs%2fcliui set size:12263 disposed:false
3855 http cache https://registry.npmjs.org/@pkgjs%2fparseargs 102ms (cache hit)
3856 silly packumentCache full:https://registry.npmjs.org/@pkgjs%2fparseargs set size:51085 disposed:false
3857 silly placeDep ROOT cross-spawn@7.0.6 OK for: foreground-child@3.3.1 want: ^7.0.6
3858 silly placeDep node_modules/foreground-child signal-exit@4.1.0 OK for: foreground-child@3.3.1 want: ^4.0.1
3859 silly fetch manifest which@^2.0.1
3860 silly packumentCache full:https://registry.npmjs.org/which cache-hit
3861 silly fetch manifest path-key@^3.1.0
3862 silly packumentCache full:https://registry.npmjs.org/path-key cache-miss
3863 silly fetch manifest shebang-command@^2.0.0
3864 silly packumentCache full:https://registry.npmjs.org/shebang-command cache-miss
3865 http cache https://registry.npmjs.org/shebang-command 81ms (cache hit)
3866 silly packumentCache full:https://registry.npmjs.org/shebang-command set size:8525 disposed:false
3867 http cache https://registry.npmjs.org/path-key 85ms (cache hit)
3868 silly packumentCache full:https://registry.npmjs.org/path-key set size:16975 disposed:false
3869 silly placeDep ROOT path-key@3.1.1 OK for: cross-spawn@7.0.6 want: ^3.1.0
3870 silly placeDep ROOT shebang-command@2.0.0 OK for: cross-spawn@7.0.6 want: ^2.0.0
3871 silly placeDep node_modules/cross-spawn which@2.0.2 OK for: cross-spawn@7.0.6 want: ^2.0.1
3872 silly fetch manifest shebang-regex@^3.0.0
3873 silly packumentCache full:https://registry.npmjs.org/shebang-regex cache-miss
3874 http cache https://registry.npmjs.org/shebang-regex 18ms (cache hit)
3875 silly packumentCache full:https://registry.npmjs.org/shebang-regex set size:9763 disposed:false
3876 silly placeDep ROOT @isaacs/cliui@8.0.2 OK for: jackspeak@3.4.3 want: ^8.0.2
3877 silly placeDep ROOT @pkgjs/parseargs@0.11.0 OK for: jackspeak@3.4.3 want: ^0.11.0
3878 silly fetch manifest wrap-ansi@^8.1.0
3879 silly packumentCache full:https://registry.npmjs.org/wrap-ansi cache-hit
3880 silly fetch manifest strip-ansi@^7.0.1
3881 silly packumentCache full:https://registry.npmjs.org/strip-ansi cache-hit
3882 silly fetch manifest string-width@^5.1.2
3883 silly packumentCache full:https://registry.npmjs.org/string-width cache-hit
3884 silly fetch manifest wrap-ansi-cjs@npm:wrap-ansi@^7.0.0
3885 silly packumentCache full:https://registry.npmjs.org/wrap-ansi cache-hit
3886 silly fetch manifest strip-ansi-cjs@npm:strip-ansi@^6.0.1
3887 silly packumentCache full:https://registry.npmjs.org/strip-ansi cache-hit
3888 silly fetch manifest string-width-cjs@npm:string-width@^4.2.0
3889 silly packumentCache full:https://registry.npmjs.org/string-width cache-hit
3890 silly placeDep node_modules/@isaacs/cliui string-width@5.1.2 OK for: @isaacs/cliui@8.0.2 want: ^5.1.2
3891 silly placeDep ROOT string-width-cjs@4.2.3 OK for: @isaacs/cliui@8.0.2 want: npm:string-width@^4.2.0
3892 silly placeDep node_modules/@isaacs/cliui strip-ansi@7.2.0 OK for: @isaacs/cliui@8.0.2 want: ^7.0.1
3893 silly placeDep ROOT strip-ansi-cjs@6.0.1 OK for: @isaacs/cliui@8.0.2 want: npm:strip-ansi@^6.0.1
3894 silly placeDep node_modules/@isaacs/cliui wrap-ansi@8.1.0 OK for: @isaacs/cliui@8.0.2 want: ^8.1.0
3895 silly placeDep ROOT wrap-ansi-cjs@7.0.0 OK for: @isaacs/cliui@8.0.2 want: npm:wrap-ansi@^7.0.0
3896 silly fetch manifest emoji-regex@^9.2.2
3897 silly packumentCache full:https://registry.npmjs.org/emoji-regex cache-hit
3898 silly fetch manifest eastasianwidth@^0.2.0
3899 silly packumentCache full:https://registry.npmjs.org/eastasianwidth cache-miss
3900 silly fetch manifest ansi-styles@^6.1.0
3901 silly packumentCache full:https://registry.npmjs.org/ansi-styles cache-hit
3902 http cache https://registry.npmjs.org/eastasianwidth 74ms (cache hit)
3903 silly packumentCache full:https://registry.npmjs.org/eastasianwidth set size:7890 disposed:false
3904 silly placeDep node_modules/path-scurry lru-cache@10.4.3 OK for: path-scurry@1.11.1 want: ^10.2.0
3905 silly placeDep ROOT shebang-regex@3.0.0 OK for: shebang-command@2.0.0 want: ^3.0.0
3906 silly placeDep ROOT eastasianwidth@0.2.0 OK for: string-width@5.1.2 want: ^0.2.0
3907 silly placeDep node_modules/@isaacs/cliui emoji-regex@9.2.2 OK for: string-width@5.1.2 want: ^9.2.2
3908 silly placeDep node_modules/@isaacs/cliui ansi-regex@6.2.2 OK for: strip-ansi@7.2.0 want: ^6.2.2
3909 silly placeDep node_modules/@isaacs/cliui ansi-styles@6.2.3 OK for: wrap-ansi@8.1.0 want: ^6.1.0
3910 silly placeDep node_modules/@npmcli/package-json brace-expansion@2.1.1 OK for: minimatch@9.0.9 want: ^2.0.2
3911 silly placeDep node_modules/@npmcli/promise-spawn isexe@3.1.5 OK for: which@5.0.0 want: ^3.1.1
3912 silly placeDep node_modules/@npmcli/run-script isexe@3.1.5 OK for: which@5.0.0 want: ^3.1.1
3913 silly placeDep node_modules/@tufjs/models brace-expansion@2.1.1 OK for: minimatch@9.0.9 want: ^2.0.2
3914 silly placeDep ROOT @types/mime@1.3.5 OK for: @types/send@0.17.6 want: ^1
3915 silly placeDep node_modules/body-parser statuses@2.0.2 OK for: http-errors@2.0.1 want: ~2.0.2
3916 silly placeDep node_modules/cacache minimatch@9.0.9 OK for: glob@10.5.0 want: ^9.0.4
3917 silly placeDep node_modules/cacache brace-expansion@2.1.1 OK for: minimatch@9.0.9 want: ^2.0.2
3918 silly placeDep ROOT @isaacs/fs-minipass@4.0.1 OK for: tar@7.5.16 want: ^4.0.0
3919 silly placeDep node_modules/cacache chownr@3.0.0 OK for: tar@7.5.16 want: ^3.0.0
3920 silly placeDep node_modules/cacache yallist@5.0.0 OK for: tar@7.5.16 want: ^5.0.0
3921 silly placeDep node_modules/cli-truncate emoji-regex@10.6.0 OK for: string-width@7.2.0 want: ^10.3.0
3922 silly placeDep ROOT get-east-asian-width@1.6.0 OK for: string-width@7.2.0 want: ^1.0.0
3923 silly placeDep node_modules/cli-truncate strip-ansi@7.2.0 OK for: string-width@7.2.0 want: ^7.1.0
3924 silly placeDep node_modules/cli-truncate ansi-regex@6.2.2 OK for: strip-ansi@7.2.0 want: ^6.2.2
3925 silly placeDep ROOT isobject@3.0.1 OK for: is-plain-object@2.0.4 want: ^3.0.1
3926 silly placeDep node_modules/compression ms@2.0.0 OK for: debug@2.6.9 want: 2.0.0
3927 silly placeDep node_modules/express ms@2.0.0 OK for: debug@2.6.9 want: 2.0.0
3928 silly placeDep ROOT core-util-is@1.0.3 OK for: readable-stream@2.3.8 want: ~1.0.0
3929 silly placeDep ROOT isarray@1.0.0 OK for: readable-stream@2.3.8 want: ~1.0.0
3930 silly placeDep ROOT process-nextick-args@2.0.1 OK for: readable-stream@2.3.8 want: ~2.0.0
3931 silly placeDep node_modules/hpack.js safe-buffer@5.1.2 OK for: readable-stream@2.3.8 want: ~5.1.1
3932 silly placeDep node_modules/hpack.js string_decoder@1.1.1 OK for: readable-stream@2.3.8 want: ~1.1.1
3933 silly placeDep node_modules/ignore-walk brace-expansion@2.1.1 OK for: minimatch@9.0.9 want: ^2.0.2
3934 silly placeDep ROOT pify@4.0.1 OK for: make-dir@2.1.0 want: ^4.0.1
3935 silly placeDep node_modules/less semver@5.7.2 OK for: make-dir@2.1.0 want: ^5.6.0
3936 silly placeDep node_modules/listr2 ansi-styles@6.2.3 OK for: wrap-ansi@9.0.2 want: ^6.2.1
3937 silly placeDep node_modules/listr2 string-width@7.2.0 OK for: wrap-ansi@9.0.2 want: ^7.0.0
3938 silly placeDep node_modules/listr2 strip-ansi@7.2.0 OK for: wrap-ansi@9.0.2 want: ^7.1.0
3939 silly placeDep node_modules/listr2 emoji-regex@10.6.0 OK for: string-width@7.2.0 want: ^10.3.0
3940 silly placeDep node_modules/listr2 ansi-regex@6.2.2 OK for: strip-ansi@7.2.0 want: ^6.2.2
3941 silly placeDep node_modules/log-update restore-cursor@5.1.0 OK for: cli-cursor@5.0.0 want: ^5.0.0
3942 silly fetch manifest onetime@^7.0.0
3943 silly packumentCache full:https://registry.npmjs.org/onetime cache-miss
3944 http cache https://registry.npmjs.org/onetime 81ms (cache hit)
3945 silly packumentCache full:https://registry.npmjs.org/onetime set size:32314 disposed:false
3946 silly placeDep node_modules/log-update onetime@7.0.0 OK for: restore-cursor@5.1.0 want: ^7.0.0
3947 silly placeDep node_modules/log-update signal-exit@4.1.0 OK for: restore-cursor@5.1.0 want: ^4.1.0
3948 silly fetch manifest mimic-function@^5.0.0
3949 silly packumentCache full:https://registry.npmjs.org/mimic-function cache-miss
3950 http cache https://registry.npmjs.org/mimic-function 60ms (cache hit)
3951 silly packumentCache full:https://registry.npmjs.org/mimic-function set size:6356 disposed:false
3952 silly placeDep ROOT mimic-function@5.0.1 OK for: onetime@7.0.0 want: ^5.0.0
3953 silly placeDep node_modules/log-update ansi-styles@6.2.3 OK for: slice-ansi@7.1.2 want: ^6.2.1
3954 silly placeDep node_modules/log-update is-fullwidth-code-point@5.1.0 OK for: slice-ansi@7.1.2 want: ^5.0.0
3955 silly placeDep node_modules/log-update ansi-regex@6.2.2 OK for: strip-ansi@7.2.0 want: ^6.2.2
3956 silly placeDep node_modules/log-update string-width@7.2.0 OK for: wrap-ansi@9.0.2 want: ^7.0.0
3957 silly placeDep node_modules/log-update emoji-regex@10.6.0 OK for: string-width@7.2.0 want: ^10.3.0
3958 silly placeDep node_modules/minipass-flush yallist@4.0.0 OK for: minipass@3.3.6 want: ^4.0.0
3959 silly placeDep node_modules/minipass-pipeline yallist@4.0.0 OK for: minipass@3.3.6 want: ^4.0.0
3960 silly placeDep node_modules/minipass-sized yallist@4.0.0 OK for: minipass@3.3.6 want: ^4.0.0
3961 silly placeDep node_modules/node-gyp chownr@3.0.0 OK for: tar@7.5.16 want: ^3.0.0
3962 silly placeDep node_modules/node-gyp yallist@5.0.0 OK for: tar@7.5.16 want: ^5.0.0
3963 silly placeDep node_modules/node-gyp isexe@3.1.5 OK for: which@5.0.0 want: ^3.1.1
3964 silly placeDep node_modules/raw-body statuses@2.0.2 OK for: http-errors@2.0.1 want: ~2.0.2
3965 silly placeDep node_modules/sass readdirp@4.1.2 OK for: chokidar@4.0.3 want: ^4.0.1
3966 silly placeDep node_modules/send/node_modules/debug ms@2.0.0 OK for: debug@2.6.9 want: 2.0.0
3967 silly placeDep node_modules/serve-index ms@2.0.0 OK for: debug@2.6.9 want: 2.0.0
3968 silly placeDep node_modules/serve-index depd@1.1.2 OK for: http-errors@1.8.1 want: ~1.1.2
3969 silly placeDep node_modules/tar/node_modules/fs-minipass minipass@3.3.6 OK for: fs-minipass@2.1.0 want: ^3.0.0
3970 silly placeDep node_modules/tar/node_modules/minizlib minipass@3.3.6 OK for: minizlib@2.1.2 want: ^3.0.0
3971 silly placeDep node_modules/vite @esbuild/aix-ppc64@0.25.12 OK for: esbuild@0.25.12 want: 0.25.12
3972 silly placeDep node_modules/vite @esbuild/android-arm@0.25.12 OK for: esbuild@0.25.12 want: 0.25.12
3973 silly placeDep node_modules/vite @esbuild/android-arm64@0.25.12 OK for: esbuild@0.25.12 want: 0.25.12
3974 silly placeDep node_modules/vite @esbuild/android-x64@0.25.12 OK for: esbuild@0.25.12 want: 0.25.12
3975 silly placeDep node_modules/vite @esbuild/darwin-arm64@0.25.12 OK for: esbuild@0.25.12 want: 0.25.12
3976 silly placeDep node_modules/vite @esbuild/darwin-x64@0.25.12 OK for: esbuild@0.25.12 want: 0.25.12
3977 silly placeDep node_modules/vite @esbuild/freebsd-arm64@0.25.12 OK for: esbuild@0.25.12 want: 0.25.12
3978 silly placeDep node_modules/vite @esbuild/freebsd-x64@0.25.12 OK for: esbuild@0.25.12 want: 0.25.12
3979 silly placeDep node_modules/vite @esbuild/linux-arm@0.25.12 OK for: esbuild@0.25.12 want: 0.25.12
3980 silly placeDep node_modules/vite @esbuild/linux-arm64@0.25.12 OK for: esbuild@0.25.12 want: 0.25.12
3981 silly placeDep node_modules/vite @esbuild/linux-ia32@0.25.12 OK for: esbuild@0.25.12 want: 0.25.12
3982 silly placeDep node_modules/vite @esbuild/linux-loong64@0.25.12 OK for: esbuild@0.25.12 want: 0.25.12
3983 silly placeDep node_modules/vite @esbuild/linux-mips64el@0.25.12 OK for: esbuild@0.25.12 want: 0.25.12
3984 silly placeDep node_modules/vite @esbuild/linux-ppc64@0.25.12 OK for: esbuild@0.25.12 want: 0.25.12
3985 silly placeDep node_modules/vite @esbuild/linux-riscv64@0.25.12 OK for: esbuild@0.25.12 want: 0.25.12
3986 silly placeDep node_modules/vite @esbuild/linux-s390x@0.25.12 OK for: esbuild@0.25.12 want: 0.25.12
3987 silly placeDep node_modules/vite @esbuild/linux-x64@0.25.12 OK for: esbuild@0.25.12 want: 0.25.12
3988 silly placeDep node_modules/vite @esbuild/netbsd-arm64@0.25.12 OK for: esbuild@0.25.12 want: 0.25.12
3989 silly placeDep node_modules/vite @esbuild/netbsd-x64@0.25.12 OK for: esbuild@0.25.12 want: 0.25.12
3990 silly placeDep node_modules/vite @esbuild/openbsd-arm64@0.25.12 OK for: esbuild@0.25.12 want: 0.25.12
3991 silly placeDep node_modules/vite @esbuild/openbsd-x64@0.25.12 OK for: esbuild@0.25.12 want: 0.25.12
3992 silly placeDep node_modules/vite @esbuild/openharmony-arm64@0.25.12 OK for: esbuild@0.25.12 want: 0.25.12
3993 silly placeDep node_modules/vite @esbuild/sunos-x64@0.25.12 OK for: esbuild@0.25.12 want: 0.25.12
3994 silly placeDep node_modules/vite @esbuild/win32-arm64@0.25.12 OK for: esbuild@0.25.12 want: 0.25.12
3995 silly placeDep node_modules/vite @esbuild/win32-ia32@0.25.12 OK for: esbuild@0.25.12 want: 0.25.12
3996 silly placeDep node_modules/vite @esbuild/win32-x64@0.25.12 OK for: esbuild@0.25.12 want: 0.25.12
3997 silly placeDep ROOT is-plain-obj@3.0.0 OK for: http-proxy-middleware@2.0.9 want: ^3.0.0
3998 silly reify moves {}
3999 silly audit bulk request {
3999 silly audit   rxjs: [ '7.8.2', '7.8.1' ],
3999 silly audit   tslib: [ '2.8.1' ],
3999 silly audit   'lru-cache': [ '5.1.1', '6.0.0', '10.4.3' ],
3999 silly audit   semver: [ '6.3.1', '7.5.4', '7.7.1', '5.7.2' ],
3999 silly audit   yallist: [ '4.0.0', '3.1.1', '5.0.0' ],
3999 silly audit   '@babel/core': [ '7.26.10', '7.26.9' ],
3999 silly audit   'convert-source-map': [ '1.9.0', '2.0.0' ],
3999 silly audit   '@babel/generator': [ '7.26.10', '7.29.7' ],
3999 silly audit   '@babel/template': [ '7.29.7' ],
3999 silly audit   jsesc: [ '3.1.0' ],
3999 silly audit   '@babel/helpers': [ '7.28.4' ],
3999 silly audit   '@colors/colors': [ '1.5.0' ],
3999 silly audit   'ansi-regex': [ '5.0.1', '6.2.2' ],
3999 silly audit   'ansi-styles': [ '4.3.0', '6.2.3' ],
3999 silly audit   'emoji-regex': [ '8.0.0', '9.2.2', '10.6.0' ],
3999 silly audit   'string-width': [ '4.2.3', '7.2.0', '5.1.2' ],
3999 silly audit   'strip-ansi': [ '6.0.1', '7.2.0' ],
3999 silly audit   'wrap-ansi': [ '7.0.0', '6.2.0', '9.0.2', '8.1.0' ],
3999 silly audit   '@istanbuljs/schema': [ '0.1.3' ],
3999 silly audit   '@jridgewell/gen-mapping': [ '0.3.13' ],
3999 silly audit   '@jridgewell/resolve-uri': [ '3.1.2' ],
3999 silly audit   '@jridgewell/sourcemap-codec': [ '1.5.5' ],
3999 silly audit   '@jridgewell/trace-mapping': [ '0.3.31' ],
3999 silly audit   which: [ '1.3.1', '5.0.0', '2.0.2' ],
3999 silly audit   mkdirp: [ '0.5.6', '1.0.4' ],
3999 silly audit   '@socket.io/component-emitter': [ '3.1.2' ],
3999 silly audit   'brace-expansion': [ '1.1.12', '2.1.1' ],
3999 silly audit   minimatch: [ '3.1.2', '9.0.9' ],
3999 silly audit   '@types/cors': [ '2.8.19' ],
3999 silly audit   '@types/node': [ '24.10.0' ],
3999 silly audit   '@yarnpkg/lockfile': [ '1.1.0' ],
3999 silly audit   accepts: [ '1.3.8' ],
3999 silly audit   negotiator: [ '0.6.3', '1.0.0', '0.6.4' ],
3999 silly audit   'adjust-sourcemap-loader': [ '4.0.0' ],
3999 silly audit   'loader-utils': [ '2.0.4', '3.3.1' ],
3999 silly audit   'ansi-colors': [ '4.1.3' ],
3999 silly audit   anymatch: [ '3.1.3' ],
3999 silly audit   'balanced-match': [ '1.0.2' ],
3999 silly audit   'base64-js': [ '1.5.1' ],
3999 silly audit   base64id: [ '2.0.0' ],
3999 silly audit   'big.js': [ '5.2.2' ],
3999 silly audit   'binary-extensions': [ '2.3.0' ],
3999 silly audit   bl: [ '4.1.0' ],
3999 silly audit   debug: [ '2.6.9', '4.4.3', '4.3.7' ],
3999 silly audit   ms: [ '2.0.0', '2.1.3' ],
3999 silly audit   braces: [ '3.0.3' ],
3999 silly audit   buffer: [ '5.7.1' ],
3999 silly audit   'buffer-from': [ '1.1.2' ],
3999 silly audit   bytes: [ '3.1.2' ],
3999 silly audit   glob: [ '7.2.3', '10.5.0' ],
3999 silly audit   'call-bind-apply-helpers': [ '1.0.2' ],
3999 silly audit   'call-bound': [ '1.0.4' ],
3999 silly audit   chalk: [ '4.1.2' ],
3999 silly audit   chokidar: [ '4.0.3', '3.6.0' ],
3999 silly audit   'cli-cursor': [ '3.1.0', '5.0.0' ],
3999 silly audit   'cli-spinners': [ '2.9.2' ],
3999 silly audit   cliui: [ '8.0.1', '7.0.4' ],
3999 silly audit   clone: [ '1.0.4' ],
3999 silly audit   'color-convert': [ '2.0.1' ],
3999 silly audit   'color-name': [ '1.1.4' ],
3999 silly audit   'concat-map': [ '0.0.1' ],
3999 silly audit   connect: [ '3.7.0' ],
3999 silly audit   'content-type': [ '1.0.5' ],
3999 silly audit   cookie: [ '0.7.2' ],
3999 silly audit   'glob-parent': [ '5.1.2', '6.0.2' ],
3999 silly audit   cors: [ '2.8.5' ],
3999 silly audit   'custom-event': [ '1.0.1' ],
3999 silly audit   'date-format': [ '4.0.14' ],
3999 silly audit   defaults: [ '1.0.4' ],
3999 silly audit   depd: [ '2.0.0', '1.1.2' ],
3999 silly audit   destroy: [ '1.2.0' ],
3999 silly audit   di: [ '0.0.1' ],
3999 silly audit   'dom-serialize': [ '2.2.1' ],
3999 silly audit   'dunder-proto': [ '1.0.1' ],
3999 silly audit   'ee-first': [ '1.1.1' ],
3999 silly audit   'emojis-list': [ '3.0.0' ],
3999 silly audit   encodeurl: [ '1.0.2', '2.0.0' ],
3999 silly audit   'iconv-lite': [ '0.7.2', '0.6.3', '0.4.24' ],
3999 silly audit   'engine.io': [ '6.6.4' ],
3999 silly audit   'engine.io-parser': [ '5.2.3' ],
3999 silly audit   ws: [ '8.17.1', '8.21.0' ],
3999 silly audit   ent: [ '2.2.2' ],
3999 silly audit   entities: [ '6.0.1', '4.5.0', '7.0.1' ],
3999 silly audit   'es-define-property': [ '1.0.1' ],
3999 silly audit   'es-errors': [ '1.3.0' ],
3999 silly audit   'es-object-atoms': [ '1.1.1' ],
3999 silly audit   escalade: [ '3.2.0' ],
3999 silly audit   'escape-html': [ '1.0.3' ],
3999 silly audit   'source-map': [ '0.6.1', '0.7.4' ],
3999 silly audit   eventemitter3: [ '4.0.7', '5.0.4' ],
3999 silly audit   finalhandler: [ '1.1.2', '1.3.2' ],
3999 silly audit   statuses: [ '2.0.1', '1.5.0', '2.0.2' ],
3999 silly audit   extend: [ '3.0.2' ],
3999 silly audit   'fill-range': [ '7.1.1' ],
3999 silly audit   'on-finished': [ '2.3.0', '2.4.1' ],
3999 silly audit   flatted: [ '3.3.3' ],
3999 silly audit   'follow-redirects': [ '1.15.11' ],
3999 silly audit   'signal-exit': [ '3.0.7', '4.1.0' ],
3999 silly audit   'fs-extra': [ '8.1.0' ],
3999 silly audit   'fs.realpath': [ '1.0.0' ],
3999 silly audit   fsevents: [ '2.3.3' ],
3999 silly audit   'function-bind': [ '1.1.2' ],
3999 silly audit   gensync: [ '1.0.0-beta.2' ],
3999 silly audit   'get-caller-file': [ '2.0.5' ],
3999 silly audit   'get-intrinsic': [ '1.3.0' ],
3999 silly audit   'get-proto': [ '1.0.1' ],
3999 silly audit   gopd: [ '1.2.0' ],
3999 silly audit   'graceful-fs': [ '4.2.11' ],
3999 silly audit   'has-flag': [ '4.0.0' ],
3999 silly audit   'has-symbols': [ '1.1.0' ],
3999 silly audit   'has-tostringtag': [ '1.0.2' ],
3999 silly audit   'readable-stream': [ '3.6.2', '2.3.8' ],
3999 silly audit   'safe-buffer': [ '5.2.1', '5.1.2' ],
3999 silly audit   string_decoder: [ '1.3.0', '1.1.1' ],
3999 silly audit   'html-escaper': [ '2.0.2' ],
3999 silly audit   'http-errors': [ '2.0.0', '2.0.1', '1.8.1' ],
3999 silly audit   'http-proxy': [ '1.18.1' ],
3999 silly audit   ieee754: [ '1.2.1' ],
3999 silly audit   inflight: [ '1.0.6' ],
3999 silly audit   inherits: [ '2.0.4' ],
3999 silly audit   'is-binary-path': [ '2.1.0' ],
3999 silly audit   'is-extglob': [ '2.1.1' ],
3999 silly audit   'is-fullwidth-code-point': [ '3.0.0', '4.0.0', '5.1.0' ],
3999 silly audit   'is-glob': [ '4.0.3' ],
3999 silly audit   'is-interactive': [ '1.0.0' ],
3999 silly audit   'is-number': [ '7.0.0' ],
3999 silly audit   'is-regex': [ '1.2.1' ],
3999 silly audit   'is-unicode-supported': [ '0.1.0' ],
3999 silly audit   isbinaryfile: [ '4.0.10' ],
3999 silly audit   isexe: [ '2.0.0', '3.1.5' ],
3999 silly audit   'istanbul-lib-coverage': [ '3.2.2' ],
3999 silly audit   'istanbul-lib-instrument': [ '5.2.1', '6.0.3' ],
3999 silly audit   'istanbul-lib-report': [ '3.0.1' ],
3999 silly audit   'istanbul-lib-source-maps': [ '4.0.1' ],
3999 silly audit   'istanbul-reports': [ '3.2.0' ],
3999 silly audit   'supports-color': [ '7.2.0', '8.1.1' ],
3999 silly audit   'js-tokens': [ '4.0.0' ],
3999 silly audit   parse5: [ '7.3.0' ],
3999 silly audit   json5: [ '2.2.3' ],
3999 silly audit   jsonfile: [ '4.0.0' ],
3999 silly audit   karma: [ '6.4.4' ],
3999 silly audit   'karma-chrome-launcher': [ '3.2.0' ],
3999 silly audit   'karma-coverage': [ '2.2.1' ],
3999 silly audit   'karma-jasmine': [ '5.1.0' ],
3999 silly audit   'karma-jasmine-html-reporter': [ '2.1.0' ],
3999 silly audit   'karma-source-map-support': [ '1.4.0' ],
3999 silly audit   tmp: [ '0.2.5' ],
3999 silly audit   yargs: [ '16.2.0', '17.7.2' ],
3999 silly audit   'yargs-parser': [ '20.2.9', '21.1.1' ],
3999 silly audit   'make-dir': [ '4.0.0', '2.1.0' ],
3999 silly audit   mime: [ '2.6.0', '1.6.0' ],
3999 silly audit   'license-webpack-plugin': [ '4.0.2' ],
3999 silly audit   lodash: [ '4.17.21' ],
3999 silly audit   'log-symbols': [ '4.1.0' ],
3999 silly audit   log4js: [ '6.9.1' ],
3999 silly audit   'math-intrinsics': [ '1.1.0' ],
3999 silly audit   'media-typer': [ '0.3.0' ],
3999 silly audit   'mime-db': [ '1.52.0' ],
3999 silly audit   'mime-types': [ '2.1.35' ],
3999 silly audit   'mimic-fn': [ '2.1.0' ],
3999 silly audit   minimist: [ '1.2.8' ],
3999 silly audit   nanoid: [ '3.3.11' ],
3999 silly audit   'normalize-path': [ '3.0.0' ],
3999 silly audit   'object-assign': [ '4.1.1' ],
3999 silly audit   once: [ '1.4.0' ],
3999 silly audit   onetime: [ '5.1.2', '7.0.0' ],
3999 silly audit   ora: [ '5.4.1' ],
3999 silly audit   parseurl: [ '1.3.3' ],
3999 silly audit   'path-is-absolute': [ '1.0.1' ],
3999 silly audit   picocolors: [ '1.1.1' ],
3999 silly audit   picomatch: [ '2.3.1', '4.0.4' ],
3999 silly audit   primeflex: [ '3.3.1' ],
3999 silly audit   punycode: [ '1.4.1' ],
3999 silly audit   qjobs: [ '1.2.0' ],
3999 silly audit   'range-parser': [ '1.2.1' ],
3999 silly audit   readdirp: [ '3.6.0', '4.1.2' ],
3999 silly audit   'regex-parser': [ '2.3.1' ],
3999 silly audit   'require-directory': [ '2.1.1' ],
3999 silly audit   'requires-port': [ '1.0.0' ],
3999 silly audit   'resolve-url-loader': [ '5.0.0' ],
3999 silly audit   'restore-cursor': [ '3.1.0', '5.1.0' ],
3999 silly audit   rfdc: [ '1.4.1' ],
3999 silly audit   rimraf: [ '3.0.2' ],
3999 silly audit   'safe-regex-test': [ '1.1.0' ],
3999 silly audit   'safer-buffer': [ '2.1.2' ],
3999 silly audit   setprototypeof: [ '1.2.0' ],
3999 silly audit   'socket.io': [ '4.8.1' ],
3999 silly audit   'socket.io-adapter': [ '2.5.5' ],
3999 silly audit   'socket.io-parser': [ '4.2.4' ],
3999 silly audit   'source-map-js': [ '1.2.1' ],
3999 silly audit   'source-map-support': [ '0.5.21' ],
3999 silly audit   streamroller: [ '3.1.5' ],
3999 silly audit   'symbol-observable': [ '4.0.0' ],
3999 silly audit   'to-regex-range': [ '5.0.1' ],
3999 silly audit   toidentifier: [ '1.0.1' ],
3999 silly audit   universalify: [ '0.1.2' ],
3999 silly audit   'tree-kill': [ '1.2.2' ],
3999 silly audit   'type-is': [ '1.6.18' ],
3999 silly audit   'typed-assert': [ '1.0.9' ],
3999 silly audit   'ua-parser-js': [ '0.7.41' ],
3999 silly audit   'undici-types': [ '7.16.0' ],
3999 silly audit   unpipe: [ '1.0.0' ],
3999 silly audit   'util-deprecate': [ '1.0.2' ],
3999 silly audit   'utils-merge': [ '1.0.1' ],
3999 silly audit   vary: [ '1.1.2' ],
3999 silly audit   'void-elements': [ '2.0.1' ],
3999 silly audit   wcwidth: [ '1.0.1' ],
3999 silly audit   'webpack-sources': [ '3.3.3' ],
3999 silly audit   'webpack-subresource-integrity': [ '5.1.0' ],
3999 silly audit   wrappy: [ '1.0.2' ],
3999 silly audit   y18n: [ '5.0.8' ],
3999 silly audit   '@angular-devkit/build-angular': [ '19.2.27' ],
3999 silly audit   '@angular/animations': [ '19.2.25' ],
3999 silly audit   '@angular/cli': [ '19.2.27' ],
3999 silly audit   '@angular/common': [ '19.2.25' ],
3999 silly audit   '@angular/compiler': [ '19.2.25' ],
3999 silly audit   '@angular/compiler-cli': [ '19.2.25' ],
3999 silly audit   '@angular/core': [ '19.2.25' ],
3999 silly audit   '@angular/forms': [ '19.2.25' ],
3999 silly audit   '@angular/platform-browser': [ '19.2.25' ],
3999 silly audit   '@angular/platform-browser-dynamic': [ '19.2.25' ],
3999 silly audit   '@angular/router': [ '19.2.25' ],
3999 silly audit   '@primeng/themes': [ '19.1.4' ],
3999 silly audit   '@types/jasmine': [ '5.1.15' ],
3999 silly audit   'jasmine-core': [ '5.2.0', '4.6.1' ],
3999 silly audit   primeicons: [ '7.0.0' ],
3999 silly audit   primeng: [ '19.1.4' ],
3999 silly audit   typescript: [ '5.5.4' ],
3999 silly audit   'zone.js': [ '0.15.1' ],
3999 silly audit   '@ampproject/remapping': [ '2.3.0' ],
3999 silly audit   '@angular-devkit/architect': [ '0.1902.27' ],
3999 silly audit   '@angular-devkit/build-webpack': [ '0.1902.27' ],
3999 silly audit   '@angular-devkit/core': [ '19.2.27' ],
3999 silly audit   '@angular/build': [ '19.2.27' ],
3999 silly audit   '@babel/helper-annotate-as-pure': [ '7.25.9', '7.29.7' ],
3999 silly audit   '@babel/helper-split-export-declaration': [ '7.24.7' ],
3999 silly audit   '@babel/plugin-transform-async-generator-functions': [ '7.26.8' ],
3999 silly audit   '@babel/plugin-transform-async-to-generator': [ '7.25.9' ],
3999 silly audit   '@babel/plugin-transform-runtime': [ '7.26.10' ],
3999 silly audit   '@babel/preset-env': [ '7.26.9' ],
3999 silly audit   '@babel/runtime': [ '7.26.10' ],
3999 silly audit   '@discoveryjs/json-ext': [ '0.6.3' ],
3999 silly audit   '@ngtools/webpack': [ '19.2.27' ],
3999 silly audit   '@vitejs/plugin-basic-ssl': [ '1.2.0' ],
3999 silly audit   autoprefixer: [ '10.4.20' ],
3999 silly audit   'babel-loader': [ '9.2.1' ],
3999 silly audit   'copy-webpack-plugin': [ '12.0.2' ],
3999 silly audit   'css-loader': [ '7.1.2' ],
3999 silly audit   esbuild: [ '0.28.0', '0.25.12' ],
3999 silly audit   'esbuild-wasm': [ '0.28.0' ],
3999 silly audit   'fast-glob': [ '3.3.3' ],
3999 silly audit   'http-proxy-middleware': [ '3.0.5', '2.0.9' ],
3999 silly audit   'jsonc-parser': [ '3.3.1' ],
3999 silly audit   less: [ '4.2.2' ],
3999 silly audit   'less-loader': [ '12.2.0' ],
3999 silly audit   'mini-css-extract-plugin': [ '2.9.2' ],
3999 silly audit   open: [ '10.1.0' ],
3999 silly audit   piscina: [ '4.8.0' ],
3999 silly audit   postcss: [ '8.5.12' ],
3999 silly audit   'postcss-loader': [ '8.1.1' ],
3999 silly audit   sass: [ '1.85.0' ],
3999 silly audit   'sass-loader': [ '16.0.5' ],
3999 silly audit   'source-map-loader': [ '5.0.0' ],
3999 silly audit   terser: [ '5.39.0' ],
3999 silly audit   webpack: [ '5.105.0' ],
3999 silly audit   'webpack-dev-middleware': [ '7.4.2' ],
3999 silly audit   'webpack-dev-server': [ '5.2.2' ],
3999 silly audit   'webpack-merge': [ '6.0.1' ],
3999 silly audit   ajv: [ '8.18.0' ],
3999 silly audit   'ajv-formats': [ '3.0.1', '2.1.1' ],
3999 silly audit   '@babel/plugin-syntax-import-attributes': [ '7.26.0' ],
3999 silly audit   '@inquirer/confirm': [ '5.1.6' ],
3999 silly audit   beasties: [ '0.3.2' ],
3999 silly audit   'https-proxy-agent': [ '7.0.6' ],
3999 silly audit   listr2: [ '8.2.5' ],
3999 silly audit   lmdb: [ '3.2.6' ],
3999 silly audit   'magic-string': [ '0.30.17' ],
3999 silly audit   mrmime: [ '2.0.1' ],
3999 silly audit   'parse5-html-rewriting-stream': [ '7.0.0' ],
3999 silly audit   rollup: [ '4.59.0' ],
3999 silly audit   vite: [ '6.4.2' ],
3999 silly audit   watchpack: [ '2.4.2', '2.5.1' ],
3999 silly audit   '@angular-devkit/schematics': [ '19.2.27' ],
3999 silly audit   '@inquirer/prompts': [ '7.3.2' ],
3999 silly audit   '@listr2/prompt-adapter-inquirer': [ '2.0.18' ],
3999 silly audit   '@schematics/angular': [ '19.2.27' ],
3999 silly audit   ini: [ '5.0.0' ],
3999 silly audit   'npm-package-arg': [ '12.0.2' ],
3999 silly audit   'npm-pick-manifest': [ '10.0.0' ],
3999 silly audit   pacote: [ '20.0.0' ],
3999 silly audit   resolve: [ '1.22.10', '1.22.12' ],
3999 silly audit   'reflect-metadata': [ '0.2.2' ],
3999 silly audit   '@babel/helper-plugin-utils': [ '7.29.7' ],
3999 silly audit   '@babel/helper-remap-async-to-generator': [ '7.29.7' ],
3999 silly audit   '@babel/helper-wrap-function': [ '7.29.7' ],
3999 silly audit   '@babel/traverse': [ '7.29.7' ],
3999 silly audit   '@babel/types': [ '7.29.7' ],
3999 silly audit   'babel-plugin-polyfill-corejs2': [ '0.4.17' ],
3999 silly audit   'babel-plugin-polyfill-corejs3': [ '0.11.1' ],
3999 silly audit   'babel-plugin-polyfill-regenerator': [ '0.6.8' ],
3999 silly audit   '@babel/plugin-bugfix-firefox-class-in-computed-class-key': [ '7.29.7' ],
3999 silly audit   '@babel/plugin-bugfix-safari-class-field-initializer-scope': [ '7.29.7' ],
3999 silly audit   '@babel/plugin-bugfix-safari-id-destructuring-collision-in-function-expression': [ '7.29.7' ],
3999 silly audit   '@babel/plugin-bugfix-v8-spread-parameters-in-optional-chaining': [ '7.29.7' ],
3999 silly audit   '@babel/plugin-bugfix-v8-static-class-fields-redefine-readonly': [ '7.29.7' ],
3999 silly audit   '@babel/plugin-proposal-private-property-in-object': [ '7.21.0-placeholder-for-preset-env.2' ],
3999 silly audit   '@babel/plugin-syntax-import-assertions': [ '7.29.7' ],
3999 silly audit   '@babel/plugin-syntax-unicode-sets-regex': [ '7.18.6' ],
3999 silly audit   '@babel/plugin-transform-arrow-functions': [ '7.29.7' ],
3999 silly audit   '@babel/plugin-transform-block-scoped-functions': [ '7.29.7' ],
3999 silly audit   '@babel/plugin-transform-block-scoping': [ '7.29.7' ],
3999 silly audit   '@babel/plugin-transform-class-properties': [ '7.29.7' ],
3999 silly audit   '@babel/plugin-transform-class-static-block': [ '7.29.7' ],
3999 silly audit   '@babel/plugin-transform-classes': [ '7.29.7' ],
3999 silly audit   '@babel/plugin-transform-computed-properties': [ '7.29.7' ],
3999 silly audit   '@babel/plugin-transform-destructuring': [ '7.29.7' ],
3999 silly audit   '@babel/plugin-transform-dotall-regex': [ '7.29.7' ],
3999 silly audit   '@babel/plugin-transform-duplicate-keys': [ '7.29.7' ],
3999 silly audit   '@babel/plugin-transform-duplicate-named-capturing-groups-regex': [ '7.29.7' ],
3999 silly audit   '@babel/plugin-transform-dynamic-import': [ '7.29.7' ],
3999 silly audit   '@babel/plugin-transform-exponentiation-operator': [ '7.29.7' ],
3999 silly audit   '@babel/plugin-transform-export-namespace-from': [ '7.29.7' ],
3999 silly audit   '@babel/plugin-transform-for-of': [ '7.29.7' ],
3999 silly audit   '@babel/plugin-transform-function-name': [ '7.29.7' ],
3999 silly audit   '@babel/plugin-transform-json-strings': [ '7.29.7' ],
3999 silly audit   '@babel/plugin-transform-literals': [ '7.29.7' ],
3999 silly audit   '@babel/plugin-transform-logical-assignment-operators': [ '7.29.7' ],
3999 silly audit   '@babel/plugin-transform-member-expression-literals': [ '7.29.7' ],
3999 silly audit   '@babel/plugin-transform-modules-amd': [ '7.29.7' ],
3999 silly audit   '@babel/plugin-transform-modules-commonjs': [ '7.29.7' ],
3999 silly audit   '@babel/plugin-transform-modules-systemjs': [ '7.29.7' ],
3999 silly audit   '@babel/plugin-transform-modules-umd': [ '7.29.7' ],
3999 silly audit   '@babel/plugin-transform-named-capturing-groups-regex': [ '7.29.7' ],
3999 silly audit   '@babel/plugin-transform-new-target': [ '7.29.7' ],
3999 silly audit   '@babel/plugin-transform-nullish-coalescing-operator': [ '7.29.7' ],
3999 silly audit   '@babel/plugin-transform-numeric-separator': [ '7.29.7' ],
3999 silly audit   '@babel/plugin-transform-object-rest-spread': [ '7.29.7' ],
3999 silly audit   '@babel/plugin-transform-object-super': [ '7.29.7' ],
3999 silly audit   '@babel/plugin-transform-optional-catch-binding': [ '7.29.7' ],
3999 silly audit   '@babel/plugin-transform-optional-chaining': [ '7.29.7' ],
3999 silly audit   '@babel/plugin-transform-parameters': [ '7.29.7' ],
3999 silly audit   '@babel/plugin-transform-private-methods': [ '7.29.7' ],
3999 silly audit   '@babel/plugin-transform-private-property-in-object': [ '7.29.7' ],
3999 silly audit   '@babel/plugin-transform-property-literals': [ '7.29.7' ],
3999 silly audit   '@babel/plugin-transform-regenerator': [ '7.29.7' ],
3999 silly audit   '@babel/plugin-transform-regexp-modifiers': [ '7.29.7' ],
3999 silly audit   '@babel/plugin-transform-reserved-words': [ '7.29.7' ],
3999 silly audit   '@babel/plugin-transform-shorthand-properties': [ '7.29.7' ],
3999 silly audit   '@babel/plugin-transform-spread': [ '7.29.7' ],
3999 silly audit   '@babel/plugin-transform-sticky-regex': [ '7.29.7' ],
3999 silly audit   '@babel/plugin-transform-template-literals': [ '7.29.7' ],
3999 silly audit   '@babel/plugin-transform-typeof-symbol': [ '7.29.7' ],
3999 silly audit   '@babel/plugin-transform-unicode-escapes': [ '7.29.7' ],
3999 silly audit   '@babel/plugin-transform-unicode-property-regex': [ '7.29.7' ],
3999 silly audit   '@babel/plugin-transform-unicode-regex': [ '7.29.7' ],
3999 silly audit   '@babel/plugin-transform-unicode-sets-regex': [ '7.29.7' ],
3999 silly audit   '@babel/preset-modules': [ '0.1.6-no-external-plugins' ],
3999 silly audit   'core-js-compat': [ '3.49.0' ],
3999 silly audit   '@babel/helper-skip-transparent-expression-wrappers': [ '7.29.7' ],
3999 silly audit   '@babel/helper-create-regexp-features-plugin': [ '7.29.7' ],
3999 silly audit   'regexpu-core': [ '6.4.0' ],
3999 silly audit   '@babel/helper-create-class-features-plugin': [ '7.29.7' ],
3999 silly audit   '@babel/helper-member-expression-to-functions': [ '7.29.7' ],
3999 silly audit   '@babel/helper-optimise-call-expression': [ '7.29.7' ],
3999 silly audit   '@babel/helper-replace-supers': [ '7.29.7' ],
3999 silly audit   '@babel/helper-compilation-targets': [ '7.29.7' ],
3999 silly audit   '@babel/helper-globals': [ '7.29.7' ],
3999 silly audit   '@babel/compat-data': [ '7.29.7' ],
3999 silly audit   '@babel/helper-validator-option': [ '7.29.7' ],
3999 silly audit   '@babel/helper-module-transforms': [ '7.29.7' ],
3999 silly audit   '@babel/helper-module-imports': [ '7.29.7' ],
3999 silly audit   '@babel/helper-validator-identifier': [ '7.29.7' ],
3999 silly audit   esutils: [ '2.0.3' ],
3999 silly audit   'regenerator-runtime': [ '0.14.1' ],
3999 silly audit   '@babel/code-frame': [ '7.29.7' ],
3999 silly audit   '@babel/parser': [ '7.29.7' ],
3999 silly audit   '@babel/helper-string-parser': [ '7.29.7' ],
3999 silly audit   '@inquirer/core': [ '10.3.2' ],
3999 silly audit   '@inquirer/type': [ '3.0.10', '1.5.5' ],
3999 silly audit   '@inquirer/ansi': [ '1.0.2' ],
3999 silly audit   '@inquirer/figures': [ '1.0.15' ],
3999 silly audit   'cli-width': [ '4.1.0' ],
3999 silly audit   'mute-stream': [ '2.0.0', '1.0.0' ],
3999 silly audit   'yoctocolors-cjs': [ '2.1.3' ],
3999 silly audit   '@inquirer/checkbox': [ '4.3.2' ],
3999 silly audit   '@inquirer/editor': [ '4.2.23' ],
3999 silly audit   '@inquirer/expand': [ '4.0.23' ],
3999 silly audit   '@inquirer/input': [ '4.3.1' ],
3999 silly audit   '@inquirer/number': [ '3.0.23' ],
3999 silly audit   '@inquirer/password': [ '4.0.23' ],
3999 silly audit   '@inquirer/rawlist': [ '4.1.11' ],
3999 silly audit   '@inquirer/search': [ '3.2.2' ],
3999 silly audit   '@inquirer/select': [ '4.4.2' ],
3999 silly audit   '@inquirer/external-editor': [ '1.0.3' ],
3999 silly audit   chardet: [ '2.1.1' ],
3999 silly audit   '@primeuix/styled': [ '0.3.2' ],
3999 silly audit   '@primeuix/utils': [ '0.3.2' ],
3999 silly audit   'fast-deep-equal': [ '3.1.3' ],
3999 silly audit   'fast-uri': [ '3.1.2' ],
3999 silly audit   'json-schema-traverse': [ '1.0.0' ],
3999 silly audit   'require-from-string': [ '2.0.2' ],
3999 silly audit   'fraction.js': [ '4.3.7' ],
3999 silly audit   'normalize-range': [ '0.1.2' ],
3999 silly audit   'postcss-value-parser': [ '4.2.0' ],
3999 silly audit   'find-cache-dir': [ '4.0.0' ],
3999 silly audit   'schema-utils': [ '4.3.3' ],
3999 silly audit   '@babel/helper-define-polyfill-provider': [ '0.6.8' ],
3999 silly audit   'lodash.debounce': [ '4.0.8' ],
3999 silly audit   'css-select': [ '5.2.2' ],
3999 silly audit   'css-what': [ '6.2.2' ],
3999 silly audit   'dom-serializer': [ '2.0.0' ],
3999 silly audit   domhandler: [ '5.0.3' ],
3999 silly audit   htmlparser2: [ '10.1.0' ],
3999 silly audit   'postcss-media-query-parser': [ '0.2.3' ],
3999 silly audit   globby: [ '14.1.0' ],
3999 silly audit   'serialize-javascript': [ '6.0.2' ],
3999 silly audit   browserslist: [ '4.28.2' ],
3999 silly audit   'baseline-browser-mapping': [ '2.10.35' ],
3999 silly audit   'caniuse-lite': [ '1.0.30001797' ],
3999 silly audit   'electron-to-chromium': [ '1.5.371' ],
3999 silly audit   'node-releases': [ '2.0.47' ],
3999 silly audit   'update-browserslist-db': [ '1.2.3' ],
3999 silly audit   'icss-utils': [ '5.1.0' ],
3999 silly audit   'postcss-modules-extract-imports': [ '3.1.0' ],
3999 silly audit   'postcss-modules-local-by-default': [ '4.2.0' ],
3999 silly audit   'postcss-modules-scope': [ '3.2.1' ],
3999 silly audit   'postcss-modules-values': [ '4.0.0' ],
3999 silly audit   boolbase: [ '1.0.0' ],
3999 silly audit   domutils: [ '3.2.2' ],
3999 silly audit   'nth-check': [ '2.1.1' ],
3999 silly audit   domelementtype: [ '2.3.0' ],
3999 silly audit   '@esbuild/aix-ppc64': [ '0.28.0', '0.25.12' ],
3999 silly audit   '@esbuild/android-arm': [ '0.28.0', '0.25.12' ],
3999 silly audit   '@esbuild/android-arm64': [ '0.28.0', '0.25.12' ],
3999 silly audit   '@esbuild/android-x64': [ '0.28.0', '0.25.12' ],
3999 silly audit   '@esbuild/darwin-arm64': [ '0.28.0', '0.25.12' ],
3999 silly audit   '@esbuild/darwin-x64': [ '0.28.0', '0.25.12' ],
3999 silly audit   '@esbuild/freebsd-arm64': [ '0.28.0', '0.25.12' ],
3999 silly audit   '@esbuild/freebsd-x64': [ '0.28.0', '0.25.12' ],
3999 silly audit   '@esbuild/linux-arm': [ '0.28.0', '0.25.12' ],
3999 silly audit   '@esbuild/linux-arm64': [ '0.28.0', '0.25.12' ],
3999 silly audit   '@esbuild/linux-ia32': [ '0.28.0', '0.25.12' ],
3999 silly audit   '@esbuild/linux-loong64': [ '0.28.0', '0.25.12' ],
3999 silly audit   '@esbuild/linux-mips64el': [ '0.28.0', '0.25.12' ],
3999 silly audit   '@esbuild/linux-ppc64': [ '0.28.0', '0.25.12' ],
3999 silly audit   '@esbuild/linux-riscv64': [ '0.28.0', '0.25.12' ],
3999 silly audit   '@esbuild/linux-s390x': [ '0.28.0', '0.25.12' ],
3999 silly audit   '@esbuild/linux-x64': [ '0.28.0', '0.25.12' ],
3999 silly audit   '@esbuild/netbsd-arm64': [ '0.28.0', '0.25.12' ],
3999 silly audit   '@esbuild/netbsd-x64': [ '0.28.0', '0.25.12' ],
3999 silly audit   '@esbuild/openbsd-arm64': [ '0.28.0', '0.25.12' ],
3999 silly audit   '@esbuild/openbsd-x64': [ '0.28.0', '0.25.12' ],
3999 silly audit   '@esbuild/openharmony-arm64': [ '0.28.0', '0.25.12' ],
3999 silly audit   '@esbuild/sunos-x64': [ '0.28.0', '0.25.12' ],
3999 silly audit   '@esbuild/win32-arm64': [ '0.28.0', '0.25.12' ],
3999 silly audit   '@esbuild/win32-ia32': [ '0.28.0', '0.25.12' ],
3999 silly audit   '@esbuild/win32-x64': [ '0.28.0', '0.25.12' ],
3999 silly audit   '@nodelib/fs.stat': [ '2.0.5' ],
3999 silly audit   '@nodelib/fs.walk': [ '1.2.8' ],
3999 silly audit   merge2: [ '1.4.1' ],
3999 silly audit   micromatch: [ '4.0.8' ],
3999 silly audit   '@nodelib/fs.scandir': [ '2.1.5' ],
3999 silly audit   fastq: [ '1.20.1' ],
3999 silly audit   'run-parallel': [ '1.2.0' ],
3999 silly audit   reusify: [ '1.1.0' ],
3999 silly audit   'common-path-prefix': [ '3.0.0' ],
3999 silly audit   'pkg-dir': [ '7.0.0' ],
3999 silly audit   '@sindresorhus/merge-streams': [ '2.3.0' ],
3999 silly audit   ignore: [ '7.0.5' ],
3999 silly audit   'path-type': [ '6.0.0' ],
3999 silly audit   slash: [ '5.1.0' ],
3999 silly audit   'unicorn-magic': [ '0.3.0' ],
3999 silly audit   '@types/http-proxy': [ '1.17.17' ],
3999 silly audit   'is-plain-object': [ '5.0.0', '2.0.4' ],
3999 silly audit   'agent-base': [ '7.1.4' ],
3999 silly audit   'copy-anything': [ '2.0.6' ],
3999 silly audit   errno: [ '0.1.8' ],
3999 silly audit   'image-size': [ '0.5.5' ],
3999 silly audit   needle: [ '3.5.0' ],
3999 silly audit   'parse-node-version': [ '1.0.1' ],
3999 silly audit   'is-what': [ '3.14.1' ],
3999 silly audit   prr: [ '1.0.1' ],
3999 silly audit   'cli-truncate': [ '4.0.0' ],
3999 silly audit   colorette: [ '2.0.20' ],
3999 silly audit   'log-update': [ '6.1.0' ],
3999 silly audit   'slice-ansi': [ '5.0.0', '7.1.2' ],
3999 silly audit   '@lmdb/lmdb-darwin-arm64': [ '3.2.6' ],
3999 silly audit   '@lmdb/lmdb-darwin-x64': [ '3.2.6' ],
3999 silly audit   '@lmdb/lmdb-linux-arm': [ '3.2.6' ],
3999 silly audit   '@lmdb/lmdb-linux-arm64': [ '3.2.6' ],
3999 silly audit   '@lmdb/lmdb-linux-x64': [ '3.2.6' ],
3999 silly audit   '@lmdb/lmdb-win32-x64': [ '3.2.6' ],
3999 silly audit   msgpackr: [ '1.12.1' ],
3999 silly audit   'node-addon-api': [ '6.1.0', '7.1.1' ],
3999 silly audit   'node-gyp-build-optional-packages': [ '5.2.2' ],
3999 silly audit   'ordered-binary': [ '1.6.1' ],
3999 silly audit   'weak-lru-cache': [ '1.2.2' ],
3999 silly audit   'ansi-escapes': [ '7.3.0' ],
3999 silly audit   environment: [ '1.1.0' ],
3999 silly audit   tapable: [ '2.3.3' ],
3999 silly audit   'msgpackr-extract': [ '3.0.4' ],
3999 silly audit   '@msgpackr-extract/msgpackr-extract-darwin-arm64': [ '3.0.4' ],
3999 silly audit   '@msgpackr-extract/msgpackr-extract-darwin-x64': [ '3.0.4' ],
3999 silly audit   '@msgpackr-extract/msgpackr-extract-linux-arm': [ '3.0.4' ],
3999 silly audit   '@msgpackr-extract/msgpackr-extract-linux-arm64': [ '3.0.4' ],
3999 silly audit   '@msgpackr-extract/msgpackr-extract-linux-x64': [ '3.0.4' ],
3999 silly audit   '@msgpackr-extract/msgpackr-extract-win32-x64': [ '3.0.4' ],
3999 silly audit   sax: [ '1.6.0' ],
3999 silly audit   'detect-libc': [ '2.1.2' ],
3999 silly audit   'hosted-git-info': [ '8.1.0' ],
3999 silly audit   'proc-log': [ '5.0.0' ],
3999 silly audit   'validate-npm-package-name': [ '6.0.2' ],
3999 silly audit   'npm-install-checks': [ '7.1.2' ],
3999 silly audit   'npm-normalize-package-bin': [ '4.0.0' ],
3999 silly audit   'default-browser': [ '5.5.0' ],
3999 silly audit   'define-lazy-prop': [ '3.0.0' ],
3999 silly audit   'is-inside-container': [ '1.0.0' ],
3999 silly audit   'is-wsl': [ '3.1.1' ],
3999 silly audit   'bundle-name': [ '4.1.0' ],
3999 silly audit   'default-browser-id': [ '5.0.1' ],
3999 silly audit   'run-applescript': [ '7.1.0' ],
3999 silly audit   'is-docker': [ '3.0.0' ],
3999 silly audit   '@npmcli/git': [ '6.0.3' ],
3999 silly audit   '@npmcli/installed-package-contents': [ '3.0.0' ],
3999 silly audit   '@npmcli/package-json': [ '6.2.0' ],
3999 silly audit   '@npmcli/promise-spawn': [ '8.0.3' ],
3999 silly audit   '@npmcli/run-script': [ '9.1.0' ],
3999 silly audit   cacache: [ '19.0.1' ],
3999 silly audit   'fs-minipass': [ '3.0.3', '2.1.0' ],
3999 silly audit   minipass: [ '7.1.3', '3.3.6', '5.0.0' ],
3999 silly audit   'npm-packlist': [ '9.0.0' ],
3999 silly audit   'npm-registry-fetch': [ '18.0.2' ],
3999 silly audit   'promise-retry': [ '2.0.1' ],
3999 silly audit   sigstore: [ '3.1.0' ],
3999 silly audit   ssri: [ '12.0.0' ],
3999 silly audit   tar: [ '6.2.1', '7.5.16' ],
3999 silly audit   'npm-bundled': [ '4.0.0' ],
3999 silly audit   'json-parse-even-better-errors': [ '4.0.0', '2.3.1' ],
3999 silly audit   'validate-npm-package-license': [ '3.0.4' ],
3999 silly audit   '@npmcli/node-gyp': [ '4.0.0' ],
3999 silly audit   'node-gyp': [ '11.5.0' ],
3999 silly audit   '@npmcli/fs': [ '4.0.0' ],
3999 silly audit   'minipass-collect': [ '2.0.1' ],
3999 silly audit   'minipass-flush': [ '1.0.7' ],
3999 silly audit   'minipass-pipeline': [ '1.2.4' ],
3999 silly audit   'p-map': [ '7.0.4' ],
3999 silly audit   'unique-filename': [ '4.0.0' ],
3999 silly audit   'env-paths': [ '2.2.1' ],
3999 silly audit   'exponential-backoff': [ '3.1.3' ],
3999 silly audit   'make-fetch-happen': [ '14.0.3' ],
3999 silly audit   nopt: [ '8.1.0' ],
3999 silly audit   tinyglobby: [ '0.2.17' ],
3999 silly audit   '@npmcli/agent': [ '3.0.0' ],
3999 silly audit   'http-cache-semantics': [ '4.2.0' ],
3999 silly audit   'minipass-fetch': [ '4.0.1' ],
3999 silly audit   'http-proxy-agent': [ '7.0.2' ],
3999 silly audit   'socks-proxy-agent': [ '8.0.5' ],
3999 silly audit   encoding: [ '0.1.13' ],
3999 silly audit   'minipass-sized': [ '1.0.3' ],
3999 silly audit   minizlib: [ '3.1.0', '2.1.2' ],
3999 silly audit   abbrev: [ '3.0.1' ],
3999 silly audit   'ignore-walk': [ '7.0.0' ],
3999 silly audit   '@npmcli/redact': [ '3.2.2' ],
3999 silly audit   jsonparse: [ '1.3.1' ],
3999 silly audit   'parse5-sax-parser': [ '7.0.0' ],
3999 silly audit   '@napi-rs/nice': [ '1.1.1' ],
3999 silly audit   '@napi-rs/nice-android-arm-eabi': [ '1.1.1' ],
3999 silly audit   '@napi-rs/nice-android-arm64': [ '1.1.1' ],
3999 silly audit   '@napi-rs/nice-darwin-arm64': [ '1.1.1' ],
3999 silly audit   '@napi-rs/nice-darwin-x64': [ '1.1.1' ],
3999 silly audit   '@napi-rs/nice-freebsd-x64': [ '1.1.1' ],
3999 silly audit   '@napi-rs/nice-linux-arm-gnueabihf': [ '1.1.1' ],
3999 silly audit   '@napi-rs/nice-linux-arm64-gnu': [ '1.1.1' ],
3999 silly audit   '@napi-rs/nice-linux-arm64-musl': [ '1.1.1' ],
3999 silly audit   '@napi-rs/nice-linux-ppc64-gnu': [ '1.1.1' ],
3999 silly audit   '@napi-rs/nice-linux-riscv64-gnu': [ '1.1.1' ],
3999 silly audit   '@napi-rs/nice-linux-s390x-gnu': [ '1.1.1' ],
3999 silly audit   '@napi-rs/nice-linux-x64-gnu': [ '1.1.1' ],
3999 silly audit   '@napi-rs/nice-linux-x64-musl': [ '1.1.1' ],
3999 silly audit   '@napi-rs/nice-openharmony-arm64': [ '1.1.1' ],
3999 silly audit   '@napi-rs/nice-win32-arm64-msvc': [ '1.1.1' ],
3999 silly audit   '@napi-rs/nice-win32-ia32-msvc': [ '1.1.1' ],
3999 silly audit   '@napi-rs/nice-win32-x64-msvc': [ '1.1.1' ],
3999 silly audit   'find-up': [ '6.3.0' ],
3999 silly audit   'locate-path': [ '7.2.0' ],
3999 silly audit   'path-exists': [ '5.0.0' ],
3999 silly audit   'p-locate': [ '6.0.0' ],
3999 silly audit   'p-limit': [ '4.0.0' ],
3999 silly audit   'yocto-queue': [ '1.2.2' ],
3999 silly audit   cosmiconfig: [ '9.0.2' ],
3999 silly audit   jiti: [ '1.21.7' ],
3999 silly audit   'import-fresh': [ '3.3.1' ],
3999 silly audit   'js-yaml': [ '4.2.0' ],
3999 silly audit   'parse-json': [ '5.2.0' ],
3999 silly audit   'parent-module': [ '1.0.1' ],
3999 silly audit   'resolve-from': [ '4.0.0' ],
3999 silly audit   argparse: [ '2.0.1' ],
3999 silly audit   callsites: [ '3.1.0' ],
3999 silly audit   'error-ex': [ '1.3.4' ],
3999 silly audit   'lines-and-columns': [ '1.2.4' ],
3999 silly audit   'is-arrayish': [ '0.2.1' ],
3999 silly audit   'postcss-selector-parser': [ '7.1.2' ],
3999 silly audit   cssesc: [ '3.0.0' ],
3999 silly audit   'err-code': [ '2.0.3' ],
3999 silly audit   retry: [ '0.12.0', '0.13.1' ],
3999 silly audit   regenerate: [ '1.4.2' ],
3999 silly audit   'regenerate-unicode-properties': [ '10.2.2' ],
3999 silly audit   regjsgen: [ '0.8.0' ],
3999 silly audit   regjsparser: [ '0.13.1' ],
3999 silly audit   'unicode-match-property-ecmascript': [ '2.0.0' ],
3999 silly audit   'unicode-match-property-value-ecmascript': [ '2.2.1' ],
3999 silly audit   'is-core-module': [ '2.16.2' ],
3999 silly audit   'path-parse': [ '1.0.7' ],
3999 silly audit   'supports-preserve-symlinks-flag': [ '1.0.0' ],
3999 silly audit   hasown: [ '2.0.4' ],
3999 silly audit   '@rollup/rollup-android-arm-eabi': [ '4.59.0' ],
3999 silly audit   '@rollup/rollup-android-arm64': [ '4.59.0' ],
3999 silly audit   '@rollup/rollup-darwin-arm64': [ '4.59.0' ],
3999 silly audit   '@rollup/rollup-darwin-x64': [ '4.59.0' ],
3999 silly audit   '@rollup/rollup-freebsd-arm64': [ '4.59.0' ],
3999 silly audit   '@rollup/rollup-freebsd-x64': [ '4.59.0' ],
3999 silly audit   '@rollup/rollup-linux-arm-gnueabihf': [ '4.59.0' ],
3999 silly audit   '@rollup/rollup-linux-arm-musleabihf': [ '4.59.0' ],
3999 silly audit   '@rollup/rollup-linux-arm64-gnu': [ '4.59.0' ],
3999 silly audit   '@rollup/rollup-linux-arm64-musl': [ '4.59.0' ],
3999 silly audit   '@rollup/rollup-linux-loong64-gnu': [ '4.59.0' ],
3999 silly audit   '@rollup/rollup-linux-loong64-musl': [ '4.59.0' ],
3999 silly audit   '@rollup/rollup-linux-ppc64-gnu': [ '4.59.0' ],
3999 silly audit   '@rollup/rollup-linux-ppc64-musl': [ '4.59.0' ],
3999 silly audit   '@rollup/rollup-linux-riscv64-gnu': [ '4.59.0' ],
3999 silly audit   '@rollup/rollup-linux-riscv64-musl': [ '4.59.0' ],
3999 silly audit   '@rollup/rollup-linux-s390x-gnu': [ '4.59.0' ],
3999 silly audit   '@rollup/rollup-linux-x64-gnu': [ '4.59.0' ],
3999 silly audit   '@rollup/rollup-linux-x64-musl': [ '4.59.0' ],
3999 silly audit   '@rollup/rollup-openbsd-x64': [ '4.59.0' ],
3999 silly audit   '@rollup/rollup-openharmony-arm64': [ '4.59.0' ],
3999 silly audit   '@rollup/rollup-win32-arm64-msvc': [ '4.59.0' ],
3999 silly audit   '@rollup/rollup-win32-ia32-msvc': [ '4.59.0' ],
3999 silly audit   '@rollup/rollup-win32-x64-gnu': [ '4.59.0' ],
3999 silly audit   '@rollup/rollup-win32-x64-msvc': [ '4.59.0' ],
3999 silly audit   '@types/estree': [ '1.0.8' ],
3999 silly audit   'queue-microtask': [ '1.2.3' ],
3999 silly audit   '@parcel/watcher': [ '2.5.6' ],
3999 silly audit   immutable: [ '5.1.6' ],
3999 silly audit   '@parcel/watcher-android-arm64': [ '2.5.6' ],
3999 silly audit   '@parcel/watcher-darwin-arm64': [ '2.5.6' ],
3999 silly audit   '@parcel/watcher-darwin-x64': [ '2.5.6' ],
3999 silly audit   '@parcel/watcher-freebsd-x64': [ '2.5.6' ],
3999 silly audit   '@parcel/watcher-linux-arm-glibc': [ '2.5.6' ],
3999 silly audit   '@parcel/watcher-linux-arm-musl': [ '2.5.6' ],
3999 silly audit   '@parcel/watcher-linux-arm64-glibc': [ '2.5.6' ],
3999 silly audit   '@parcel/watcher-linux-arm64-musl': [ '2.5.6' ],
3999 silly audit   '@parcel/watcher-linux-x64-glibc': [ '2.5.6' ],
3999 silly audit   '@parcel/watcher-linux-x64-musl': [ '2.5.6' ],
3999 silly audit   '@parcel/watcher-win32-arm64': [ '2.5.6' ],
3999 silly audit   '@parcel/watcher-win32-ia32': [ '2.5.6' ],
3999 silly audit   '@parcel/watcher-win32-x64': [ '2.5.6' ],
3999 silly audit   'neo-async': [ '2.6.2' ],
3999 silly audit   '@types/json-schema': [ '7.0.15' ],
3999 silly audit   'ajv-keywords': [ '5.1.0' ],
3999 silly audit   randombytes: [ '2.1.0' ],
3999 silly audit   '@sigstore/bundle': [ '3.1.0' ],
3999 silly audit   '@sigstore/core': [ '2.0.0' ],
3999 silly audit   '@sigstore/protobuf-specs': [ '0.4.3' ],
3999 silly audit   '@sigstore/sign': [ '3.1.0' ],
3999 silly audit   '@sigstore/tuf': [ '3.1.1' ],
3999 silly audit   '@sigstore/verify': [ '2.1.1' ],
3999 silly audit   'tuf-js': [ '3.1.0' ],
3999 silly audit   socks: [ '2.8.9' ],
3999 silly audit   'ip-address': [ '10.2.0' ],
3999 silly audit   'smart-buffer': [ '4.2.0' ],
3999 silly audit   chownr: [ '2.0.0', '3.0.0' ],
3999 silly audit   '@jridgewell/source-map': [ '0.3.11' ],
3999 silly audit   acorn: [ '8.16.0' ],
3999 silly audit   commander: [ '2.20.3' ],
3999 silly audit   fdir: [ '6.5.0' ],
3999 silly audit   '@tufjs/models': [ '3.0.1' ],
3999 silly audit   '@tufjs/canonical-json': [ '2.0.0' ],
3999 silly audit   'unicode-canonical-property-names-ecmascript': [ '2.0.1' ],
3999 silly audit   'unicode-property-aliases-ecmascript': [ '2.2.0' ],
3999 silly audit   'unique-slug': [ '5.0.0' ],
3999 silly audit   imurmurhash: [ '0.1.4' ],
3999 silly audit   'spdx-correct': [ '3.2.0' ],
3999 silly audit   'spdx-expression-parse': [ '3.0.1' ],
3999 silly audit   'spdx-license-ids': [ '3.0.23' ],
3999 silly audit   'spdx-exceptions': [ '2.5.0' ],
3999 silly audit   'glob-to-regexp': [ '0.4.1' ],
3999 silly audit   '@types/eslint-scope': [ '3.7.7' ],
3999 silly audit   '@webassemblyjs/ast': [ '1.14.1' ],
3999 silly audit   '@webassemblyjs/wasm-edit': [ '1.14.1' ],
3999 silly audit   '@webassemblyjs/wasm-parser': [ '1.14.1' ],
3999 silly audit   'acorn-import-phases': [ '1.0.4' ],
3999 silly audit   'chrome-trace-event': [ '1.0.4' ],
3999 silly audit   'enhanced-resolve': [ '5.23.0' ],
3999 silly audit   'es-module-lexer': [ '2.1.0' ],
3999 silly audit   'eslint-scope': [ '5.1.1' ],
3999 silly audit   events: [ '3.3.0' ],
3999 silly audit   'loader-runner': [ '4.3.2' ],
3999 silly audit   'terser-webpack-plugin': [ '5.6.1' ],
3999 silly audit   '@types/eslint': [ '9.6.1' ],
3999 silly audit   '@webassemblyjs/helper-numbers': [ '1.13.2' ],
3999 silly audit   '@webassemblyjs/helper-wasm-bytecode': [ '1.13.2' ],
3999 silly audit   '@webassemblyjs/floating-point-hex-parser': [ '1.13.2' ],
3999 silly audit   '@webassemblyjs/helper-api-error': [ '1.13.2' ],
3999 silly audit   '@xtuc/long': [ '4.2.2' ],
3999 silly audit   '@webassemblyjs/helper-buffer': [ '1.14.1' ],
3999 silly audit   '@webassemblyjs/helper-wasm-section': [ '1.14.1' ],
3999 silly audit   '@webassemblyjs/wasm-gen': [ '1.14.1' ],
3999 silly audit   '@webassemblyjs/wasm-opt': [ '1.14.1' ],
3999 silly audit   '@webassemblyjs/wast-printer': [ '1.14.1' ],
3999 silly audit   '@webassemblyjs/ieee754': [ '1.13.2' ],
3999 silly audit   '@webassemblyjs/leb128': [ '1.13.2' ],
3999 silly audit   '@webassemblyjs/utf8': [ '1.13.2' ],
3999 silly audit   '@xtuc/ieee754': [ '1.2.0' ],
3999 silly audit   esrecurse: [ '4.3.0' ],
3999 silly audit   estraverse: [ '4.3.0', '5.3.0' ],
3999 silly audit   'jest-worker': [ '27.5.1' ],
3999 silly audit   'merge-stream': [ '2.0.0' ],
3999 silly audit   memfs: [ '4.57.7' ],
3999 silly audit   '@jsonjoy.com/fs-core': [ '4.57.7' ],
3999 silly audit   '@jsonjoy.com/fs-fsa': [ '4.57.7' ],
3999 silly audit   '@jsonjoy.com/fs-node': [ '4.57.7' ],
3999 silly audit   '@jsonjoy.com/fs-node-builtins': [ '4.57.7' ],
3999 silly audit   '@jsonjoy.com/fs-node-to-fsa': [ '4.57.7' ],
3999 silly audit   '@jsonjoy.com/fs-node-utils': [ '4.57.7' ],
3999 silly audit   '@jsonjoy.com/fs-print': [ '4.57.7' ],
3999 silly audit   '@jsonjoy.com/fs-snapshot': [ '4.57.7' ],
3999 silly audit   '@jsonjoy.com/json-pack': [ '1.21.0', '17.67.0' ],
3999 silly audit   '@jsonjoy.com/util': [ '1.9.0', '17.67.0' ],
3999 silly audit   'glob-to-regex.js': [ '1.2.0' ],
3999 silly audit   thingies: [ '2.6.0' ],
3999 silly audit   'tree-dump': [ '1.1.0' ],
3999 silly audit   '@jsonjoy.com/buffers': [ '17.67.0', '1.2.1' ],
3999 silly audit   '@jsonjoy.com/base64': [ '1.1.2', '17.67.0' ],
3999 silly audit   '@jsonjoy.com/codegen': [ '1.0.0', '17.67.0' ],
3999 silly audit   '@jsonjoy.com/json-pointer': [ '1.0.2', '17.67.0' ],
3999 silly audit   hyperdyperid: [ '1.2.0' ],
3999 silly audit   '@types/bonjour': [ '3.5.13' ],
3999 silly audit   '@types/connect-history-api-fallback': [ '1.5.4' ],
3999 silly audit   '@types/express': [ '4.17.25' ],
3999 silly audit   '@types/express-serve-static-core': [ '4.19.8' ],
3999 silly audit   '@types/serve-index': [ '1.9.4' ],
3999 silly audit   '@types/serve-static': [ '1.15.10' ],
3999 silly audit   '@types/sockjs': [ '0.3.36' ],
3999 silly audit   '@types/ws': [ '8.18.1' ],
3999 silly audit   'ansi-html-community': [ '0.0.8' ],
3999 silly audit   'bonjour-service': [ '1.4.1' ],
3999 silly audit   compression: [ '1.8.1' ],
3999 silly audit   'connect-history-api-fallback': [ '2.0.0' ],
3999 silly audit   express: [ '4.22.2' ],
3999 silly audit   'ipaddr.js': [ '2.4.0', '1.9.1' ],
3999 silly audit   'launch-editor': [ '2.14.1' ],
3999 silly audit   'p-retry': [ '6.2.1' ],
3999 silly audit   selfsigned: [ '2.4.1' ],
3999 silly audit   'serve-index': [ '1.9.2' ],
3999 silly audit   sockjs: [ '0.3.24' ],
3999 silly audit   spdy: [ '4.0.2' ],
3999 silly audit   '@types/body-parser': [ '1.19.6' ],
3999 silly audit   '@types/qs': [ '6.15.1' ],
3999 silly audit   '@types/connect': [ '3.4.38' ],
3999 silly audit   '@types/range-parser': [ '1.2.7' ],
3999 silly audit   '@types/send': [ '1.2.1', '0.17.6' ],
3999 silly audit   '@types/http-errors': [ '2.0.5' ],
3999 silly audit   'multicast-dns': [ '7.2.5' ],
3999 silly audit   compressible: [ '2.0.18' ],
3999 silly audit   'on-headers': [ '1.1.0' ],
3999 silly audit   'array-flatten': [ '1.1.1' ],
3999 silly audit   'body-parser': [ '1.20.5' ],
3999 silly audit   'content-disposition': [ '0.5.4' ],
3999 silly audit   'cookie-signature': [ '1.0.7' ],
3999 silly audit   etag: [ '1.8.1' ],
3999 silly audit   fresh: [ '0.5.2' ],
3999 silly audit   'merge-descriptors': [ '1.0.3' ],
3999 silly audit   methods: [ '1.1.2' ],
3999 silly audit   'path-to-regexp': [ '0.1.13' ],
3999 silly audit   'proxy-addr': [ '2.0.7' ],
3999 silly audit   qs: [ '6.15.2' ],
3999 silly audit   send: [ '0.19.2' ],
3999 silly audit   'serve-static': [ '1.16.3' ],
3999 silly audit   'raw-body': [ '2.5.3' ],
3999 silly audit   'shell-quote': [ '1.8.4' ],
3999 silly audit   'dns-packet': [ '5.6.1' ],
3999 silly audit   thunky: [ '1.1.0' ],
3999 silly audit   '@leichtgewicht/ip-codec': [ '2.0.5' ],
3999 silly audit   '@types/retry': [ '0.12.2' ],
3999 silly audit   'is-network-error': [ '1.3.2' ],
3999 silly audit   forwarded: [ '0.2.0' ],
3999 silly audit   'side-channel': [ '1.1.1' ],
3999 silly audit   '@types/node-forge': [ '1.3.14' ],
3999 silly audit   'node-forge': [ '1.4.0' ],
3999 silly audit   batch: [ '0.6.1' ],
3999 silly audit   'object-inspect': [ '1.13.4' ],
3999 silly audit   'side-channel-list': [ '1.0.1' ],
3999 silly audit   'side-channel-map': [ '1.0.1' ],
3999 silly audit   'side-channel-weakmap': [ '1.0.2' ],
3999 silly audit   'faye-websocket': [ '0.11.4' ],
3999 silly audit   uuid: [ '8.3.2' ],
3999 silly audit   'websocket-driver': [ '0.7.5' ],
3999 silly audit   'handle-thing': [ '2.0.1' ],
3999 silly audit   'http-deceiver': [ '1.2.7' ],
3999 silly audit   'select-hose': [ '2.0.0' ],
3999 silly audit   'spdy-transport': [ '3.0.0' ],
3999 silly audit   'detect-node': [ '2.1.0' ],
3999 silly audit   'hpack.js': [ '2.1.6' ],
3999 silly audit   obuf: [ '1.1.2' ],
3999 silly audit   wbuf: [ '1.7.3' ],
3999 silly audit   'minimalistic-assert': [ '1.0.1' ],
3999 silly audit   'clone-deep': [ '4.0.1' ],
3999 silly audit   flat: [ '5.0.2' ],
3999 silly audit   wildcard: [ '2.0.1' ],
3999 silly audit   'kind-of': [ '6.0.3' ],
3999 silly audit   'shallow-clone': [ '3.0.1' ],
3999 silly audit   'http-parser-js': [ '0.5.10' ],
3999 silly audit   'websocket-extensions': [ '0.1.4' ],
3999 silly audit   'foreground-child': [ '3.3.1' ],
3999 silly audit   jackspeak: [ '3.4.3' ],
3999 silly audit   'package-json-from-dist': [ '1.0.1' ],
3999 silly audit   'path-scurry': [ '1.11.1' ],
3999 silly audit   'cross-spawn': [ '7.0.6' ],
3999 silly audit   'path-key': [ '3.1.1' ],
3999 silly audit   'shebang-command': [ '2.0.0' ],
3999 silly audit   '@isaacs/cliui': [ '8.0.2' ],
3999 silly audit   '@pkgjs/parseargs': [ '0.11.0' ],
3999 silly audit   'shebang-regex': [ '3.0.0' ],
3999 silly audit   eastasianwidth: [ '0.2.0' ],
3999 silly audit   '@types/mime': [ '1.3.5' ],
3999 silly audit   '@isaacs/fs-minipass': [ '4.0.1' ],
3999 silly audit   'get-east-asian-width': [ '1.6.0' ],
3999 silly audit   isobject: [ '3.0.1' ],
3999 silly audit   'core-util-is': [ '1.0.3' ],
3999 silly audit   isarray: [ '1.0.0' ],
3999 silly audit   'process-nextick-args': [ '2.0.1' ],
3999 silly audit   pify: [ '4.0.1' ],
3999 silly audit   'mimic-function': [ '5.0.1' ],
3999 silly audit   'is-plain-obj': [ '3.0.0' ]
3999 silly audit }
4000 http cache is-plain-obj@https://registry.npmjs.org/is-plain-obj/-/is-plain-obj-3.0.0.tgz 2ms (cache hit)
4001 http cache process-nextick-args@https://registry.npmjs.org/process-nextick-args/-/process-nextick-args-2.0.1.tgz 0ms (cache hit)
4002 http cache mimic-function@https://registry.npmjs.org/mimic-function/-/mimic-function-5.0.1.tgz 0ms (cache hit)
4003 http cache isarray@https://registry.npmjs.org/isarray/-/isarray-1.0.0.tgz 0ms (cache hit)
4004 http cache get-east-asian-width@https://registry.npmjs.org/get-east-asian-width/-/get-east-asian-width-1.6.0.tgz 0ms (cache hit)
4005 http cache pify@https://registry.npmjs.org/pify/-/pify-4.0.1.tgz 0ms (cache hit)
4006 http cache @types/mime@https://registry.npmjs.org/@types/mime/-/mime-1.3.5.tgz 0ms (cache hit)
4007 http cache @isaacs/fs-minipass@https://registry.npmjs.org/@isaacs/fs-minipass/-/fs-minipass-4.0.1.tgz 0ms (cache hit)
4008 http cache isobject@https://registry.npmjs.org/isobject/-/isobject-3.0.1.tgz 0ms (cache hit)
4009 http cache core-util-is@https://registry.npmjs.org/core-util-is/-/core-util-is-1.0.3.tgz 0ms (cache hit)
4010 http cache eastasianwidth@https://registry.npmjs.org/eastasianwidth/-/eastasianwidth-0.2.0.tgz 0ms (cache hit)
4011 http cache wrap-ansi-cjs@https://registry.npmjs.org/wrap-ansi/-/wrap-ansi-7.0.0.tgz 0ms (cache hit)
4012 http cache string-width-cjs@https://registry.npmjs.org/string-width/-/string-width-4.2.3.tgz 0ms (cache hit)
4013 http cache shebang-command@https://registry.npmjs.org/shebang-command/-/shebang-command-2.0.0.tgz 0ms (cache hit)
4014 http cache @pkgjs/parseargs@https://registry.npmjs.org/@pkgjs/parseargs/-/parseargs-0.11.0.tgz 0ms (cache hit)
4015 http cache strip-ansi-cjs@https://registry.npmjs.org/strip-ansi/-/strip-ansi-6.0.1.tgz 0ms (cache hit)
4016 http cache path-key@https://registry.npmjs.org/path-key/-/path-key-3.1.1.tgz 0ms (cache hit)
4017 http cache @isaacs/cliui@https://registry.npmjs.org/@isaacs/cliui/-/cliui-8.0.2.tgz 0ms (cache hit)
4018 http cache shebang-regex@https://registry.npmjs.org/shebang-regex/-/shebang-regex-3.0.0.tgz 0ms (cache hit)
4019 http cache path-scurry@https://registry.npmjs.org/path-scurry/-/path-scurry-1.11.1.tgz 0ms (cache hit)
4020 http cache jackspeak@https://registry.npmjs.org/jackspeak/-/jackspeak-3.4.3.tgz 0ms (cache hit)
4021 http cache cross-spawn@https://registry.npmjs.org/cross-spawn/-/cross-spawn-7.0.6.tgz 0ms (cache hit)
4022 http cache foreground-child@https://registry.npmjs.org/foreground-child/-/foreground-child-3.3.1.tgz 0ms (cache hit)
4023 http cache websocket-extensions@https://registry.npmjs.org/websocket-extensions/-/websocket-extensions-0.1.4.tgz 0ms (cache hit)
4024 http cache http-parser-js@https://registry.npmjs.org/http-parser-js/-/http-parser-js-0.5.10.tgz 0ms (cache hit)
4025 http cache shallow-clone@https://registry.npmjs.org/shallow-clone/-/shallow-clone-3.0.1.tgz 0ms (cache hit)
4026 http cache kind-of@https://registry.npmjs.org/kind-of/-/kind-of-6.0.3.tgz 0ms (cache hit)
4027 http cache wildcard@https://registry.npmjs.org/wildcard/-/wildcard-2.0.1.tgz 0ms (cache hit)
4028 http cache minimalistic-assert@https://registry.npmjs.org/minimalistic-assert/-/minimalistic-assert-1.0.1.tgz 0ms (cache hit)
4029 http cache wbuf@https://registry.npmjs.org/wbuf/-/wbuf-1.7.3.tgz 1ms (cache hit)
4030 http cache clone-deep@https://registry.npmjs.org/clone-deep/-/clone-deep-4.0.1.tgz 0ms (cache hit)
4031 http cache package-json-from-dist@https://registry.npmjs.org/package-json-from-dist/-/package-json-from-dist-1.0.1.tgz 0ms (cache hit)
4032 http cache obuf@https://registry.npmjs.org/obuf/-/obuf-1.1.2.tgz 1ms (cache hit)
4033 http cache flat@https://registry.npmjs.org/flat/-/flat-5.0.2.tgz 0ms (cache hit)
4034 http cache hpack.js@https://registry.npmjs.org/hpack.js/-/hpack.js-2.1.6.tgz 0ms (cache hit)
4035 http cache select-hose@https://registry.npmjs.org/select-hose/-/select-hose-2.0.0.tgz 0ms (cache hit)
4036 http cache detect-node@https://registry.npmjs.org/detect-node/-/detect-node-2.1.0.tgz 0ms (cache hit)
4037 http cache http-deceiver@https://registry.npmjs.org/http-deceiver/-/http-deceiver-1.2.7.tgz 0ms (cache hit)
4038 http cache handle-thing@https://registry.npmjs.org/handle-thing/-/handle-thing-2.0.1.tgz 0ms (cache hit)
4039 http cache spdy-transport@https://registry.npmjs.org/spdy-transport/-/spdy-transport-3.0.0.tgz 0ms (cache hit)
4040 http cache websocket-driver@https://registry.npmjs.org/websocket-driver/-/websocket-driver-0.7.5.tgz 0ms (cache hit)
4041 http cache uuid@https://registry.npmjs.org/uuid/-/uuid-8.3.2.tgz 0ms (cache hit)
4042 http cache side-channel-weakmap@https://registry.npmjs.org/side-channel-weakmap/-/side-channel-weakmap-1.0.2.tgz 0ms (cache hit)
4043 http cache side-channel-list@https://registry.npmjs.org/side-channel-list/-/side-channel-list-1.0.1.tgz 1ms (cache hit)
4044 http cache faye-websocket@https://registry.npmjs.org/faye-websocket/-/faye-websocket-0.11.4.tgz 0ms (cache hit)
4045 http cache object-inspect@https://registry.npmjs.org/object-inspect/-/object-inspect-1.13.4.tgz 0ms (cache hit)
4046 http cache side-channel-map@https://registry.npmjs.org/side-channel-map/-/side-channel-map-1.0.1.tgz 0ms (cache hit)
4047 http cache @types/node-forge@https://registry.npmjs.org/@types/node-forge/-/node-forge-1.3.14.tgz 0ms (cache hit)
4048 http cache node-forge@https://registry.npmjs.org/node-forge/-/node-forge-1.4.0.tgz 0ms (cache hit)
4049 http cache batch@https://registry.npmjs.org/batch/-/batch-0.6.1.tgz 0ms (cache hit)
4050 http cache forwarded@https://registry.npmjs.org/forwarded/-/forwarded-0.2.0.tgz 0ms (cache hit)
4051 http cache side-channel@https://registry.npmjs.org/side-channel/-/side-channel-1.1.1.tgz 0ms (cache hit)
4052 http cache @types/retry@https://registry.npmjs.org/@types/retry/-/retry-0.12.2.tgz 1ms (cache hit)
4053 http cache thunky@https://registry.npmjs.org/thunky/-/thunky-1.1.0.tgz 0ms (cache hit)
4054 http cache @leichtgewicht/ip-codec@https://registry.npmjs.org/@leichtgewicht/ip-codec/-/ip-codec-2.0.5.tgz 0ms (cache hit)
4055 http cache is-network-error@https://registry.npmjs.org/is-network-error/-/is-network-error-1.3.2.tgz 0ms (cache hit)
4056 http cache dns-packet@https://registry.npmjs.org/dns-packet/-/dns-packet-5.6.1.tgz 0ms (cache hit)
4057 http cache shell-quote@https://registry.npmjs.org/shell-quote/-/shell-quote-1.8.4.tgz 0ms (cache hit)
4058 http cache raw-body@https://registry.npmjs.org/raw-body/-/raw-body-2.5.3.tgz 0ms (cache hit)
4059 http cache serve-static@https://registry.npmjs.org/serve-static/-/serve-static-1.16.3.tgz 0ms (cache hit)
4060 http cache iconv-lite@https://registry.npmjs.org/iconv-lite/-/iconv-lite-0.4.24.tgz 0ms (cache hit)
4061 http cache proxy-addr@https://registry.npmjs.org/proxy-addr/-/proxy-addr-2.0.7.tgz 0ms (cache hit)
4062 http cache qs@https://registry.npmjs.org/qs/-/qs-6.15.2.tgz 0ms (cache hit)
4063 http cache methods@https://registry.npmjs.org/methods/-/methods-1.1.2.tgz 0ms (cache hit)
4064 http cache path-to-regexp@https://registry.npmjs.org/path-to-regexp/-/path-to-regexp-0.1.13.tgz 0ms (cache hit)
4065 http cache fresh@https://registry.npmjs.org/fresh/-/fresh-0.5.2.tgz 0ms (cache hit)
4066 http cache merge-descriptors@https://registry.npmjs.org/merge-descriptors/-/merge-descriptors-1.0.3.tgz 0ms (cache hit)
4067 http cache send@https://registry.npmjs.org/send/-/send-0.19.2.tgz 0ms (cache hit)
4068 http cache etag@https://registry.npmjs.org/etag/-/etag-1.8.1.tgz 0ms (cache hit)
4069 http cache cookie-signature@https://registry.npmjs.org/cookie-signature/-/cookie-signature-1.0.7.tgz 0ms (cache hit)
4070 http cache body-parser@https://registry.npmjs.org/body-parser/-/body-parser-1.20.5.tgz 0ms (cache hit)
4071 http cache content-disposition@https://registry.npmjs.org/content-disposition/-/content-disposition-0.5.4.tgz 0ms (cache hit)
4072 http cache compressible@https://registry.npmjs.org/compressible/-/compressible-2.0.18.tgz 0ms (cache hit)
4073 http cache array-flatten@https://registry.npmjs.org/array-flatten/-/array-flatten-1.1.1.tgz 0ms (cache hit)
4074 http cache on-headers@https://registry.npmjs.org/on-headers/-/on-headers-1.1.0.tgz 1ms (cache hit)
4075 http cache multicast-dns@https://registry.npmjs.org/multicast-dns/-/multicast-dns-7.2.5.tgz 0ms (cache hit)
4076 http cache @types/http-errors@https://registry.npmjs.org/@types/http-errors/-/http-errors-2.0.5.tgz 0ms (cache hit)
4077 http cache @types/connect@https://registry.npmjs.org/@types/connect/-/connect-3.4.38.tgz 0ms (cache hit)
4078 http cache @types/range-parser@https://registry.npmjs.org/@types/range-parser/-/range-parser-1.2.7.tgz 1ms (cache hit)
4079 http cache @types/send@https://registry.npmjs.org/@types/send/-/send-1.2.1.tgz 0ms (cache hit)
4080 http cache @types/qs@https://registry.npmjs.org/@types/qs/-/qs-6.15.1.tgz 0ms (cache hit)
4081 http cache @types/body-parser@https://registry.npmjs.org/@types/body-parser/-/body-parser-1.19.6.tgz 0ms (cache hit)
4082 http cache sockjs@https://registry.npmjs.org/sockjs/-/sockjs-0.3.24.tgz 0ms (cache hit)
4083 http cache ipaddr.js@https://registry.npmjs.org/ipaddr.js/-/ipaddr.js-2.4.0.tgz 0ms (cache hit)
4084 http cache selfsigned@https://registry.npmjs.org/selfsigned/-/selfsigned-2.4.1.tgz 0ms (cache hit)
4085 http cache serve-index@https://registry.npmjs.org/serve-index/-/serve-index-1.9.2.tgz 0ms (cache hit)
4086 http cache ws@https://registry.npmjs.org/ws/-/ws-8.21.0.tgz 0ms (cache hit)
4087 http cache express@https://registry.npmjs.org/express/-/express-4.22.2.tgz 0ms (cache hit)
4088 http cache p-retry@https://registry.npmjs.org/p-retry/-/p-retry-6.2.1.tgz 1ms (cache hit)
4089 http cache launch-editor@https://registry.npmjs.org/launch-editor/-/launch-editor-2.14.1.tgz 0ms (cache hit)
4090 http cache compression@https://registry.npmjs.org/compression/-/compression-1.8.1.tgz 0ms (cache hit)
4091 http cache spdy@https://registry.npmjs.org/spdy/-/spdy-4.0.2.tgz 0ms (cache hit)
4092 http cache bonjour-service@https://registry.npmjs.org/bonjour-service/-/bonjour-service-1.4.1.tgz 0ms (cache hit)
4093 http cache ansi-html-community@https://registry.npmjs.org/ansi-html-community/-/ansi-html-community-0.0.8.tgz 0ms (cache hit)
4094 http cache chokidar@https://registry.npmjs.org/chokidar/-/chokidar-3.6.0.tgz 0ms (cache hit)
4095 http cache connect-history-api-fallback@https://registry.npmjs.org/connect-history-api-fallback/-/connect-history-api-fallback-2.0.0.tgz 0ms (cache hit)
4096 http cache @types/ws@https://registry.npmjs.org/@types/ws/-/ws-8.18.1.tgz 0ms (cache hit)
4097 http cache @types/serve-index@https://registry.npmjs.org/@types/serve-index/-/serve-index-1.9.4.tgz 0ms (cache hit)
4098 http cache @types/sockjs@https://registry.npmjs.org/@types/sockjs/-/sockjs-0.3.36.tgz 0ms (cache hit)
4099 http cache @types/express-serve-static-core@https://registry.npmjs.org/@types/express-serve-static-core/-/express-serve-static-core-4.19.8.tgz 0ms (cache hit)
4100 http cache hyperdyperid@https://registry.npmjs.org/hyperdyperid/-/hyperdyperid-1.2.0.tgz 0ms (cache hit)
4101 http cache @types/connect-history-api-fallback@https://registry.npmjs.org/@types/connect-history-api-fallback/-/connect-history-api-fallback-1.5.4.tgz 0ms (cache hit)
4102 http cache @types/express@https://registry.npmjs.org/@types/express/-/express-4.17.25.tgz 0ms (cache hit)
4103 http cache @types/bonjour@https://registry.npmjs.org/@types/bonjour/-/bonjour-3.5.13.tgz 0ms (cache hit)
4104 http cache @jsonjoy.com/json-pointer@https://registry.npmjs.org/@jsonjoy.com/json-pointer/-/json-pointer-1.0.2.tgz 0ms (cache hit)
4105 http cache @types/serve-static@https://registry.npmjs.org/@types/serve-static/-/serve-static-1.15.10.tgz 0ms (cache hit)
4106 http cache @jsonjoy.com/codegen@https://registry.npmjs.org/@jsonjoy.com/codegen/-/codegen-1.0.0.tgz 0ms (cache hit)
4107 http cache @jsonjoy.com/buffers@https://registry.npmjs.org/@jsonjoy.com/buffers/-/buffers-17.67.0.tgz 0ms (cache hit)
4108 http cache @jsonjoy.com/base64@https://registry.npmjs.org/@jsonjoy.com/base64/-/base64-1.1.2.tgz 0ms (cache hit)
4109 http cache tree-dump@https://registry.npmjs.org/tree-dump/-/tree-dump-1.1.0.tgz 0ms (cache hit)
4110 http cache glob-to-regex.js@https://registry.npmjs.org/glob-to-regex.js/-/glob-to-regex.js-1.2.0.tgz 0ms (cache hit)
4111 http cache @jsonjoy.com/json-pack@https://registry.npmjs.org/@jsonjoy.com/json-pack/-/json-pack-1.21.0.tgz 0ms (cache hit)
4112 http cache thingies@https://registry.npmjs.org/thingies/-/thingies-2.6.0.tgz 0ms (cache hit)
4113 http cache @jsonjoy.com/util@https://registry.npmjs.org/@jsonjoy.com/util/-/util-1.9.0.tgz 0ms (cache hit)
4114 http cache @jsonjoy.com/fs-print@https://registry.npmjs.org/@jsonjoy.com/fs-print/-/fs-print-4.57.7.tgz 0ms (cache hit)
4115 http cache @jsonjoy.com/fs-snapshot@https://registry.npmjs.org/@jsonjoy.com/fs-snapshot/-/fs-snapshot-4.57.7.tgz 0ms (cache hit)
4116 http cache @jsonjoy.com/fs-node@https://registry.npmjs.org/@jsonjoy.com/fs-node/-/fs-node-4.57.7.tgz 0ms (cache hit)
4117 http cache @jsonjoy.com/fs-node-to-fsa@https://registry.npmjs.org/@jsonjoy.com/fs-node-to-fsa/-/fs-node-to-fsa-4.57.7.tgz 0ms (cache hit)
4118 http cache @jsonjoy.com/fs-core@https://registry.npmjs.org/@jsonjoy.com/fs-core/-/fs-core-4.57.7.tgz 0ms (cache hit)
4119 http cache @jsonjoy.com/fs-node-utils@https://registry.npmjs.org/@jsonjoy.com/fs-node-utils/-/fs-node-utils-4.57.7.tgz 0ms (cache hit)
4120 http cache @jsonjoy.com/fs-fsa@https://registry.npmjs.org/@jsonjoy.com/fs-fsa/-/fs-fsa-4.57.7.tgz 0ms (cache hit)
4121 http cache @jsonjoy.com/fs-node-builtins@https://registry.npmjs.org/@jsonjoy.com/fs-node-builtins/-/fs-node-builtins-4.57.7.tgz 1ms (cache hit)
4122 http cache esrecurse@https://registry.npmjs.org/esrecurse/-/esrecurse-4.3.0.tgz 0ms (cache hit)
4123 http cache merge-stream@https://registry.npmjs.org/merge-stream/-/merge-stream-2.0.0.tgz 1ms (cache hit)
4124 http cache memfs@https://registry.npmjs.org/memfs/-/memfs-4.57.7.tgz 0ms (cache hit)
4125 http cache estraverse@https://registry.npmjs.org/estraverse/-/estraverse-4.3.0.tgz 0ms (cache hit)
4126 http cache @xtuc/ieee754@https://registry.npmjs.org/@xtuc/ieee754/-/ieee754-1.2.0.tgz 0ms (cache hit)
4127 http cache jest-worker@https://registry.npmjs.org/jest-worker/-/jest-worker-27.5.1.tgz 1ms (cache hit)
4128 http cache @webassemblyjs/utf8@https://registry.npmjs.org/@webassemblyjs/utf8/-/utf8-1.13.2.tgz 0ms (cache hit)
4129 http cache @webassemblyjs/leb128@https://registry.npmjs.org/@webassemblyjs/leb128/-/leb128-1.13.2.tgz 0ms (cache hit)
4130 http cache @webassemblyjs/ieee754@https://registry.npmjs.org/@webassemblyjs/ieee754/-/ieee754-1.13.2.tgz 0ms (cache hit)
4131 http cache @webassemblyjs/wasm-opt@https://registry.npmjs.org/@webassemblyjs/wasm-opt/-/wasm-opt-1.14.1.tgz 0ms (cache hit)
4132 http cache @webassemblyjs/helper-buffer@https://registry.npmjs.org/@webassemblyjs/helper-buffer/-/helper-buffer-1.14.1.tgz 0ms (cache hit)
4133 http cache @webassemblyjs/helper-wasm-section@https://registry.npmjs.org/@webassemblyjs/helper-wasm-section/-/helper-wasm-section-1.14.1.tgz 0ms (cache hit)
4134 http cache @xtuc/long@https://registry.npmjs.org/@xtuc/long/-/long-4.2.2.tgz 0ms (cache hit)
4135 http cache @webassemblyjs/wasm-gen@https://registry.npmjs.org/@webassemblyjs/wasm-gen/-/wasm-gen-1.14.1.tgz 0ms (cache hit)
4136 http cache @webassemblyjs/wast-printer@https://registry.npmjs.org/@webassemblyjs/wast-printer/-/wast-printer-1.14.1.tgz 1ms (cache hit)
4137 http cache @webassemblyjs/helper-api-error@https://registry.npmjs.org/@webassemblyjs/helper-api-error/-/helper-api-error-1.13.2.tgz 0ms (cache hit)
4138 http cache @webassemblyjs/helper-wasm-bytecode@https://registry.npmjs.org/@webassemblyjs/helper-wasm-bytecode/-/helper-wasm-bytecode-1.13.2.tgz 0ms (cache hit)
4139 http cache @webassemblyjs/floating-point-hex-parser@https://registry.npmjs.org/@webassemblyjs/floating-point-hex-parser/-/floating-point-hex-parser-1.13.2.tgz 0ms (cache hit)
4140 http cache @webassemblyjs/helper-numbers@https://registry.npmjs.org/@webassemblyjs/helper-numbers/-/helper-numbers-1.13.2.tgz 0ms (cache hit)
4141 http cache @types/eslint@https://registry.npmjs.org/@types/eslint/-/eslint-9.6.1.tgz 0ms (cache hit)
4142 http cache terser-webpack-plugin@https://registry.npmjs.org/terser-webpack-plugin/-/terser-webpack-plugin-5.6.1.tgz 0ms (cache hit)
4143 http cache events@https://registry.npmjs.org/events/-/events-3.3.0.tgz 0ms (cache hit)
4144 http cache eslint-scope@https://registry.npmjs.org/eslint-scope/-/eslint-scope-5.1.1.tgz 0ms (cache hit)
4145 http cache loader-runner@https://registry.npmjs.org/loader-runner/-/loader-runner-4.3.2.tgz 0ms (cache hit)
4146 http cache enhanced-resolve@https://registry.npmjs.org/enhanced-resolve/-/enhanced-resolve-5.23.0.tgz 0ms (cache hit)
4147 http cache chrome-trace-event@https://registry.npmjs.org/chrome-trace-event/-/chrome-trace-event-1.0.4.tgz 0ms (cache hit)
4148 http cache @webassemblyjs/wasm-parser@https://registry.npmjs.org/@webassemblyjs/wasm-parser/-/wasm-parser-1.14.1.tgz 0ms (cache hit)
4149 http cache es-module-lexer@https://registry.npmjs.org/es-module-lexer/-/es-module-lexer-2.1.0.tgz 0ms (cache hit)
4150 http cache acorn-import-phases@https://registry.npmjs.org/acorn-import-phases/-/acorn-import-phases-1.0.4.tgz 0ms (cache hit)
4151 http cache @types/eslint-scope@https://registry.npmjs.org/@types/eslint-scope/-/eslint-scope-3.7.7.tgz 0ms (cache hit)
4152 http cache @webassemblyjs/ast@https://registry.npmjs.org/@webassemblyjs/ast/-/ast-1.14.1.tgz 0ms (cache hit)
4153 http cache @webassemblyjs/wasm-edit@https://registry.npmjs.org/@webassemblyjs/wasm-edit/-/wasm-edit-1.14.1.tgz 1ms (cache hit)
4154 http cache spdx-expression-parse@https://registry.npmjs.org/spdx-expression-parse/-/spdx-expression-parse-3.0.1.tgz 0ms (cache hit)
4155 http cache glob-to-regexp@https://registry.npmjs.org/glob-to-regexp/-/glob-to-regexp-0.4.1.tgz 0ms (cache hit)
4156 http cache spdx-license-ids@https://registry.npmjs.org/spdx-license-ids/-/spdx-license-ids-3.0.23.tgz 0ms (cache hit)
4157 http cache spdx-correct@https://registry.npmjs.org/spdx-correct/-/spdx-correct-3.2.0.tgz 0ms (cache hit)
4158 http cache unique-slug@https://registry.npmjs.org/unique-slug/-/unique-slug-5.0.0.tgz 0ms (cache hit)
4159 http cache spdx-exceptions@https://registry.npmjs.org/spdx-exceptions/-/spdx-exceptions-2.5.0.tgz 0ms (cache hit)
4160 http cache @tufjs/canonical-json@https://registry.npmjs.org/@tufjs/canonical-json/-/canonical-json-2.0.0.tgz 0ms (cache hit)
4161 http cache imurmurhash@https://registry.npmjs.org/imurmurhash/-/imurmurhash-0.1.4.tgz 0ms (cache hit)
4162 http cache unicode-canonical-property-names-ecmascript@https://registry.npmjs.org/unicode-canonical-property-names-ecmascript/-/unicode-canonical-property-names-ecmascript-2.0.1.tgz 0ms (cache hit)
4163 http cache unicode-property-aliases-ecmascript@https://registry.npmjs.org/unicode-property-aliases-ecmascript/-/unicode-property-aliases-ecmascript-2.2.0.tgz 0ms (cache hit)
4164 http cache @tufjs/models@https://registry.npmjs.org/@tufjs/models/-/models-3.0.1.tgz 0ms (cache hit)
4165 http cache fdir@https://registry.npmjs.org/fdir/-/fdir-6.5.0.tgz 0ms (cache hit)
4166 http cache @jridgewell/source-map@https://registry.npmjs.org/@jridgewell/source-map/-/source-map-0.3.11.tgz 0ms (cache hit)
4167 http cache commander@https://registry.npmjs.org/commander/-/commander-2.20.3.tgz 0ms (cache hit)
4168 http cache chownr@https://registry.npmjs.org/chownr/-/chownr-2.0.0.tgz 0ms (cache hit)
4169 http cache acorn@https://registry.npmjs.org/acorn/-/acorn-8.16.0.tgz 0ms (cache hit)
4170 http cache smart-buffer@https://registry.npmjs.org/smart-buffer/-/smart-buffer-4.2.0.tgz 0ms (cache hit)
4171 http cache ip-address@https://registry.npmjs.org/ip-address/-/ip-address-10.2.0.tgz 0ms (cache hit)
4172 http cache tuf-js@https://registry.npmjs.org/tuf-js/-/tuf-js-3.1.0.tgz 0ms (cache hit)
4173 http cache socks@https://registry.npmjs.org/socks/-/socks-2.8.9.tgz 0ms (cache hit)
4174 http cache @sigstore/tuf@https://registry.npmjs.org/@sigstore/tuf/-/tuf-3.1.1.tgz 2ms (cache hit)
4175 http cache @sigstore/sign@https://registry.npmjs.org/@sigstore/sign/-/sign-3.1.0.tgz 0ms (cache hit)
4176 http cache @sigstore/verify@https://registry.npmjs.org/@sigstore/verify/-/verify-2.1.1.tgz 0ms (cache hit)
4177 http cache @sigstore/protobuf-specs@https://registry.npmjs.org/@sigstore/protobuf-specs/-/protobuf-specs-0.4.3.tgz 0ms (cache hit)
4178 http cache randombytes@https://registry.npmjs.org/randombytes/-/randombytes-2.1.0.tgz 0ms (cache hit)
4179 http cache @sigstore/bundle@https://registry.npmjs.org/@sigstore/bundle/-/bundle-3.1.0.tgz 0ms (cache hit)
4180 http cache ajv-keywords@https://registry.npmjs.org/ajv-keywords/-/ajv-keywords-5.1.0.tgz 0ms (cache hit)
4181 http cache @sigstore/core@https://registry.npmjs.org/@sigstore/core/-/core-2.0.0.tgz 0ms (cache hit)
4182 http cache neo-async@https://registry.npmjs.org/neo-async/-/neo-async-2.6.2.tgz 0ms (cache hit)
4183 http cache @parcel/watcher-win32-x64@https://registry.npmjs.org/@parcel/watcher-win32-x64/-/watcher-win32-x64-2.5.6.tgz 0ms (cache hit)
4184 http cache @parcel/watcher@https://registry.npmjs.org/@parcel/watcher/-/watcher-2.5.6.tgz 0ms (cache hit)
4185 http cache @types/json-schema@https://registry.npmjs.org/@types/json-schema/-/json-schema-7.0.15.tgz 0ms (cache hit)
4186 http cache @types/estree@https://registry.npmjs.org/@types/estree/-/estree-1.0.8.tgz 0ms (cache hit)
4187 http cache queue-microtask@https://registry.npmjs.org/queue-microtask/-/queue-microtask-1.2.3.tgz 0ms (cache hit)
4188 http cache immutable@https://registry.npmjs.org/immutable/-/immutable-5.1.6.tgz 0ms (cache hit)
4189 http cache @rollup/rollup-win32-x64-msvc@https://registry.npmjs.org/@rollup/rollup-win32-x64-msvc/-/rollup-win32-x64-msvc-4.59.0.tgz 0ms (cache hit)
4190 http cache @rollup/rollup-win32-x64-gnu@https://registry.npmjs.org/@rollup/rollup-win32-x64-gnu/-/rollup-win32-x64-gnu-4.59.0.tgz 0ms (cache hit)
4191 http cache hasown@https://registry.npmjs.org/hasown/-/hasown-2.0.4.tgz 0ms (cache hit)
4192 http cache supports-preserve-symlinks-flag@https://registry.npmjs.org/supports-preserve-symlinks-flag/-/supports-preserve-symlinks-flag-1.0.0.tgz 0ms (cache hit)
4193 http cache is-core-module@https://registry.npmjs.org/is-core-module/-/is-core-module-2.16.2.tgz 0ms (cache hit)
4194 http cache unicode-match-property-value-ecmascript@https://registry.npmjs.org/unicode-match-property-value-ecmascript/-/unicode-match-property-value-ecmascript-2.2.1.tgz 0ms (cache hit)
4195 http cache path-parse@https://registry.npmjs.org/path-parse/-/path-parse-1.0.7.tgz 0ms (cache hit)
4196 http cache regjsparser@https://registry.npmjs.org/regjsparser/-/regjsparser-0.13.1.tgz 0ms (cache hit)
4197 http cache regjsgen@https://registry.npmjs.org/regjsgen/-/regjsgen-0.8.0.tgz 0ms (cache hit)
4198 http cache unicode-match-property-ecmascript@https://registry.npmjs.org/unicode-match-property-ecmascript/-/unicode-match-property-ecmascript-2.0.0.tgz 0ms (cache hit)
4199 http cache regenerate-unicode-properties@https://registry.npmjs.org/regenerate-unicode-properties/-/regenerate-unicode-properties-10.2.2.tgz 0ms (cache hit)
4200 http cache regenerate@https://registry.npmjs.org/regenerate/-/regenerate-1.4.2.tgz 0ms (cache hit)
4201 http cache retry@https://registry.npmjs.org/retry/-/retry-0.12.0.tgz 0ms (cache hit)
4202 http cache err-code@https://registry.npmjs.org/err-code/-/err-code-2.0.3.tgz 0ms (cache hit)
4203 http cache postcss-selector-parser@https://registry.npmjs.org/postcss-selector-parser/-/postcss-selector-parser-7.1.2.tgz 0ms (cache hit)
4204 http cache cssesc@https://registry.npmjs.org/cssesc/-/cssesc-3.0.0.tgz 0ms (cache hit)
4205 http cache is-arrayish@https://registry.npmjs.org/is-arrayish/-/is-arrayish-0.2.1.tgz 1ms (cache hit)
4206 http cache lines-and-columns@https://registry.npmjs.org/lines-and-columns/-/lines-and-columns-1.2.4.tgz 0ms (cache hit)
4207 http cache error-ex@https://registry.npmjs.org/error-ex/-/error-ex-1.3.4.tgz 0ms (cache hit)
4208 http cache callsites@https://registry.npmjs.org/callsites/-/callsites-3.1.0.tgz 0ms (cache hit)
4209 http cache resolve-from@https://registry.npmjs.org/resolve-from/-/resolve-from-4.0.0.tgz 0ms (cache hit)
4210 http cache argparse@https://registry.npmjs.org/argparse/-/argparse-2.0.1.tgz 0ms (cache hit)
4211 http cache js-yaml@https://registry.npmjs.org/js-yaml/-/js-yaml-4.2.0.tgz 0ms (cache hit)
4212 http cache parent-module@https://registry.npmjs.org/parent-module/-/parent-module-1.0.1.tgz 0ms (cache hit)
4213 http cache jiti@https://registry.npmjs.org/jiti/-/jiti-1.21.7.tgz 0ms (cache hit)
4214 http cache import-fresh@https://registry.npmjs.org/import-fresh/-/import-fresh-3.3.1.tgz 0ms (cache hit)
4215 http cache parse-json@https://registry.npmjs.org/parse-json/-/parse-json-5.2.0.tgz 0ms (cache hit)
4216 http cache cosmiconfig@https://registry.npmjs.org/cosmiconfig/-/cosmiconfig-9.0.2.tgz 0ms (cache hit)
4217 http cache p-limit@https://registry.npmjs.org/p-limit/-/p-limit-4.0.0.tgz 0ms (cache hit)
4218 http cache locate-path@https://registry.npmjs.org/locate-path/-/locate-path-7.2.0.tgz 0ms (cache hit)
4219 http cache p-locate@https://registry.npmjs.org/p-locate/-/p-locate-6.0.0.tgz 0ms (cache hit)
4220 http cache yocto-queue@https://registry.npmjs.org/yocto-queue/-/yocto-queue-1.2.2.tgz 0ms (cache hit)
4221 http cache find-up@https://registry.npmjs.org/find-up/-/find-up-6.3.0.tgz 0ms (cache hit)
4222 http cache @napi-rs/nice-win32-x64-msvc@https://registry.npmjs.org/@napi-rs/nice-win32-x64-msvc/-/nice-win32-x64-msvc-1.1.1.tgz 0ms (cache hit)
4223 http cache @napi-rs/nice@https://registry.npmjs.org/@napi-rs/nice/-/nice-1.1.1.tgz 0ms (cache hit)
4224 http cache jsonparse@https://registry.npmjs.org/jsonparse/-/jsonparse-1.3.1.tgz 0ms (cache hit)
4225 http cache path-exists@https://registry.npmjs.org/path-exists/-/path-exists-5.0.0.tgz 1ms (cache hit)
4226 http cache abbrev@https://registry.npmjs.org/abbrev/-/abbrev-3.0.1.tgz 0ms (cache hit)
4227 http cache parse5-sax-parser@https://registry.npmjs.org/parse5-sax-parser/-/parse5-sax-parser-7.0.0.tgz 0ms (cache hit)
4228 http cache ignore-walk@https://registry.npmjs.org/ignore-walk/-/ignore-walk-7.0.0.tgz 0ms (cache hit)
4229 http cache @npmcli/redact@https://registry.npmjs.org/@npmcli/redact/-/redact-3.2.2.tgz 0ms (cache hit)
4230 http cache minipass-sized@https://registry.npmjs.org/minipass-sized/-/minipass-sized-1.0.3.tgz 0ms (cache hit)
4231 http cache minizlib@https://registry.npmjs.org/minizlib/-/minizlib-3.1.0.tgz 0ms (cache hit)
4232 http cache socks-proxy-agent@https://registry.npmjs.org/socks-proxy-agent/-/socks-proxy-agent-8.0.5.tgz 0ms (cache hit)
4233 http cache encoding@https://registry.npmjs.org/encoding/-/encoding-0.1.13.tgz 0ms (cache hit)
4234 http cache negotiator@https://registry.npmjs.org/negotiator/-/negotiator-1.0.0.tgz 0ms (cache hit)
4235 http cache http-proxy-agent@https://registry.npmjs.org/http-proxy-agent/-/http-proxy-agent-7.0.2.tgz 0ms (cache hit)
4236 http cache http-cache-semantics@https://registry.npmjs.org/http-cache-semantics/-/http-cache-semantics-4.2.0.tgz 0ms (cache hit)
4237 http cache @npmcli/agent@https://registry.npmjs.org/@npmcli/agent/-/agent-3.0.0.tgz 0ms (cache hit)
4238 http cache nopt@https://registry.npmjs.org/nopt/-/nopt-8.1.0.tgz 0ms (cache hit)
4239 http cache minipass-fetch@https://registry.npmjs.org/minipass-fetch/-/minipass-fetch-4.0.1.tgz 0ms (cache hit)
4240 http cache tinyglobby@https://registry.npmjs.org/tinyglobby/-/tinyglobby-0.2.17.tgz 0ms (cache hit)
4241 http cache make-fetch-happen@https://registry.npmjs.org/make-fetch-happen/-/make-fetch-happen-14.0.3.tgz 0ms (cache hit)
4242 http cache exponential-backoff@https://registry.npmjs.org/exponential-backoff/-/exponential-backoff-3.1.3.tgz 0ms (cache hit)
4243 http cache p-map@https://registry.npmjs.org/p-map/-/p-map-7.0.4.tgz 0ms (cache hit)
4244 http cache unique-filename@https://registry.npmjs.org/unique-filename/-/unique-filename-4.0.0.tgz 0ms (cache hit)
4245 http cache @npmcli/fs@https://registry.npmjs.org/@npmcli/fs/-/fs-4.0.0.tgz 0ms (cache hit)
4246 http cache env-paths@https://registry.npmjs.org/env-paths/-/env-paths-2.2.1.tgz 0ms (cache hit)
4247 http cache minipass-collect@https://registry.npmjs.org/minipass-collect/-/minipass-collect-2.0.1.tgz 0ms (cache hit)
4248 http cache @npmcli/node-gyp@https://registry.npmjs.org/@npmcli/node-gyp/-/node-gyp-4.0.0.tgz 0ms (cache hit)
4249 http cache minipass-pipeline@https://registry.npmjs.org/minipass-pipeline/-/minipass-pipeline-1.2.4.tgz 0ms (cache hit)
4250 http cache minipass-flush@https://registry.npmjs.org/minipass-flush/-/minipass-flush-1.0.7.tgz 0ms (cache hit)
4251 http cache validate-npm-package-license@https://registry.npmjs.org/validate-npm-package-license/-/validate-npm-package-license-3.0.4.tgz 0ms (cache hit)
4252 http cache node-gyp@https://registry.npmjs.org/node-gyp/-/node-gyp-11.5.0.tgz 0ms (cache hit)
4253 http cache json-parse-even-better-errors@https://registry.npmjs.org/json-parse-even-better-errors/-/json-parse-even-better-errors-4.0.0.tgz 0ms (cache hit)
4254 http cache npm-bundled@https://registry.npmjs.org/npm-bundled/-/npm-bundled-4.0.0.tgz 0ms (cache hit)
4255 http cache tar@https://registry.npmjs.org/tar/-/tar-6.2.1.tgz 0ms (cache hit)
4256 http cache ssri@https://registry.npmjs.org/ssri/-/ssri-12.0.0.tgz 0ms (cache hit)
4257 http cache promise-retry@https://registry.npmjs.org/promise-retry/-/promise-retry-2.0.1.tgz 0ms (cache hit)
4258 http cache sigstore@https://registry.npmjs.org/sigstore/-/sigstore-3.1.0.tgz 0ms (cache hit)
4259 http cache npm-registry-fetch@https://registry.npmjs.org/npm-registry-fetch/-/npm-registry-fetch-18.0.2.tgz 0ms (cache hit)
4260 http cache npm-packlist@https://registry.npmjs.org/npm-packlist/-/npm-packlist-9.0.0.tgz 0ms (cache hit)
4261 http cache @npmcli/promise-spawn@https://registry.npmjs.org/@npmcli/promise-spawn/-/promise-spawn-8.0.3.tgz 0ms (cache hit)
4262 http cache minipass@https://registry.npmjs.org/minipass/-/minipass-7.1.3.tgz 0ms (cache hit)
4263 http cache @npmcli/installed-package-contents@https://registry.npmjs.org/@npmcli/installed-package-contents/-/installed-package-contents-3.0.0.tgz 0ms (cache hit)
4264 http cache @npmcli/run-script@https://registry.npmjs.org/@npmcli/run-script/-/run-script-9.1.0.tgz 0ms (cache hit)
4265 http cache @npmcli/package-json@https://registry.npmjs.org/@npmcli/package-json/-/package-json-6.2.0.tgz 0ms (cache hit)
4266 http cache fs-minipass@https://registry.npmjs.org/fs-minipass/-/fs-minipass-3.0.3.tgz 0ms (cache hit)
4267 http cache run-applescript@https://registry.npmjs.org/run-applescript/-/run-applescript-7.1.0.tgz 0ms (cache hit)
4268 http cache cacache@https://registry.npmjs.org/cacache/-/cacache-19.0.1.tgz 0ms (cache hit)
4269 http cache @npmcli/git@https://registry.npmjs.org/@npmcli/git/-/git-6.0.3.tgz 0ms (cache hit)
4270 http cache default-browser-id@https://registry.npmjs.org/default-browser-id/-/default-browser-id-5.0.1.tgz 0ms (cache hit)
4271 http cache is-docker@https://registry.npmjs.org/is-docker/-/is-docker-3.0.0.tgz 0ms (cache hit)
4272 http cache is-inside-container@https://registry.npmjs.org/is-inside-container/-/is-inside-container-1.0.0.tgz 0ms (cache hit)
4273 http cache is-wsl@https://registry.npmjs.org/is-wsl/-/is-wsl-3.1.1.tgz 0ms (cache hit)
4274 http cache default-browser@https://registry.npmjs.org/default-browser/-/default-browser-5.5.0.tgz 0ms (cache hit)
4275 http cache define-lazy-prop@https://registry.npmjs.org/define-lazy-prop/-/define-lazy-prop-3.0.0.tgz 0ms (cache hit)
4276 http cache npm-install-checks@https://registry.npmjs.org/npm-install-checks/-/npm-install-checks-7.1.2.tgz 1ms (cache hit)
4277 http cache npm-normalize-package-bin@https://registry.npmjs.org/npm-normalize-package-bin/-/npm-normalize-package-bin-4.0.0.tgz 0ms (cache hit)
4278 http cache validate-npm-package-name@https://registry.npmjs.org/validate-npm-package-name/-/validate-npm-package-name-6.0.2.tgz 0ms (cache hit)
4279 http cache proc-log@https://registry.npmjs.org/proc-log/-/proc-log-5.0.0.tgz 0ms (cache hit)
4280 http cache bundle-name@https://registry.npmjs.org/bundle-name/-/bundle-name-4.1.0.tgz 0ms (cache hit)
4281 http cache @msgpackr-extract/msgpackr-extract-win32-x64@https://registry.npmjs.org/@msgpackr-extract/msgpackr-extract-win32-x64/-/msgpackr-extract-win32-x64-3.0.4.tgz 1ms (cache hit)
4282 http cache detect-libc@https://registry.npmjs.org/detect-libc/-/detect-libc-2.1.2.tgz 0ms (cache hit)
4283 http cache tapable@https://registry.npmjs.org/tapable/-/tapable-2.3.3.tgz 0ms (cache hit)
4284 http cache sax@https://registry.npmjs.org/sax/-/sax-1.6.0.tgz 0ms (cache hit)
4285 http cache hosted-git-info@https://registry.npmjs.org/hosted-git-info/-/hosted-git-info-8.1.0.tgz 0ms (cache hit)
4286 http cache environment@https://registry.npmjs.org/environment/-/environment-1.1.0.tgz 0ms (cache hit)
4287 http cache ordered-binary@https://registry.npmjs.org/ordered-binary/-/ordered-binary-1.6.1.tgz 0ms (cache hit)
4288 http cache msgpackr-extract@https://registry.npmjs.org/msgpackr-extract/-/msgpackr-extract-3.0.4.tgz 0ms (cache hit)
4289 http cache ansi-escapes@https://registry.npmjs.org/ansi-escapes/-/ansi-escapes-7.3.0.tgz 0ms (cache hit)
4290 http cache weak-lru-cache@https://registry.npmjs.org/weak-lru-cache/-/weak-lru-cache-1.2.2.tgz 0ms (cache hit)
4291 http cache node-gyp-build-optional-packages@https://registry.npmjs.org/node-gyp-build-optional-packages/-/node-gyp-build-optional-packages-5.2.2.tgz 0ms (cache hit)
4292 http cache @lmdb/lmdb-win32-x64@https://registry.npmjs.org/@lmdb/lmdb-win32-x64/-/lmdb-win32-x64-3.2.6.tgz 0ms (cache hit)
4293 http cache node-addon-api@https://registry.npmjs.org/node-addon-api/-/node-addon-api-6.1.0.tgz 0ms (cache hit)
4294 http cache msgpackr@https://registry.npmjs.org/msgpackr/-/msgpackr-1.12.1.tgz 0ms (cache hit)
4295 http cache log-update@https://registry.npmjs.org/log-update/-/log-update-6.1.0.tgz 0ms (cache hit)
4296 http cache slice-ansi@https://registry.npmjs.org/slice-ansi/-/slice-ansi-5.0.0.tgz 0ms (cache hit)
4297 http cache cli-truncate@https://registry.npmjs.org/cli-truncate/-/cli-truncate-4.0.0.tgz 0ms (cache hit)
4298 http cache prr@https://registry.npmjs.org/prr/-/prr-1.0.1.tgz 0ms (cache hit)
4299 http cache is-what@https://registry.npmjs.org/is-what/-/is-what-3.14.1.tgz 0ms (cache hit)
4300 http cache colorette@https://registry.npmjs.org/colorette/-/colorette-2.0.20.tgz 0ms (cache hit)
4301 http cache parse-node-version@https://registry.npmjs.org/parse-node-version/-/parse-node-version-1.0.1.tgz 0ms (cache hit)
4302 http cache image-size@https://registry.npmjs.org/image-size/-/image-size-0.5.5.tgz 0ms (cache hit)
4303 http cache errno@https://registry.npmjs.org/errno/-/errno-0.1.8.tgz 0ms (cache hit)
4304 http cache copy-anything@https://registry.npmjs.org/copy-anything/-/copy-anything-2.0.6.tgz 0ms (cache hit)
4305 http cache agent-base@https://registry.npmjs.org/agent-base/-/agent-base-7.1.4.tgz 0ms (cache hit)
4306 http cache needle@https://registry.npmjs.org/needle/-/needle-3.5.0.tgz 0ms (cache hit)
4307 http cache is-plain-object@https://registry.npmjs.org/is-plain-object/-/is-plain-object-5.0.0.tgz 0ms (cache hit)
4308 http cache unicorn-magic@https://registry.npmjs.org/unicorn-magic/-/unicorn-magic-0.3.0.tgz 0ms (cache hit)
4309 http cache @types/http-proxy@https://registry.npmjs.org/@types/http-proxy/-/http-proxy-1.17.17.tgz 0ms (cache hit)
4310 http cache slash@https://registry.npmjs.org/slash/-/slash-5.1.0.tgz 0ms (cache hit)
4311 http cache ignore@https://registry.npmjs.org/ignore/-/ignore-7.0.5.tgz 0ms (cache hit)
4312 http cache @sindresorhus/merge-streams@https://registry.npmjs.org/@sindresorhus/merge-streams/-/merge-streams-2.3.0.tgz 0ms (cache hit)
4313 http cache pkg-dir@https://registry.npmjs.org/pkg-dir/-/pkg-dir-7.0.0.tgz 0ms (cache hit)
4314 http cache path-type@https://registry.npmjs.org/path-type/-/path-type-6.0.0.tgz 0ms (cache hit)
4315 http cache common-path-prefix@https://registry.npmjs.org/common-path-prefix/-/common-path-prefix-3.0.0.tgz 0ms (cache hit)
4316 http cache @nodelib/fs.scandir@https://registry.npmjs.org/@nodelib/fs.scandir/-/fs.scandir-2.1.5.tgz 1ms (cache hit)
4317 http cache reusify@https://registry.npmjs.org/reusify/-/reusify-1.1.0.tgz 0ms (cache hit)
4318 http cache merge2@https://registry.npmjs.org/merge2/-/merge2-1.4.1.tgz 0ms (cache hit)
4319 http cache @nodelib/fs.stat@https://registry.npmjs.org/@nodelib/fs.stat/-/fs.stat-2.0.5.tgz 0ms (cache hit)
4320 http cache run-parallel@https://registry.npmjs.org/run-parallel/-/run-parallel-1.2.0.tgz 0ms (cache hit)
4321 http cache @nodelib/fs.walk@https://registry.npmjs.org/@nodelib/fs.walk/-/fs.walk-1.2.8.tgz 0ms (cache hit)
4322 http cache entities@https://registry.npmjs.org/entities/-/entities-4.5.0.tgz 0ms (cache hit)
4323 http cache @esbuild/win32-x64@https://registry.npmjs.org/@esbuild/win32-x64/-/win32-x64-0.28.0.tgz 0ms (cache hit)
4324 http cache boolbase@https://registry.npmjs.org/boolbase/-/boolbase-1.0.0.tgz 0ms (cache hit)
4325 http cache domutils@https://registry.npmjs.org/domutils/-/domutils-3.2.2.tgz 1ms (cache hit)
4326 http cache domelementtype@https://registry.npmjs.org/domelementtype/-/domelementtype-2.3.0.tgz 0ms (cache hit)
4327 http cache postcss-modules-values@https://registry.npmjs.org/postcss-modules-values/-/postcss-modules-values-4.0.0.tgz 0ms (cache hit)
4328 http cache postcss-modules-scope@https://registry.npmjs.org/postcss-modules-scope/-/postcss-modules-scope-3.2.1.tgz 0ms (cache hit)
4329 http cache postcss-modules-local-by-default@https://registry.npmjs.org/postcss-modules-local-by-default/-/postcss-modules-local-by-default-4.2.0.tgz 0ms (cache hit)
4330 http cache nth-check@https://registry.npmjs.org/nth-check/-/nth-check-2.1.1.tgz 0ms (cache hit)
4331 http cache postcss-modules-extract-imports@https://registry.npmjs.org/postcss-modules-extract-imports/-/postcss-modules-extract-imports-3.1.0.tgz 0ms (cache hit)
4332 http cache icss-utils@https://registry.npmjs.org/icss-utils/-/icss-utils-5.1.0.tgz 0ms (cache hit)
4333 http cache caniuse-lite@https://registry.npmjs.org/caniuse-lite/-/caniuse-lite-1.0.30001797.tgz 0ms (cache hit)
4334 http cache electron-to-chromium@https://registry.npmjs.org/electron-to-chromium/-/electron-to-chromium-1.5.371.tgz 0ms (cache hit)
4335 http cache node-releases@https://registry.npmjs.org/node-releases/-/node-releases-2.0.47.tgz 1ms (cache hit)
4336 http cache update-browserslist-db@https://registry.npmjs.org/update-browserslist-db/-/update-browserslist-db-1.2.3.tgz 0ms (cache hit)
4337 http cache baseline-browser-mapping@https://registry.npmjs.org/baseline-browser-mapping/-/baseline-browser-mapping-2.10.35.tgz 0ms (cache hit)
4338 http cache serialize-javascript@https://registry.npmjs.org/serialize-javascript/-/serialize-javascript-6.0.2.tgz 0ms (cache hit)
4339 http cache browserslist@https://registry.npmjs.org/browserslist/-/browserslist-4.28.2.tgz 0ms (cache hit)
4340 http cache globby@https://registry.npmjs.org/globby/-/globby-14.1.0.tgz 0ms (cache hit)
4341 http cache postcss-media-query-parser@https://registry.npmjs.org/postcss-media-query-parser/-/postcss-media-query-parser-0.2.3.tgz 0ms (cache hit)
4342 http cache htmlparser2@https://registry.npmjs.org/htmlparser2/-/htmlparser2-10.1.0.tgz 0ms (cache hit)
4343 http cache domhandler@https://registry.npmjs.org/domhandler/-/domhandler-5.0.3.tgz 0ms (cache hit)
4344 http cache css-what@https://registry.npmjs.org/css-what/-/css-what-6.2.2.tgz 0ms (cache hit)
4345 http cache css-select@https://registry.npmjs.org/css-select/-/css-select-5.2.2.tgz 0ms (cache hit)
4346 http cache dom-serializer@https://registry.npmjs.org/dom-serializer/-/dom-serializer-2.0.0.tgz 0ms (cache hit)
4347 http cache lodash.debounce@https://registry.npmjs.org/lodash.debounce/-/lodash.debounce-4.0.8.tgz 0ms (cache hit)
4348 http cache find-cache-dir@https://registry.npmjs.org/find-cache-dir/-/find-cache-dir-4.0.0.tgz 0ms (cache hit)
4349 http cache @babel/helper-define-polyfill-provider@https://registry.npmjs.org/@babel/helper-define-polyfill-provider/-/helper-define-polyfill-provider-0.6.8.tgz 0ms (cache hit)
4350 http cache schema-utils@https://registry.npmjs.org/schema-utils/-/schema-utils-4.3.3.tgz 0ms (cache hit)
4351 http cache normalize-range@https://registry.npmjs.org/normalize-range/-/normalize-range-0.1.2.tgz 0ms (cache hit)
4352 http cache postcss-value-parser@https://registry.npmjs.org/postcss-value-parser/-/postcss-value-parser-4.2.0.tgz 1ms (cache hit)
4353 http cache json-schema-traverse@https://registry.npmjs.org/json-schema-traverse/-/json-schema-traverse-1.0.0.tgz 0ms (cache hit)
4354 http cache fast-uri@https://registry.npmjs.org/fast-uri/-/fast-uri-3.1.2.tgz 0ms (cache hit)
4355 http cache fraction.js@https://registry.npmjs.org/fraction.js/-/fraction.js-4.3.7.tgz 0ms (cache hit)
4356 http cache require-from-string@https://registry.npmjs.org/require-from-string/-/require-from-string-2.0.2.tgz 0ms (cache hit)
4357 http cache micromatch@https://registry.npmjs.org/micromatch/-/micromatch-4.0.8.tgz 0ms (cache hit)
4358 http cache @primeuix/utils@https://registry.npmjs.org/@primeuix/utils/-/utils-0.3.2.tgz 0ms (cache hit)
4359 http cache fastq@https://registry.npmjs.org/fastq/-/fastq-1.20.1.tgz 0ms (cache hit)
4360 http cache @primeuix/styled@https://registry.npmjs.org/@primeuix/styled/-/styled-0.3.2.tgz 0ms (cache hit)
4361 http cache chardet@https://registry.npmjs.org/chardet/-/chardet-2.1.1.tgz 0ms (cache hit)
4362 http cache fast-deep-equal@https://registry.npmjs.org/fast-deep-equal/-/fast-deep-equal-3.1.3.tgz 0ms (cache hit)
4363 http cache @inquirer/select@https://registry.npmjs.org/@inquirer/select/-/select-4.4.2.tgz 0ms (cache hit)
4364 http cache @inquirer/number@https://registry.npmjs.org/@inquirer/number/-/number-3.0.23.tgz 0ms (cache hit)
4365 http cache @inquirer/search@https://registry.npmjs.org/@inquirer/search/-/search-3.2.2.tgz 0ms (cache hit)
4366 http cache @inquirer/rawlist@https://registry.npmjs.org/@inquirer/rawlist/-/rawlist-4.1.11.tgz 0ms (cache hit)
4367 http cache @inquirer/password@https://registry.npmjs.org/@inquirer/password/-/password-4.0.23.tgz 0ms (cache hit)
4368 http cache @inquirer/input@https://registry.npmjs.org/@inquirer/input/-/input-4.3.1.tgz 0ms (cache hit)
4369 http cache @inquirer/checkbox@https://registry.npmjs.org/@inquirer/checkbox/-/checkbox-4.3.2.tgz 0ms (cache hit)
4370 http cache @inquirer/expand@https://registry.npmjs.org/@inquirer/expand/-/expand-4.0.23.tgz 0ms (cache hit)
4371 http cache @inquirer/figures@https://registry.npmjs.org/@inquirer/figures/-/figures-1.0.15.tgz 0ms (cache hit)
4372 http cache @inquirer/editor@https://registry.npmjs.org/@inquirer/editor/-/editor-4.2.23.tgz 0ms (cache hit)
4373 http cache @inquirer/external-editor@https://registry.npmjs.org/@inquirer/external-editor/-/external-editor-1.0.3.tgz 0ms (cache hit)
4374 http cache mute-stream@https://registry.npmjs.org/mute-stream/-/mute-stream-2.0.0.tgz 0ms (cache hit)
4375 http cache yoctocolors-cjs@https://registry.npmjs.org/yoctocolors-cjs/-/yoctocolors-cjs-2.1.3.tgz 0ms (cache hit)
4376 http cache @babel/helper-string-parser@https://registry.npmjs.org/@babel/helper-string-parser/-/helper-string-parser-7.29.7.tgz 0ms (cache hit)
4377 http cache @inquirer/core@https://registry.npmjs.org/@inquirer/core/-/core-10.3.2.tgz 0ms (cache hit)
4378 http cache cli-width@https://registry.npmjs.org/cli-width/-/cli-width-4.1.0.tgz 0ms (cache hit)
4379 http cache @inquirer/ansi@https://registry.npmjs.org/@inquirer/ansi/-/ansi-1.0.2.tgz 0ms (cache hit)
4380 http cache @babel/parser@https://registry.npmjs.org/@babel/parser/-/parser-7.29.7.tgz 0ms (cache hit)
4381 http cache @inquirer/type@https://registry.npmjs.org/@inquirer/type/-/type-3.0.10.tgz 1ms (cache hit)
4382 http cache esutils@https://registry.npmjs.org/esutils/-/esutils-2.0.3.tgz 0ms (cache hit)
4383 http cache regenerator-runtime@https://registry.npmjs.org/regenerator-runtime/-/regenerator-runtime-0.14.1.tgz 0ms (cache hit)
4384 http cache @babel/code-frame@https://registry.npmjs.org/@babel/code-frame/-/code-frame-7.29.7.tgz 0ms (cache hit)
4385 http cache @babel/helper-module-imports@https://registry.npmjs.org/@babel/helper-module-imports/-/helper-module-imports-7.29.7.tgz 0ms (cache hit)
4386 http cache @babel/helper-module-transforms@https://registry.npmjs.org/@babel/helper-module-transforms/-/helper-module-transforms-7.29.7.tgz 0ms (cache hit)
4387 http cache @babel/helper-validator-option@https://registry.npmjs.org/@babel/helper-validator-option/-/helper-validator-option-7.29.7.tgz 0ms (cache hit)
4388 http cache @babel/helper-validator-identifier@https://registry.npmjs.org/@babel/helper-validator-identifier/-/helper-validator-identifier-7.29.7.tgz 0ms (cache hit)
4389 http cache @babel/compat-data@https://registry.npmjs.org/@babel/compat-data/-/compat-data-7.29.7.tgz 0ms (cache hit)
4390 http cache @babel/helper-globals@https://registry.npmjs.org/@babel/helper-globals/-/helper-globals-7.29.7.tgz 0ms (cache hit)
4391 http cache @babel/helper-replace-supers@https://registry.npmjs.org/@babel/helper-replace-supers/-/helper-replace-supers-7.29.7.tgz 0ms (cache hit)
4392 http cache @babel/helper-compilation-targets@https://registry.npmjs.org/@babel/helper-compilation-targets/-/helper-compilation-targets-7.29.7.tgz 0ms (cache hit)
4393 http cache @babel/helper-member-expression-to-functions@https://registry.npmjs.org/@babel/helper-member-expression-to-functions/-/helper-member-expression-to-functions-7.29.7.tgz 0ms (cache hit)
4394 http cache regexpu-core@https://registry.npmjs.org/regexpu-core/-/regexpu-core-6.4.0.tgz 0ms (cache hit)
4395 http cache @babel/helper-optimise-call-expression@https://registry.npmjs.org/@babel/helper-optimise-call-expression/-/helper-optimise-call-expression-7.29.7.tgz 0ms (cache hit)
4396 http cache core-js-compat@https://registry.npmjs.org/core-js-compat/-/core-js-compat-3.49.0.tgz 0ms (cache hit)
4397 http cache @babel/helper-create-regexp-features-plugin@https://registry.npmjs.org/@babel/helper-create-regexp-features-plugin/-/helper-create-regexp-features-plugin-7.29.7.tgz 0ms (cache hit)
4398 http cache @babel/helper-skip-transparent-expression-wrappers@https://registry.npmjs.org/@babel/helper-skip-transparent-expression-wrappers/-/helper-skip-transparent-expression-wrappers-7.29.7.tgz 0ms (cache hit)
4399 http cache @babel/preset-modules@https://registry.npmjs.org/@babel/preset-modules/-/preset-modules-0.1.6-no-external-plugins.tgz 0ms (cache hit)
4400 http cache @babel/helper-create-class-features-plugin@https://registry.npmjs.org/@babel/helper-create-class-features-plugin/-/helper-create-class-features-plugin-7.29.7.tgz 0ms (cache hit)
4401 http cache @babel/plugin-transform-unicode-sets-regex@https://registry.npmjs.org/@babel/plugin-transform-unicode-sets-regex/-/plugin-transform-unicode-sets-regex-7.29.7.tgz 0ms (cache hit)
4402 http cache @babel/plugin-transform-template-literals@https://registry.npmjs.org/@babel/plugin-transform-template-literals/-/plugin-transform-template-literals-7.29.7.tgz 0ms (cache hit)
4403 http cache @babel/plugin-transform-unicode-property-regex@https://registry.npmjs.org/@babel/plugin-transform-unicode-property-regex/-/plugin-transform-unicode-property-regex-7.29.7.tgz 0ms (cache hit)
4404 http cache @babel/plugin-transform-typeof-symbol@https://registry.npmjs.org/@babel/plugin-transform-typeof-symbol/-/plugin-transform-typeof-symbol-7.29.7.tgz 0ms (cache hit)
4405 http cache @babel/plugin-transform-sticky-regex@https://registry.npmjs.org/@babel/plugin-transform-sticky-regex/-/plugin-transform-sticky-regex-7.29.7.tgz 0ms (cache hit)
4406 http cache @babel/plugin-transform-spread@https://registry.npmjs.org/@babel/plugin-transform-spread/-/plugin-transform-spread-7.29.7.tgz 0ms (cache hit)
4407 http cache @babel/plugin-transform-unicode-escapes@https://registry.npmjs.org/@babel/plugin-transform-unicode-escapes/-/plugin-transform-unicode-escapes-7.29.7.tgz 0ms (cache hit)
4408 http cache @babel/plugin-transform-shorthand-properties@https://registry.npmjs.org/@babel/plugin-transform-shorthand-properties/-/plugin-transform-shorthand-properties-7.29.7.tgz 0ms (cache hit)
4409 http cache @babel/plugin-transform-reserved-words@https://registry.npmjs.org/@babel/plugin-transform-reserved-words/-/plugin-transform-reserved-words-7.29.7.tgz 0ms (cache hit)
4410 http cache @babel/plugin-transform-regexp-modifiers@https://registry.npmjs.org/@babel/plugin-transform-regexp-modifiers/-/plugin-transform-regexp-modifiers-7.29.7.tgz 0ms (cache hit)
4411 http cache @babel/plugin-transform-regenerator@https://registry.npmjs.org/@babel/plugin-transform-regenerator/-/plugin-transform-regenerator-7.29.7.tgz 1ms (cache hit)
4412 http cache @babel/plugin-transform-private-property-in-object@https://registry.npmjs.org/@babel/plugin-transform-private-property-in-object/-/plugin-transform-private-property-in-object-7.29.7.tgz 0ms (cache hit)
4413 http cache @babel/plugin-transform-unicode-regex@https://registry.npmjs.org/@babel/plugin-transform-unicode-regex/-/plugin-transform-unicode-regex-7.29.7.tgz 0ms (cache hit)
4414 http cache @babel/plugin-transform-property-literals@https://registry.npmjs.org/@babel/plugin-transform-property-literals/-/plugin-transform-property-literals-7.29.7.tgz 0ms (cache hit)
4415 http cache @babel/plugin-transform-parameters@https://registry.npmjs.org/@babel/plugin-transform-parameters/-/plugin-transform-parameters-7.29.7.tgz 0ms (cache hit)
4416 http cache @babel/plugin-transform-object-super@https://registry.npmjs.org/@babel/plugin-transform-object-super/-/plugin-transform-object-super-7.29.7.tgz 0ms (cache hit)
4417 http cache @babel/plugin-transform-private-methods@https://registry.npmjs.org/@babel/plugin-transform-private-methods/-/plugin-transform-private-methods-7.29.7.tgz 0ms (cache hit)
4418 http cache @babel/plugin-transform-numeric-separator@https://registry.npmjs.org/@babel/plugin-transform-numeric-separator/-/plugin-transform-numeric-separator-7.29.7.tgz 0ms (cache hit)
4419 http cache @babel/plugin-transform-optional-chaining@https://registry.npmjs.org/@babel/plugin-transform-optional-chaining/-/plugin-transform-optional-chaining-7.29.7.tgz 0ms (cache hit)
4420 http cache @babel/plugin-transform-object-rest-spread@https://registry.npmjs.org/@babel/plugin-transform-object-rest-spread/-/plugin-transform-object-rest-spread-7.29.7.tgz 0ms (cache hit)
4421 http cache @babel/plugin-transform-nullish-coalescing-operator@https://registry.npmjs.org/@babel/plugin-transform-nullish-coalescing-operator/-/plugin-transform-nullish-coalescing-operator-7.29.7.tgz 0ms (cache hit)
4422 http cache @babel/plugin-transform-new-target@https://registry.npmjs.org/@babel/plugin-transform-new-target/-/plugin-transform-new-target-7.29.7.tgz 0ms (cache hit)
4423 http cache @babel/plugin-transform-named-capturing-groups-regex@https://registry.npmjs.org/@babel/plugin-transform-named-capturing-groups-regex/-/plugin-transform-named-capturing-groups-regex-7.29.7.tgz 0ms (cache hit)
4424 http cache @babel/plugin-transform-modules-umd@https://registry.npmjs.org/@babel/plugin-transform-modules-umd/-/plugin-transform-modules-umd-7.29.7.tgz 0ms (cache hit)
4425 http cache @babel/plugin-transform-modules-systemjs@https://registry.npmjs.org/@babel/plugin-transform-modules-systemjs/-/plugin-transform-modules-systemjs-7.29.7.tgz 0ms (cache hit)
4426 http cache @babel/plugin-transform-modules-amd@https://registry.npmjs.org/@babel/plugin-transform-modules-amd/-/plugin-transform-modules-amd-7.29.7.tgz 0ms (cache hit)
4427 http cache @babel/plugin-transform-json-strings@https://registry.npmjs.org/@babel/plugin-transform-json-strings/-/plugin-transform-json-strings-7.29.7.tgz 0ms (cache hit)
4428 http cache @babel/plugin-transform-member-expression-literals@https://registry.npmjs.org/@babel/plugin-transform-member-expression-literals/-/plugin-transform-member-expression-literals-7.29.7.tgz 0ms (cache hit)
4429 http cache @babel/plugin-transform-logical-assignment-operators@https://registry.npmjs.org/@babel/plugin-transform-logical-assignment-operators/-/plugin-transform-logical-assignment-operators-7.29.7.tgz 0ms (cache hit)
4430 http cache @babel/plugin-transform-literals@https://registry.npmjs.org/@babel/plugin-transform-literals/-/plugin-transform-literals-7.29.7.tgz 0ms (cache hit)
4431 http cache @babel/plugin-transform-modules-commonjs@https://registry.npmjs.org/@babel/plugin-transform-modules-commonjs/-/plugin-transform-modules-commonjs-7.29.7.tgz 0ms (cache hit)
4432 http cache @babel/plugin-transform-function-name@https://registry.npmjs.org/@babel/plugin-transform-function-name/-/plugin-transform-function-name-7.29.7.tgz 0ms (cache hit)
4433 http cache @babel/plugin-transform-optional-catch-binding@https://registry.npmjs.org/@babel/plugin-transform-optional-catch-binding/-/plugin-transform-optional-catch-binding-7.29.7.tgz 0ms (cache hit)
4434 http cache @babel/plugin-transform-dynamic-import@https://registry.npmjs.org/@babel/plugin-transform-dynamic-import/-/plugin-transform-dynamic-import-7.29.7.tgz 0ms (cache hit)
4435 http cache @babel/plugin-transform-duplicate-named-capturing-groups-regex@https://registry.npmjs.org/@babel/plugin-transform-duplicate-named-capturing-groups-regex/-/plugin-transform-duplicate-named-capturing-groups-regex-7.29.7.tgz 0ms (cache hit)
4436 http cache @babel/plugin-transform-destructuring@https://registry.npmjs.org/@babel/plugin-transform-destructuring/-/plugin-transform-destructuring-7.29.7.tgz 0ms (cache hit)
4437 http cache @babel/plugin-transform-exponentiation-operator@https://registry.npmjs.org/@babel/plugin-transform-exponentiation-operator/-/plugin-transform-exponentiation-operator-7.29.7.tgz 0ms (cache hit)
4438 http cache @babel/plugin-transform-computed-properties@https://registry.npmjs.org/@babel/plugin-transform-computed-properties/-/plugin-transform-computed-properties-7.29.7.tgz 0ms (cache hit)
4439 http cache @babel/plugin-transform-duplicate-keys@https://registry.npmjs.org/@babel/plugin-transform-duplicate-keys/-/plugin-transform-duplicate-keys-7.29.7.tgz 0ms (cache hit)
4440 http cache @babel/plugin-transform-dotall-regex@https://registry.npmjs.org/@babel/plugin-transform-dotall-regex/-/plugin-transform-dotall-regex-7.29.7.tgz 0ms (cache hit)
4441 http cache @babel/plugin-transform-class-static-block@https://registry.npmjs.org/@babel/plugin-transform-class-static-block/-/plugin-transform-class-static-block-7.29.7.tgz 0ms (cache hit)
4442 http cache @babel/plugin-transform-block-scoping@https://registry.npmjs.org/@babel/plugin-transform-block-scoping/-/plugin-transform-block-scoping-7.29.7.tgz 0ms (cache hit)
4443 http cache @babel/plugin-transform-class-properties@https://registry.npmjs.org/@babel/plugin-transform-class-properties/-/plugin-transform-class-properties-7.29.7.tgz 0ms (cache hit)
4444 http cache @babel/plugin-transform-block-scoped-functions@https://registry.npmjs.org/@babel/plugin-transform-block-scoped-functions/-/plugin-transform-block-scoped-functions-7.29.7.tgz 0ms (cache hit)
4445 http cache @babel/plugin-transform-arrow-functions@https://registry.npmjs.org/@babel/plugin-transform-arrow-functions/-/plugin-transform-arrow-functions-7.29.7.tgz 0ms (cache hit)
4446 http cache @babel/plugin-syntax-unicode-sets-regex@https://registry.npmjs.org/@babel/plugin-syntax-unicode-sets-regex/-/plugin-syntax-unicode-sets-regex-7.18.6.tgz 0ms (cache hit)
4447 http cache @babel/plugin-syntax-import-assertions@https://registry.npmjs.org/@babel/plugin-syntax-import-assertions/-/plugin-syntax-import-assertions-7.29.7.tgz 0ms (cache hit)
4448 http cache @babel/plugin-bugfix-v8-spread-parameters-in-optional-chaining@https://registry.npmjs.org/@babel/plugin-bugfix-v8-spread-parameters-in-optional-chaining/-/plugin-bugfix-v8-spread-parameters-in-optional-chaining-7.29.7.tgz 0ms (cache hit)
4449 http cache @babel/plugin-proposal-private-property-in-object@https://registry.npmjs.org/@babel/plugin-proposal-private-property-in-object/-/plugin-proposal-private-property-in-object-7.21.0-placeholder-for-preset-env.2.tgz 0ms (cache hit)
4450 http cache @babel/plugin-bugfix-v8-static-class-fields-redefine-readonly@https://registry.npmjs.org/@babel/plugin-bugfix-v8-static-class-fields-redefine-readonly/-/plugin-bugfix-v8-static-class-fields-redefine-readonly-7.29.7.tgz 0ms (cache hit)
4451 http cache @babel/plugin-bugfix-safari-id-destructuring-collision-in-function-expression@https://registry.npmjs.org/@babel/plugin-bugfix-safari-id-destructuring-collision-in-function-expression/-/plugin-bugfix-safari-id-destructuring-collision-in-function-expression-7.29.7.tgz 0ms (cache hit)
4452 http cache @babel/plugin-bugfix-safari-class-field-initializer-scope@https://registry.npmjs.org/@babel/plugin-bugfix-safari-class-field-initializer-scope/-/plugin-bugfix-safari-class-field-initializer-scope-7.29.7.tgz 0ms (cache hit)
4453 http cache @babel/plugin-transform-export-namespace-from@https://registry.npmjs.org/@babel/plugin-transform-export-namespace-from/-/plugin-transform-export-namespace-from-7.29.7.tgz 1ms (cache hit)
4454 http cache babel-plugin-polyfill-corejs3@https://registry.npmjs.org/babel-plugin-polyfill-corejs3/-/babel-plugin-polyfill-corejs3-0.11.1.tgz 0ms (cache hit)
4455 http cache babel-plugin-polyfill-corejs2@https://registry.npmjs.org/babel-plugin-polyfill-corejs2/-/babel-plugin-polyfill-corejs2-0.4.17.tgz 0ms (cache hit)
4456 http cache babel-plugin-polyfill-regenerator@https://registry.npmjs.org/babel-plugin-polyfill-regenerator/-/babel-plugin-polyfill-regenerator-0.6.8.tgz 0ms (cache hit)
4457 http cache @babel/types@https://registry.npmjs.org/@babel/types/-/types-7.29.7.tgz 0ms (cache hit)
4458 http cache @babel/traverse@https://registry.npmjs.org/@babel/traverse/-/traverse-7.29.7.tgz 0ms (cache hit)
4459 http cache @babel/plugin-transform-for-of@https://registry.npmjs.org/@babel/plugin-transform-for-of/-/plugin-transform-for-of-7.29.7.tgz 0ms (cache hit)
4460 http cache @babel/helper-wrap-function@https://registry.npmjs.org/@babel/helper-wrap-function/-/helper-wrap-function-7.29.7.tgz 0ms (cache hit)
4461 http cache jsesc@https://registry.npmjs.org/jsesc/-/jsesc-3.1.0.tgz 0ms (cache hit)
4462 http cache reflect-metadata@https://registry.npmjs.org/reflect-metadata/-/reflect-metadata-0.2.2.tgz 0ms (cache hit)
4463 http cache resolve@https://registry.npmjs.org/resolve/-/resolve-1.22.10.tgz 0ms (cache hit)
4464 http cache @babel/plugin-bugfix-firefox-class-in-computed-class-key@https://registry.npmjs.org/@babel/plugin-bugfix-firefox-class-in-computed-class-key/-/plugin-bugfix-firefox-class-in-computed-class-key-7.29.7.tgz 0ms (cache hit)
4465 http cache @babel/template@https://registry.npmjs.org/@babel/template/-/template-7.29.7.tgz 0ms (cache hit)
4466 http cache @babel/helper-remap-async-to-generator@https://registry.npmjs.org/@babel/helper-remap-async-to-generator/-/helper-remap-async-to-generator-7.29.7.tgz 0ms (cache hit)
4467 http cache @babel/helper-plugin-utils@https://registry.npmjs.org/@babel/helper-plugin-utils/-/helper-plugin-utils-7.29.7.tgz 0ms (cache hit)
4468 http cache npm-pick-manifest@https://registry.npmjs.org/npm-pick-manifest/-/npm-pick-manifest-10.0.0.tgz 0ms (cache hit)
4469 http cache npm-package-arg@https://registry.npmjs.org/npm-package-arg/-/npm-package-arg-12.0.2.tgz 0ms (cache hit)
4470 http cache pacote@https://registry.npmjs.org/pacote/-/pacote-20.0.0.tgz 0ms (cache hit)
4471 http cache @babel/core@https://registry.npmjs.org/@babel/core/-/core-7.26.9.tgz 0ms (cache hit)
4472 http cache ini@https://registry.npmjs.org/ini/-/ini-5.0.0.tgz 0ms (cache hit)
4473 http cache @schematics/angular@https://registry.npmjs.org/@schematics/angular/-/angular-19.2.27.tgz 0ms (cache hit)
4474 http cache @angular-devkit/schematics@https://registry.npmjs.org/@angular-devkit/schematics/-/schematics-19.2.27.tgz 0ms (cache hit)
4475 http cache watchpack@https://registry.npmjs.org/watchpack/-/watchpack-2.4.2.tgz 0ms (cache hit)
4476 http cache @inquirer/prompts@https://registry.npmjs.org/@inquirer/prompts/-/prompts-7.3.2.tgz 0ms (cache hit)
4477 http cache rollup@https://registry.npmjs.org/rollup/-/rollup-4.59.0.tgz 0ms (cache hit)
4478 http cache vite@https://registry.npmjs.org/vite/-/vite-6.4.2.tgz 0ms (cache hit)
4479 http cache parse5-html-rewriting-stream@https://registry.npmjs.org/parse5-html-rewriting-stream/-/parse5-html-rewriting-stream-7.0.0.tgz 0ms (cache hit)
4480 http cache lmdb@https://registry.npmjs.org/lmdb/-/lmdb-3.2.6.tgz 1ms (cache hit)
4481 http cache mrmime@https://registry.npmjs.org/mrmime/-/mrmime-2.0.1.tgz 0ms (cache hit)
4482 http cache magic-string@https://registry.npmjs.org/magic-string/-/magic-string-0.30.17.tgz 0ms (cache hit)
4483 http cache https-proxy-agent@https://registry.npmjs.org/https-proxy-agent/-/https-proxy-agent-7.0.6.tgz 0ms (cache hit)
4484 http cache beasties@https://registry.npmjs.org/beasties/-/beasties-0.3.2.tgz 0ms (cache hit)
4485 http cache listr2@https://registry.npmjs.org/listr2/-/listr2-8.2.5.tgz 0ms (cache hit)
4486 http cache @listr2/prompt-adapter-inquirer@https://registry.npmjs.org/@listr2/prompt-adapter-inquirer/-/prompt-adapter-inquirer-2.0.18.tgz 0ms (cache hit)
4487 http cache @inquirer/confirm@https://registry.npmjs.org/@inquirer/confirm/-/confirm-5.1.6.tgz 0ms (cache hit)
4488 http cache @babel/plugin-syntax-import-attributes@https://registry.npmjs.org/@babel/plugin-syntax-import-attributes/-/plugin-syntax-import-attributes-7.26.0.tgz 0ms (cache hit)
4489 http cache ajv-formats@https://registry.npmjs.org/ajv-formats/-/ajv-formats-3.0.1.tgz 0ms (cache hit)
4490 http cache ajv@https://registry.npmjs.org/ajv/-/ajv-8.18.0.tgz 0ms (cache hit)
4491 http cache webpack-merge@https://registry.npmjs.org/webpack-merge/-/webpack-merge-6.0.1.tgz 0ms (cache hit)
4492 http cache webpack-dev-server@https://registry.npmjs.org/webpack-dev-server/-/webpack-dev-server-5.2.2.tgz 0ms (cache hit)
4493 http cache webpack@https://registry.npmjs.org/webpack/-/webpack-5.105.0.tgz 0ms (cache hit)
4494 http cache webpack-dev-middleware@https://registry.npmjs.org/webpack-dev-middleware/-/webpack-dev-middleware-7.4.2.tgz 0ms (cache hit)
4495 http cache terser@https://registry.npmjs.org/terser/-/terser-5.39.0.tgz 0ms (cache hit)
4496 http cache source-map-loader@https://registry.npmjs.org/source-map-loader/-/source-map-loader-5.0.0.tgz 0ms (cache hit)
4497 http cache sass-loader@https://registry.npmjs.org/sass-loader/-/sass-loader-16.0.5.tgz 0ms (cache hit)
4498 http cache sass@https://registry.npmjs.org/sass/-/sass-1.85.0.tgz 0ms (cache hit)
4499 http cache source-map@https://registry.npmjs.org/source-map/-/source-map-0.7.4.tgz 0ms (cache hit)
4500 http cache postcss-loader@https://registry.npmjs.org/postcss-loader/-/postcss-loader-8.1.1.tgz 0ms (cache hit)
4501 http cache postcss@https://registry.npmjs.org/postcss/-/postcss-8.5.12.tgz 0ms (cache hit)
4502 http cache piscina@https://registry.npmjs.org/piscina/-/piscina-4.8.0.tgz 0ms (cache hit)
4503 http cache loader-utils@https://registry.npmjs.org/loader-utils/-/loader-utils-3.3.1.tgz 0ms (cache hit)
4504 http cache less@https://registry.npmjs.org/less/-/less-4.2.2.tgz 0ms (cache hit)
4505 http cache less-loader@https://registry.npmjs.org/less-loader/-/less-loader-12.2.0.tgz 0ms (cache hit)
4506 http cache jsonc-parser@https://registry.npmjs.org/jsonc-parser/-/jsonc-parser-3.3.1.tgz 0ms (cache hit)
4507 http cache http-proxy-middleware@https://registry.npmjs.org/http-proxy-middleware/-/http-proxy-middleware-3.0.5.tgz 0ms (cache hit)
4508 http cache fast-glob@https://registry.npmjs.org/fast-glob/-/fast-glob-3.3.3.tgz 0ms (cache hit)
4509 http cache esbuild-wasm@https://registry.npmjs.org/esbuild-wasm/-/esbuild-wasm-0.28.0.tgz 0ms (cache hit)
4510 http cache esbuild@https://registry.npmjs.org/esbuild/-/esbuild-0.28.0.tgz 0ms (cache hit)
4511 http cache copy-webpack-plugin@https://registry.npmjs.org/copy-webpack-plugin/-/copy-webpack-plugin-12.0.2.tgz 0ms (cache hit)
4512 http cache css-loader@https://registry.npmjs.org/css-loader/-/css-loader-7.1.2.tgz 0ms (cache hit)
4513 http cache babel-loader@https://registry.npmjs.org/babel-loader/-/babel-loader-9.2.1.tgz 0ms (cache hit)
4514 http cache autoprefixer@https://registry.npmjs.org/autoprefixer/-/autoprefixer-10.4.20.tgz 0ms (cache hit)
4515 http cache @vitejs/plugin-basic-ssl@https://registry.npmjs.org/@vitejs/plugin-basic-ssl/-/plugin-basic-ssl-1.2.0.tgz 0ms (cache hit)
4516 http cache @discoveryjs/json-ext@https://registry.npmjs.org/@discoveryjs/json-ext/-/json-ext-0.6.3.tgz 0ms (cache hit)
4517 http cache @ngtools/webpack@https://registry.npmjs.org/@ngtools/webpack/-/webpack-19.2.27.tgz 0ms (cache hit)
4518 http cache @babel/runtime@https://registry.npmjs.org/@babel/runtime/-/runtime-7.26.10.tgz 0ms (cache hit)
4519 http cache @babel/plugin-transform-runtime@https://registry.npmjs.org/@babel/plugin-transform-runtime/-/plugin-transform-runtime-7.26.10.tgz 0ms (cache hit)
4520 http cache @babel/preset-env@https://registry.npmjs.org/@babel/preset-env/-/preset-env-7.26.9.tgz 1ms (cache hit)
4521 http cache @babel/plugin-transform-async-to-generator@https://registry.npmjs.org/@babel/plugin-transform-async-to-generator/-/plugin-transform-async-to-generator-7.25.9.tgz 0ms (cache hit)
4522 http cache @babel/plugin-transform-async-generator-functions@https://registry.npmjs.org/@babel/plugin-transform-async-generator-functions/-/plugin-transform-async-generator-functions-7.26.8.tgz 0ms (cache hit)
4523 http cache @babel/helper-annotate-as-pure@https://registry.npmjs.org/@babel/helper-annotate-as-pure/-/helper-annotate-as-pure-7.25.9.tgz 0ms (cache hit)
4524 http cache @babel/helper-split-export-declaration@https://registry.npmjs.org/@babel/helper-split-export-declaration/-/helper-split-export-declaration-7.24.7.tgz 0ms (cache hit)
4525 http cache @angular/build@https://registry.npmjs.org/@angular/build/-/build-19.2.27.tgz 0ms (cache hit)
4526 http cache @angular-devkit/core@https://registry.npmjs.org/@angular-devkit/core/-/core-19.2.27.tgz 0ms (cache hit)
4527 http cache @babel/generator@https://registry.npmjs.org/@babel/generator/-/generator-7.26.10.tgz 0ms (cache hit)
4528 http cache @angular-devkit/build-webpack@https://registry.npmjs.org/@angular-devkit/build-webpack/-/build-webpack-0.1902.27.tgz 1ms (cache hit)
4529 http cache @angular-devkit/architect@https://registry.npmjs.org/@angular-devkit/architect/-/architect-0.1902.27.tgz 0ms (cache hit)
4530 http cache @ampproject/remapping@https://registry.npmjs.org/@ampproject/remapping/-/remapping-2.3.0.tgz 0ms (cache hit)
4531 http cache typescript@https://registry.npmjs.org/typescript/-/typescript-5.5.4.tgz 0ms (cache hit)
4532 http cache zone.js@https://registry.npmjs.org/zone.js/-/zone.js-0.15.1.tgz 0ms (cache hit)
4533 http cache primeng@https://registry.npmjs.org/primeng/-/primeng-19.1.4.tgz 0ms (cache hit)
4534 http cache primeicons@https://registry.npmjs.org/primeicons/-/primeicons-7.0.0.tgz 0ms (cache hit)
4535 http cache jasmine-core@https://registry.npmjs.org/jasmine-core/-/jasmine-core-5.2.0.tgz 1ms (cache hit)
4536 http cache @primeng/themes@https://registry.npmjs.org/@primeng/themes/-/themes-19.1.4.tgz 0ms (cache hit)
4537 http cache @types/jasmine@https://registry.npmjs.org/@types/jasmine/-/jasmine-5.1.15.tgz 0ms (cache hit)
4538 http cache @angular/router@https://registry.npmjs.org/@angular/router/-/router-19.2.25.tgz 0ms (cache hit)
4539 http cache @angular/platform-browser-dynamic@https://registry.npmjs.org/@angular/platform-browser-dynamic/-/platform-browser-dynamic-19.2.25.tgz 0ms (cache hit)
4540 http cache @angular/forms@https://registry.npmjs.org/@angular/forms/-/forms-19.2.25.tgz 0ms (cache hit)
4541 http cache @angular/core@https://registry.npmjs.org/@angular/core/-/core-19.2.25.tgz 0ms (cache hit)
4542 http cache @angular/compiler-cli@https://registry.npmjs.org/@angular/compiler-cli/-/compiler-cli-19.2.25.tgz 0ms (cache hit)
4543 http cache @angular/compiler@https://registry.npmjs.org/@angular/compiler/-/compiler-19.2.25.tgz 0ms (cache hit)
4544 http cache @angular/common@https://registry.npmjs.org/@angular/common/-/common-19.2.25.tgz 0ms (cache hit)
4545 http cache open@https://registry.npmjs.org/open/-/open-10.1.0.tgz 0ms (cache hit)
4546 http cache mini-css-extract-plugin@https://registry.npmjs.org/mini-css-extract-plugin/-/mini-css-extract-plugin-2.9.2.tgz 0ms (cache hit)
4547 http cache @angular-devkit/build-angular@https://registry.npmjs.org/@angular-devkit/build-angular/-/build-angular-19.2.27.tgz 0ms (cache hit)
4548 http cache yargs-parser@https://registry.npmjs.org/yargs-parser/-/yargs-parser-21.1.1.tgz 0ms (cache hit)
4549 http cache yargs@https://registry.npmjs.org/yargs/-/yargs-17.7.2.tgz 0ms (cache hit)
4550 http cache yallist@https://registry.npmjs.org/yallist/-/yallist-3.1.1.tgz 3ms (cache hit)
4551 http cache y18n@https://registry.npmjs.org/y18n/-/y18n-5.0.8.tgz 0ms (cache hit)
4552 http cache wrappy@https://registry.npmjs.org/wrappy/-/wrappy-1.0.2.tgz 0ms (cache hit)
4553 http cache wrap-ansi@https://registry.npmjs.org/wrap-ansi/-/wrap-ansi-7.0.0.tgz 0ms (cache hit)
4554 http cache which@https://registry.npmjs.org/which/-/which-1.3.1.tgz 0ms (cache hit)
4555 http cache webpack-subresource-integrity@https://registry.npmjs.org/webpack-subresource-integrity/-/webpack-subresource-integrity-5.1.0.tgz 0ms (cache hit)
4556 http cache webpack-sources@https://registry.npmjs.org/webpack-sources/-/webpack-sources-3.3.3.tgz 0ms (cache hit)
4557 http cache wcwidth@https://registry.npmjs.org/wcwidth/-/wcwidth-1.0.1.tgz 0ms (cache hit)
4558 http cache void-elements@https://registry.npmjs.org/void-elements/-/void-elements-2.0.1.tgz 0ms (cache hit)
4559 http cache vary@https://registry.npmjs.org/vary/-/vary-1.1.2.tgz 0ms (cache hit)
4560 http cache utils-merge@https://registry.npmjs.org/utils-merge/-/utils-merge-1.0.1.tgz 0ms (cache hit)
4561 http cache util-deprecate@https://registry.npmjs.org/util-deprecate/-/util-deprecate-1.0.2.tgz 0ms (cache hit)
4562 http cache unpipe@https://registry.npmjs.org/unpipe/-/unpipe-1.0.0.tgz 0ms (cache hit)
4563 http cache universalify@https://registry.npmjs.org/universalify/-/universalify-0.1.2.tgz 0ms (cache hit)
4564 http cache @angular/cli@https://registry.npmjs.org/@angular/cli/-/cli-19.2.27.tgz 0ms (cache hit)
4565 http cache undici-types@https://registry.npmjs.org/undici-types/-/undici-types-7.16.0.tgz 0ms (cache hit)
4566 http cache typed-assert@https://registry.npmjs.org/typed-assert/-/typed-assert-1.0.9.tgz 0ms (cache hit)
4567 http cache type-is@https://registry.npmjs.org/type-is/-/type-is-1.6.18.tgz 0ms (cache hit)
4568 http cache tslib@https://registry.npmjs.org/tslib/-/tslib-2.8.1.tgz 0ms (cache hit)
4569 http cache ua-parser-js@https://registry.npmjs.org/ua-parser-js/-/ua-parser-js-0.7.41.tgz 0ms (cache hit)
4570 http cache tree-kill@https://registry.npmjs.org/tree-kill/-/tree-kill-1.2.2.tgz 0ms (cache hit)
4571 http cache toidentifier@https://registry.npmjs.org/toidentifier/-/toidentifier-1.0.1.tgz 0ms (cache hit)
4572 http cache to-regex-range@https://registry.npmjs.org/to-regex-range/-/to-regex-range-5.0.1.tgz 0ms (cache hit)
4573 http cache symbol-observable@https://registry.npmjs.org/symbol-observable/-/symbol-observable-4.0.0.tgz 0ms (cache hit)
4574 http cache supports-color@https://registry.npmjs.org/supports-color/-/supports-color-7.2.0.tgz 0ms (cache hit)
4575 http cache strip-ansi@https://registry.npmjs.org/strip-ansi/-/strip-ansi-6.0.1.tgz 0ms (cache hit)
4576 http cache string_decoder@https://registry.npmjs.org/string_decoder/-/string_decoder-1.3.0.tgz 0ms (cache hit)
4577 http cache string-width@https://registry.npmjs.org/string-width/-/string-width-4.2.3.tgz 0ms (cache hit)
4578 http cache streamroller@https://registry.npmjs.org/streamroller/-/streamroller-3.1.5.tgz 1ms (cache hit)
4579 http cache statuses@https://registry.npmjs.org/statuses/-/statuses-1.5.0.tgz 0ms (cache hit)
4580 http cache source-map-support@https://registry.npmjs.org/source-map-support/-/source-map-support-0.5.21.tgz 0ms (cache hit)
4581 http cache source-map-js@https://registry.npmjs.org/source-map-js/-/source-map-js-1.2.1.tgz 0ms (cache hit)
4582 http cache socket.io-parser@https://registry.npmjs.org/socket.io-parser/-/socket.io-parser-4.2.4.tgz 0ms (cache hit)
4583 http cache socket.io-adapter@https://registry.npmjs.org/socket.io-adapter/-/socket.io-adapter-2.5.5.tgz 3ms (cache hit)
4584 http cache socket.io@https://registry.npmjs.org/socket.io/-/socket.io-4.8.1.tgz 0ms (cache hit)
4585 http cache setprototypeof@https://registry.npmjs.org/setprototypeof/-/setprototypeof-1.2.0.tgz 0ms (cache hit)
4586 http cache safer-buffer@https://registry.npmjs.org/safer-buffer/-/safer-buffer-2.1.2.tgz 1ms (cache hit)
4587 http cache semver@https://registry.npmjs.org/semver/-/semver-7.5.4.tgz 0ms (cache hit)
4588 http cache safe-regex-test@https://registry.npmjs.org/safe-regex-test/-/safe-regex-test-1.1.0.tgz 1ms (cache hit)
4589 http cache signal-exit@https://registry.npmjs.org/signal-exit/-/signal-exit-3.0.7.tgz 0ms (cache hit)
4590 http cache safe-buffer@https://registry.npmjs.org/safe-buffer/-/safe-buffer-5.2.1.tgz 0ms (cache hit)
4591 http cache rimraf@https://registry.npmjs.org/rimraf/-/rimraf-3.0.2.tgz 0ms (cache hit)
4592 http cache restore-cursor@https://registry.npmjs.org/restore-cursor/-/restore-cursor-3.1.0.tgz 0ms (cache hit)
4593 http cache rfdc@https://registry.npmjs.org/rfdc/-/rfdc-1.4.1.tgz 0ms (cache hit)
4594 http cache resolve-url-loader@https://registry.npmjs.org/resolve-url-loader/-/resolve-url-loader-5.0.0.tgz 0ms (cache hit)
4595 http cache requires-port@https://registry.npmjs.org/requires-port/-/requires-port-1.0.0.tgz 0ms (cache hit)
4596 http cache regex-parser@https://registry.npmjs.org/regex-parser/-/regex-parser-2.3.1.tgz 0ms (cache hit)
4597 http cache rxjs@https://registry.npmjs.org/rxjs/-/rxjs-7.8.2.tgz 0ms (cache hit)
4598 http cache require-directory@https://registry.npmjs.org/require-directory/-/require-directory-2.1.1.tgz 0ms (cache hit)
4599 http cache readdirp@https://registry.npmjs.org/readdirp/-/readdirp-3.6.0.tgz 0ms (cache hit)
4600 http cache readable-stream@https://registry.npmjs.org/readable-stream/-/readable-stream-3.6.2.tgz 0ms (cache hit)
4601 http cache qjobs@https://registry.npmjs.org/qjobs/-/qjobs-1.2.0.tgz 0ms (cache hit)
4602 http cache range-parser@https://registry.npmjs.org/range-parser/-/range-parser-1.2.1.tgz 0ms (cache hit)
4603 http cache punycode@https://registry.npmjs.org/punycode/-/punycode-1.4.1.tgz 0ms (cache hit)
4604 http cache picomatch@https://registry.npmjs.org/picomatch/-/picomatch-2.3.1.tgz 0ms (cache hit)
4605 http cache picocolors@https://registry.npmjs.org/picocolors/-/picocolors-1.1.1.tgz 0ms (cache hit)
4606 http cache primeflex@https://registry.npmjs.org/primeflex/-/primeflex-3.3.1.tgz 0ms (cache hit)
4607 http cache path-is-absolute@https://registry.npmjs.org/path-is-absolute/-/path-is-absolute-1.0.1.tgz 0ms (cache hit)
4608 http cache parse5@https://registry.npmjs.org/parse5/-/parse5-7.3.0.tgz 0ms (cache hit)
4609 http cache @babel/plugin-transform-classes@https://registry.npmjs.org/@babel/plugin-transform-classes/-/plugin-transform-classes-7.29.7.tgz 0ms (cache hit)
4610 http cache parseurl@https://registry.npmjs.org/parseurl/-/parseurl-1.3.3.tgz 1ms (cache hit)
4611 http cache ora@https://registry.npmjs.org/ora/-/ora-5.4.1.tgz 0ms (cache hit)
4612 http cache onetime@https://registry.npmjs.org/onetime/-/onetime-5.1.2.tgz 1ms (cache hit)
4613 http cache on-finished@https://registry.npmjs.org/on-finished/-/on-finished-2.4.1.tgz 0ms (cache hit)
4614 http cache once@https://registry.npmjs.org/once/-/once-1.4.0.tgz 1ms (cache hit)
4615 http cache object-assign@https://registry.npmjs.org/object-assign/-/object-assign-4.1.1.tgz 0ms (cache hit)
4616 http cache normalize-path@https://registry.npmjs.org/normalize-path/-/normalize-path-3.0.0.tgz 0ms (cache hit)
4617 http cache nanoid@https://registry.npmjs.org/nanoid/-/nanoid-3.3.11.tgz 0ms (cache hit)
4618 http cache ms@https://registry.npmjs.org/ms/-/ms-2.1.3.tgz 0ms (cache hit)
4619 http cache mkdirp@https://registry.npmjs.org/mkdirp/-/mkdirp-0.5.6.tgz 1ms (cache hit)
4620 http cache minimist@https://registry.npmjs.org/minimist/-/minimist-1.2.8.tgz 0ms (cache hit)
4621 http cache minimatch@https://registry.npmjs.org/minimatch/-/minimatch-3.1.2.tgz 0ms (cache hit)
4622 http cache mime-db@https://registry.npmjs.org/mime-db/-/mime-db-1.52.0.tgz 0ms (cache hit)
4623 http cache mimic-fn@https://registry.npmjs.org/mimic-fn/-/mimic-fn-2.1.0.tgz 0ms (cache hit)
4624 http cache mime-types@https://registry.npmjs.org/mime-types/-/mime-types-2.1.35.tgz 0ms (cache hit)
4625 http cache media-typer@https://registry.npmjs.org/media-typer/-/media-typer-0.3.0.tgz 0ms (cache hit)
4626 http cache mime@https://registry.npmjs.org/mime/-/mime-2.6.0.tgz 0ms (cache hit)
4627 http cache make-dir@https://registry.npmjs.org/make-dir/-/make-dir-4.0.0.tgz 1ms (cache hit)
4628 http cache math-intrinsics@https://registry.npmjs.org/math-intrinsics/-/math-intrinsics-1.1.0.tgz 0ms (cache hit)
4629 http cache lru-cache@https://registry.npmjs.org/lru-cache/-/lru-cache-5.1.1.tgz 0ms (cache hit)
4630 http cache log-symbols@https://registry.npmjs.org/log-symbols/-/log-symbols-4.1.0.tgz 0ms (cache hit)
4631 http cache lodash@https://registry.npmjs.org/lodash/-/lodash-4.17.21.tgz 0ms (cache hit)
4632 http cache log4js@https://registry.npmjs.org/log4js/-/log4js-6.9.1.tgz 0ms (cache hit)
4633 http cache karma-source-map-support@https://registry.npmjs.org/karma-source-map-support/-/karma-source-map-support-1.4.0.tgz 0ms (cache hit)
4634 http cache license-webpack-plugin@https://registry.npmjs.org/license-webpack-plugin/-/license-webpack-plugin-4.0.2.tgz 0ms (cache hit)
4635 http cache karma-jasmine-html-reporter@https://registry.npmjs.org/karma-jasmine-html-reporter/-/karma-jasmine-html-reporter-2.1.0.tgz 0ms (cache hit)
4636 http cache karma-coverage@https://registry.npmjs.org/karma-coverage/-/karma-coverage-2.2.1.tgz 0ms (cache hit)
4637 http cache karma-chrome-launcher@https://registry.npmjs.org/karma-chrome-launcher/-/karma-chrome-launcher-3.2.0.tgz 0ms (cache hit)
4638 http cache karma@https://registry.npmjs.org/karma/-/karma-6.4.4.tgz 0ms (cache hit)
4639 http cache karma-jasmine@https://registry.npmjs.org/karma-jasmine/-/karma-jasmine-5.1.0.tgz 0ms (cache hit)
4640 http cache js-tokens@https://registry.npmjs.org/js-tokens/-/js-tokens-4.0.0.tgz 0ms (cache hit)
4641 http cache istanbul-lib-source-maps@https://registry.npmjs.org/istanbul-lib-source-maps/-/istanbul-lib-source-maps-4.0.1.tgz 0ms (cache hit)
4642 http cache jsonfile@https://registry.npmjs.org/jsonfile/-/jsonfile-4.0.0.tgz 0ms (cache hit)
4643 http cache istanbul-reports@https://registry.npmjs.org/istanbul-reports/-/istanbul-reports-3.2.0.tgz 0ms (cache hit)
4644 http cache istanbul-lib-report@https://registry.npmjs.org/istanbul-lib-report/-/istanbul-lib-report-3.0.1.tgz 0ms (cache hit)
4645 http cache istanbul-lib-coverage@https://registry.npmjs.org/istanbul-lib-coverage/-/istanbul-lib-coverage-3.2.2.tgz 0ms (cache hit)
4646 http cache isexe@https://registry.npmjs.org/isexe/-/isexe-2.0.0.tgz 0ms (cache hit)
4647 http cache istanbul-lib-instrument@https://registry.npmjs.org/istanbul-lib-instrument/-/istanbul-lib-instrument-5.2.1.tgz 0ms (cache hit)
4648 http cache isbinaryfile@https://registry.npmjs.org/isbinaryfile/-/isbinaryfile-4.0.10.tgz 0ms (cache hit)
4649 http cache is-unicode-supported@https://registry.npmjs.org/is-unicode-supported/-/is-unicode-supported-0.1.0.tgz 0ms (cache hit)
4650 http cache json5@https://registry.npmjs.org/json5/-/json5-2.2.3.tgz 1ms (cache hit)
4651 http cache is-regex@https://registry.npmjs.org/is-regex/-/is-regex-1.2.1.tgz 0ms (cache hit)
4652 http cache is-number@https://registry.npmjs.org/is-number/-/is-number-7.0.0.tgz 0ms (cache hit)
4653 http cache is-interactive@https://registry.npmjs.org/is-interactive/-/is-interactive-1.0.0.tgz 0ms (cache hit)
4654 http cache is-glob@https://registry.npmjs.org/is-glob/-/is-glob-4.0.3.tgz 0ms (cache hit)
4655 http cache is-extglob@https://registry.npmjs.org/is-extglob/-/is-extglob-2.1.1.tgz 1ms (cache hit)
4656 http cache @angular/platform-browser@https://registry.npmjs.org/@angular/platform-browser/-/platform-browser-19.2.25.tgz 0ms (cache hit)
4657 http cache is-fullwidth-code-point@https://registry.npmjs.org/is-fullwidth-code-point/-/is-fullwidth-code-point-3.0.0.tgz 0ms (cache hit)
4658 http cache is-binary-path@https://registry.npmjs.org/is-binary-path/-/is-binary-path-2.1.0.tgz 0ms (cache hit)
4659 http cache http-proxy@https://registry.npmjs.org/http-proxy/-/http-proxy-1.18.1.tgz 0ms (cache hit)
4660 http cache inflight@https://registry.npmjs.org/inflight/-/inflight-1.0.6.tgz 0ms (cache hit)
4661 http cache http-errors@https://registry.npmjs.org/http-errors/-/http-errors-2.0.0.tgz 1ms (cache hit)
4662 http cache ieee754@https://registry.npmjs.org/ieee754/-/ieee754-1.2.1.tgz 0ms (cache hit)
4663 http cache html-escaper@https://registry.npmjs.org/html-escaper/-/html-escaper-2.0.2.tgz 0ms (cache hit)
4664 http cache has-tostringtag@https://registry.npmjs.org/has-tostringtag/-/has-tostringtag-1.0.2.tgz 0ms (cache hit)
4665 http cache has-flag@https://registry.npmjs.org/has-flag/-/has-flag-4.0.0.tgz 0ms (cache hit)
4666 http cache has-symbols@https://registry.npmjs.org/has-symbols/-/has-symbols-1.1.0.tgz 0ms (cache hit)
4667 http cache gopd@https://registry.npmjs.org/gopd/-/gopd-1.2.0.tgz 0ms (cache hit)
4668 http cache graceful-fs@https://registry.npmjs.org/graceful-fs/-/graceful-fs-4.2.11.tgz 0ms (cache hit)
4669 http cache glob-parent@https://registry.npmjs.org/glob-parent/-/glob-parent-5.1.2.tgz 0ms (cache hit)
4670 http cache get-proto@https://registry.npmjs.org/get-proto/-/get-proto-1.0.1.tgz 0ms (cache hit)
4671 http cache get-intrinsic@https://registry.npmjs.org/get-intrinsic/-/get-intrinsic-1.3.0.tgz 0ms (cache hit)
4672 http cache get-caller-file@https://registry.npmjs.org/get-caller-file/-/get-caller-file-2.0.5.tgz 0ms (cache hit)
4673 http cache function-bind@https://registry.npmjs.org/function-bind/-/function-bind-1.1.2.tgz 0ms (cache hit)
4674 http cache fs-extra@https://registry.npmjs.org/fs-extra/-/fs-extra-8.1.0.tgz 0ms (cache hit)
4675 http cache fs.realpath@https://registry.npmjs.org/fs.realpath/-/fs.realpath-1.0.0.tgz 0ms (cache hit)
4676 http cache glob@https://registry.npmjs.org/glob/-/glob-7.2.3.tgz 0ms (cache hit)
4677 http cache follow-redirects@https://registry.npmjs.org/follow-redirects/-/follow-redirects-1.15.11.tgz 0ms (cache hit)
4678 http cache gensync@https://registry.npmjs.org/gensync/-/gensync-1.0.0-beta.2.tgz 1ms (cache hit)
4679 http cache fill-range@https://registry.npmjs.org/fill-range/-/fill-range-7.1.1.tgz 0ms (cache hit)
4680 http cache extend@https://registry.npmjs.org/extend/-/extend-3.0.2.tgz 0ms (cache hit)
4681 http cache flatted@https://registry.npmjs.org/flatted/-/flatted-3.3.3.tgz 1ms (cache hit)
4682 http cache finalhandler@https://registry.npmjs.org/finalhandler/-/finalhandler-1.1.2.tgz 0ms (cache hit)
4683 http cache eventemitter3@https://registry.npmjs.org/eventemitter3/-/eventemitter3-4.0.7.tgz 0ms (cache hit)
4684 http cache escape-html@https://registry.npmjs.org/escape-html/-/escape-html-1.0.3.tgz 0ms (cache hit)
4685 http cache escalade@https://registry.npmjs.org/escalade/-/escalade-3.2.0.tgz 0ms (cache hit)
4686 http cache es-object-atoms@https://registry.npmjs.org/es-object-atoms/-/es-object-atoms-1.1.1.tgz 0ms (cache hit)
4687 http cache es-errors@https://registry.npmjs.org/es-errors/-/es-errors-1.3.0.tgz 0ms (cache hit)
4688 http cache es-define-property@https://registry.npmjs.org/es-define-property/-/es-define-property-1.0.1.tgz 0ms (cache hit)
4689 http cache ent@https://registry.npmjs.org/ent/-/ent-2.2.2.tgz 0ms (cache hit)
4690 http cache engine.io-parser@https://registry.npmjs.org/engine.io-parser/-/engine.io-parser-5.2.3.tgz 0ms (cache hit)
4691 http cache engine.io@https://registry.npmjs.org/engine.io/-/engine.io-6.6.4.tgz 0ms (cache hit)
4692 http cache encodeurl@https://registry.npmjs.org/encodeurl/-/encodeurl-1.0.2.tgz 0ms (cache hit)
4693 http cache emojis-list@https://registry.npmjs.org/emojis-list/-/emojis-list-3.0.0.tgz 0ms (cache hit)
4694 http cache inherits@https://registry.npmjs.org/inherits/-/inherits-2.0.4.tgz 0ms (cache hit)
4695 http cache emoji-regex@https://registry.npmjs.org/emoji-regex/-/emoji-regex-8.0.0.tgz 0ms (cache hit)
4696 http cache ee-first@https://registry.npmjs.org/ee-first/-/ee-first-1.1.1.tgz 0ms (cache hit)
4697 http cache dunder-proto@https://registry.npmjs.org/dunder-proto/-/dunder-proto-1.0.1.tgz 0ms (cache hit)
4698 http cache dom-serialize@https://registry.npmjs.org/dom-serialize/-/dom-serialize-2.2.1.tgz 0ms (cache hit)
4699 http cache di@https://registry.npmjs.org/di/-/di-0.0.1.tgz 0ms (cache hit)
4700 http cache defaults@https://registry.npmjs.org/defaults/-/defaults-1.0.4.tgz 0ms (cache hit)
4701 http cache depd@https://registry.npmjs.org/depd/-/depd-2.0.0.tgz 0ms (cache hit)
4702 http cache debug@https://registry.npmjs.org/debug/-/debug-4.4.3.tgz 0ms (cache hit)
4703 http cache cors@https://registry.npmjs.org/cors/-/cors-2.8.5.tgz 0ms (cache hit)
4704 http cache date-format@https://registry.npmjs.org/date-format/-/date-format-4.0.14.tgz 0ms (cache hit)
4705 http cache destroy@https://registry.npmjs.org/destroy/-/destroy-1.2.0.tgz 0ms (cache hit)
4706 http cache connect@https://registry.npmjs.org/connect/-/connect-3.7.0.tgz 0ms (cache hit)
4707 http cache custom-event@https://registry.npmjs.org/custom-event/-/custom-event-1.0.1.tgz 0ms (cache hit)
4708 http cache cookie@https://registry.npmjs.org/cookie/-/cookie-0.7.2.tgz 1ms (cache hit)
4709 http cache convert-source-map@https://registry.npmjs.org/convert-source-map/-/convert-source-map-1.9.0.tgz 0ms (cache hit)
4710 http cache content-type@https://registry.npmjs.org/content-type/-/content-type-1.0.5.tgz 0ms (cache hit)
4711 http cache color-name@https://registry.npmjs.org/color-name/-/color-name-1.1.4.tgz 0ms (cache hit)
4712 http cache concat-map@https://registry.npmjs.org/concat-map/-/concat-map-0.0.1.tgz 0ms (cache hit)
4713 http cache color-convert@https://registry.npmjs.org/color-convert/-/color-convert-2.0.1.tgz 0ms (cache hit)
4714 http cache cliui@https://registry.npmjs.org/cliui/-/cliui-8.0.1.tgz 0ms (cache hit)
4715 http cache cli-spinners@https://registry.npmjs.org/cli-spinners/-/cli-spinners-2.9.2.tgz 0ms (cache hit)
4716 http cache chalk@https://registry.npmjs.org/chalk/-/chalk-4.1.2.tgz 0ms (cache hit)
4717 http cache cli-cursor@https://registry.npmjs.org/cli-cursor/-/cli-cursor-3.1.0.tgz 0ms (cache hit)
4718 http cache call-bound@https://registry.npmjs.org/call-bound/-/call-bound-1.0.4.tgz 0ms (cache hit)
4719 http cache call-bind-apply-helpers@https://registry.npmjs.org/call-bind-apply-helpers/-/call-bind-apply-helpers-1.0.2.tgz 0ms (cache hit)
4720 http cache bytes@https://registry.npmjs.org/bytes/-/bytes-3.1.2.tgz 0ms (cache hit)
4721 http cache buffer@https://registry.npmjs.org/buffer/-/buffer-5.7.1.tgz 0ms (cache hit)
4722 http cache buffer-from@https://registry.npmjs.org/buffer-from/-/buffer-from-1.1.2.tgz 0ms (cache hit)
4723 http cache brace-expansion@https://registry.npmjs.org/brace-expansion/-/brace-expansion-1.1.12.tgz 1ms (cache hit)
4724 http cache braces@https://registry.npmjs.org/braces/-/braces-3.0.3.tgz 0ms (cache hit)
4725 http cache bl@https://registry.npmjs.org/bl/-/bl-4.1.0.tgz 0ms (cache hit)
4726 http cache binary-extensions@https://registry.npmjs.org/binary-extensions/-/binary-extensions-2.3.0.tgz 0ms (cache hit)
4727 http cache big.js@https://registry.npmjs.org/big.js/-/big.js-5.2.2.tgz 0ms (cache hit)
4728 http cache base64id@https://registry.npmjs.org/base64id/-/base64id-2.0.0.tgz 1ms (cache hit)
4729 http cache anymatch@https://registry.npmjs.org/anymatch/-/anymatch-3.1.3.tgz 1ms (cache hit)
4730 http cache base64-js@https://registry.npmjs.org/base64-js/-/base64-js-1.5.1.tgz 0ms (cache hit)
4731 http cache ansi-styles@https://registry.npmjs.org/ansi-styles/-/ansi-styles-4.3.0.tgz 0ms (cache hit)
4732 http cache balanced-match@https://registry.npmjs.org/balanced-match/-/balanced-match-1.0.2.tgz 0ms (cache hit)
4733 http cache adjust-sourcemap-loader@https://registry.npmjs.org/adjust-sourcemap-loader/-/adjust-sourcemap-loader-4.0.0.tgz 1ms (cache hit)
4734 http cache ansi-regex@https://registry.npmjs.org/ansi-regex/-/ansi-regex-5.0.1.tgz 0ms (cache hit)
4735 http cache ansi-colors@https://registry.npmjs.org/ansi-colors/-/ansi-colors-4.1.3.tgz 0ms (cache hit)
4736 http cache @yarnpkg/lockfile@https://registry.npmjs.org/@yarnpkg/lockfile/-/lockfile-1.1.0.tgz 1ms (cache hit)
4737 http cache accepts@https://registry.npmjs.org/accepts/-/accepts-1.3.8.tgz 0ms (cache hit)
4738 http cache @socket.io/component-emitter@https://registry.npmjs.org/@socket.io/component-emitter/-/component-emitter-3.1.2.tgz 0ms (cache hit)
4739 http cache @types/node@https://registry.npmjs.org/@types/node/-/node-24.10.0.tgz 0ms (cache hit)
4740 http cache @jridgewell/trace-mapping@https://registry.npmjs.org/@jridgewell/trace-mapping/-/trace-mapping-0.3.31.tgz 0ms (cache hit)
4741 http cache @jridgewell/sourcemap-codec@https://registry.npmjs.org/@jridgewell/sourcemap-codec/-/sourcemap-codec-1.5.5.tgz 0ms (cache hit)
4742 http cache @jridgewell/gen-mapping@https://registry.npmjs.org/@jridgewell/gen-mapping/-/gen-mapping-0.3.13.tgz 0ms (cache hit)
4743 http cache @jridgewell/resolve-uri@https://registry.npmjs.org/@jridgewell/resolve-uri/-/resolve-uri-3.1.2.tgz 0ms (cache hit)
4744 http cache @istanbuljs/schema@https://registry.npmjs.org/@istanbuljs/schema/-/schema-0.1.3.tgz 0ms (cache hit)
4745 http cache @colors/colors@https://registry.npmjs.org/@colors/colors/-/colors-1.5.0.tgz 0ms (cache hit)
4746 http cache @types/cors@https://registry.npmjs.org/@types/cors/-/cors-2.8.19.tgz 0ms (cache hit)
4747 http cache @babel/helpers@https://registry.npmjs.org/@babel/helpers/-/helpers-7.28.4.tgz 0ms (cache hit)
4748 http cache ansi-styles@https://registry.npmjs.org/ansi-styles/-/ansi-styles-6.2.3.tgz 0ms (cache hit)
4749 http cache emoji-regex@https://registry.npmjs.org/emoji-regex/-/emoji-regex-9.2.2.tgz 0ms (cache hit)
4750 http cache ansi-regex@https://registry.npmjs.org/ansi-regex/-/ansi-regex-6.2.2.tgz 0ms (cache hit)
4751 http cache wrap-ansi@https://registry.npmjs.org/wrap-ansi/-/wrap-ansi-8.1.0.tgz 0ms (cache hit)
4752 http cache strip-ansi@https://registry.npmjs.org/strip-ansi/-/strip-ansi-7.2.0.tgz 1ms (cache hit)
4753 http cache string-width@https://registry.npmjs.org/string-width/-/string-width-5.1.2.tgz 0ms (cache hit)
4754 http cache which@https://registry.npmjs.org/which/-/which-2.0.2.tgz 0ms (cache hit)
4755 http cache signal-exit@https://registry.npmjs.org/signal-exit/-/signal-exit-4.1.0.tgz 0ms (cache hit)
4756 http cache is-plain-object@https://registry.npmjs.org/is-plain-object/-/is-plain-object-2.0.4.tgz 0ms (cache hit)
4757 http cache lru-cache@https://registry.npmjs.org/lru-cache/-/lru-cache-10.4.3.tgz 0ms (cache hit)
4758 http cache safe-buffer@https://registry.npmjs.org/safe-buffer/-/safe-buffer-5.1.2.tgz 0ms (cache hit)
4759 http cache string_decoder@https://registry.npmjs.org/string_decoder/-/string_decoder-1.1.1.tgz 0ms (cache hit)
4760 http cache readable-stream@https://registry.npmjs.org/readable-stream/-/readable-stream-2.3.8.tgz 0ms (cache hit)
4761 http cache statuses@https://registry.npmjs.org/statuses/-/statuses-2.0.2.tgz 0ms (cache hit)
4762 http cache http-errors@https://registry.npmjs.org/http-errors/-/http-errors-2.0.1.tgz 0ms (cache hit)
4763 http cache encodeurl@https://registry.npmjs.org/encodeurl/-/encodeurl-2.0.0.tgz 0ms (cache hit)
4764 http cache mime@https://registry.npmjs.org/mime/-/mime-1.6.0.tgz 1ms (cache hit)
4765 http cache http-errors@https://registry.npmjs.org/http-errors/-/http-errors-2.0.1.tgz 0ms (cache hit)
4766 http cache statuses@https://registry.npmjs.org/statuses/-/statuses-2.0.2.tgz 0ms (cache hit)
4767 http cache encodeurl@https://registry.npmjs.org/encodeurl/-/encodeurl-2.0.0.tgz 0ms (cache hit)
4768 http cache debug@https://registry.npmjs.org/debug/-/debug-2.6.9.tgz 0ms (cache hit)
4769 http cache ms@https://registry.npmjs.org/ms/-/ms-2.0.0.tgz 0ms (cache hit)
4770 http cache ipaddr.js@https://registry.npmjs.org/ipaddr.js/-/ipaddr.js-1.9.1.tgz 0ms (cache hit)
4771 http cache statuses@https://registry.npmjs.org/statuses/-/statuses-2.0.2.tgz 0ms (cache hit)
4772 http cache http-errors@https://registry.npmjs.org/http-errors/-/http-errors-2.0.1.tgz 0ms (cache hit)
4773 http cache ms@https://registry.npmjs.org/ms/-/ms-2.0.0.tgz 0ms (cache hit)
4774 http cache debug@https://registry.npmjs.org/debug/-/debug-2.6.9.tgz 0ms (cache hit)
4775 http cache depd@https://registry.npmjs.org/depd/-/depd-1.1.2.tgz 0ms (cache hit)
4776 http cache ms@https://registry.npmjs.org/ms/-/ms-2.0.0.tgz 0ms (cache hit)
4777 http cache http-errors@https://registry.npmjs.org/http-errors/-/http-errors-1.8.1.tgz 0ms (cache hit)
4778 http cache debug@https://registry.npmjs.org/debug/-/debug-2.6.9.tgz 0ms (cache hit)
4779 http cache retry@https://registry.npmjs.org/retry/-/retry-0.13.1.tgz 0ms (cache hit)
4780 http cache statuses@https://registry.npmjs.org/statuses/-/statuses-2.0.2.tgz 0ms (cache hit)
4781 http cache finalhandler@https://registry.npmjs.org/finalhandler/-/finalhandler-1.3.2.tgz 1ms (cache hit)
4782 http cache negotiator@https://registry.npmjs.org/negotiator/-/negotiator-0.6.4.tgz 0ms (cache hit)
4783 http cache ms@https://registry.npmjs.org/ms/-/ms-2.0.0.tgz 0ms (cache hit)
4784 http cache debug@https://registry.npmjs.org/debug/-/debug-2.6.9.tgz 0ms (cache hit)
4785 http cache encodeurl@https://registry.npmjs.org/encodeurl/-/encodeurl-2.0.0.tgz 0ms (cache hit)
4786 http cache @types/send@https://registry.npmjs.org/@types/send/-/send-0.17.6.tgz 0ms (cache hit)
4787 http cache @jsonjoy.com/buffers@https://registry.npmjs.org/@jsonjoy.com/buffers/-/buffers-1.2.1.tgz 0ms (cache hit)
4788 http cache debug@https://registry.npmjs.org/debug/-/debug-2.6.9.tgz 0ms (cache hit)
4789 http cache @jsonjoy.com/buffers@https://registry.npmjs.org/@jsonjoy.com/buffers/-/buffers-1.2.1.tgz 0ms (cache hit)
4790 http cache @jsonjoy.com/codegen@https://registry.npmjs.org/@jsonjoy.com/codegen/-/codegen-17.67.0.tgz 0ms (cache hit)
4791 http cache @jsonjoy.com/json-pointer@https://registry.npmjs.org/@jsonjoy.com/json-pointer/-/json-pointer-17.67.0.tgz 0ms (cache hit)
4792 http cache ms@https://registry.npmjs.org/ms/-/ms-2.0.0.tgz 0ms (cache hit)
4793 http cache @jsonjoy.com/base64@https://registry.npmjs.org/@jsonjoy.com/base64/-/base64-17.67.0.tgz 0ms (cache hit)
4794 http cache @jsonjoy.com/util@https://registry.npmjs.org/@jsonjoy.com/util/-/util-17.67.0.tgz 1ms (cache hit)
4795 http cache supports-color@https://registry.npmjs.org/supports-color/-/supports-color-8.1.1.tgz 0ms (cache hit)
4796 http cache @jsonjoy.com/json-pack@https://registry.npmjs.org/@jsonjoy.com/json-pack/-/json-pack-17.67.0.tgz 0ms (cache hit)
4797 http cache estraverse@https://registry.npmjs.org/estraverse/-/estraverse-5.3.0.tgz 0ms (cache hit)
4798 http cache brace-expansion@https://registry.npmjs.org/brace-expansion/-/brace-expansion-2.1.1.tgz 0ms (cache hit)
4799 http cache minimatch@https://registry.npmjs.org/minimatch/-/minimatch-9.0.9.tgz 0ms (cache hit)
4800 http cache picomatch@https://registry.npmjs.org/picomatch/-/picomatch-4.0.4.tgz 0ms (cache hit)
4801 http cache json-parse-even-better-errors@https://registry.npmjs.org/json-parse-even-better-errors/-/json-parse-even-better-errors-2.3.1.tgz 0ms (cache hit)
4802 http cache brace-expansion@https://registry.npmjs.org/brace-expansion/-/brace-expansion-2.1.1.tgz 0ms (cache hit)
4803 http cache node-addon-api@https://registry.npmjs.org/node-addon-api/-/node-addon-api-7.1.1.tgz 0ms (cache hit)
4804 http cache minimatch@https://registry.npmjs.org/minimatch/-/minimatch-9.0.9.tgz 0ms (cache hit)
4805 http cache minipass@https://registry.npmjs.org/minipass/-/minipass-3.3.6.tgz 0ms (cache hit)
4806 http cache iconv-lite@https://registry.npmjs.org/iconv-lite/-/iconv-lite-0.6.3.tgz 0ms (cache hit)
4807 http cache picomatch@https://registry.npmjs.org/picomatch/-/picomatch-4.0.4.tgz 0ms (cache hit)
4808 http cache yallist@https://registry.npmjs.org/yallist/-/yallist-4.0.0.tgz 0ms (cache hit)
4809 http cache yallist@https://registry.npmjs.org/yallist/-/yallist-4.0.0.tgz 0ms (cache hit)
4810 http cache minipass@https://registry.npmjs.org/minipass/-/minipass-3.3.6.tgz 0ms (cache hit)
4811 http cache yallist@https://registry.npmjs.org/yallist/-/yallist-4.0.0.tgz 0ms (cache hit)
4812 http cache minipass@https://registry.npmjs.org/minipass/-/minipass-3.3.6.tgz 0ms (cache hit)
4813 http cache isexe@https://registry.npmjs.org/isexe/-/isexe-3.1.5.tgz 0ms (cache hit)
4814 http cache yallist@https://registry.npmjs.org/yallist/-/yallist-5.0.0.tgz 0ms (cache hit)
4815 http cache chownr@https://registry.npmjs.org/chownr/-/chownr-3.0.0.tgz 0ms (cache hit)
4816 http cache tar@https://registry.npmjs.org/tar/-/tar-7.5.16.tgz 0ms (cache hit)
4817 http cache lru-cache@https://registry.npmjs.org/lru-cache/-/lru-cache-10.4.3.tgz 0ms (cache hit)
4818 http cache which@https://registry.npmjs.org/which/-/which-5.0.0.tgz 0ms (cache hit)
4819 http cache yallist@https://registry.npmjs.org/yallist/-/yallist-4.0.0.tgz 0ms (cache hit)
4820 http cache mkdirp@https://registry.npmjs.org/mkdirp/-/mkdirp-1.0.4.tgz 0ms (cache hit)
4821 http cache minizlib@https://registry.npmjs.org/minizlib/-/minizlib-2.1.2.tgz 0ms (cache hit)
4822 http cache minipass@https://registry.npmjs.org/minipass/-/minipass-3.3.6.tgz 0ms (cache hit)
4823 http cache fs-minipass@https://registry.npmjs.org/fs-minipass/-/fs-minipass-2.1.0.tgz 0ms (cache hit)
4824 http cache minipass@https://registry.npmjs.org/minipass/-/minipass-5.0.0.tgz 0ms (cache hit)
4825 http cache minipass@https://registry.npmjs.org/minipass/-/minipass-3.3.6.tgz 0ms (cache hit)
4826 http cache chownr@https://registry.npmjs.org/chownr/-/chownr-3.0.0.tgz 0ms (cache hit)
4827 http cache yallist@https://registry.npmjs.org/yallist/-/yallist-5.0.0.tgz 0ms (cache hit)
4828 http cache brace-expansion@https://registry.npmjs.org/brace-expansion/-/brace-expansion-2.1.1.tgz 0ms (cache hit)
4829 http cache minimatch@https://registry.npmjs.org/minimatch/-/minimatch-9.0.9.tgz 0ms (cache hit)
4830 http cache tar@https://registry.npmjs.org/tar/-/tar-7.5.16.tgz 0ms (cache hit)
4831 http cache lru-cache@https://registry.npmjs.org/lru-cache/-/lru-cache-10.4.3.tgz 0ms (cache hit)
4832 http cache glob@https://registry.npmjs.org/glob/-/glob-10.5.0.tgz 0ms (cache hit)
4833 http cache isexe@https://registry.npmjs.org/isexe/-/isexe-3.1.5.tgz 0ms (cache hit)
4834 http cache which@https://registry.npmjs.org/which/-/which-5.0.0.tgz 0ms (cache hit)
4835 http cache isexe@https://registry.npmjs.org/isexe/-/isexe-3.1.5.tgz 0ms (cache hit)
4836 http cache isexe@https://registry.npmjs.org/isexe/-/isexe-3.1.5.tgz 0ms (cache hit)
4837 http cache which@https://registry.npmjs.org/which/-/which-5.0.0.tgz 0ms (cache hit)
4838 http cache brace-expansion@https://registry.npmjs.org/brace-expansion/-/brace-expansion-2.1.1.tgz 0ms (cache hit)
4839 http cache minimatch@https://registry.npmjs.org/minimatch/-/minimatch-9.0.9.tgz 0ms (cache hit)
4840 http cache which@https://registry.npmjs.org/which/-/which-5.0.0.tgz 0ms (cache hit)
4841 http cache glob@https://registry.npmjs.org/glob/-/glob-10.5.0.tgz 0ms (cache hit)
4842 http cache lru-cache@https://registry.npmjs.org/lru-cache/-/lru-cache-10.4.3.tgz 0ms (cache hit)
4843 http cache lru-cache@https://registry.npmjs.org/lru-cache/-/lru-cache-10.4.3.tgz 0ms (cache hit)
4844 http cache ansi-styles@https://registry.npmjs.org/ansi-styles/-/ansi-styles-6.2.3.tgz 0ms (cache hit)
4845 http cache is-fullwidth-code-point@https://registry.npmjs.org/is-fullwidth-code-point/-/is-fullwidth-code-point-4.0.0.tgz 0ms (cache hit)
4846 http cache emoji-regex@https://registry.npmjs.org/emoji-regex/-/emoji-regex-10.6.0.tgz 0ms (cache hit)
4847 http cache string-width@https://registry.npmjs.org/string-width/-/string-width-7.2.0.tgz 0ms (cache hit)
4848 http cache ansi-regex@https://registry.npmjs.org/ansi-regex/-/ansi-regex-6.2.2.tgz 0ms (cache hit)
4849 http cache is-fullwidth-code-point@https://registry.npmjs.org/is-fullwidth-code-point/-/is-fullwidth-code-point-5.1.0.tgz 0ms (cache hit)
4850 http cache signal-exit@https://registry.npmjs.org/signal-exit/-/signal-exit-4.1.0.tgz 0ms (cache hit)
4851 http cache wrap-ansi@https://registry.npmjs.org/wrap-ansi/-/wrap-ansi-9.0.2.tgz 1ms (cache hit)
4852 http cache ansi-styles@https://registry.npmjs.org/ansi-styles/-/ansi-styles-6.2.3.tgz 0ms (cache hit)
4853 http cache restore-cursor@https://registry.npmjs.org/restore-cursor/-/restore-cursor-5.1.0.tgz 0ms (cache hit)
4854 http cache onetime@https://registry.npmjs.org/onetime/-/onetime-7.0.0.tgz 0ms (cache hit)
4855 http cache cli-cursor@https://registry.npmjs.org/cli-cursor/-/cli-cursor-5.0.0.tgz 0ms (cache hit)
4856 http cache slice-ansi@https://registry.npmjs.org/slice-ansi/-/slice-ansi-7.1.2.tgz 0ms (cache hit)
4857 http cache strip-ansi@https://registry.npmjs.org/strip-ansi/-/strip-ansi-7.2.0.tgz 0ms (cache hit)
4858 http cache ansi-regex@https://registry.npmjs.org/ansi-regex/-/ansi-regex-6.2.2.tgz 0ms (cache hit)
4859 http cache strip-ansi@https://registry.npmjs.org/strip-ansi/-/strip-ansi-7.2.0.tgz 0ms (cache hit)
4860 http cache string-width@https://registry.npmjs.org/string-width/-/string-width-7.2.0.tgz 0ms (cache hit)
4861 http cache emoji-regex@https://registry.npmjs.org/emoji-regex/-/emoji-regex-10.6.0.tgz 0ms (cache hit)
4862 http cache entities@https://registry.npmjs.org/entities/-/entities-7.0.1.tgz 0ms (cache hit)
4863 http cache iconv-lite@https://registry.npmjs.org/iconv-lite/-/iconv-lite-0.6.3.tgz 1ms (cache hit)
4864 http cache resolve@https://registry.npmjs.org/resolve/-/resolve-1.22.12.tgz 0ms (cache hit)
4865 http cache ajv-formats@https://registry.npmjs.org/ajv-formats/-/ajv-formats-2.1.1.tgz 0ms (cache hit)
4866 http cache iconv-lite@https://registry.npmjs.org/iconv-lite/-/iconv-lite-0.7.2.tgz 0ms (cache hit)
4867 http cache semver@https://registry.npmjs.org/semver/-/semver-6.3.1.tgz 0ms (cache hit)
4868 http cache wrap-ansi@https://registry.npmjs.org/wrap-ansi/-/wrap-ansi-6.2.0.tgz 0ms (cache hit)
4869 http cache semver@https://registry.npmjs.org/semver/-/semver-6.3.1.tgz 0ms (cache hit)
4870 http cache signal-exit@https://registry.npmjs.org/signal-exit/-/signal-exit-4.1.0.tgz 0ms (cache hit)
4871 http cache semver@https://registry.npmjs.org/semver/-/semver-6.3.1.tgz 0ms (cache hit)
4872 http cache @babel/helper-annotate-as-pure@https://registry.npmjs.org/@babel/helper-annotate-as-pure/-/helper-annotate-as-pure-7.29.7.tgz 0ms (cache hit)
4873 http cache @babel/helper-annotate-as-pure@https://registry.npmjs.org/@babel/helper-annotate-as-pure/-/helper-annotate-as-pure-7.29.7.tgz 0ms (cache hit)
4874 http cache @babel/helper-annotate-as-pure@https://registry.npmjs.org/@babel/helper-annotate-as-pure/-/helper-annotate-as-pure-7.29.7.tgz 1ms (cache hit)
4875 http cache @babel/helper-annotate-as-pure@https://registry.npmjs.org/@babel/helper-annotate-as-pure/-/helper-annotate-as-pure-7.29.7.tgz 0ms (cache hit)
4876 http cache semver@https://registry.npmjs.org/semver/-/semver-6.3.1.tgz 0ms (cache hit)
4877 http cache @babel/helper-annotate-as-pure@https://registry.npmjs.org/@babel/helper-annotate-as-pure/-/helper-annotate-as-pure-7.29.7.tgz 0ms (cache hit)
4878 http cache @babel/generator@https://registry.npmjs.org/@babel/generator/-/generator-7.29.7.tgz 0ms (cache hit)
4879 http cache semver@https://registry.npmjs.org/semver/-/semver-6.3.1.tgz 0ms (cache hit)
4880 http cache convert-source-map@https://registry.npmjs.org/convert-source-map/-/convert-source-map-2.0.0.tgz 1ms (cache hit)
4881 http cache @inquirer/type@https://registry.npmjs.org/@inquirer/type/-/type-1.5.5.tgz 0ms (cache hit)
4882 http cache mute-stream@https://registry.npmjs.org/mute-stream/-/mute-stream-1.0.0.tgz 0ms (cache hit)
4883 http cache rxjs@https://registry.npmjs.org/rxjs/-/rxjs-7.8.1.tgz 1ms (cache hit)
4884 http cache @esbuild/win32-x64@https://registry.npmjs.org/@esbuild/win32-x64/-/win32-x64-0.25.12.tgz 0ms (cache hit)
4885 http cache ansi-regex@https://registry.npmjs.org/ansi-regex/-/ansi-regex-6.2.2.tgz 0ms (cache hit)
4886 http cache emoji-regex@https://registry.npmjs.org/emoji-regex/-/emoji-regex-10.6.0.tgz 0ms (cache hit)
4887 http cache picomatch@https://registry.npmjs.org/picomatch/-/picomatch-4.0.4.tgz 0ms (cache hit)
4888 http cache esbuild@https://registry.npmjs.org/esbuild/-/esbuild-0.25.12.tgz 0ms (cache hit)
4889 http cache strip-ansi@https://registry.npmjs.org/strip-ansi/-/strip-ansi-7.2.0.tgz 0ms (cache hit)
4890 http cache ansi-styles@https://registry.npmjs.org/ansi-styles/-/ansi-styles-6.2.3.tgz 0ms (cache hit)
4891 http cache string-width@https://registry.npmjs.org/string-width/-/string-width-7.2.0.tgz 0ms (cache hit)
4892 http cache http-proxy-middleware@https://registry.npmjs.org/http-proxy-middleware/-/http-proxy-middleware-2.0.9.tgz 0ms (cache hit)
4893 http cache wrap-ansi@https://registry.npmjs.org/wrap-ansi/-/wrap-ansi-9.0.2.tgz 0ms (cache hit)
4894 http cache watchpack@https://registry.npmjs.org/watchpack/-/watchpack-2.5.1.tgz 0ms (cache hit)
4895 http cache eventemitter3@https://registry.npmjs.org/eventemitter3/-/eventemitter3-5.0.4.tgz 0ms (cache hit)
4896 http cache iconv-lite@https://registry.npmjs.org/iconv-lite/-/iconv-lite-0.6.3.tgz 0ms (cache hit)
4897 http cache json-parse-even-better-errors@https://registry.npmjs.org/json-parse-even-better-errors/-/json-parse-even-better-errors-2.3.1.tgz 0ms (cache hit)
4898 http cache readdirp@https://registry.npmjs.org/readdirp/-/readdirp-4.1.2.tgz 0ms (cache hit)
4899 http cache chokidar@https://registry.npmjs.org/chokidar/-/chokidar-4.0.3.tgz 1ms (cache hit)
4900 http cache semver@https://registry.npmjs.org/semver/-/semver-5.7.2.tgz 0ms (cache hit)
4901 http cache source-map@https://registry.npmjs.org/source-map/-/source-map-0.6.1.tgz 0ms (cache hit)
4902 http cache make-dir@https://registry.npmjs.org/make-dir/-/make-dir-2.1.0.tgz 0ms (cache hit)
4903 http cache mime@https://registry.npmjs.org/mime/-/mime-1.6.0.tgz 0ms (cache hit)
4904 http cache glob-parent@https://registry.npmjs.org/glob-parent/-/glob-parent-6.0.2.tgz 0ms (cache hit)
4905 http cache semver@https://registry.npmjs.org/semver/-/semver-6.3.1.tgz 0ms (cache hit)
4906 http cache convert-source-map@https://registry.npmjs.org/convert-source-map/-/convert-source-map-2.0.0.tgz 0ms (cache hit)
4907 http cache semver@https://registry.npmjs.org/semver/-/semver-6.3.1.tgz 0ms (cache hit)
4908 http cache semver@https://registry.npmjs.org/semver/-/semver-7.7.1.tgz 0ms (cache hit)
4909 http cache @babel/core@https://registry.npmjs.org/@babel/core/-/core-7.26.10.tgz 0ms (cache hit)
4910 http cache semver@https://registry.npmjs.org/semver/-/semver-6.3.1.tgz 0ms (cache hit)
4911 http cache istanbul-lib-instrument@https://registry.npmjs.org/istanbul-lib-instrument/-/istanbul-lib-instrument-6.0.3.tgz 0ms (cache hit)
4912 http cache picomatch@https://registry.npmjs.org/picomatch/-/picomatch-4.0.4.tgz 0ms (cache hit)
4913 http cache rxjs@https://registry.npmjs.org/rxjs/-/rxjs-7.8.1.tgz 0ms (cache hit)
4914 http cache rxjs@https://registry.npmjs.org/rxjs/-/rxjs-7.8.1.tgz 0ms (cache hit)
4915 http cache rxjs@https://registry.npmjs.org/rxjs/-/rxjs-7.8.1.tgz 0ms (cache hit)
4916 http cache readdirp@https://registry.npmjs.org/readdirp/-/readdirp-4.1.2.tgz 0ms (cache hit)
4917 http cache picomatch@https://registry.npmjs.org/picomatch/-/picomatch-4.0.4.tgz 0ms (cache hit)
4918 http cache chokidar@https://registry.npmjs.org/chokidar/-/chokidar-4.0.3.tgz 0ms (cache hit)
4919 http cache semver@https://registry.npmjs.org/semver/-/semver-7.7.1.tgz 0ms (cache hit)
4920 http cache semver@https://registry.npmjs.org/semver/-/semver-7.7.1.tgz 0ms (cache hit)
4921 http cache convert-source-map@https://registry.npmjs.org/convert-source-map/-/convert-source-map-2.0.0.tgz 0ms (cache hit)
4922 http cache semver@https://registry.npmjs.org/semver/-/semver-6.3.1.tgz 0ms (cache hit)
4923 http cache istanbul-lib-instrument@https://registry.npmjs.org/istanbul-lib-instrument/-/istanbul-lib-instrument-6.0.3.tgz 1ms (cache hit)
4924 http cache @babel/core@https://registry.npmjs.org/@babel/core/-/core-7.26.10.tgz 0ms (cache hit)
4925 http cache debug@https://registry.npmjs.org/debug/-/debug-4.3.7.tgz 0ms (cache hit)
4926 http cache source-map@https://registry.npmjs.org/source-map/-/source-map-0.6.1.tgz 0ms (cache hit)
4927 http cache debug@https://registry.npmjs.org/debug/-/debug-4.3.7.tgz 1ms (cache hit)
4928 http cache ws@https://registry.npmjs.org/ws/-/ws-8.17.1.tgz 0ms (cache hit)
4929 http cache picomatch@https://registry.npmjs.org/picomatch/-/picomatch-4.0.4.tgz 0ms (cache hit)
4930 http cache rxjs@https://registry.npmjs.org/rxjs/-/rxjs-7.8.1.tgz 0ms (cache hit)
4931 http cache debug@https://registry.npmjs.org/debug/-/debug-4.3.7.tgz 0ms (cache hit)
4932 http cache entities@https://registry.npmjs.org/entities/-/entities-6.0.1.tgz 0ms (cache hit)
4933 http cache source-map@https://registry.npmjs.org/source-map/-/source-map-0.6.1.tgz 0ms (cache hit)
4934 http cache yargs-parser@https://registry.npmjs.org/yargs-parser/-/yargs-parser-20.2.9.tgz 0ms (cache hit)
4935 http cache jasmine-core@https://registry.npmjs.org/jasmine-core/-/jasmine-core-4.6.1.tgz 0ms (cache hit)
4936 http cache lru-cache@https://registry.npmjs.org/lru-cache/-/lru-cache-6.0.0.tgz 0ms (cache hit)
4937 http cache yargs@https://registry.npmjs.org/yargs/-/yargs-16.2.0.tgz 0ms (cache hit)
4938 http cache yallist@https://registry.npmjs.org/yallist/-/yallist-4.0.0.tgz 0ms (cache hit)
4939 http cache tmp@https://registry.npmjs.org/tmp/-/tmp-0.2.5.tgz 0ms (cache hit)
4940 http cache source-map@https://registry.npmjs.org/source-map/-/source-map-0.6.1.tgz 0ms (cache hit)
4941 http cache cliui@https://registry.npmjs.org/cliui/-/cliui-7.0.4.tgz 0ms (cache hit)
4942 http cache loader-utils@https://registry.npmjs.org/loader-utils/-/loader-utils-2.0.4.tgz 0ms (cache hit)
4943 http cache on-finished@https://registry.npmjs.org/on-finished/-/on-finished-2.3.0.tgz 0ms (cache hit)
4944 http cache statuses@https://registry.npmjs.org/statuses/-/statuses-2.0.1.tgz 0ms (cache hit)
4945 http cache semver@https://registry.npmjs.org/semver/-/semver-6.3.1.tgz 0ms (cache hit)
4946 http cache debug@https://registry.npmjs.org/debug/-/debug-2.6.9.tgz 0ms (cache hit)
4947 http cache source-map@https://registry.npmjs.org/source-map/-/source-map-0.6.1.tgz 0ms (cache hit)
4948 http cache ms@https://registry.npmjs.org/ms/-/ms-2.0.0.tgz 0ms (cache hit)
4949 http cache ws@https://registry.npmjs.org/ws/-/ws-8.17.1.tgz 0ms (cache hit)
4950 http cache debug@https://registry.npmjs.org/debug/-/debug-4.3.7.tgz 0ms (cache hit)
4951 http cache clone@https://registry.npmjs.org/clone/-/clone-1.0.4.tgz 0ms (cache hit)
4952 http cache ms@https://registry.npmjs.org/ms/-/ms-2.0.0.tgz 0ms (cache hit)
4953 http cache negotiator@https://registry.npmjs.org/negotiator/-/negotiator-0.6.3.tgz 0ms (cache hit)
4954 http cache debug@https://registry.npmjs.org/debug/-/debug-2.6.9.tgz 0ms (cache hit)
4955 http cache loader-utils@https://registry.npmjs.org/loader-utils/-/loader-utils-2.0.4.tgz 0ms (cache hit)
4956 silly tarball no local data for is-plain-obj@https://registry.npmjs.org/is-plain-obj/-/is-plain-obj-3.0.0.tgz. Extracting by manifest.
4957 silly tarball no local data for process-nextick-args@https://registry.npmjs.org/process-nextick-args/-/process-nextick-args-2.0.1.tgz. Extracting by manifest.
4958 silly tarball no local data for mimic-function@https://registry.npmjs.org/mimic-function/-/mimic-function-5.0.1.tgz. Extracting by manifest.
4959 silly tarball no local data for isarray@https://registry.npmjs.org/isarray/-/isarray-1.0.0.tgz. Extracting by manifest.
4960 silly tarball no local data for get-east-asian-width@https://registry.npmjs.org/get-east-asian-width/-/get-east-asian-width-1.6.0.tgz. Extracting by manifest.
4961 silly tarball no local data for pify@https://registry.npmjs.org/pify/-/pify-4.0.1.tgz. Extracting by manifest.
4962 silly tarball no local data for @types/mime@https://registry.npmjs.org/@types/mime/-/mime-1.3.5.tgz. Extracting by manifest.
4963 silly tarball no local data for @isaacs/fs-minipass@https://registry.npmjs.org/@isaacs/fs-minipass/-/fs-minipass-4.0.1.tgz. Extracting by manifest.
4964 silly tarball no local data for isobject@https://registry.npmjs.org/isobject/-/isobject-3.0.1.tgz. Extracting by manifest.
4965 silly tarball no local data for eastasianwidth@https://registry.npmjs.org/eastasianwidth/-/eastasianwidth-0.2.0.tgz. Extracting by manifest.
4966 silly tarball no local data for wrap-ansi-cjs@https://registry.npmjs.org/wrap-ansi/-/wrap-ansi-7.0.0.tgz. Extracting by manifest.
4967 silly tarball no local data for core-util-is@https://registry.npmjs.org/core-util-is/-/core-util-is-1.0.3.tgz. Extracting by manifest.
4968 silly tarball no local data for string-width-cjs@https://registry.npmjs.org/string-width/-/string-width-4.2.3.tgz. Extracting by manifest.
4969 http cache @angular/animations@https://registry.npmjs.org/@angular/animations/-/animations-19.2.25.tgz 0ms (cache hit)
4970 silly tarball no local data for shebang-command@https://registry.npmjs.org/shebang-command/-/shebang-command-2.0.0.tgz. Extracting by manifest.
4971 silly tarball no local data for @pkgjs/parseargs@https://registry.npmjs.org/@pkgjs/parseargs/-/parseargs-0.11.0.tgz. Extracting by manifest.
4972 silly tarball no local data for strip-ansi-cjs@https://registry.npmjs.org/strip-ansi/-/strip-ansi-6.0.1.tgz. Extracting by manifest.
4973 silly tarball no local data for path-key@https://registry.npmjs.org/path-key/-/path-key-3.1.1.tgz. Extracting by manifest.
4974 silly tarball no local data for @isaacs/cliui@https://registry.npmjs.org/@isaacs/cliui/-/cliui-8.0.2.tgz. Extracting by manifest.
4975 silly tarball no local data for shebang-regex@https://registry.npmjs.org/shebang-regex/-/shebang-regex-3.0.0.tgz. Extracting by manifest.
4976 silly tarball no local data for path-scurry@https://registry.npmjs.org/path-scurry/-/path-scurry-1.11.1.tgz. Extracting by manifest.
4977 silly tarball no local data for jackspeak@https://registry.npmjs.org/jackspeak/-/jackspeak-3.4.3.tgz. Extracting by manifest.
4978 silly tarball no local data for cross-spawn@https://registry.npmjs.org/cross-spawn/-/cross-spawn-7.0.6.tgz. Extracting by manifest.
4979 silly tarball no local data for foreground-child@https://registry.npmjs.org/foreground-child/-/foreground-child-3.3.1.tgz. Extracting by manifest.
4980 silly tarball no local data for websocket-extensions@https://registry.npmjs.org/websocket-extensions/-/websocket-extensions-0.1.4.tgz. Extracting by manifest.
4981 silly tarball no local data for http-parser-js@https://registry.npmjs.org/http-parser-js/-/http-parser-js-0.5.10.tgz. Extracting by manifest.
4982 silly tarball no local data for shallow-clone@https://registry.npmjs.org/shallow-clone/-/shallow-clone-3.0.1.tgz. Extracting by manifest.
4983 silly tarball no local data for kind-of@https://registry.npmjs.org/kind-of/-/kind-of-6.0.3.tgz. Extracting by manifest.
4984 silly tarball no local data for wildcard@https://registry.npmjs.org/wildcard/-/wildcard-2.0.1.tgz. Extracting by manifest.
4985 silly tarball no local data for minimalistic-assert@https://registry.npmjs.org/minimalistic-assert/-/minimalistic-assert-1.0.1.tgz. Extracting by manifest.
4986 silly tarball no local data for wbuf@https://registry.npmjs.org/wbuf/-/wbuf-1.7.3.tgz. Extracting by manifest.
4987 silly tarball no local data for clone-deep@https://registry.npmjs.org/clone-deep/-/clone-deep-4.0.1.tgz. Extracting by manifest.
4988 silly tarball no local data for package-json-from-dist@https://registry.npmjs.org/package-json-from-dist/-/package-json-from-dist-1.0.1.tgz. Extracting by manifest.
4989 silly tarball no local data for obuf@https://registry.npmjs.org/obuf/-/obuf-1.1.2.tgz. Extracting by manifest.
4990 silly tarball no local data for flat@https://registry.npmjs.org/flat/-/flat-5.0.2.tgz. Extracting by manifest.
4991 silly tarball no local data for hpack.js@https://registry.npmjs.org/hpack.js/-/hpack.js-2.1.6.tgz. Extracting by manifest.
4992 silly tarball no local data for select-hose@https://registry.npmjs.org/select-hose/-/select-hose-2.0.0.tgz. Extracting by manifest.
4993 silly tarball no local data for detect-node@https://registry.npmjs.org/detect-node/-/detect-node-2.1.0.tgz. Extracting by manifest.
4994 silly tarball no local data for http-deceiver@https://registry.npmjs.org/http-deceiver/-/http-deceiver-1.2.7.tgz. Extracting by manifest.
4995 silly tarball no local data for handle-thing@https://registry.npmjs.org/handle-thing/-/handle-thing-2.0.1.tgz. Extracting by manifest.
4996 silly tarball no local data for spdy-transport@https://registry.npmjs.org/spdy-transport/-/spdy-transport-3.0.0.tgz. Extracting by manifest.
4997 silly tarball no local data for websocket-driver@https://registry.npmjs.org/websocket-driver/-/websocket-driver-0.7.5.tgz. Extracting by manifest.
4998 silly tarball no local data for uuid@https://registry.npmjs.org/uuid/-/uuid-8.3.2.tgz. Extracting by manifest.
4999 silly tarball no local data for side-channel-weakmap@https://registry.npmjs.org/side-channel-weakmap/-/side-channel-weakmap-1.0.2.tgz. Extracting by manifest.
5000 silly tarball no local data for side-channel-list@https://registry.npmjs.org/side-channel-list/-/side-channel-list-1.0.1.tgz. Extracting by manifest.
5001 silly tarball no local data for faye-websocket@https://registry.npmjs.org/faye-websocket/-/faye-websocket-0.11.4.tgz. Extracting by manifest.
5002 silly tarball no local data for object-inspect@https://registry.npmjs.org/object-inspect/-/object-inspect-1.13.4.tgz. Extracting by manifest.
5003 silly tarball no local data for side-channel-map@https://registry.npmjs.org/side-channel-map/-/side-channel-map-1.0.1.tgz. Extracting by manifest.
5004 silly tarball no local data for @types/node-forge@https://registry.npmjs.org/@types/node-forge/-/node-forge-1.3.14.tgz. Extracting by manifest.
5005 silly tarball no local data for node-forge@https://registry.npmjs.org/node-forge/-/node-forge-1.4.0.tgz. Extracting by manifest.
5006 silly tarball no local data for batch@https://registry.npmjs.org/batch/-/batch-0.6.1.tgz. Extracting by manifest.
5007 silly tarball no local data for forwarded@https://registry.npmjs.org/forwarded/-/forwarded-0.2.0.tgz. Extracting by manifest.
5008 silly tarball no local data for side-channel@https://registry.npmjs.org/side-channel/-/side-channel-1.1.1.tgz. Extracting by manifest.
5009 silly tarball no local data for @types/retry@https://registry.npmjs.org/@types/retry/-/retry-0.12.2.tgz. Extracting by manifest.
5010 silly tarball no local data for thunky@https://registry.npmjs.org/thunky/-/thunky-1.1.0.tgz. Extracting by manifest.
5011 silly tarball no local data for @leichtgewicht/ip-codec@https://registry.npmjs.org/@leichtgewicht/ip-codec/-/ip-codec-2.0.5.tgz. Extracting by manifest.
5012 silly tarball no local data for is-network-error@https://registry.npmjs.org/is-network-error/-/is-network-error-1.3.2.tgz. Extracting by manifest.
5013 silly tarball no local data for dns-packet@https://registry.npmjs.org/dns-packet/-/dns-packet-5.6.1.tgz. Extracting by manifest.
5014 silly tarball no local data for shell-quote@https://registry.npmjs.org/shell-quote/-/shell-quote-1.8.4.tgz. Extracting by manifest.
5015 silly tarball no local data for raw-body@https://registry.npmjs.org/raw-body/-/raw-body-2.5.3.tgz. Extracting by manifest.
5016 silly tarball no local data for serve-static@https://registry.npmjs.org/serve-static/-/serve-static-1.16.3.tgz. Extracting by manifest.
5017 silly tarball no local data for iconv-lite@https://registry.npmjs.org/iconv-lite/-/iconv-lite-0.4.24.tgz. Extracting by manifest.
5018 silly tarball no local data for proxy-addr@https://registry.npmjs.org/proxy-addr/-/proxy-addr-2.0.7.tgz. Extracting by manifest.
5019 silly tarball no local data for qs@https://registry.npmjs.org/qs/-/qs-6.15.2.tgz. Extracting by manifest.
5020 silly tarball no local data for methods@https://registry.npmjs.org/methods/-/methods-1.1.2.tgz. Extracting by manifest.
5021 silly tarball no local data for path-to-regexp@https://registry.npmjs.org/path-to-regexp/-/path-to-regexp-0.1.13.tgz. Extracting by manifest.
5022 silly tarball no local data for fresh@https://registry.npmjs.org/fresh/-/fresh-0.5.2.tgz. Extracting by manifest.
5023 silly tarball no local data for merge-descriptors@https://registry.npmjs.org/merge-descriptors/-/merge-descriptors-1.0.3.tgz. Extracting by manifest.
5024 silly tarball no local data for send@https://registry.npmjs.org/send/-/send-0.19.2.tgz. Extracting by manifest.
5025 silly tarball no local data for etag@https://registry.npmjs.org/etag/-/etag-1.8.1.tgz. Extracting by manifest.
5026 silly tarball no local data for cookie-signature@https://registry.npmjs.org/cookie-signature/-/cookie-signature-1.0.7.tgz. Extracting by manifest.
5027 silly tarball no local data for body-parser@https://registry.npmjs.org/body-parser/-/body-parser-1.20.5.tgz. Extracting by manifest.
5028 silly tarball no local data for content-disposition@https://registry.npmjs.org/content-disposition/-/content-disposition-0.5.4.tgz. Extracting by manifest.
5029 silly tarball no local data for compressible@https://registry.npmjs.org/compressible/-/compressible-2.0.18.tgz. Extracting by manifest.
5030 silly tarball no local data for array-flatten@https://registry.npmjs.org/array-flatten/-/array-flatten-1.1.1.tgz. Extracting by manifest.
5031 silly tarball no local data for on-headers@https://registry.npmjs.org/on-headers/-/on-headers-1.1.0.tgz. Extracting by manifest.
5032 silly tarball no local data for multicast-dns@https://registry.npmjs.org/multicast-dns/-/multicast-dns-7.2.5.tgz. Extracting by manifest.
5033 silly tarball no local data for @types/http-errors@https://registry.npmjs.org/@types/http-errors/-/http-errors-2.0.5.tgz. Extracting by manifest.
5034 silly tarball no local data for @types/connect@https://registry.npmjs.org/@types/connect/-/connect-3.4.38.tgz. Extracting by manifest.
5035 silly tarball no local data for @types/range-parser@https://registry.npmjs.org/@types/range-parser/-/range-parser-1.2.7.tgz. Extracting by manifest.
5036 silly tarball no local data for @types/qs@https://registry.npmjs.org/@types/qs/-/qs-6.15.1.tgz. Extracting by manifest.
5037 silly tarball no local data for @types/send@https://registry.npmjs.org/@types/send/-/send-1.2.1.tgz. Extracting by manifest.
5038 silly tarball no local data for @types/body-parser@https://registry.npmjs.org/@types/body-parser/-/body-parser-1.19.6.tgz. Extracting by manifest.
5039 silly tarball no local data for sockjs@https://registry.npmjs.org/sockjs/-/sockjs-0.3.24.tgz. Extracting by manifest.
5040 silly tarball no local data for ipaddr.js@https://registry.npmjs.org/ipaddr.js/-/ipaddr.js-2.4.0.tgz. Extracting by manifest.
5041 silly tarball no local data for selfsigned@https://registry.npmjs.org/selfsigned/-/selfsigned-2.4.1.tgz. Extracting by manifest.
5042 silly tarball no local data for serve-index@https://registry.npmjs.org/serve-index/-/serve-index-1.9.2.tgz. Extracting by manifest.
5043 silly tarball no local data for ws@https://registry.npmjs.org/ws/-/ws-8.21.0.tgz. Extracting by manifest.
5044 silly tarball no local data for express@https://registry.npmjs.org/express/-/express-4.22.2.tgz. Extracting by manifest.
5045 silly tarball no local data for p-retry@https://registry.npmjs.org/p-retry/-/p-retry-6.2.1.tgz. Extracting by manifest.
5046 silly tarball no local data for launch-editor@https://registry.npmjs.org/launch-editor/-/launch-editor-2.14.1.tgz. Extracting by manifest.
5047 silly tarball no local data for compression@https://registry.npmjs.org/compression/-/compression-1.8.1.tgz. Extracting by manifest.
5048 silly tarball no local data for spdy@https://registry.npmjs.org/spdy/-/spdy-4.0.2.tgz. Extracting by manifest.
5049 silly tarball no local data for bonjour-service@https://registry.npmjs.org/bonjour-service/-/bonjour-service-1.4.1.tgz. Extracting by manifest.
5050 silly tarball no local data for ansi-html-community@https://registry.npmjs.org/ansi-html-community/-/ansi-html-community-0.0.8.tgz. Extracting by manifest.
5051 silly tarball no local data for chokidar@https://registry.npmjs.org/chokidar/-/chokidar-3.6.0.tgz. Extracting by manifest.
5052 silly tarball no local data for connect-history-api-fallback@https://registry.npmjs.org/connect-history-api-fallback/-/connect-history-api-fallback-2.0.0.tgz. Extracting by manifest.
5053 silly tarball no local data for @types/ws@https://registry.npmjs.org/@types/ws/-/ws-8.18.1.tgz. Extracting by manifest.
5054 silly tarball no local data for @types/serve-index@https://registry.npmjs.org/@types/serve-index/-/serve-index-1.9.4.tgz. Extracting by manifest.
5055 silly tarball no local data for @types/sockjs@https://registry.npmjs.org/@types/sockjs/-/sockjs-0.3.36.tgz. Extracting by manifest.
5056 silly tarball no local data for @types/express-serve-static-core@https://registry.npmjs.org/@types/express-serve-static-core/-/express-serve-static-core-4.19.8.tgz. Extracting by manifest.
5057 silly tarball no local data for hyperdyperid@https://registry.npmjs.org/hyperdyperid/-/hyperdyperid-1.2.0.tgz. Extracting by manifest.
5058 silly tarball no local data for @types/connect-history-api-fallback@https://registry.npmjs.org/@types/connect-history-api-fallback/-/connect-history-api-fallback-1.5.4.tgz. Extracting by manifest.
5059 silly tarball no local data for @types/express@https://registry.npmjs.org/@types/express/-/express-4.17.25.tgz. Extracting by manifest.
5060 silly tarball no local data for @types/bonjour@https://registry.npmjs.org/@types/bonjour/-/bonjour-3.5.13.tgz. Extracting by manifest.
5061 silly tarball no local data for @jsonjoy.com/json-pointer@https://registry.npmjs.org/@jsonjoy.com/json-pointer/-/json-pointer-1.0.2.tgz. Extracting by manifest.
5062 silly tarball no local data for @types/serve-static@https://registry.npmjs.org/@types/serve-static/-/serve-static-1.15.10.tgz. Extracting by manifest.
5063 silly tarball no local data for @jsonjoy.com/codegen@https://registry.npmjs.org/@jsonjoy.com/codegen/-/codegen-1.0.0.tgz. Extracting by manifest.
5064 silly tarball no local data for @jsonjoy.com/buffers@https://registry.npmjs.org/@jsonjoy.com/buffers/-/buffers-17.67.0.tgz. Extracting by manifest.
5065 silly tarball no local data for @jsonjoy.com/base64@https://registry.npmjs.org/@jsonjoy.com/base64/-/base64-1.1.2.tgz. Extracting by manifest.
5066 silly tarball no local data for tree-dump@https://registry.npmjs.org/tree-dump/-/tree-dump-1.1.0.tgz. Extracting by manifest.
5067 silly tarball no local data for glob-to-regex.js@https://registry.npmjs.org/glob-to-regex.js/-/glob-to-regex.js-1.2.0.tgz. Extracting by manifest.
5068 silly tarball no local data for @jsonjoy.com/json-pack@https://registry.npmjs.org/@jsonjoy.com/json-pack/-/json-pack-1.21.0.tgz. Extracting by manifest.
5069 silly tarball no local data for thingies@https://registry.npmjs.org/thingies/-/thingies-2.6.0.tgz. Extracting by manifest.
5070 silly tarball no local data for @jsonjoy.com/util@https://registry.npmjs.org/@jsonjoy.com/util/-/util-1.9.0.tgz. Extracting by manifest.
5071 silly tarball no local data for @jsonjoy.com/fs-print@https://registry.npmjs.org/@jsonjoy.com/fs-print/-/fs-print-4.57.7.tgz. Extracting by manifest.
5072 silly tarball no local data for @jsonjoy.com/fs-snapshot@https://registry.npmjs.org/@jsonjoy.com/fs-snapshot/-/fs-snapshot-4.57.7.tgz. Extracting by manifest.
5073 silly tarball no local data for @jsonjoy.com/fs-node@https://registry.npmjs.org/@jsonjoy.com/fs-node/-/fs-node-4.57.7.tgz. Extracting by manifest.
5074 silly tarball no local data for @jsonjoy.com/fs-node-to-fsa@https://registry.npmjs.org/@jsonjoy.com/fs-node-to-fsa/-/fs-node-to-fsa-4.57.7.tgz. Extracting by manifest.
5075 silly tarball no local data for @jsonjoy.com/fs-core@https://registry.npmjs.org/@jsonjoy.com/fs-core/-/fs-core-4.57.7.tgz. Extracting by manifest.
5076 silly tarball no local data for @jsonjoy.com/fs-node-utils@https://registry.npmjs.org/@jsonjoy.com/fs-node-utils/-/fs-node-utils-4.57.7.tgz. Extracting by manifest.
5077 silly tarball no local data for @jsonjoy.com/fs-fsa@https://registry.npmjs.org/@jsonjoy.com/fs-fsa/-/fs-fsa-4.57.7.tgz. Extracting by manifest.
5078 silly tarball no local data for @jsonjoy.com/fs-node-builtins@https://registry.npmjs.org/@jsonjoy.com/fs-node-builtins/-/fs-node-builtins-4.57.7.tgz. Extracting by manifest.
5079 silly tarball no local data for esrecurse@https://registry.npmjs.org/esrecurse/-/esrecurse-4.3.0.tgz. Extracting by manifest.
5080 silly tarball no local data for merge-stream@https://registry.npmjs.org/merge-stream/-/merge-stream-2.0.0.tgz. Extracting by manifest.
5081 silly tarball no local data for memfs@https://registry.npmjs.org/memfs/-/memfs-4.57.7.tgz. Extracting by manifest.
5082 silly tarball no local data for estraverse@https://registry.npmjs.org/estraverse/-/estraverse-4.3.0.tgz. Extracting by manifest.
5083 silly tarball no local data for @xtuc/ieee754@https://registry.npmjs.org/@xtuc/ieee754/-/ieee754-1.2.0.tgz. Extracting by manifest.
5084 silly tarball no local data for jest-worker@https://registry.npmjs.org/jest-worker/-/jest-worker-27.5.1.tgz. Extracting by manifest.
5085 silly tarball no local data for @webassemblyjs/utf8@https://registry.npmjs.org/@webassemblyjs/utf8/-/utf8-1.13.2.tgz. Extracting by manifest.
5086 silly tarball no local data for @webassemblyjs/leb128@https://registry.npmjs.org/@webassemblyjs/leb128/-/leb128-1.13.2.tgz. Extracting by manifest.
5087 silly tarball no local data for @webassemblyjs/ieee754@https://registry.npmjs.org/@webassemblyjs/ieee754/-/ieee754-1.13.2.tgz. Extracting by manifest.
5088 silly tarball no local data for @webassemblyjs/wasm-opt@https://registry.npmjs.org/@webassemblyjs/wasm-opt/-/wasm-opt-1.14.1.tgz. Extracting by manifest.
5089 silly tarball no local data for @webassemblyjs/helper-buffer@https://registry.npmjs.org/@webassemblyjs/helper-buffer/-/helper-buffer-1.14.1.tgz. Extracting by manifest.
5090 silly tarball no local data for @webassemblyjs/helper-wasm-section@https://registry.npmjs.org/@webassemblyjs/helper-wasm-section/-/helper-wasm-section-1.14.1.tgz. Extracting by manifest.
5091 silly tarball no local data for @xtuc/long@https://registry.npmjs.org/@xtuc/long/-/long-4.2.2.tgz. Extracting by manifest.
5092 silly tarball no local data for @webassemblyjs/wasm-gen@https://registry.npmjs.org/@webassemblyjs/wasm-gen/-/wasm-gen-1.14.1.tgz. Extracting by manifest.
5093 silly tarball no local data for @webassemblyjs/wast-printer@https://registry.npmjs.org/@webassemblyjs/wast-printer/-/wast-printer-1.14.1.tgz. Extracting by manifest.
5094 silly tarball no local data for @webassemblyjs/helper-api-error@https://registry.npmjs.org/@webassemblyjs/helper-api-error/-/helper-api-error-1.13.2.tgz. Extracting by manifest.
5095 silly tarball no local data for @webassemblyjs/helper-wasm-bytecode@https://registry.npmjs.org/@webassemblyjs/helper-wasm-bytecode/-/helper-wasm-bytecode-1.13.2.tgz. Extracting by manifest.
5096 silly tarball no local data for @webassemblyjs/floating-point-hex-parser@https://registry.npmjs.org/@webassemblyjs/floating-point-hex-parser/-/floating-point-hex-parser-1.13.2.tgz. Extracting by manifest.
5097 silly tarball no local data for @webassemblyjs/helper-numbers@https://registry.npmjs.org/@webassemblyjs/helper-numbers/-/helper-numbers-1.13.2.tgz. Extracting by manifest.
5098 silly tarball no local data for @types/eslint@https://registry.npmjs.org/@types/eslint/-/eslint-9.6.1.tgz. Extracting by manifest.
5099 silly tarball no local data for terser-webpack-plugin@https://registry.npmjs.org/terser-webpack-plugin/-/terser-webpack-plugin-5.6.1.tgz. Extracting by manifest.
5100 silly tarball no local data for events@https://registry.npmjs.org/events/-/events-3.3.0.tgz. Extracting by manifest.
5101 silly tarball no local data for eslint-scope@https://registry.npmjs.org/eslint-scope/-/eslint-scope-5.1.1.tgz. Extracting by manifest.
5102 silly tarball no local data for loader-runner@https://registry.npmjs.org/loader-runner/-/loader-runner-4.3.2.tgz. Extracting by manifest.
5103 silly tarball no local data for enhanced-resolve@https://registry.npmjs.org/enhanced-resolve/-/enhanced-resolve-5.23.0.tgz. Extracting by manifest.
5104 silly tarball no local data for chrome-trace-event@https://registry.npmjs.org/chrome-trace-event/-/chrome-trace-event-1.0.4.tgz. Extracting by manifest.
5105 silly tarball no local data for @webassemblyjs/wasm-parser@https://registry.npmjs.org/@webassemblyjs/wasm-parser/-/wasm-parser-1.14.1.tgz. Extracting by manifest.
5106 silly tarball no local data for es-module-lexer@https://registry.npmjs.org/es-module-lexer/-/es-module-lexer-2.1.0.tgz. Extracting by manifest.
5107 silly tarball no local data for acorn-import-phases@https://registry.npmjs.org/acorn-import-phases/-/acorn-import-phases-1.0.4.tgz. Extracting by manifest.
5108 silly tarball no local data for @types/eslint-scope@https://registry.npmjs.org/@types/eslint-scope/-/eslint-scope-3.7.7.tgz. Extracting by manifest.
5109 silly tarball no local data for @webassemblyjs/ast@https://registry.npmjs.org/@webassemblyjs/ast/-/ast-1.14.1.tgz. Extracting by manifest.
5110 silly tarball no local data for @webassemblyjs/wasm-edit@https://registry.npmjs.org/@webassemblyjs/wasm-edit/-/wasm-edit-1.14.1.tgz. Extracting by manifest.
5111 silly tarball no local data for spdx-expression-parse@https://registry.npmjs.org/spdx-expression-parse/-/spdx-expression-parse-3.0.1.tgz. Extracting by manifest.
5112 silly tarball no local data for glob-to-regexp@https://registry.npmjs.org/glob-to-regexp/-/glob-to-regexp-0.4.1.tgz. Extracting by manifest.
5113 silly tarball no local data for spdx-license-ids@https://registry.npmjs.org/spdx-license-ids/-/spdx-license-ids-3.0.23.tgz. Extracting by manifest.
5114 silly tarball no local data for spdx-correct@https://registry.npmjs.org/spdx-correct/-/spdx-correct-3.2.0.tgz. Extracting by manifest.
5115 silly tarball no local data for unique-slug@https://registry.npmjs.org/unique-slug/-/unique-slug-5.0.0.tgz. Extracting by manifest.
5116 silly tarball no local data for spdx-exceptions@https://registry.npmjs.org/spdx-exceptions/-/spdx-exceptions-2.5.0.tgz. Extracting by manifest.
5117 silly tarball no local data for @tufjs/canonical-json@https://registry.npmjs.org/@tufjs/canonical-json/-/canonical-json-2.0.0.tgz. Extracting by manifest.
5118 silly tarball no local data for imurmurhash@https://registry.npmjs.org/imurmurhash/-/imurmurhash-0.1.4.tgz. Extracting by manifest.
5119 silly tarball no local data for unicode-canonical-property-names-ecmascript@https://registry.npmjs.org/unicode-canonical-property-names-ecmascript/-/unicode-canonical-property-names-ecmascript-2.0.1.tgz. Extracting by manifest.
5120 silly tarball no local data for unicode-property-aliases-ecmascript@https://registry.npmjs.org/unicode-property-aliases-ecmascript/-/unicode-property-aliases-ecmascript-2.2.0.tgz. Extracting by manifest.
5121 silly tarball no local data for @tufjs/models@https://registry.npmjs.org/@tufjs/models/-/models-3.0.1.tgz. Extracting by manifest.
5122 silly tarball no local data for fdir@https://registry.npmjs.org/fdir/-/fdir-6.5.0.tgz. Extracting by manifest.
5123 silly tarball no local data for @jridgewell/source-map@https://registry.npmjs.org/@jridgewell/source-map/-/source-map-0.3.11.tgz. Extracting by manifest.
5124 silly tarball no local data for commander@https://registry.npmjs.org/commander/-/commander-2.20.3.tgz. Extracting by manifest.
5125 silly tarball no local data for chownr@https://registry.npmjs.org/chownr/-/chownr-2.0.0.tgz. Extracting by manifest.
5126 silly tarball no local data for acorn@https://registry.npmjs.org/acorn/-/acorn-8.16.0.tgz. Extracting by manifest.
5127 silly tarball no local data for smart-buffer@https://registry.npmjs.org/smart-buffer/-/smart-buffer-4.2.0.tgz. Extracting by manifest.
5128 silly tarball no local data for ip-address@https://registry.npmjs.org/ip-address/-/ip-address-10.2.0.tgz. Extracting by manifest.
5129 silly tarball no local data for tuf-js@https://registry.npmjs.org/tuf-js/-/tuf-js-3.1.0.tgz. Extracting by manifest.
5130 silly tarball no local data for socks@https://registry.npmjs.org/socks/-/socks-2.8.9.tgz. Extracting by manifest.
5131 silly tarball no local data for @sigstore/tuf@https://registry.npmjs.org/@sigstore/tuf/-/tuf-3.1.1.tgz. Extracting by manifest.
5132 silly tarball no local data for @sigstore/sign@https://registry.npmjs.org/@sigstore/sign/-/sign-3.1.0.tgz. Extracting by manifest.
5133 silly tarball no local data for @sigstore/verify@https://registry.npmjs.org/@sigstore/verify/-/verify-2.1.1.tgz. Extracting by manifest.
5134 silly tarball no local data for @sigstore/protobuf-specs@https://registry.npmjs.org/@sigstore/protobuf-specs/-/protobuf-specs-0.4.3.tgz. Extracting by manifest.
5135 silly tarball no local data for randombytes@https://registry.npmjs.org/randombytes/-/randombytes-2.1.0.tgz. Extracting by manifest.
5136 silly tarball no local data for @sigstore/bundle@https://registry.npmjs.org/@sigstore/bundle/-/bundle-3.1.0.tgz. Extracting by manifest.
5137 silly tarball no local data for ajv-keywords@https://registry.npmjs.org/ajv-keywords/-/ajv-keywords-5.1.0.tgz. Extracting by manifest.
5138 silly tarball no local data for @sigstore/core@https://registry.npmjs.org/@sigstore/core/-/core-2.0.0.tgz. Extracting by manifest.
5139 silly tarball no local data for neo-async@https://registry.npmjs.org/neo-async/-/neo-async-2.6.2.tgz. Extracting by manifest.
5140 silly tarball no local data for @parcel/watcher-win32-x64@https://registry.npmjs.org/@parcel/watcher-win32-x64/-/watcher-win32-x64-2.5.6.tgz. Extracting by manifest.
5141 silly tarball no local data for @parcel/watcher@https://registry.npmjs.org/@parcel/watcher/-/watcher-2.5.6.tgz. Extracting by manifest.
5142 silly tarball no local data for @types/json-schema@https://registry.npmjs.org/@types/json-schema/-/json-schema-7.0.15.tgz. Extracting by manifest.
5143 silly tarball no local data for @types/estree@https://registry.npmjs.org/@types/estree/-/estree-1.0.8.tgz. Extracting by manifest.
5144 silly tarball no local data for queue-microtask@https://registry.npmjs.org/queue-microtask/-/queue-microtask-1.2.3.tgz. Extracting by manifest.
5145 silly tarball no local data for immutable@https://registry.npmjs.org/immutable/-/immutable-5.1.6.tgz. Extracting by manifest.
5146 silly tarball no local data for @rollup/rollup-win32-x64-msvc@https://registry.npmjs.org/@rollup/rollup-win32-x64-msvc/-/rollup-win32-x64-msvc-4.59.0.tgz. Extracting by manifest.
5147 silly tarball no local data for @rollup/rollup-win32-x64-gnu@https://registry.npmjs.org/@rollup/rollup-win32-x64-gnu/-/rollup-win32-x64-gnu-4.59.0.tgz. Extracting by manifest.
5148 silly tarball no local data for hasown@https://registry.npmjs.org/hasown/-/hasown-2.0.4.tgz. Extracting by manifest.
5149 silly tarball no local data for supports-preserve-symlinks-flag@https://registry.npmjs.org/supports-preserve-symlinks-flag/-/supports-preserve-symlinks-flag-1.0.0.tgz. Extracting by manifest.
5150 silly tarball no local data for is-core-module@https://registry.npmjs.org/is-core-module/-/is-core-module-2.16.2.tgz. Extracting by manifest.
5151 silly tarball no local data for unicode-match-property-value-ecmascript@https://registry.npmjs.org/unicode-match-property-value-ecmascript/-/unicode-match-property-value-ecmascript-2.2.1.tgz. Extracting by manifest.
5152 silly tarball no local data for path-parse@https://registry.npmjs.org/path-parse/-/path-parse-1.0.7.tgz. Extracting by manifest.
5153 silly tarball no local data for regjsparser@https://registry.npmjs.org/regjsparser/-/regjsparser-0.13.1.tgz. Extracting by manifest.
5154 silly tarball no local data for regjsgen@https://registry.npmjs.org/regjsgen/-/regjsgen-0.8.0.tgz. Extracting by manifest.
5155 silly tarball no local data for unicode-match-property-ecmascript@https://registry.npmjs.org/unicode-match-property-ecmascript/-/unicode-match-property-ecmascript-2.0.0.tgz. Extracting by manifest.
5156 silly tarball no local data for regenerate-unicode-properties@https://registry.npmjs.org/regenerate-unicode-properties/-/regenerate-unicode-properties-10.2.2.tgz. Extracting by manifest.
5157 silly tarball no local data for regenerate@https://registry.npmjs.org/regenerate/-/regenerate-1.4.2.tgz. Extracting by manifest.
5158 silly tarball no local data for retry@https://registry.npmjs.org/retry/-/retry-0.12.0.tgz. Extracting by manifest.
5159 silly tarball no local data for err-code@https://registry.npmjs.org/err-code/-/err-code-2.0.3.tgz. Extracting by manifest.
5160 silly tarball no local data for postcss-selector-parser@https://registry.npmjs.org/postcss-selector-parser/-/postcss-selector-parser-7.1.2.tgz. Extracting by manifest.
5161 silly tarball no local data for cssesc@https://registry.npmjs.org/cssesc/-/cssesc-3.0.0.tgz. Extracting by manifest.
5162 silly tarball no local data for is-arrayish@https://registry.npmjs.org/is-arrayish/-/is-arrayish-0.2.1.tgz. Extracting by manifest.
5163 silly tarball no local data for lines-and-columns@https://registry.npmjs.org/lines-and-columns/-/lines-and-columns-1.2.4.tgz. Extracting by manifest.
5164 silly tarball no local data for error-ex@https://registry.npmjs.org/error-ex/-/error-ex-1.3.4.tgz. Extracting by manifest.
5165 silly tarball no local data for callsites@https://registry.npmjs.org/callsites/-/callsites-3.1.0.tgz. Extracting by manifest.
5166 silly tarball no local data for resolve-from@https://registry.npmjs.org/resolve-from/-/resolve-from-4.0.0.tgz. Extracting by manifest.
5167 silly tarball no local data for argparse@https://registry.npmjs.org/argparse/-/argparse-2.0.1.tgz. Extracting by manifest.
5168 silly tarball no local data for js-yaml@https://registry.npmjs.org/js-yaml/-/js-yaml-4.2.0.tgz. Extracting by manifest.
5169 silly tarball no local data for parent-module@https://registry.npmjs.org/parent-module/-/parent-module-1.0.1.tgz. Extracting by manifest.
5170 silly tarball no local data for jiti@https://registry.npmjs.org/jiti/-/jiti-1.21.7.tgz. Extracting by manifest.
5171 silly tarball no local data for import-fresh@https://registry.npmjs.org/import-fresh/-/import-fresh-3.3.1.tgz. Extracting by manifest.
5172 silly tarball no local data for parse-json@https://registry.npmjs.org/parse-json/-/parse-json-5.2.0.tgz. Extracting by manifest.
5173 silly tarball no local data for cosmiconfig@https://registry.npmjs.org/cosmiconfig/-/cosmiconfig-9.0.2.tgz. Extracting by manifest.
5174 silly tarball no local data for p-limit@https://registry.npmjs.org/p-limit/-/p-limit-4.0.0.tgz. Extracting by manifest.
5175 silly tarball no local data for locate-path@https://registry.npmjs.org/locate-path/-/locate-path-7.2.0.tgz. Extracting by manifest.
5176 silly tarball no local data for p-locate@https://registry.npmjs.org/p-locate/-/p-locate-6.0.0.tgz. Extracting by manifest.
5177 silly tarball no local data for yocto-queue@https://registry.npmjs.org/yocto-queue/-/yocto-queue-1.2.2.tgz. Extracting by manifest.
5178 silly tarball no local data for find-up@https://registry.npmjs.org/find-up/-/find-up-6.3.0.tgz. Extracting by manifest.
5179 silly tarball no local data for @napi-rs/nice-win32-x64-msvc@https://registry.npmjs.org/@napi-rs/nice-win32-x64-msvc/-/nice-win32-x64-msvc-1.1.1.tgz. Extracting by manifest.
5180 silly tarball no local data for @napi-rs/nice@https://registry.npmjs.org/@napi-rs/nice/-/nice-1.1.1.tgz. Extracting by manifest.
5181 silly tarball no local data for jsonparse@https://registry.npmjs.org/jsonparse/-/jsonparse-1.3.1.tgz. Extracting by manifest.
5182 silly tarball no local data for path-exists@https://registry.npmjs.org/path-exists/-/path-exists-5.0.0.tgz. Extracting by manifest.
5183 silly tarball no local data for abbrev@https://registry.npmjs.org/abbrev/-/abbrev-3.0.1.tgz. Extracting by manifest.
5184 silly tarball no local data for parse5-sax-parser@https://registry.npmjs.org/parse5-sax-parser/-/parse5-sax-parser-7.0.0.tgz. Extracting by manifest.
5185 silly tarball no local data for ignore-walk@https://registry.npmjs.org/ignore-walk/-/ignore-walk-7.0.0.tgz. Extracting by manifest.
5186 silly tarball no local data for @npmcli/redact@https://registry.npmjs.org/@npmcli/redact/-/redact-3.2.2.tgz. Extracting by manifest.
5187 silly tarball no local data for minipass-sized@https://registry.npmjs.org/minipass-sized/-/minipass-sized-1.0.3.tgz. Extracting by manifest.
5188 silly tarball no local data for minizlib@https://registry.npmjs.org/minizlib/-/minizlib-3.1.0.tgz. Extracting by manifest.
5189 silly tarball no local data for socks-proxy-agent@https://registry.npmjs.org/socks-proxy-agent/-/socks-proxy-agent-8.0.5.tgz. Extracting by manifest.
5190 silly tarball no local data for encoding@https://registry.npmjs.org/encoding/-/encoding-0.1.13.tgz. Extracting by manifest.
5191 silly tarball no local data for negotiator@https://registry.npmjs.org/negotiator/-/negotiator-1.0.0.tgz. Extracting by manifest.
5192 silly tarball no local data for http-proxy-agent@https://registry.npmjs.org/http-proxy-agent/-/http-proxy-agent-7.0.2.tgz. Extracting by manifest.
5193 silly tarball no local data for http-cache-semantics@https://registry.npmjs.org/http-cache-semantics/-/http-cache-semantics-4.2.0.tgz. Extracting by manifest.
5194 silly tarball no local data for @npmcli/agent@https://registry.npmjs.org/@npmcli/agent/-/agent-3.0.0.tgz. Extracting by manifest.
5195 silly tarball no local data for nopt@https://registry.npmjs.org/nopt/-/nopt-8.1.0.tgz. Extracting by manifest.
5196 silly tarball no local data for minipass-fetch@https://registry.npmjs.org/minipass-fetch/-/minipass-fetch-4.0.1.tgz. Extracting by manifest.
5197 silly tarball no local data for tinyglobby@https://registry.npmjs.org/tinyglobby/-/tinyglobby-0.2.17.tgz. Extracting by manifest.
5198 silly tarball no local data for make-fetch-happen@https://registry.npmjs.org/make-fetch-happen/-/make-fetch-happen-14.0.3.tgz. Extracting by manifest.
5199 silly tarball no local data for exponential-backoff@https://registry.npmjs.org/exponential-backoff/-/exponential-backoff-3.1.3.tgz. Extracting by manifest.
5200 silly tarball no local data for p-map@https://registry.npmjs.org/p-map/-/p-map-7.0.4.tgz. Extracting by manifest.
5201 silly tarball no local data for unique-filename@https://registry.npmjs.org/unique-filename/-/unique-filename-4.0.0.tgz. Extracting by manifest.
5202 silly tarball no local data for @npmcli/fs@https://registry.npmjs.org/@npmcli/fs/-/fs-4.0.0.tgz. Extracting by manifest.
5203 silly tarball no local data for env-paths@https://registry.npmjs.org/env-paths/-/env-paths-2.2.1.tgz. Extracting by manifest.
5204 silly tarball no local data for minipass-collect@https://registry.npmjs.org/minipass-collect/-/minipass-collect-2.0.1.tgz. Extracting by manifest.
5205 silly tarball no local data for @npmcli/node-gyp@https://registry.npmjs.org/@npmcli/node-gyp/-/node-gyp-4.0.0.tgz. Extracting by manifest.
5206 silly tarball no local data for minipass-pipeline@https://registry.npmjs.org/minipass-pipeline/-/minipass-pipeline-1.2.4.tgz. Extracting by manifest.
5207 silly tarball no local data for minipass-flush@https://registry.npmjs.org/minipass-flush/-/minipass-flush-1.0.7.tgz. Extracting by manifest.
5208 silly tarball no local data for validate-npm-package-license@https://registry.npmjs.org/validate-npm-package-license/-/validate-npm-package-license-3.0.4.tgz. Extracting by manifest.
5209 silly tarball no local data for node-gyp@https://registry.npmjs.org/node-gyp/-/node-gyp-11.5.0.tgz. Extracting by manifest.
5210 silly tarball no local data for json-parse-even-better-errors@https://registry.npmjs.org/json-parse-even-better-errors/-/json-parse-even-better-errors-4.0.0.tgz. Extracting by manifest.
5211 silly tarball no local data for npm-bundled@https://registry.npmjs.org/npm-bundled/-/npm-bundled-4.0.0.tgz. Extracting by manifest.
5212 silly tarball no local data for tar@https://registry.npmjs.org/tar/-/tar-6.2.1.tgz. Extracting by manifest.
5213 silly tarball no local data for ssri@https://registry.npmjs.org/ssri/-/ssri-12.0.0.tgz. Extracting by manifest.
5214 silly tarball no local data for promise-retry@https://registry.npmjs.org/promise-retry/-/promise-retry-2.0.1.tgz. Extracting by manifest.
5215 silly tarball no local data for sigstore@https://registry.npmjs.org/sigstore/-/sigstore-3.1.0.tgz. Extracting by manifest.
5216 silly tarball no local data for npm-registry-fetch@https://registry.npmjs.org/npm-registry-fetch/-/npm-registry-fetch-18.0.2.tgz. Extracting by manifest.
5217 silly tarball no local data for npm-packlist@https://registry.npmjs.org/npm-packlist/-/npm-packlist-9.0.0.tgz. Extracting by manifest.
5218 silly tarball no local data for @npmcli/promise-spawn@https://registry.npmjs.org/@npmcli/promise-spawn/-/promise-spawn-8.0.3.tgz. Extracting by manifest.
5219 silly tarball no local data for minipass@https://registry.npmjs.org/minipass/-/minipass-7.1.3.tgz. Extracting by manifest.
5220 silly tarball no local data for @npmcli/installed-package-contents@https://registry.npmjs.org/@npmcli/installed-package-contents/-/installed-package-contents-3.0.0.tgz. Extracting by manifest.
5221 silly tarball no local data for @npmcli/run-script@https://registry.npmjs.org/@npmcli/run-script/-/run-script-9.1.0.tgz. Extracting by manifest.
5222 silly tarball no local data for @npmcli/package-json@https://registry.npmjs.org/@npmcli/package-json/-/package-json-6.2.0.tgz. Extracting by manifest.
5223 silly tarball no local data for fs-minipass@https://registry.npmjs.org/fs-minipass/-/fs-minipass-3.0.3.tgz. Extracting by manifest.
5224 silly tarball no local data for run-applescript@https://registry.npmjs.org/run-applescript/-/run-applescript-7.1.0.tgz. Extracting by manifest.
5225 silly tarball no local data for cacache@https://registry.npmjs.org/cacache/-/cacache-19.0.1.tgz. Extracting by manifest.
5226 silly tarball no local data for @npmcli/git@https://registry.npmjs.org/@npmcli/git/-/git-6.0.3.tgz. Extracting by manifest.
5227 silly tarball no local data for default-browser-id@https://registry.npmjs.org/default-browser-id/-/default-browser-id-5.0.1.tgz. Extracting by manifest.
5228 silly tarball no local data for is-docker@https://registry.npmjs.org/is-docker/-/is-docker-3.0.0.tgz. Extracting by manifest.
5229 silly tarball no local data for is-inside-container@https://registry.npmjs.org/is-inside-container/-/is-inside-container-1.0.0.tgz. Extracting by manifest.
5230 silly tarball no local data for is-wsl@https://registry.npmjs.org/is-wsl/-/is-wsl-3.1.1.tgz. Extracting by manifest.
5231 silly tarball no local data for default-browser@https://registry.npmjs.org/default-browser/-/default-browser-5.5.0.tgz. Extracting by manifest.
5232 silly tarball no local data for define-lazy-prop@https://registry.npmjs.org/define-lazy-prop/-/define-lazy-prop-3.0.0.tgz. Extracting by manifest.
5233 silly tarball no local data for npm-install-checks@https://registry.npmjs.org/npm-install-checks/-/npm-install-checks-7.1.2.tgz. Extracting by manifest.
5234 silly tarball no local data for npm-normalize-package-bin@https://registry.npmjs.org/npm-normalize-package-bin/-/npm-normalize-package-bin-4.0.0.tgz. Extracting by manifest.
5235 silly tarball no local data for validate-npm-package-name@https://registry.npmjs.org/validate-npm-package-name/-/validate-npm-package-name-6.0.2.tgz. Extracting by manifest.
5236 silly tarball no local data for proc-log@https://registry.npmjs.org/proc-log/-/proc-log-5.0.0.tgz. Extracting by manifest.
5237 silly tarball no local data for bundle-name@https://registry.npmjs.org/bundle-name/-/bundle-name-4.1.0.tgz. Extracting by manifest.
5238 silly tarball no local data for @msgpackr-extract/msgpackr-extract-win32-x64@https://registry.npmjs.org/@msgpackr-extract/msgpackr-extract-win32-x64/-/msgpackr-extract-win32-x64-3.0.4.tgz. Extracting by manifest.
5239 silly tarball no local data for detect-libc@https://registry.npmjs.org/detect-libc/-/detect-libc-2.1.2.tgz. Extracting by manifest.
5240 silly tarball no local data for tapable@https://registry.npmjs.org/tapable/-/tapable-2.3.3.tgz. Extracting by manifest.
5241 silly tarball no local data for sax@https://registry.npmjs.org/sax/-/sax-1.6.0.tgz. Extracting by manifest.
5242 silly tarball no local data for hosted-git-info@https://registry.npmjs.org/hosted-git-info/-/hosted-git-info-8.1.0.tgz. Extracting by manifest.
5243 silly tarball no local data for environment@https://registry.npmjs.org/environment/-/environment-1.1.0.tgz. Extracting by manifest.
5244 silly tarball no local data for ordered-binary@https://registry.npmjs.org/ordered-binary/-/ordered-binary-1.6.1.tgz. Extracting by manifest.
5245 silly tarball no local data for msgpackr-extract@https://registry.npmjs.org/msgpackr-extract/-/msgpackr-extract-3.0.4.tgz. Extracting by manifest.
5246 silly tarball no local data for ansi-escapes@https://registry.npmjs.org/ansi-escapes/-/ansi-escapes-7.3.0.tgz. Extracting by manifest.
5247 silly tarball no local data for weak-lru-cache@https://registry.npmjs.org/weak-lru-cache/-/weak-lru-cache-1.2.2.tgz. Extracting by manifest.
5248 silly tarball no local data for node-gyp-build-optional-packages@https://registry.npmjs.org/node-gyp-build-optional-packages/-/node-gyp-build-optional-packages-5.2.2.tgz. Extracting by manifest.
5249 silly tarball no local data for @lmdb/lmdb-win32-x64@https://registry.npmjs.org/@lmdb/lmdb-win32-x64/-/lmdb-win32-x64-3.2.6.tgz. Extracting by manifest.
5250 silly tarball no local data for node-addon-api@https://registry.npmjs.org/node-addon-api/-/node-addon-api-6.1.0.tgz. Extracting by manifest.
5251 silly tarball no local data for msgpackr@https://registry.npmjs.org/msgpackr/-/msgpackr-1.12.1.tgz. Extracting by manifest.
5252 silly tarball no local data for log-update@https://registry.npmjs.org/log-update/-/log-update-6.1.0.tgz. Extracting by manifest.
5253 silly tarball no local data for slice-ansi@https://registry.npmjs.org/slice-ansi/-/slice-ansi-5.0.0.tgz. Extracting by manifest.
5254 silly tarball no local data for cli-truncate@https://registry.npmjs.org/cli-truncate/-/cli-truncate-4.0.0.tgz. Extracting by manifest.
5255 silly tarball no local data for prr@https://registry.npmjs.org/prr/-/prr-1.0.1.tgz. Extracting by manifest.
5256 silly tarball no local data for is-what@https://registry.npmjs.org/is-what/-/is-what-3.14.1.tgz. Extracting by manifest.
5257 silly tarball no local data for colorette@https://registry.npmjs.org/colorette/-/colorette-2.0.20.tgz. Extracting by manifest.
5258 silly tarball no local data for parse-node-version@https://registry.npmjs.org/parse-node-version/-/parse-node-version-1.0.1.tgz. Extracting by manifest.
5259 silly tarball no local data for image-size@https://registry.npmjs.org/image-size/-/image-size-0.5.5.tgz. Extracting by manifest.
5260 silly tarball no local data for errno@https://registry.npmjs.org/errno/-/errno-0.1.8.tgz. Extracting by manifest.
5261 silly tarball no local data for copy-anything@https://registry.npmjs.org/copy-anything/-/copy-anything-2.0.6.tgz. Extracting by manifest.
5262 silly tarball no local data for agent-base@https://registry.npmjs.org/agent-base/-/agent-base-7.1.4.tgz. Extracting by manifest.
5263 silly tarball no local data for needle@https://registry.npmjs.org/needle/-/needle-3.5.0.tgz. Extracting by manifest.
5264 silly tarball no local data for is-plain-object@https://registry.npmjs.org/is-plain-object/-/is-plain-object-5.0.0.tgz. Extracting by manifest.
5265 silly tarball no local data for unicorn-magic@https://registry.npmjs.org/unicorn-magic/-/unicorn-magic-0.3.0.tgz. Extracting by manifest.
5266 silly tarball no local data for @types/http-proxy@https://registry.npmjs.org/@types/http-proxy/-/http-proxy-1.17.17.tgz. Extracting by manifest.
5267 silly tarball no local data for slash@https://registry.npmjs.org/slash/-/slash-5.1.0.tgz. Extracting by manifest.
5268 silly tarball no local data for ignore@https://registry.npmjs.org/ignore/-/ignore-7.0.5.tgz. Extracting by manifest.
5269 silly tarball no local data for @sindresorhus/merge-streams@https://registry.npmjs.org/@sindresorhus/merge-streams/-/merge-streams-2.3.0.tgz. Extracting by manifest.
5270 silly tarball no local data for pkg-dir@https://registry.npmjs.org/pkg-dir/-/pkg-dir-7.0.0.tgz. Extracting by manifest.
5271 silly tarball no local data for path-type@https://registry.npmjs.org/path-type/-/path-type-6.0.0.tgz. Extracting by manifest.
5272 silly tarball no local data for common-path-prefix@https://registry.npmjs.org/common-path-prefix/-/common-path-prefix-3.0.0.tgz. Extracting by manifest.
5273 silly tarball no local data for @nodelib/fs.scandir@https://registry.npmjs.org/@nodelib/fs.scandir/-/fs.scandir-2.1.5.tgz. Extracting by manifest.
5274 silly tarball no local data for reusify@https://registry.npmjs.org/reusify/-/reusify-1.1.0.tgz. Extracting by manifest.
5275 silly tarball no local data for merge2@https://registry.npmjs.org/merge2/-/merge2-1.4.1.tgz. Extracting by manifest.
5276 silly tarball no local data for @nodelib/fs.stat@https://registry.npmjs.org/@nodelib/fs.stat/-/fs.stat-2.0.5.tgz. Extracting by manifest.
5277 silly tarball no local data for run-parallel@https://registry.npmjs.org/run-parallel/-/run-parallel-1.2.0.tgz. Extracting by manifest.
5278 silly tarball no local data for @nodelib/fs.walk@https://registry.npmjs.org/@nodelib/fs.walk/-/fs.walk-1.2.8.tgz. Extracting by manifest.
5279 silly tarball no local data for entities@https://registry.npmjs.org/entities/-/entities-4.5.0.tgz. Extracting by manifest.
5280 silly tarball no local data for @esbuild/win32-x64@https://registry.npmjs.org/@esbuild/win32-x64/-/win32-x64-0.28.0.tgz. Extracting by manifest.
5281 silly tarball no local data for boolbase@https://registry.npmjs.org/boolbase/-/boolbase-1.0.0.tgz. Extracting by manifest.
5282 silly tarball no local data for domutils@https://registry.npmjs.org/domutils/-/domutils-3.2.2.tgz. Extracting by manifest.
5283 silly tarball no local data for domelementtype@https://registry.npmjs.org/domelementtype/-/domelementtype-2.3.0.tgz. Extracting by manifest.
5284 silly tarball no local data for postcss-modules-values@https://registry.npmjs.org/postcss-modules-values/-/postcss-modules-values-4.0.0.tgz. Extracting by manifest.
5285 silly tarball no local data for postcss-modules-scope@https://registry.npmjs.org/postcss-modules-scope/-/postcss-modules-scope-3.2.1.tgz. Extracting by manifest.
5286 silly tarball no local data for postcss-modules-local-by-default@https://registry.npmjs.org/postcss-modules-local-by-default/-/postcss-modules-local-by-default-4.2.0.tgz. Extracting by manifest.
5287 silly tarball no local data for nth-check@https://registry.npmjs.org/nth-check/-/nth-check-2.1.1.tgz. Extracting by manifest.
5288 silly tarball no local data for postcss-modules-extract-imports@https://registry.npmjs.org/postcss-modules-extract-imports/-/postcss-modules-extract-imports-3.1.0.tgz. Extracting by manifest.
5289 silly tarball no local data for icss-utils@https://registry.npmjs.org/icss-utils/-/icss-utils-5.1.0.tgz. Extracting by manifest.
5290 silly tarball no local data for caniuse-lite@https://registry.npmjs.org/caniuse-lite/-/caniuse-lite-1.0.30001797.tgz. Extracting by manifest.
5291 silly tarball no local data for electron-to-chromium@https://registry.npmjs.org/electron-to-chromium/-/electron-to-chromium-1.5.371.tgz. Extracting by manifest.
5292 silly tarball no local data for node-releases@https://registry.npmjs.org/node-releases/-/node-releases-2.0.47.tgz. Extracting by manifest.
5293 silly tarball no local data for update-browserslist-db@https://registry.npmjs.org/update-browserslist-db/-/update-browserslist-db-1.2.3.tgz. Extracting by manifest.
5294 silly tarball no local data for baseline-browser-mapping@https://registry.npmjs.org/baseline-browser-mapping/-/baseline-browser-mapping-2.10.35.tgz. Extracting by manifest.
5295 silly tarball no local data for serialize-javascript@https://registry.npmjs.org/serialize-javascript/-/serialize-javascript-6.0.2.tgz. Extracting by manifest.
5296 silly tarball no local data for browserslist@https://registry.npmjs.org/browserslist/-/browserslist-4.28.2.tgz. Extracting by manifest.
5297 silly tarball no local data for globby@https://registry.npmjs.org/globby/-/globby-14.1.0.tgz. Extracting by manifest.
5298 silly tarball no local data for postcss-media-query-parser@https://registry.npmjs.org/postcss-media-query-parser/-/postcss-media-query-parser-0.2.3.tgz. Extracting by manifest.
5299 silly tarball no local data for htmlparser2@https://registry.npmjs.org/htmlparser2/-/htmlparser2-10.1.0.tgz. Extracting by manifest.
5300 silly tarball no local data for domhandler@https://registry.npmjs.org/domhandler/-/domhandler-5.0.3.tgz. Extracting by manifest.
5301 silly tarball no local data for css-what@https://registry.npmjs.org/css-what/-/css-what-6.2.2.tgz. Extracting by manifest.
5302 silly tarball no local data for css-select@https://registry.npmjs.org/css-select/-/css-select-5.2.2.tgz. Extracting by manifest.
5303 silly tarball no local data for dom-serializer@https://registry.npmjs.org/dom-serializer/-/dom-serializer-2.0.0.tgz. Extracting by manifest.
5304 silly tarball no local data for lodash.debounce@https://registry.npmjs.org/lodash.debounce/-/lodash.debounce-4.0.8.tgz. Extracting by manifest.
5305 silly tarball no local data for find-cache-dir@https://registry.npmjs.org/find-cache-dir/-/find-cache-dir-4.0.0.tgz. Extracting by manifest.
5306 silly tarball no local data for @babel/helper-define-polyfill-provider@https://registry.npmjs.org/@babel/helper-define-polyfill-provider/-/helper-define-polyfill-provider-0.6.8.tgz. Extracting by manifest.
5307 silly tarball no local data for schema-utils@https://registry.npmjs.org/schema-utils/-/schema-utils-4.3.3.tgz. Extracting by manifest.
5308 silly tarball no local data for normalize-range@https://registry.npmjs.org/normalize-range/-/normalize-range-0.1.2.tgz. Extracting by manifest.
5309 silly tarball no local data for postcss-value-parser@https://registry.npmjs.org/postcss-value-parser/-/postcss-value-parser-4.2.0.tgz. Extracting by manifest.
5310 silly tarball no local data for json-schema-traverse@https://registry.npmjs.org/json-schema-traverse/-/json-schema-traverse-1.0.0.tgz. Extracting by manifest.
5311 silly tarball no local data for fast-uri@https://registry.npmjs.org/fast-uri/-/fast-uri-3.1.2.tgz. Extracting by manifest.
5312 silly tarball no local data for fraction.js@https://registry.npmjs.org/fraction.js/-/fraction.js-4.3.7.tgz. Extracting by manifest.
5313 silly tarball no local data for require-from-string@https://registry.npmjs.org/require-from-string/-/require-from-string-2.0.2.tgz. Extracting by manifest.
5314 silly tarball no local data for micromatch@https://registry.npmjs.org/micromatch/-/micromatch-4.0.8.tgz. Extracting by manifest.
5315 silly tarball no local data for @primeuix/utils@https://registry.npmjs.org/@primeuix/utils/-/utils-0.3.2.tgz. Extracting by manifest.
5316 silly tarball no local data for fastq@https://registry.npmjs.org/fastq/-/fastq-1.20.1.tgz. Extracting by manifest.
5317 silly tarball no local data for @primeuix/styled@https://registry.npmjs.org/@primeuix/styled/-/styled-0.3.2.tgz. Extracting by manifest.
5318 silly tarball no local data for chardet@https://registry.npmjs.org/chardet/-/chardet-2.1.1.tgz. Extracting by manifest.
5319 silly tarball no local data for fast-deep-equal@https://registry.npmjs.org/fast-deep-equal/-/fast-deep-equal-3.1.3.tgz. Extracting by manifest.
5320 silly tarball no local data for @inquirer/select@https://registry.npmjs.org/@inquirer/select/-/select-4.4.2.tgz. Extracting by manifest.
5321 silly tarball no local data for @inquirer/number@https://registry.npmjs.org/@inquirer/number/-/number-3.0.23.tgz. Extracting by manifest.
5322 silly tarball no local data for @inquirer/search@https://registry.npmjs.org/@inquirer/search/-/search-3.2.2.tgz. Extracting by manifest.
5323 silly tarball no local data for @inquirer/rawlist@https://registry.npmjs.org/@inquirer/rawlist/-/rawlist-4.1.11.tgz. Extracting by manifest.
5324 silly tarball no local data for @inquirer/password@https://registry.npmjs.org/@inquirer/password/-/password-4.0.23.tgz. Extracting by manifest.
5325 silly tarball no local data for @inquirer/input@https://registry.npmjs.org/@inquirer/input/-/input-4.3.1.tgz. Extracting by manifest.
5326 silly tarball no local data for @inquirer/checkbox@https://registry.npmjs.org/@inquirer/checkbox/-/checkbox-4.3.2.tgz. Extracting by manifest.
5327 silly tarball no local data for @inquirer/expand@https://registry.npmjs.org/@inquirer/expand/-/expand-4.0.23.tgz. Extracting by manifest.
5328 silly tarball no local data for @inquirer/figures@https://registry.npmjs.org/@inquirer/figures/-/figures-1.0.15.tgz. Extracting by manifest.
5329 silly tarball no local data for @inquirer/editor@https://registry.npmjs.org/@inquirer/editor/-/editor-4.2.23.tgz. Extracting by manifest.
5330 silly tarball no local data for @inquirer/external-editor@https://registry.npmjs.org/@inquirer/external-editor/-/external-editor-1.0.3.tgz. Extracting by manifest.
5331 silly tarball no local data for mute-stream@https://registry.npmjs.org/mute-stream/-/mute-stream-2.0.0.tgz. Extracting by manifest.
5332 silly tarball no local data for yoctocolors-cjs@https://registry.npmjs.org/yoctocolors-cjs/-/yoctocolors-cjs-2.1.3.tgz. Extracting by manifest.
5333 silly tarball no local data for @babel/helper-string-parser@https://registry.npmjs.org/@babel/helper-string-parser/-/helper-string-parser-7.29.7.tgz. Extracting by manifest.
5334 silly tarball no local data for @inquirer/core@https://registry.npmjs.org/@inquirer/core/-/core-10.3.2.tgz. Extracting by manifest.
5335 silly tarball no local data for cli-width@https://registry.npmjs.org/cli-width/-/cli-width-4.1.0.tgz. Extracting by manifest.
5336 silly tarball no local data for @inquirer/ansi@https://registry.npmjs.org/@inquirer/ansi/-/ansi-1.0.2.tgz. Extracting by manifest.
5337 silly tarball no local data for @babel/parser@https://registry.npmjs.org/@babel/parser/-/parser-7.29.7.tgz. Extracting by manifest.
5338 silly tarball no local data for @inquirer/type@https://registry.npmjs.org/@inquirer/type/-/type-3.0.10.tgz. Extracting by manifest.
5339 silly tarball no local data for esutils@https://registry.npmjs.org/esutils/-/esutils-2.0.3.tgz. Extracting by manifest.
5340 silly tarball no local data for regenerator-runtime@https://registry.npmjs.org/regenerator-runtime/-/regenerator-runtime-0.14.1.tgz. Extracting by manifest.
5341 silly tarball no local data for @babel/code-frame@https://registry.npmjs.org/@babel/code-frame/-/code-frame-7.29.7.tgz. Extracting by manifest.
5342 silly tarball no local data for @babel/helper-module-imports@https://registry.npmjs.org/@babel/helper-module-imports/-/helper-module-imports-7.29.7.tgz. Extracting by manifest.
5343 silly tarball no local data for @babel/helper-module-transforms@https://registry.npmjs.org/@babel/helper-module-transforms/-/helper-module-transforms-7.29.7.tgz. Extracting by manifest.
5344 silly tarball no local data for @babel/helper-validator-option@https://registry.npmjs.org/@babel/helper-validator-option/-/helper-validator-option-7.29.7.tgz. Extracting by manifest.
5345 silly tarball no local data for @babel/helper-validator-identifier@https://registry.npmjs.org/@babel/helper-validator-identifier/-/helper-validator-identifier-7.29.7.tgz. Extracting by manifest.
5346 silly tarball no local data for @babel/compat-data@https://registry.npmjs.org/@babel/compat-data/-/compat-data-7.29.7.tgz. Extracting by manifest.
5347 silly tarball no local data for @babel/helper-globals@https://registry.npmjs.org/@babel/helper-globals/-/helper-globals-7.29.7.tgz. Extracting by manifest.
5348 silly tarball no local data for @babel/helper-replace-supers@https://registry.npmjs.org/@babel/helper-replace-supers/-/helper-replace-supers-7.29.7.tgz. Extracting by manifest.
5349 silly tarball no local data for @babel/helper-compilation-targets@https://registry.npmjs.org/@babel/helper-compilation-targets/-/helper-compilation-targets-7.29.7.tgz. Extracting by manifest.
5350 silly tarball no local data for @babel/helper-member-expression-to-functions@https://registry.npmjs.org/@babel/helper-member-expression-to-functions/-/helper-member-expression-to-functions-7.29.7.tgz. Extracting by manifest.
5351 silly tarball no local data for regexpu-core@https://registry.npmjs.org/regexpu-core/-/regexpu-core-6.4.0.tgz. Extracting by manifest.
5352 silly tarball no local data for @babel/helper-optimise-call-expression@https://registry.npmjs.org/@babel/helper-optimise-call-expression/-/helper-optimise-call-expression-7.29.7.tgz. Extracting by manifest.
5353 silly tarball no local data for core-js-compat@https://registry.npmjs.org/core-js-compat/-/core-js-compat-3.49.0.tgz. Extracting by manifest.
5354 silly tarball no local data for @babel/helper-create-regexp-features-plugin@https://registry.npmjs.org/@babel/helper-create-regexp-features-plugin/-/helper-create-regexp-features-plugin-7.29.7.tgz. Extracting by manifest.
5355 silly tarball no local data for @babel/helper-skip-transparent-expression-wrappers@https://registry.npmjs.org/@babel/helper-skip-transparent-expression-wrappers/-/helper-skip-transparent-expression-wrappers-7.29.7.tgz. Extracting by manifest.
5356 silly tarball no local data for @babel/preset-modules@https://registry.npmjs.org/@babel/preset-modules/-/preset-modules-0.1.6-no-external-plugins.tgz. Extracting by manifest.
5357 silly tarball no local data for @babel/helper-create-class-features-plugin@https://registry.npmjs.org/@babel/helper-create-class-features-plugin/-/helper-create-class-features-plugin-7.29.7.tgz. Extracting by manifest.
5358 silly tarball no local data for @babel/plugin-transform-unicode-sets-regex@https://registry.npmjs.org/@babel/plugin-transform-unicode-sets-regex/-/plugin-transform-unicode-sets-regex-7.29.7.tgz. Extracting by manifest.
5359 silly tarball no local data for @babel/plugin-transform-template-literals@https://registry.npmjs.org/@babel/plugin-transform-template-literals/-/plugin-transform-template-literals-7.29.7.tgz. Extracting by manifest.
5360 silly tarball no local data for @babel/plugin-transform-unicode-property-regex@https://registry.npmjs.org/@babel/plugin-transform-unicode-property-regex/-/plugin-transform-unicode-property-regex-7.29.7.tgz. Extracting by manifest.
5361 silly tarball no local data for @babel/plugin-transform-typeof-symbol@https://registry.npmjs.org/@babel/plugin-transform-typeof-symbol/-/plugin-transform-typeof-symbol-7.29.7.tgz. Extracting by manifest.
5362 silly tarball no local data for @babel/plugin-transform-sticky-regex@https://registry.npmjs.org/@babel/plugin-transform-sticky-regex/-/plugin-transform-sticky-regex-7.29.7.tgz. Extracting by manifest.
5363 silly tarball no local data for @babel/plugin-transform-spread@https://registry.npmjs.org/@babel/plugin-transform-spread/-/plugin-transform-spread-7.29.7.tgz. Extracting by manifest.
5364 silly tarball no local data for @babel/plugin-transform-unicode-escapes@https://registry.npmjs.org/@babel/plugin-transform-unicode-escapes/-/plugin-transform-unicode-escapes-7.29.7.tgz. Extracting by manifest.
5365 silly tarball no local data for @babel/plugin-transform-shorthand-properties@https://registry.npmjs.org/@babel/plugin-transform-shorthand-properties/-/plugin-transform-shorthand-properties-7.29.7.tgz. Extracting by manifest.
5366 silly tarball no local data for @babel/plugin-transform-reserved-words@https://registry.npmjs.org/@babel/plugin-transform-reserved-words/-/plugin-transform-reserved-words-7.29.7.tgz. Extracting by manifest.
5367 silly tarball no local data for @babel/plugin-transform-regexp-modifiers@https://registry.npmjs.org/@babel/plugin-transform-regexp-modifiers/-/plugin-transform-regexp-modifiers-7.29.7.tgz. Extracting by manifest.
5368 silly tarball no local data for @babel/plugin-transform-regenerator@https://registry.npmjs.org/@babel/plugin-transform-regenerator/-/plugin-transform-regenerator-7.29.7.tgz. Extracting by manifest.
5369 silly tarball no local data for @babel/plugin-transform-private-property-in-object@https://registry.npmjs.org/@babel/plugin-transform-private-property-in-object/-/plugin-transform-private-property-in-object-7.29.7.tgz. Extracting by manifest.
5370 silly tarball no local data for @babel/plugin-transform-unicode-regex@https://registry.npmjs.org/@babel/plugin-transform-unicode-regex/-/plugin-transform-unicode-regex-7.29.7.tgz. Extracting by manifest.
5371 silly tarball no local data for @babel/plugin-transform-property-literals@https://registry.npmjs.org/@babel/plugin-transform-property-literals/-/plugin-transform-property-literals-7.29.7.tgz. Extracting by manifest.
5372 silly tarball no local data for @babel/plugin-transform-parameters@https://registry.npmjs.org/@babel/plugin-transform-parameters/-/plugin-transform-parameters-7.29.7.tgz. Extracting by manifest.
5373 silly tarball no local data for @babel/plugin-transform-object-super@https://registry.npmjs.org/@babel/plugin-transform-object-super/-/plugin-transform-object-super-7.29.7.tgz. Extracting by manifest.
5374 silly tarball no local data for @babel/plugin-transform-private-methods@https://registry.npmjs.org/@babel/plugin-transform-private-methods/-/plugin-transform-private-methods-7.29.7.tgz. Extracting by manifest.
5375 silly tarball no local data for @babel/plugin-transform-numeric-separator@https://registry.npmjs.org/@babel/plugin-transform-numeric-separator/-/plugin-transform-numeric-separator-7.29.7.tgz. Extracting by manifest.
5376 silly tarball no local data for @babel/plugin-transform-optional-chaining@https://registry.npmjs.org/@babel/plugin-transform-optional-chaining/-/plugin-transform-optional-chaining-7.29.7.tgz. Extracting by manifest.
5377 silly tarball no local data for @babel/plugin-transform-object-rest-spread@https://registry.npmjs.org/@babel/plugin-transform-object-rest-spread/-/plugin-transform-object-rest-spread-7.29.7.tgz. Extracting by manifest.
5378 silly tarball no local data for @babel/plugin-transform-nullish-coalescing-operator@https://registry.npmjs.org/@babel/plugin-transform-nullish-coalescing-operator/-/plugin-transform-nullish-coalescing-operator-7.29.7.tgz. Extracting by manifest.
5379 silly tarball no local data for @babel/plugin-transform-new-target@https://registry.npmjs.org/@babel/plugin-transform-new-target/-/plugin-transform-new-target-7.29.7.tgz. Extracting by manifest.
5380 silly tarball no local data for @babel/plugin-transform-named-capturing-groups-regex@https://registry.npmjs.org/@babel/plugin-transform-named-capturing-groups-regex/-/plugin-transform-named-capturing-groups-regex-7.29.7.tgz. Extracting by manifest.
5381 silly tarball no local data for @babel/plugin-transform-modules-umd@https://registry.npmjs.org/@babel/plugin-transform-modules-umd/-/plugin-transform-modules-umd-7.29.7.tgz. Extracting by manifest.
5382 silly tarball no local data for @babel/plugin-transform-modules-systemjs@https://registry.npmjs.org/@babel/plugin-transform-modules-systemjs/-/plugin-transform-modules-systemjs-7.29.7.tgz. Extracting by manifest.
5383 silly tarball no local data for @babel/plugin-transform-modules-amd@https://registry.npmjs.org/@babel/plugin-transform-modules-amd/-/plugin-transform-modules-amd-7.29.7.tgz. Extracting by manifest.
5384 silly tarball no local data for @babel/plugin-transform-json-strings@https://registry.npmjs.org/@babel/plugin-transform-json-strings/-/plugin-transform-json-strings-7.29.7.tgz. Extracting by manifest.
5385 silly tarball no local data for @babel/plugin-transform-member-expression-literals@https://registry.npmjs.org/@babel/plugin-transform-member-expression-literals/-/plugin-transform-member-expression-literals-7.29.7.tgz. Extracting by manifest.
5386 silly tarball no local data for @babel/plugin-transform-logical-assignment-operators@https://registry.npmjs.org/@babel/plugin-transform-logical-assignment-operators/-/plugin-transform-logical-assignment-operators-7.29.7.tgz. Extracting by manifest.
5387 silly tarball no local data for @babel/plugin-transform-literals@https://registry.npmjs.org/@babel/plugin-transform-literals/-/plugin-transform-literals-7.29.7.tgz. Extracting by manifest.
5388 silly tarball no local data for @babel/plugin-transform-modules-commonjs@https://registry.npmjs.org/@babel/plugin-transform-modules-commonjs/-/plugin-transform-modules-commonjs-7.29.7.tgz. Extracting by manifest.
5389 silly tarball no local data for @babel/plugin-transform-function-name@https://registry.npmjs.org/@babel/plugin-transform-function-name/-/plugin-transform-function-name-7.29.7.tgz. Extracting by manifest.
5390 silly tarball no local data for @babel/plugin-transform-optional-catch-binding@https://registry.npmjs.org/@babel/plugin-transform-optional-catch-binding/-/plugin-transform-optional-catch-binding-7.29.7.tgz. Extracting by manifest.
5391 silly tarball no local data for @babel/plugin-transform-dynamic-import@https://registry.npmjs.org/@babel/plugin-transform-dynamic-import/-/plugin-transform-dynamic-import-7.29.7.tgz. Extracting by manifest.
5392 silly tarball no local data for @babel/plugin-transform-duplicate-named-capturing-groups-regex@https://registry.npmjs.org/@babel/plugin-transform-duplicate-named-capturing-groups-regex/-/plugin-transform-duplicate-named-capturing-groups-regex-7.29.7.tgz. Extracting by manifest.
5393 silly tarball no local data for @babel/plugin-transform-destructuring@https://registry.npmjs.org/@babel/plugin-transform-destructuring/-/plugin-transform-destructuring-7.29.7.tgz. Extracting by manifest.
5394 silly tarball no local data for @babel/plugin-transform-exponentiation-operator@https://registry.npmjs.org/@babel/plugin-transform-exponentiation-operator/-/plugin-transform-exponentiation-operator-7.29.7.tgz. Extracting by manifest.
5395 silly tarball no local data for @babel/plugin-transform-computed-properties@https://registry.npmjs.org/@babel/plugin-transform-computed-properties/-/plugin-transform-computed-properties-7.29.7.tgz. Extracting by manifest.
5396 silly tarball no local data for @babel/plugin-transform-duplicate-keys@https://registry.npmjs.org/@babel/plugin-transform-duplicate-keys/-/plugin-transform-duplicate-keys-7.29.7.tgz. Extracting by manifest.
5397 silly tarball no local data for @babel/plugin-transform-dotall-regex@https://registry.npmjs.org/@babel/plugin-transform-dotall-regex/-/plugin-transform-dotall-regex-7.29.7.tgz. Extracting by manifest.
5398 silly tarball no local data for @babel/plugin-transform-class-static-block@https://registry.npmjs.org/@babel/plugin-transform-class-static-block/-/plugin-transform-class-static-block-7.29.7.tgz. Extracting by manifest.
5399 silly tarball no local data for @babel/plugin-transform-block-scoping@https://registry.npmjs.org/@babel/plugin-transform-block-scoping/-/plugin-transform-block-scoping-7.29.7.tgz. Extracting by manifest.
5400 silly tarball no local data for @babel/plugin-transform-class-properties@https://registry.npmjs.org/@babel/plugin-transform-class-properties/-/plugin-transform-class-properties-7.29.7.tgz. Extracting by manifest.
5401 silly tarball no local data for @babel/plugin-transform-block-scoped-functions@https://registry.npmjs.org/@babel/plugin-transform-block-scoped-functions/-/plugin-transform-block-scoped-functions-7.29.7.tgz. Extracting by manifest.
5402 silly tarball no local data for @babel/plugin-transform-arrow-functions@https://registry.npmjs.org/@babel/plugin-transform-arrow-functions/-/plugin-transform-arrow-functions-7.29.7.tgz. Extracting by manifest.
5403 silly tarball no local data for @babel/plugin-syntax-unicode-sets-regex@https://registry.npmjs.org/@babel/plugin-syntax-unicode-sets-regex/-/plugin-syntax-unicode-sets-regex-7.18.6.tgz. Extracting by manifest.
5404 silly tarball no local data for @babel/plugin-syntax-import-assertions@https://registry.npmjs.org/@babel/plugin-syntax-import-assertions/-/plugin-syntax-import-assertions-7.29.7.tgz. Extracting by manifest.
5405 silly tarball no local data for @babel/plugin-bugfix-v8-spread-parameters-in-optional-chaining@https://registry.npmjs.org/@babel/plugin-bugfix-v8-spread-parameters-in-optional-chaining/-/plugin-bugfix-v8-spread-parameters-in-optional-chaining-7.29.7.tgz. Extracting by manifest.
5406 silly tarball no local data for @babel/plugin-proposal-private-property-in-object@https://registry.npmjs.org/@babel/plugin-proposal-private-property-in-object/-/plugin-proposal-private-property-in-object-7.21.0-placeholder-for-preset-env.2.tgz. Extracting by manifest.
5407 silly tarball no local data for @babel/plugin-bugfix-v8-static-class-fields-redefine-readonly@https://registry.npmjs.org/@babel/plugin-bugfix-v8-static-class-fields-redefine-readonly/-/plugin-bugfix-v8-static-class-fields-redefine-readonly-7.29.7.tgz. Extracting by manifest.
5408 silly tarball no local data for @babel/plugin-bugfix-safari-id-destructuring-collision-in-function-expression@https://registry.npmjs.org/@babel/plugin-bugfix-safari-id-destructuring-collision-in-function-expression/-/plugin-bugfix-safari-id-destructuring-collision-in-function-expression-7.29.7.tgz. Extracting by manifest.
5409 silly tarball no local data for @babel/plugin-bugfix-safari-class-field-initializer-scope@https://registry.npmjs.org/@babel/plugin-bugfix-safari-class-field-initializer-scope/-/plugin-bugfix-safari-class-field-initializer-scope-7.29.7.tgz. Extracting by manifest.
5410 silly tarball no local data for @babel/plugin-transform-export-namespace-from@https://registry.npmjs.org/@babel/plugin-transform-export-namespace-from/-/plugin-transform-export-namespace-from-7.29.7.tgz. Extracting by manifest.
5411 silly tarball no local data for babel-plugin-polyfill-corejs3@https://registry.npmjs.org/babel-plugin-polyfill-corejs3/-/babel-plugin-polyfill-corejs3-0.11.1.tgz. Extracting by manifest.
5412 silly tarball no local data for babel-plugin-polyfill-corejs2@https://registry.npmjs.org/babel-plugin-polyfill-corejs2/-/babel-plugin-polyfill-corejs2-0.4.17.tgz. Extracting by manifest.
5413 silly tarball no local data for babel-plugin-polyfill-regenerator@https://registry.npmjs.org/babel-plugin-polyfill-regenerator/-/babel-plugin-polyfill-regenerator-0.6.8.tgz. Extracting by manifest.
5414 silly tarball no local data for @babel/types@https://registry.npmjs.org/@babel/types/-/types-7.29.7.tgz. Extracting by manifest.
5415 silly tarball no local data for @babel/traverse@https://registry.npmjs.org/@babel/traverse/-/traverse-7.29.7.tgz. Extracting by manifest.
5416 silly tarball no local data for @babel/plugin-transform-for-of@https://registry.npmjs.org/@babel/plugin-transform-for-of/-/plugin-transform-for-of-7.29.7.tgz. Extracting by manifest.
5417 silly tarball no local data for @babel/helper-wrap-function@https://registry.npmjs.org/@babel/helper-wrap-function/-/helper-wrap-function-7.29.7.tgz. Extracting by manifest.
5418 silly tarball no local data for jsesc@https://registry.npmjs.org/jsesc/-/jsesc-3.1.0.tgz. Extracting by manifest.
5419 silly tarball no local data for reflect-metadata@https://registry.npmjs.org/reflect-metadata/-/reflect-metadata-0.2.2.tgz. Extracting by manifest.
5420 silly tarball no local data for resolve@https://registry.npmjs.org/resolve/-/resolve-1.22.10.tgz. Extracting by manifest.
5421 silly tarball no local data for @babel/plugin-bugfix-firefox-class-in-computed-class-key@https://registry.npmjs.org/@babel/plugin-bugfix-firefox-class-in-computed-class-key/-/plugin-bugfix-firefox-class-in-computed-class-key-7.29.7.tgz. Extracting by manifest.
5422 silly tarball no local data for @babel/template@https://registry.npmjs.org/@babel/template/-/template-7.29.7.tgz. Extracting by manifest.
5423 silly tarball no local data for @babel/helper-remap-async-to-generator@https://registry.npmjs.org/@babel/helper-remap-async-to-generator/-/helper-remap-async-to-generator-7.29.7.tgz. Extracting by manifest.
5424 silly tarball no local data for @babel/helper-plugin-utils@https://registry.npmjs.org/@babel/helper-plugin-utils/-/helper-plugin-utils-7.29.7.tgz. Extracting by manifest.
5425 silly tarball no local data for npm-pick-manifest@https://registry.npmjs.org/npm-pick-manifest/-/npm-pick-manifest-10.0.0.tgz. Extracting by manifest.
5426 silly tarball no local data for npm-package-arg@https://registry.npmjs.org/npm-package-arg/-/npm-package-arg-12.0.2.tgz. Extracting by manifest.
5427 silly tarball no local data for pacote@https://registry.npmjs.org/pacote/-/pacote-20.0.0.tgz. Extracting by manifest.
5428 silly tarball no local data for @babel/core@https://registry.npmjs.org/@babel/core/-/core-7.26.9.tgz. Extracting by manifest.
5429 silly tarball no local data for ini@https://registry.npmjs.org/ini/-/ini-5.0.0.tgz. Extracting by manifest.
5430 silly tarball no local data for @schematics/angular@https://registry.npmjs.org/@schematics/angular/-/angular-19.2.27.tgz. Extracting by manifest.
5431 silly tarball no local data for @angular-devkit/schematics@https://registry.npmjs.org/@angular-devkit/schematics/-/schematics-19.2.27.tgz. Extracting by manifest.
5432 silly tarball no local data for watchpack@https://registry.npmjs.org/watchpack/-/watchpack-2.4.2.tgz. Extracting by manifest.
5433 silly tarball no local data for @inquirer/prompts@https://registry.npmjs.org/@inquirer/prompts/-/prompts-7.3.2.tgz. Extracting by manifest.
5434 silly tarball no local data for rollup@https://registry.npmjs.org/rollup/-/rollup-4.59.0.tgz. Extracting by manifest.
5435 silly tarball no local data for vite@https://registry.npmjs.org/vite/-/vite-6.4.2.tgz. Extracting by manifest.
5436 silly tarball no local data for parse5-html-rewriting-stream@https://registry.npmjs.org/parse5-html-rewriting-stream/-/parse5-html-rewriting-stream-7.0.0.tgz. Extracting by manifest.
5437 silly tarball no local data for lmdb@https://registry.npmjs.org/lmdb/-/lmdb-3.2.6.tgz. Extracting by manifest.
5438 silly tarball no local data for mrmime@https://registry.npmjs.org/mrmime/-/mrmime-2.0.1.tgz. Extracting by manifest.
5439 silly tarball no local data for magic-string@https://registry.npmjs.org/magic-string/-/magic-string-0.30.17.tgz. Extracting by manifest.
5440 silly tarball no local data for https-proxy-agent@https://registry.npmjs.org/https-proxy-agent/-/https-proxy-agent-7.0.6.tgz. Extracting by manifest.
5441 silly tarball no local data for beasties@https://registry.npmjs.org/beasties/-/beasties-0.3.2.tgz. Extracting by manifest.
5442 silly tarball no local data for listr2@https://registry.npmjs.org/listr2/-/listr2-8.2.5.tgz. Extracting by manifest.
5443 silly tarball no local data for @listr2/prompt-adapter-inquirer@https://registry.npmjs.org/@listr2/prompt-adapter-inquirer/-/prompt-adapter-inquirer-2.0.18.tgz. Extracting by manifest.
5444 silly tarball no local data for @inquirer/confirm@https://registry.npmjs.org/@inquirer/confirm/-/confirm-5.1.6.tgz. Extracting by manifest.
5445 silly tarball no local data for @babel/plugin-syntax-import-attributes@https://registry.npmjs.org/@babel/plugin-syntax-import-attributes/-/plugin-syntax-import-attributes-7.26.0.tgz. Extracting by manifest.
5446 silly tarball no local data for ajv-formats@https://registry.npmjs.org/ajv-formats/-/ajv-formats-3.0.1.tgz. Extracting by manifest.
5447 silly tarball no local data for ajv@https://registry.npmjs.org/ajv/-/ajv-8.18.0.tgz. Extracting by manifest.
5448 silly tarball no local data for webpack-merge@https://registry.npmjs.org/webpack-merge/-/webpack-merge-6.0.1.tgz. Extracting by manifest.
5449 silly tarball no local data for webpack-dev-server@https://registry.npmjs.org/webpack-dev-server/-/webpack-dev-server-5.2.2.tgz. Extracting by manifest.
5450 silly tarball no local data for webpack@https://registry.npmjs.org/webpack/-/webpack-5.105.0.tgz. Extracting by manifest.
5451 silly tarball no local data for webpack-dev-middleware@https://registry.npmjs.org/webpack-dev-middleware/-/webpack-dev-middleware-7.4.2.tgz. Extracting by manifest.
5452 silly tarball no local data for terser@https://registry.npmjs.org/terser/-/terser-5.39.0.tgz. Extracting by manifest.
5453 silly tarball no local data for source-map-loader@https://registry.npmjs.org/source-map-loader/-/source-map-loader-5.0.0.tgz. Extracting by manifest.
5454 silly tarball no local data for sass-loader@https://registry.npmjs.org/sass-loader/-/sass-loader-16.0.5.tgz. Extracting by manifest.
5455 silly tarball no local data for sass@https://registry.npmjs.org/sass/-/sass-1.85.0.tgz. Extracting by manifest.
5456 silly tarball no local data for source-map@https://registry.npmjs.org/source-map/-/source-map-0.7.4.tgz. Extracting by manifest.
5457 silly tarball no local data for postcss-loader@https://registry.npmjs.org/postcss-loader/-/postcss-loader-8.1.1.tgz. Extracting by manifest.
5458 silly tarball no local data for postcss@https://registry.npmjs.org/postcss/-/postcss-8.5.12.tgz. Extracting by manifest.
5459 silly tarball no local data for piscina@https://registry.npmjs.org/piscina/-/piscina-4.8.0.tgz. Extracting by manifest.
5460 silly tarball no local data for loader-utils@https://registry.npmjs.org/loader-utils/-/loader-utils-3.3.1.tgz. Extracting by manifest.
5461 silly tarball no local data for less@https://registry.npmjs.org/less/-/less-4.2.2.tgz. Extracting by manifest.
5462 silly tarball no local data for less-loader@https://registry.npmjs.org/less-loader/-/less-loader-12.2.0.tgz. Extracting by manifest.
5463 silly tarball no local data for jsonc-parser@https://registry.npmjs.org/jsonc-parser/-/jsonc-parser-3.3.1.tgz. Extracting by manifest.
5464 silly tarball no local data for http-proxy-middleware@https://registry.npmjs.org/http-proxy-middleware/-/http-proxy-middleware-3.0.5.tgz. Extracting by manifest.
5465 silly tarball no local data for fast-glob@https://registry.npmjs.org/fast-glob/-/fast-glob-3.3.3.tgz. Extracting by manifest.
5466 silly tarball no local data for esbuild-wasm@https://registry.npmjs.org/esbuild-wasm/-/esbuild-wasm-0.28.0.tgz. Extracting by manifest.
5467 silly tarball no local data for esbuild@https://registry.npmjs.org/esbuild/-/esbuild-0.28.0.tgz. Extracting by manifest.
5468 silly tarball no local data for copy-webpack-plugin@https://registry.npmjs.org/copy-webpack-plugin/-/copy-webpack-plugin-12.0.2.tgz. Extracting by manifest.
5469 silly tarball no local data for css-loader@https://registry.npmjs.org/css-loader/-/css-loader-7.1.2.tgz. Extracting by manifest.
5470 silly tarball no local data for babel-loader@https://registry.npmjs.org/babel-loader/-/babel-loader-9.2.1.tgz. Extracting by manifest.
5471 silly tarball no local data for autoprefixer@https://registry.npmjs.org/autoprefixer/-/autoprefixer-10.4.20.tgz. Extracting by manifest.
5472 silly tarball no local data for @vitejs/plugin-basic-ssl@https://registry.npmjs.org/@vitejs/plugin-basic-ssl/-/plugin-basic-ssl-1.2.0.tgz. Extracting by manifest.
5473 silly tarball no local data for @discoveryjs/json-ext@https://registry.npmjs.org/@discoveryjs/json-ext/-/json-ext-0.6.3.tgz. Extracting by manifest.
5474 silly tarball no local data for @ngtools/webpack@https://registry.npmjs.org/@ngtools/webpack/-/webpack-19.2.27.tgz. Extracting by manifest.
5475 silly tarball no local data for @babel/runtime@https://registry.npmjs.org/@babel/runtime/-/runtime-7.26.10.tgz. Extracting by manifest.
5476 silly tarball no local data for @babel/plugin-transform-runtime@https://registry.npmjs.org/@babel/plugin-transform-runtime/-/plugin-transform-runtime-7.26.10.tgz. Extracting by manifest.
5477 silly tarball no local data for @babel/preset-env@https://registry.npmjs.org/@babel/preset-env/-/preset-env-7.26.9.tgz. Extracting by manifest.
5478 silly tarball no local data for @babel/plugin-transform-async-to-generator@https://registry.npmjs.org/@babel/plugin-transform-async-to-generator/-/plugin-transform-async-to-generator-7.25.9.tgz. Extracting by manifest.
5479 silly tarball no local data for @babel/plugin-transform-async-generator-functions@https://registry.npmjs.org/@babel/plugin-transform-async-generator-functions/-/plugin-transform-async-generator-functions-7.26.8.tgz. Extracting by manifest.
5480 silly tarball no local data for @babel/helper-annotate-as-pure@https://registry.npmjs.org/@babel/helper-annotate-as-pure/-/helper-annotate-as-pure-7.25.9.tgz. Extracting by manifest.
5481 silly tarball no local data for @babel/helper-split-export-declaration@https://registry.npmjs.org/@babel/helper-split-export-declaration/-/helper-split-export-declaration-7.24.7.tgz. Extracting by manifest.
5482 silly tarball no local data for @angular/build@https://registry.npmjs.org/@angular/build/-/build-19.2.27.tgz. Extracting by manifest.
5483 silly tarball no local data for @angular-devkit/core@https://registry.npmjs.org/@angular-devkit/core/-/core-19.2.27.tgz. Extracting by manifest.
5484 silly tarball no local data for @babel/generator@https://registry.npmjs.org/@babel/generator/-/generator-7.26.10.tgz. Extracting by manifest.
5485 silly tarball no local data for @angular-devkit/build-webpack@https://registry.npmjs.org/@angular-devkit/build-webpack/-/build-webpack-0.1902.27.tgz. Extracting by manifest.
5486 silly tarball no local data for @angular-devkit/architect@https://registry.npmjs.org/@angular-devkit/architect/-/architect-0.1902.27.tgz. Extracting by manifest.
5487 silly tarball no local data for @ampproject/remapping@https://registry.npmjs.org/@ampproject/remapping/-/remapping-2.3.0.tgz. Extracting by manifest.
5488 silly tarball no local data for typescript@https://registry.npmjs.org/typescript/-/typescript-5.5.4.tgz. Extracting by manifest.
5489 silly tarball no local data for zone.js@https://registry.npmjs.org/zone.js/-/zone.js-0.15.1.tgz. Extracting by manifest.
5490 silly tarball no local data for primeng@https://registry.npmjs.org/primeng/-/primeng-19.1.4.tgz. Extracting by manifest.
5491 silly tarball no local data for primeicons@https://registry.npmjs.org/primeicons/-/primeicons-7.0.0.tgz. Extracting by manifest.
5492 silly tarball no local data for jasmine-core@https://registry.npmjs.org/jasmine-core/-/jasmine-core-5.2.0.tgz. Extracting by manifest.
5493 silly tarball no local data for @primeng/themes@https://registry.npmjs.org/@primeng/themes/-/themes-19.1.4.tgz. Extracting by manifest.
5494 silly tarball no local data for @types/jasmine@https://registry.npmjs.org/@types/jasmine/-/jasmine-5.1.15.tgz. Extracting by manifest.
5495 silly tarball no local data for @angular/router@https://registry.npmjs.org/@angular/router/-/router-19.2.25.tgz. Extracting by manifest.
5496 silly tarball no local data for @angular/platform-browser-dynamic@https://registry.npmjs.org/@angular/platform-browser-dynamic/-/platform-browser-dynamic-19.2.25.tgz. Extracting by manifest.
5497 silly tarball no local data for @angular/forms@https://registry.npmjs.org/@angular/forms/-/forms-19.2.25.tgz. Extracting by manifest.
5498 silly tarball no local data for @angular/core@https://registry.npmjs.org/@angular/core/-/core-19.2.25.tgz. Extracting by manifest.
5499 silly tarball no local data for @angular/compiler-cli@https://registry.npmjs.org/@angular/compiler-cli/-/compiler-cli-19.2.25.tgz. Extracting by manifest.
5500 silly tarball no local data for @angular/compiler@https://registry.npmjs.org/@angular/compiler/-/compiler-19.2.25.tgz. Extracting by manifest.
5501 silly tarball no local data for @angular/common@https://registry.npmjs.org/@angular/common/-/common-19.2.25.tgz. Extracting by manifest.
5502 silly tarball no local data for open@https://registry.npmjs.org/open/-/open-10.1.0.tgz. Extracting by manifest.
5503 silly tarball no local data for mini-css-extract-plugin@https://registry.npmjs.org/mini-css-extract-plugin/-/mini-css-extract-plugin-2.9.2.tgz. Extracting by manifest.
5504 silly tarball no local data for @angular-devkit/build-angular@https://registry.npmjs.org/@angular-devkit/build-angular/-/build-angular-19.2.27.tgz. Extracting by manifest.
5505 silly tarball no local data for yargs-parser@https://registry.npmjs.org/yargs-parser/-/yargs-parser-21.1.1.tgz. Extracting by manifest.
5506 silly tarball no local data for yargs@https://registry.npmjs.org/yargs/-/yargs-17.7.2.tgz. Extracting by manifest.
5507 silly tarball no local data for yallist@https://registry.npmjs.org/yallist/-/yallist-3.1.1.tgz. Extracting by manifest.
5508 silly tarball no local data for y18n@https://registry.npmjs.org/y18n/-/y18n-5.0.8.tgz. Extracting by manifest.
5509 silly tarball no local data for wrappy@https://registry.npmjs.org/wrappy/-/wrappy-1.0.2.tgz. Extracting by manifest.
5510 silly tarball no local data for wrap-ansi@https://registry.npmjs.org/wrap-ansi/-/wrap-ansi-7.0.0.tgz. Extracting by manifest.
5511 silly tarball no local data for which@https://registry.npmjs.org/which/-/which-1.3.1.tgz. Extracting by manifest.
5512 silly tarball no local data for webpack-subresource-integrity@https://registry.npmjs.org/webpack-subresource-integrity/-/webpack-subresource-integrity-5.1.0.tgz. Extracting by manifest.
5513 silly tarball no local data for webpack-sources@https://registry.npmjs.org/webpack-sources/-/webpack-sources-3.3.3.tgz. Extracting by manifest.
5514 silly tarball no local data for wcwidth@https://registry.npmjs.org/wcwidth/-/wcwidth-1.0.1.tgz. Extracting by manifest.
5515 silly tarball no local data for void-elements@https://registry.npmjs.org/void-elements/-/void-elements-2.0.1.tgz. Extracting by manifest.
5516 silly tarball no local data for vary@https://registry.npmjs.org/vary/-/vary-1.1.2.tgz. Extracting by manifest.
5517 silly tarball no local data for utils-merge@https://registry.npmjs.org/utils-merge/-/utils-merge-1.0.1.tgz. Extracting by manifest.
5518 silly tarball no local data for util-deprecate@https://registry.npmjs.org/util-deprecate/-/util-deprecate-1.0.2.tgz. Extracting by manifest.
5519 silly tarball no local data for unpipe@https://registry.npmjs.org/unpipe/-/unpipe-1.0.0.tgz. Extracting by manifest.
5520 silly tarball no local data for universalify@https://registry.npmjs.org/universalify/-/universalify-0.1.2.tgz. Extracting by manifest.
5521 silly tarball no local data for @angular/cli@https://registry.npmjs.org/@angular/cli/-/cli-19.2.27.tgz. Extracting by manifest.
5522 silly tarball no local data for undici-types@https://registry.npmjs.org/undici-types/-/undici-types-7.16.0.tgz. Extracting by manifest.
5523 silly tarball no local data for typed-assert@https://registry.npmjs.org/typed-assert/-/typed-assert-1.0.9.tgz. Extracting by manifest.
5524 silly tarball no local data for type-is@https://registry.npmjs.org/type-is/-/type-is-1.6.18.tgz. Extracting by manifest.
5525 silly tarball no local data for tslib@https://registry.npmjs.org/tslib/-/tslib-2.8.1.tgz. Extracting by manifest.
5526 silly tarball no local data for ua-parser-js@https://registry.npmjs.org/ua-parser-js/-/ua-parser-js-0.7.41.tgz. Extracting by manifest.
5527 silly tarball no local data for tree-kill@https://registry.npmjs.org/tree-kill/-/tree-kill-1.2.2.tgz. Extracting by manifest.
5528 silly tarball no local data for toidentifier@https://registry.npmjs.org/toidentifier/-/toidentifier-1.0.1.tgz. Extracting by manifest.
5529 silly tarball no local data for to-regex-range@https://registry.npmjs.org/to-regex-range/-/to-regex-range-5.0.1.tgz. Extracting by manifest.
5530 silly tarball no local data for symbol-observable@https://registry.npmjs.org/symbol-observable/-/symbol-observable-4.0.0.tgz. Extracting by manifest.
5531 silly tarball no local data for supports-color@https://registry.npmjs.org/supports-color/-/supports-color-7.2.0.tgz. Extracting by manifest.
5532 silly tarball no local data for strip-ansi@https://registry.npmjs.org/strip-ansi/-/strip-ansi-6.0.1.tgz. Extracting by manifest.
5533 silly tarball no local data for string_decoder@https://registry.npmjs.org/string_decoder/-/string_decoder-1.3.0.tgz. Extracting by manifest.
5534 silly tarball no local data for string-width@https://registry.npmjs.org/string-width/-/string-width-4.2.3.tgz. Extracting by manifest.
5535 silly tarball no local data for streamroller@https://registry.npmjs.org/streamroller/-/streamroller-3.1.5.tgz. Extracting by manifest.
5536 silly tarball no local data for statuses@https://registry.npmjs.org/statuses/-/statuses-1.5.0.tgz. Extracting by manifest.
5537 silly tarball no local data for source-map-support@https://registry.npmjs.org/source-map-support/-/source-map-support-0.5.21.tgz. Extracting by manifest.
5538 silly tarball no local data for source-map-js@https://registry.npmjs.org/source-map-js/-/source-map-js-1.2.1.tgz. Extracting by manifest.
5539 silly tarball no local data for socket.io-parser@https://registry.npmjs.org/socket.io-parser/-/socket.io-parser-4.2.4.tgz. Extracting by manifest.
5540 silly tarball no local data for socket.io-adapter@https://registry.npmjs.org/socket.io-adapter/-/socket.io-adapter-2.5.5.tgz. Extracting by manifest.
5541 silly tarball no local data for socket.io@https://registry.npmjs.org/socket.io/-/socket.io-4.8.1.tgz. Extracting by manifest.
5542 silly tarball no local data for setprototypeof@https://registry.npmjs.org/setprototypeof/-/setprototypeof-1.2.0.tgz. Extracting by manifest.
5543 silly tarball no local data for safer-buffer@https://registry.npmjs.org/safer-buffer/-/safer-buffer-2.1.2.tgz. Extracting by manifest.
5544 silly tarball no local data for semver@https://registry.npmjs.org/semver/-/semver-7.5.4.tgz. Extracting by manifest.
5545 silly tarball no local data for safe-regex-test@https://registry.npmjs.org/safe-regex-test/-/safe-regex-test-1.1.0.tgz. Extracting by manifest.
5546 silly tarball no local data for signal-exit@https://registry.npmjs.org/signal-exit/-/signal-exit-3.0.7.tgz. Extracting by manifest.
5547 silly tarball no local data for safe-buffer@https://registry.npmjs.org/safe-buffer/-/safe-buffer-5.2.1.tgz. Extracting by manifest.
5548 silly tarball no local data for rimraf@https://registry.npmjs.org/rimraf/-/rimraf-3.0.2.tgz. Extracting by manifest.
5549 silly tarball no local data for restore-cursor@https://registry.npmjs.org/restore-cursor/-/restore-cursor-3.1.0.tgz. Extracting by manifest.
5550 silly tarball no local data for rfdc@https://registry.npmjs.org/rfdc/-/rfdc-1.4.1.tgz. Extracting by manifest.
5551 silly tarball no local data for resolve-url-loader@https://registry.npmjs.org/resolve-url-loader/-/resolve-url-loader-5.0.0.tgz. Extracting by manifest.
5552 silly tarball no local data for requires-port@https://registry.npmjs.org/requires-port/-/requires-port-1.0.0.tgz. Extracting by manifest.
5553 silly tarball no local data for regex-parser@https://registry.npmjs.org/regex-parser/-/regex-parser-2.3.1.tgz. Extracting by manifest.
5554 silly tarball no local data for rxjs@https://registry.npmjs.org/rxjs/-/rxjs-7.8.2.tgz. Extracting by manifest.
5555 silly tarball no local data for require-directory@https://registry.npmjs.org/require-directory/-/require-directory-2.1.1.tgz. Extracting by manifest.
5556 silly tarball no local data for readdirp@https://registry.npmjs.org/readdirp/-/readdirp-3.6.0.tgz. Extracting by manifest.
5557 silly tarball no local data for readable-stream@https://registry.npmjs.org/readable-stream/-/readable-stream-3.6.2.tgz. Extracting by manifest.
5558 silly tarball no local data for qjobs@https://registry.npmjs.org/qjobs/-/qjobs-1.2.0.tgz. Extracting by manifest.
5559 silly tarball no local data for range-parser@https://registry.npmjs.org/range-parser/-/range-parser-1.2.1.tgz. Extracting by manifest.
5560 silly tarball no local data for punycode@https://registry.npmjs.org/punycode/-/punycode-1.4.1.tgz. Extracting by manifest.
5561 silly tarball no local data for picomatch@https://registry.npmjs.org/picomatch/-/picomatch-2.3.1.tgz. Extracting by manifest.
5562 silly tarball no local data for picocolors@https://registry.npmjs.org/picocolors/-/picocolors-1.1.1.tgz. Extracting by manifest.
5563 silly tarball no local data for primeflex@https://registry.npmjs.org/primeflex/-/primeflex-3.3.1.tgz. Extracting by manifest.
5564 silly tarball no local data for path-is-absolute@https://registry.npmjs.org/path-is-absolute/-/path-is-absolute-1.0.1.tgz. Extracting by manifest.
5565 silly tarball no local data for parse5@https://registry.npmjs.org/parse5/-/parse5-7.3.0.tgz. Extracting by manifest.
5566 silly tarball no local data for @babel/plugin-transform-classes@https://registry.npmjs.org/@babel/plugin-transform-classes/-/plugin-transform-classes-7.29.7.tgz. Extracting by manifest.
5567 silly tarball no local data for parseurl@https://registry.npmjs.org/parseurl/-/parseurl-1.3.3.tgz. Extracting by manifest.
5568 silly tarball no local data for ora@https://registry.npmjs.org/ora/-/ora-5.4.1.tgz. Extracting by manifest.
5569 silly tarball no local data for onetime@https://registry.npmjs.org/onetime/-/onetime-5.1.2.tgz. Extracting by manifest.
5570 silly tarball no local data for on-finished@https://registry.npmjs.org/on-finished/-/on-finished-2.4.1.tgz. Extracting by manifest.
5571 silly tarball no local data for once@https://registry.npmjs.org/once/-/once-1.4.0.tgz. Extracting by manifest.
5572 silly tarball no local data for object-assign@https://registry.npmjs.org/object-assign/-/object-assign-4.1.1.tgz. Extracting by manifest.
5573 silly tarball no local data for normalize-path@https://registry.npmjs.org/normalize-path/-/normalize-path-3.0.0.tgz. Extracting by manifest.
5574 silly tarball no local data for nanoid@https://registry.npmjs.org/nanoid/-/nanoid-3.3.11.tgz. Extracting by manifest.
5575 silly tarball no local data for ms@https://registry.npmjs.org/ms/-/ms-2.1.3.tgz. Extracting by manifest.
5576 silly tarball no local data for mkdirp@https://registry.npmjs.org/mkdirp/-/mkdirp-0.5.6.tgz. Extracting by manifest.
5577 silly tarball no local data for minimist@https://registry.npmjs.org/minimist/-/minimist-1.2.8.tgz. Extracting by manifest.
5578 silly tarball no local data for minimatch@https://registry.npmjs.org/minimatch/-/minimatch-3.1.2.tgz. Extracting by manifest.
5579 silly tarball no local data for mime-db@https://registry.npmjs.org/mime-db/-/mime-db-1.52.0.tgz. Extracting by manifest.
5580 silly tarball no local data for mimic-fn@https://registry.npmjs.org/mimic-fn/-/mimic-fn-2.1.0.tgz. Extracting by manifest.
5581 silly tarball no local data for mime-types@https://registry.npmjs.org/mime-types/-/mime-types-2.1.35.tgz. Extracting by manifest.
5582 silly tarball no local data for media-typer@https://registry.npmjs.org/media-typer/-/media-typer-0.3.0.tgz. Extracting by manifest.
5583 silly tarball no local data for mime@https://registry.npmjs.org/mime/-/mime-2.6.0.tgz. Extracting by manifest.
5584 silly tarball no local data for make-dir@https://registry.npmjs.org/make-dir/-/make-dir-4.0.0.tgz. Extracting by manifest.
5585 silly tarball no local data for math-intrinsics@https://registry.npmjs.org/math-intrinsics/-/math-intrinsics-1.1.0.tgz. Extracting by manifest.
5586 silly tarball no local data for lru-cache@https://registry.npmjs.org/lru-cache/-/lru-cache-5.1.1.tgz. Extracting by manifest.
5587 silly tarball no local data for log-symbols@https://registry.npmjs.org/log-symbols/-/log-symbols-4.1.0.tgz. Extracting by manifest.
5588 silly tarball no local data for lodash@https://registry.npmjs.org/lodash/-/lodash-4.17.21.tgz. Extracting by manifest.
5589 silly tarball no local data for log4js@https://registry.npmjs.org/log4js/-/log4js-6.9.1.tgz. Extracting by manifest.
5590 silly tarball no local data for karma-source-map-support@https://registry.npmjs.org/karma-source-map-support/-/karma-source-map-support-1.4.0.tgz. Extracting by manifest.
5591 silly tarball no local data for license-webpack-plugin@https://registry.npmjs.org/license-webpack-plugin/-/license-webpack-plugin-4.0.2.tgz. Extracting by manifest.
5592 silly tarball no local data for karma-jasmine-html-reporter@https://registry.npmjs.org/karma-jasmine-html-reporter/-/karma-jasmine-html-reporter-2.1.0.tgz. Extracting by manifest.
5593 silly tarball no local data for karma-coverage@https://registry.npmjs.org/karma-coverage/-/karma-coverage-2.2.1.tgz. Extracting by manifest.
5594 silly tarball no local data for karma-chrome-launcher@https://registry.npmjs.org/karma-chrome-launcher/-/karma-chrome-launcher-3.2.0.tgz. Extracting by manifest.
5595 silly tarball no local data for karma@https://registry.npmjs.org/karma/-/karma-6.4.4.tgz. Extracting by manifest.
5596 silly tarball no local data for karma-jasmine@https://registry.npmjs.org/karma-jasmine/-/karma-jasmine-5.1.0.tgz. Extracting by manifest.
5597 silly tarball no local data for js-tokens@https://registry.npmjs.org/js-tokens/-/js-tokens-4.0.0.tgz. Extracting by manifest.
5598 silly tarball no local data for istanbul-lib-source-maps@https://registry.npmjs.org/istanbul-lib-source-maps/-/istanbul-lib-source-maps-4.0.1.tgz. Extracting by manifest.
5599 silly tarball no local data for jsonfile@https://registry.npmjs.org/jsonfile/-/jsonfile-4.0.0.tgz. Extracting by manifest.
5600 silly tarball no local data for istanbul-reports@https://registry.npmjs.org/istanbul-reports/-/istanbul-reports-3.2.0.tgz. Extracting by manifest.
5601 silly tarball no local data for istanbul-lib-report@https://registry.npmjs.org/istanbul-lib-report/-/istanbul-lib-report-3.0.1.tgz. Extracting by manifest.
5602 silly tarball no local data for istanbul-lib-coverage@https://registry.npmjs.org/istanbul-lib-coverage/-/istanbul-lib-coverage-3.2.2.tgz. Extracting by manifest.
5603 silly tarball no local data for isexe@https://registry.npmjs.org/isexe/-/isexe-2.0.0.tgz. Extracting by manifest.
5604 silly tarball no local data for istanbul-lib-instrument@https://registry.npmjs.org/istanbul-lib-instrument/-/istanbul-lib-instrument-5.2.1.tgz. Extracting by manifest.
5605 silly tarball no local data for isbinaryfile@https://registry.npmjs.org/isbinaryfile/-/isbinaryfile-4.0.10.tgz. Extracting by manifest.
5606 silly tarball no local data for is-unicode-supported@https://registry.npmjs.org/is-unicode-supported/-/is-unicode-supported-0.1.0.tgz. Extracting by manifest.
5607 silly tarball no local data for json5@https://registry.npmjs.org/json5/-/json5-2.2.3.tgz. Extracting by manifest.
5608 silly tarball no local data for is-regex@https://registry.npmjs.org/is-regex/-/is-regex-1.2.1.tgz. Extracting by manifest.
5609 silly tarball no local data for is-number@https://registry.npmjs.org/is-number/-/is-number-7.0.0.tgz. Extracting by manifest.
5610 silly tarball no local data for is-interactive@https://registry.npmjs.org/is-interactive/-/is-interactive-1.0.0.tgz. Extracting by manifest.
5611 silly tarball no local data for is-glob@https://registry.npmjs.org/is-glob/-/is-glob-4.0.3.tgz. Extracting by manifest.
5612 silly tarball no local data for is-extglob@https://registry.npmjs.org/is-extglob/-/is-extglob-2.1.1.tgz. Extracting by manifest.
5613 silly tarball no local data for @angular/platform-browser@https://registry.npmjs.org/@angular/platform-browser/-/platform-browser-19.2.25.tgz. Extracting by manifest.
5614 silly tarball no local data for is-fullwidth-code-point@https://registry.npmjs.org/is-fullwidth-code-point/-/is-fullwidth-code-point-3.0.0.tgz. Extracting by manifest.
5615 silly tarball no local data for is-binary-path@https://registry.npmjs.org/is-binary-path/-/is-binary-path-2.1.0.tgz. Extracting by manifest.
5616 silly tarball no local data for http-proxy@https://registry.npmjs.org/http-proxy/-/http-proxy-1.18.1.tgz. Extracting by manifest.
5617 silly tarball no local data for inflight@https://registry.npmjs.org/inflight/-/inflight-1.0.6.tgz. Extracting by manifest.
5618 silly tarball no local data for http-errors@https://registry.npmjs.org/http-errors/-/http-errors-2.0.0.tgz. Extracting by manifest.
5619 silly tarball no local data for ieee754@https://registry.npmjs.org/ieee754/-/ieee754-1.2.1.tgz. Extracting by manifest.
5620 silly tarball no local data for html-escaper@https://registry.npmjs.org/html-escaper/-/html-escaper-2.0.2.tgz. Extracting by manifest.
5621 silly tarball no local data for has-tostringtag@https://registry.npmjs.org/has-tostringtag/-/has-tostringtag-1.0.2.tgz. Extracting by manifest.
5622 silly tarball no local data for has-flag@https://registry.npmjs.org/has-flag/-/has-flag-4.0.0.tgz. Extracting by manifest.
5623 silly tarball no local data for has-symbols@https://registry.npmjs.org/has-symbols/-/has-symbols-1.1.0.tgz. Extracting by manifest.
5624 silly tarball no local data for gopd@https://registry.npmjs.org/gopd/-/gopd-1.2.0.tgz. Extracting by manifest.
5625 silly tarball no local data for graceful-fs@https://registry.npmjs.org/graceful-fs/-/graceful-fs-4.2.11.tgz. Extracting by manifest.
5626 silly tarball no local data for glob-parent@https://registry.npmjs.org/glob-parent/-/glob-parent-5.1.2.tgz. Extracting by manifest.
5627 silly tarball no local data for get-proto@https://registry.npmjs.org/get-proto/-/get-proto-1.0.1.tgz. Extracting by manifest.
5628 silly tarball no local data for get-intrinsic@https://registry.npmjs.org/get-intrinsic/-/get-intrinsic-1.3.0.tgz. Extracting by manifest.
5629 silly tarball no local data for get-caller-file@https://registry.npmjs.org/get-caller-file/-/get-caller-file-2.0.5.tgz. Extracting by manifest.
5630 silly tarball no local data for function-bind@https://registry.npmjs.org/function-bind/-/function-bind-1.1.2.tgz. Extracting by manifest.
5631 silly tarball no local data for fs-extra@https://registry.npmjs.org/fs-extra/-/fs-extra-8.1.0.tgz. Extracting by manifest.
5632 silly tarball no local data for fs.realpath@https://registry.npmjs.org/fs.realpath/-/fs.realpath-1.0.0.tgz. Extracting by manifest.
5633 silly tarball no local data for glob@https://registry.npmjs.org/glob/-/glob-7.2.3.tgz. Extracting by manifest.
5634 silly tarball no local data for follow-redirects@https://registry.npmjs.org/follow-redirects/-/follow-redirects-1.15.11.tgz. Extracting by manifest.
5635 silly tarball no local data for gensync@https://registry.npmjs.org/gensync/-/gensync-1.0.0-beta.2.tgz. Extracting by manifest.
5636 silly tarball no local data for fill-range@https://registry.npmjs.org/fill-range/-/fill-range-7.1.1.tgz. Extracting by manifest.
5637 silly tarball no local data for extend@https://registry.npmjs.org/extend/-/extend-3.0.2.tgz. Extracting by manifest.
5638 silly tarball no local data for flatted@https://registry.npmjs.org/flatted/-/flatted-3.3.3.tgz. Extracting by manifest.
5639 silly tarball no local data for finalhandler@https://registry.npmjs.org/finalhandler/-/finalhandler-1.1.2.tgz. Extracting by manifest.
5640 silly tarball no local data for eventemitter3@https://registry.npmjs.org/eventemitter3/-/eventemitter3-4.0.7.tgz. Extracting by manifest.
5641 silly tarball no local data for escape-html@https://registry.npmjs.org/escape-html/-/escape-html-1.0.3.tgz. Extracting by manifest.
5642 silly tarball no local data for escalade@https://registry.npmjs.org/escalade/-/escalade-3.2.0.tgz. Extracting by manifest.
5643 silly tarball no local data for es-object-atoms@https://registry.npmjs.org/es-object-atoms/-/es-object-atoms-1.1.1.tgz. Extracting by manifest.
5644 silly tarball no local data for es-errors@https://registry.npmjs.org/es-errors/-/es-errors-1.3.0.tgz. Extracting by manifest.
5645 silly tarball no local data for es-define-property@https://registry.npmjs.org/es-define-property/-/es-define-property-1.0.1.tgz. Extracting by manifest.
5646 silly tarball no local data for ent@https://registry.npmjs.org/ent/-/ent-2.2.2.tgz. Extracting by manifest.
5647 silly tarball no local data for engine.io-parser@https://registry.npmjs.org/engine.io-parser/-/engine.io-parser-5.2.3.tgz. Extracting by manifest.
5648 silly tarball no local data for engine.io@https://registry.npmjs.org/engine.io/-/engine.io-6.6.4.tgz. Extracting by manifest.
5649 silly tarball no local data for encodeurl@https://registry.npmjs.org/encodeurl/-/encodeurl-1.0.2.tgz. Extracting by manifest.
5650 silly tarball no local data for emojis-list@https://registry.npmjs.org/emojis-list/-/emojis-list-3.0.0.tgz. Extracting by manifest.
5651 silly tarball no local data for inherits@https://registry.npmjs.org/inherits/-/inherits-2.0.4.tgz. Extracting by manifest.
5652 silly tarball no local data for emoji-regex@https://registry.npmjs.org/emoji-regex/-/emoji-regex-8.0.0.tgz. Extracting by manifest.
5653 silly tarball no local data for ee-first@https://registry.npmjs.org/ee-first/-/ee-first-1.1.1.tgz. Extracting by manifest.
5654 silly tarball no local data for dunder-proto@https://registry.npmjs.org/dunder-proto/-/dunder-proto-1.0.1.tgz. Extracting by manifest.
5655 silly tarball no local data for dom-serialize@https://registry.npmjs.org/dom-serialize/-/dom-serialize-2.2.1.tgz. Extracting by manifest.
5656 silly tarball no local data for di@https://registry.npmjs.org/di/-/di-0.0.1.tgz. Extracting by manifest.
5657 silly tarball no local data for defaults@https://registry.npmjs.org/defaults/-/defaults-1.0.4.tgz. Extracting by manifest.
5658 silly tarball no local data for depd@https://registry.npmjs.org/depd/-/depd-2.0.0.tgz. Extracting by manifest.
5659 silly tarball no local data for debug@https://registry.npmjs.org/debug/-/debug-4.4.3.tgz. Extracting by manifest.
5660 silly tarball no local data for cors@https://registry.npmjs.org/cors/-/cors-2.8.5.tgz. Extracting by manifest.
5661 silly tarball no local data for date-format@https://registry.npmjs.org/date-format/-/date-format-4.0.14.tgz. Extracting by manifest.
5662 silly tarball no local data for destroy@https://registry.npmjs.org/destroy/-/destroy-1.2.0.tgz. Extracting by manifest.
5663 silly tarball no local data for connect@https://registry.npmjs.org/connect/-/connect-3.7.0.tgz. Extracting by manifest.
5664 silly tarball no local data for custom-event@https://registry.npmjs.org/custom-event/-/custom-event-1.0.1.tgz. Extracting by manifest.
5665 silly tarball no local data for cookie@https://registry.npmjs.org/cookie/-/cookie-0.7.2.tgz. Extracting by manifest.
5666 silly tarball no local data for convert-source-map@https://registry.npmjs.org/convert-source-map/-/convert-source-map-1.9.0.tgz. Extracting by manifest.
5667 silly tarball no local data for content-type@https://registry.npmjs.org/content-type/-/content-type-1.0.5.tgz. Extracting by manifest.
5668 silly tarball no local data for color-name@https://registry.npmjs.org/color-name/-/color-name-1.1.4.tgz. Extracting by manifest.
5669 silly tarball no local data for concat-map@https://registry.npmjs.org/concat-map/-/concat-map-0.0.1.tgz. Extracting by manifest.
5670 silly tarball no local data for color-convert@https://registry.npmjs.org/color-convert/-/color-convert-2.0.1.tgz. Extracting by manifest.
5671 silly tarball no local data for cliui@https://registry.npmjs.org/cliui/-/cliui-8.0.1.tgz. Extracting by manifest.
5672 silly tarball no local data for cli-spinners@https://registry.npmjs.org/cli-spinners/-/cli-spinners-2.9.2.tgz. Extracting by manifest.
5673 silly tarball no local data for chalk@https://registry.npmjs.org/chalk/-/chalk-4.1.2.tgz. Extracting by manifest.
5674 silly tarball no local data for cli-cursor@https://registry.npmjs.org/cli-cursor/-/cli-cursor-3.1.0.tgz. Extracting by manifest.
5675 silly tarball no local data for call-bound@https://registry.npmjs.org/call-bound/-/call-bound-1.0.4.tgz. Extracting by manifest.
5676 silly tarball no local data for call-bind-apply-helpers@https://registry.npmjs.org/call-bind-apply-helpers/-/call-bind-apply-helpers-1.0.2.tgz. Extracting by manifest.
5677 silly tarball no local data for bytes@https://registry.npmjs.org/bytes/-/bytes-3.1.2.tgz. Extracting by manifest.
5678 silly tarball no local data for buffer@https://registry.npmjs.org/buffer/-/buffer-5.7.1.tgz. Extracting by manifest.
5679 silly tarball no local data for buffer-from@https://registry.npmjs.org/buffer-from/-/buffer-from-1.1.2.tgz. Extracting by manifest.
5680 silly tarball no local data for brace-expansion@https://registry.npmjs.org/brace-expansion/-/brace-expansion-1.1.12.tgz. Extracting by manifest.
5681 silly tarball no local data for braces@https://registry.npmjs.org/braces/-/braces-3.0.3.tgz. Extracting by manifest.
5682 silly tarball no local data for bl@https://registry.npmjs.org/bl/-/bl-4.1.0.tgz. Extracting by manifest.
5683 silly tarball no local data for binary-extensions@https://registry.npmjs.org/binary-extensions/-/binary-extensions-2.3.0.tgz. Extracting by manifest.
5684 silly tarball no local data for big.js@https://registry.npmjs.org/big.js/-/big.js-5.2.2.tgz. Extracting by manifest.
5685 silly tarball no local data for base64id@https://registry.npmjs.org/base64id/-/base64id-2.0.0.tgz. Extracting by manifest.
5686 silly tarball no local data for anymatch@https://registry.npmjs.org/anymatch/-/anymatch-3.1.3.tgz. Extracting by manifest.
5687 silly tarball no local data for base64-js@https://registry.npmjs.org/base64-js/-/base64-js-1.5.1.tgz. Extracting by manifest.
5688 silly tarball no local data for ansi-styles@https://registry.npmjs.org/ansi-styles/-/ansi-styles-4.3.0.tgz. Extracting by manifest.
5689 silly tarball no local data for balanced-match@https://registry.npmjs.org/balanced-match/-/balanced-match-1.0.2.tgz. Extracting by manifest.
5690 silly tarball no local data for adjust-sourcemap-loader@https://registry.npmjs.org/adjust-sourcemap-loader/-/adjust-sourcemap-loader-4.0.0.tgz. Extracting by manifest.
5691 silly tarball no local data for ansi-regex@https://registry.npmjs.org/ansi-regex/-/ansi-regex-5.0.1.tgz. Extracting by manifest.
5692 silly tarball no local data for ansi-colors@https://registry.npmjs.org/ansi-colors/-/ansi-colors-4.1.3.tgz. Extracting by manifest.
5693 silly tarball no local data for @yarnpkg/lockfile@https://registry.npmjs.org/@yarnpkg/lockfile/-/lockfile-1.1.0.tgz. Extracting by manifest.
5694 silly tarball no local data for accepts@https://registry.npmjs.org/accepts/-/accepts-1.3.8.tgz. Extracting by manifest.
5695 silly tarball no local data for @socket.io/component-emitter@https://registry.npmjs.org/@socket.io/component-emitter/-/component-emitter-3.1.2.tgz. Extracting by manifest.
5696 silly tarball no local data for @types/node@https://registry.npmjs.org/@types/node/-/node-24.10.0.tgz. Extracting by manifest.
5697 silly tarball no local data for @jridgewell/trace-mapping@https://registry.npmjs.org/@jridgewell/trace-mapping/-/trace-mapping-0.3.31.tgz. Extracting by manifest.
5698 silly tarball no local data for @jridgewell/sourcemap-codec@https://registry.npmjs.org/@jridgewell/sourcemap-codec/-/sourcemap-codec-1.5.5.tgz. Extracting by manifest.
5699 silly tarball no local data for @jridgewell/gen-mapping@https://registry.npmjs.org/@jridgewell/gen-mapping/-/gen-mapping-0.3.13.tgz. Extracting by manifest.
5700 silly tarball no local data for @jridgewell/resolve-uri@https://registry.npmjs.org/@jridgewell/resolve-uri/-/resolve-uri-3.1.2.tgz. Extracting by manifest.
5701 silly tarball no local data for @istanbuljs/schema@https://registry.npmjs.org/@istanbuljs/schema/-/schema-0.1.3.tgz. Extracting by manifest.
5702 silly tarball no local data for @colors/colors@https://registry.npmjs.org/@colors/colors/-/colors-1.5.0.tgz. Extracting by manifest.
5703 silly tarball no local data for @types/cors@https://registry.npmjs.org/@types/cors/-/cors-2.8.19.tgz. Extracting by manifest.
5704 silly tarball no local data for @babel/helpers@https://registry.npmjs.org/@babel/helpers/-/helpers-7.28.4.tgz. Extracting by manifest.
5705 silly tarball no local data for ansi-styles@https://registry.npmjs.org/ansi-styles/-/ansi-styles-6.2.3.tgz. Extracting by manifest.
5706 silly tarball no local data for emoji-regex@https://registry.npmjs.org/emoji-regex/-/emoji-regex-9.2.2.tgz. Extracting by manifest.
5707 silly tarball no local data for ansi-regex@https://registry.npmjs.org/ansi-regex/-/ansi-regex-6.2.2.tgz. Extracting by manifest.
5708 silly tarball no local data for wrap-ansi@https://registry.npmjs.org/wrap-ansi/-/wrap-ansi-8.1.0.tgz. Extracting by manifest.
5709 silly tarball no local data for strip-ansi@https://registry.npmjs.org/strip-ansi/-/strip-ansi-7.2.0.tgz. Extracting by manifest.
5710 silly tarball no local data for string-width@https://registry.npmjs.org/string-width/-/string-width-5.1.2.tgz. Extracting by manifest.
5711 silly tarball no local data for which@https://registry.npmjs.org/which/-/which-2.0.2.tgz. Extracting by manifest.
5712 silly tarball no local data for signal-exit@https://registry.npmjs.org/signal-exit/-/signal-exit-4.1.0.tgz. Extracting by manifest.
5713 silly tarball no local data for is-plain-object@https://registry.npmjs.org/is-plain-object/-/is-plain-object-2.0.4.tgz. Extracting by manifest.
5714 silly tarball no local data for lru-cache@https://registry.npmjs.org/lru-cache/-/lru-cache-10.4.3.tgz. Extracting by manifest.
5715 silly tarball no local data for safe-buffer@https://registry.npmjs.org/safe-buffer/-/safe-buffer-5.1.2.tgz. Extracting by manifest.
5716 silly tarball no local data for string_decoder@https://registry.npmjs.org/string_decoder/-/string_decoder-1.1.1.tgz. Extracting by manifest.
5717 silly tarball no local data for readable-stream@https://registry.npmjs.org/readable-stream/-/readable-stream-2.3.8.tgz. Extracting by manifest.
5718 silly tarball no local data for statuses@https://registry.npmjs.org/statuses/-/statuses-2.0.2.tgz. Extracting by manifest.
5719 silly tarball no local data for http-errors@https://registry.npmjs.org/http-errors/-/http-errors-2.0.1.tgz. Extracting by manifest.
5720 silly tarball no local data for encodeurl@https://registry.npmjs.org/encodeurl/-/encodeurl-2.0.0.tgz. Extracting by manifest.
5721 silly tarball no local data for mime@https://registry.npmjs.org/mime/-/mime-1.6.0.tgz. Extracting by manifest.
5722 silly tarball no local data for http-errors@https://registry.npmjs.org/http-errors/-/http-errors-2.0.1.tgz. Extracting by manifest.
5723 silly tarball no local data for statuses@https://registry.npmjs.org/statuses/-/statuses-2.0.2.tgz. Extracting by manifest.
5724 silly tarball no local data for encodeurl@https://registry.npmjs.org/encodeurl/-/encodeurl-2.0.0.tgz. Extracting by manifest.
5725 silly tarball no local data for debug@https://registry.npmjs.org/debug/-/debug-2.6.9.tgz. Extracting by manifest.
5726 silly tarball no local data for ms@https://registry.npmjs.org/ms/-/ms-2.0.0.tgz. Extracting by manifest.
5727 silly tarball no local data for ipaddr.js@https://registry.npmjs.org/ipaddr.js/-/ipaddr.js-1.9.1.tgz. Extracting by manifest.
5728 silly tarball no local data for statuses@https://registry.npmjs.org/statuses/-/statuses-2.0.2.tgz. Extracting by manifest.
5729 silly tarball no local data for http-errors@https://registry.npmjs.org/http-errors/-/http-errors-2.0.1.tgz. Extracting by manifest.
5730 silly tarball no local data for ms@https://registry.npmjs.org/ms/-/ms-2.0.0.tgz. Extracting by manifest.
5731 silly tarball no local data for debug@https://registry.npmjs.org/debug/-/debug-2.6.9.tgz. Extracting by manifest.
5732 silly tarball no local data for depd@https://registry.npmjs.org/depd/-/depd-1.1.2.tgz. Extracting by manifest.
5733 silly tarball no local data for ms@https://registry.npmjs.org/ms/-/ms-2.0.0.tgz. Extracting by manifest.
5734 silly tarball no local data for http-errors@https://registry.npmjs.org/http-errors/-/http-errors-1.8.1.tgz. Extracting by manifest.
5735 silly tarball no local data for debug@https://registry.npmjs.org/debug/-/debug-2.6.9.tgz. Extracting by manifest.
5736 silly tarball no local data for retry@https://registry.npmjs.org/retry/-/retry-0.13.1.tgz. Extracting by manifest.
5737 silly tarball no local data for statuses@https://registry.npmjs.org/statuses/-/statuses-2.0.2.tgz. Extracting by manifest.
5738 silly tarball no local data for finalhandler@https://registry.npmjs.org/finalhandler/-/finalhandler-1.3.2.tgz. Extracting by manifest.
5739 silly tarball no local data for negotiator@https://registry.npmjs.org/negotiator/-/negotiator-0.6.4.tgz. Extracting by manifest.
5740 silly tarball no local data for ms@https://registry.npmjs.org/ms/-/ms-2.0.0.tgz. Extracting by manifest.
5741 silly tarball no local data for debug@https://registry.npmjs.org/debug/-/debug-2.6.9.tgz. Extracting by manifest.
5742 silly tarball no local data for encodeurl@https://registry.npmjs.org/encodeurl/-/encodeurl-2.0.0.tgz. Extracting by manifest.
5743 silly tarball no local data for @types/send@https://registry.npmjs.org/@types/send/-/send-0.17.6.tgz. Extracting by manifest.
5744 silly tarball no local data for @jsonjoy.com/buffers@https://registry.npmjs.org/@jsonjoy.com/buffers/-/buffers-1.2.1.tgz. Extracting by manifest.
5745 silly tarball no local data for debug@https://registry.npmjs.org/debug/-/debug-2.6.9.tgz. Extracting by manifest.
5746 silly tarball no local data for @jsonjoy.com/buffers@https://registry.npmjs.org/@jsonjoy.com/buffers/-/buffers-1.2.1.tgz. Extracting by manifest.
5747 silly tarball no local data for @jsonjoy.com/codegen@https://registry.npmjs.org/@jsonjoy.com/codegen/-/codegen-17.67.0.tgz. Extracting by manifest.
5748 silly tarball no local data for @jsonjoy.com/json-pointer@https://registry.npmjs.org/@jsonjoy.com/json-pointer/-/json-pointer-17.67.0.tgz. Extracting by manifest.
5749 silly tarball no local data for ms@https://registry.npmjs.org/ms/-/ms-2.0.0.tgz. Extracting by manifest.
5750 silly tarball no local data for @jsonjoy.com/base64@https://registry.npmjs.org/@jsonjoy.com/base64/-/base64-17.67.0.tgz. Extracting by manifest.
5751 silly tarball no local data for @jsonjoy.com/util@https://registry.npmjs.org/@jsonjoy.com/util/-/util-17.67.0.tgz. Extracting by manifest.
5752 silly tarball no local data for supports-color@https://registry.npmjs.org/supports-color/-/supports-color-8.1.1.tgz. Extracting by manifest.
5753 silly tarball no local data for @jsonjoy.com/json-pack@https://registry.npmjs.org/@jsonjoy.com/json-pack/-/json-pack-17.67.0.tgz. Extracting by manifest.
5754 silly tarball no local data for estraverse@https://registry.npmjs.org/estraverse/-/estraverse-5.3.0.tgz. Extracting by manifest.
5755 silly tarball no local data for brace-expansion@https://registry.npmjs.org/brace-expansion/-/brace-expansion-2.1.1.tgz. Extracting by manifest.
5756 silly tarball no local data for minimatch@https://registry.npmjs.org/minimatch/-/minimatch-9.0.9.tgz. Extracting by manifest.
5757 silly tarball no local data for picomatch@https://registry.npmjs.org/picomatch/-/picomatch-4.0.4.tgz. Extracting by manifest.
5758 silly tarball no local data for json-parse-even-better-errors@https://registry.npmjs.org/json-parse-even-better-errors/-/json-parse-even-better-errors-2.3.1.tgz. Extracting by manifest.
5759 silly tarball no local data for brace-expansion@https://registry.npmjs.org/brace-expansion/-/brace-expansion-2.1.1.tgz. Extracting by manifest.
5760 silly tarball no local data for node-addon-api@https://registry.npmjs.org/node-addon-api/-/node-addon-api-7.1.1.tgz. Extracting by manifest.
5761 silly tarball no local data for minimatch@https://registry.npmjs.org/minimatch/-/minimatch-9.0.9.tgz. Extracting by manifest.
5762 silly tarball no local data for minipass@https://registry.npmjs.org/minipass/-/minipass-3.3.6.tgz. Extracting by manifest.
5763 silly tarball no local data for iconv-lite@https://registry.npmjs.org/iconv-lite/-/iconv-lite-0.6.3.tgz. Extracting by manifest.
5764 silly tarball no local data for picomatch@https://registry.npmjs.org/picomatch/-/picomatch-4.0.4.tgz. Extracting by manifest.
5765 silly tarball no local data for yallist@https://registry.npmjs.org/yallist/-/yallist-4.0.0.tgz. Extracting by manifest.
5766 silly tarball no local data for yallist@https://registry.npmjs.org/yallist/-/yallist-4.0.0.tgz. Extracting by manifest.
5767 silly tarball no local data for minipass@https://registry.npmjs.org/minipass/-/minipass-3.3.6.tgz. Extracting by manifest.
5768 silly tarball no local data for yallist@https://registry.npmjs.org/yallist/-/yallist-4.0.0.tgz. Extracting by manifest.
5769 silly tarball no local data for minipass@https://registry.npmjs.org/minipass/-/minipass-3.3.6.tgz. Extracting by manifest.
5770 silly tarball no local data for isexe@https://registry.npmjs.org/isexe/-/isexe-3.1.5.tgz. Extracting by manifest.
5771 silly tarball no local data for yallist@https://registry.npmjs.org/yallist/-/yallist-5.0.0.tgz. Extracting by manifest.
5772 silly tarball no local data for chownr@https://registry.npmjs.org/chownr/-/chownr-3.0.0.tgz. Extracting by manifest.
5773 silly tarball no local data for tar@https://registry.npmjs.org/tar/-/tar-7.5.16.tgz. Extracting by manifest.
5774 silly tarball no local data for lru-cache@https://registry.npmjs.org/lru-cache/-/lru-cache-10.4.3.tgz. Extracting by manifest.
5775 silly tarball no local data for which@https://registry.npmjs.org/which/-/which-5.0.0.tgz. Extracting by manifest.
5776 silly tarball no local data for yallist@https://registry.npmjs.org/yallist/-/yallist-4.0.0.tgz. Extracting by manifest.
5777 silly tarball no local data for mkdirp@https://registry.npmjs.org/mkdirp/-/mkdirp-1.0.4.tgz. Extracting by manifest.
5778 silly tarball no local data for minizlib@https://registry.npmjs.org/minizlib/-/minizlib-2.1.2.tgz. Extracting by manifest.
5779 silly tarball no local data for minipass@https://registry.npmjs.org/minipass/-/minipass-3.3.6.tgz. Extracting by manifest.
5780 silly tarball no local data for fs-minipass@https://registry.npmjs.org/fs-minipass/-/fs-minipass-2.1.0.tgz. Extracting by manifest.
5781 silly tarball no local data for minipass@https://registry.npmjs.org/minipass/-/minipass-5.0.0.tgz. Extracting by manifest.
5782 silly tarball no local data for minipass@https://registry.npmjs.org/minipass/-/minipass-3.3.6.tgz. Extracting by manifest.
5783 silly tarball no local data for chownr@https://registry.npmjs.org/chownr/-/chownr-3.0.0.tgz. Extracting by manifest.
5784 silly tarball no local data for yallist@https://registry.npmjs.org/yallist/-/yallist-5.0.0.tgz. Extracting by manifest.
5785 silly tarball no local data for brace-expansion@https://registry.npmjs.org/brace-expansion/-/brace-expansion-2.1.1.tgz. Extracting by manifest.
5786 silly tarball no local data for minimatch@https://registry.npmjs.org/minimatch/-/minimatch-9.0.9.tgz. Extracting by manifest.
5787 silly tarball no local data for tar@https://registry.npmjs.org/tar/-/tar-7.5.16.tgz. Extracting by manifest.
5788 silly tarball no local data for lru-cache@https://registry.npmjs.org/lru-cache/-/lru-cache-10.4.3.tgz. Extracting by manifest.
5789 silly tarball no local data for glob@https://registry.npmjs.org/glob/-/glob-10.5.0.tgz. Extracting by manifest.
5790 silly tarball no local data for isexe@https://registry.npmjs.org/isexe/-/isexe-3.1.5.tgz. Extracting by manifest.
5791 silly tarball no local data for which@https://registry.npmjs.org/which/-/which-5.0.0.tgz. Extracting by manifest.
5792 silly tarball no local data for isexe@https://registry.npmjs.org/isexe/-/isexe-3.1.5.tgz. Extracting by manifest.
5793 silly tarball no local data for isexe@https://registry.npmjs.org/isexe/-/isexe-3.1.5.tgz. Extracting by manifest.
5794 silly tarball no local data for which@https://registry.npmjs.org/which/-/which-5.0.0.tgz. Extracting by manifest.
5795 silly tarball no local data for brace-expansion@https://registry.npmjs.org/brace-expansion/-/brace-expansion-2.1.1.tgz. Extracting by manifest.
5796 silly tarball no local data for minimatch@https://registry.npmjs.org/minimatch/-/minimatch-9.0.9.tgz. Extracting by manifest.
5797 silly tarball no local data for which@https://registry.npmjs.org/which/-/which-5.0.0.tgz. Extracting by manifest.
5798 silly tarball no local data for glob@https://registry.npmjs.org/glob/-/glob-10.5.0.tgz. Extracting by manifest.
5799 silly tarball no local data for lru-cache@https://registry.npmjs.org/lru-cache/-/lru-cache-10.4.3.tgz. Extracting by manifest.
5800 silly tarball no local data for lru-cache@https://registry.npmjs.org/lru-cache/-/lru-cache-10.4.3.tgz. Extracting by manifest.
5801 silly tarball no local data for ansi-styles@https://registry.npmjs.org/ansi-styles/-/ansi-styles-6.2.3.tgz. Extracting by manifest.
5802 silly tarball no local data for is-fullwidth-code-point@https://registry.npmjs.org/is-fullwidth-code-point/-/is-fullwidth-code-point-4.0.0.tgz. Extracting by manifest.
5803 silly tarball no local data for emoji-regex@https://registry.npmjs.org/emoji-regex/-/emoji-regex-10.6.0.tgz. Extracting by manifest.
5804 silly tarball no local data for string-width@https://registry.npmjs.org/string-width/-/string-width-7.2.0.tgz. Extracting by manifest.
5805 silly tarball no local data for ansi-regex@https://registry.npmjs.org/ansi-regex/-/ansi-regex-6.2.2.tgz. Extracting by manifest.
5806 silly tarball no local data for is-fullwidth-code-point@https://registry.npmjs.org/is-fullwidth-code-point/-/is-fullwidth-code-point-5.1.0.tgz. Extracting by manifest.
5807 silly tarball no local data for signal-exit@https://registry.npmjs.org/signal-exit/-/signal-exit-4.1.0.tgz. Extracting by manifest.
5808 silly tarball no local data for wrap-ansi@https://registry.npmjs.org/wrap-ansi/-/wrap-ansi-9.0.2.tgz. Extracting by manifest.
5809 silly tarball no local data for ansi-styles@https://registry.npmjs.org/ansi-styles/-/ansi-styles-6.2.3.tgz. Extracting by manifest.
5810 silly tarball no local data for restore-cursor@https://registry.npmjs.org/restore-cursor/-/restore-cursor-5.1.0.tgz. Extracting by manifest.
5811 silly tarball no local data for onetime@https://registry.npmjs.org/onetime/-/onetime-7.0.0.tgz. Extracting by manifest.
5812 silly tarball no local data for cli-cursor@https://registry.npmjs.org/cli-cursor/-/cli-cursor-5.0.0.tgz. Extracting by manifest.
5813 silly tarball no local data for slice-ansi@https://registry.npmjs.org/slice-ansi/-/slice-ansi-7.1.2.tgz. Extracting by manifest.
5814 silly tarball no local data for strip-ansi@https://registry.npmjs.org/strip-ansi/-/strip-ansi-7.2.0.tgz. Extracting by manifest.
5815 silly tarball no local data for ansi-regex@https://registry.npmjs.org/ansi-regex/-/ansi-regex-6.2.2.tgz. Extracting by manifest.
5816 silly tarball no local data for strip-ansi@https://registry.npmjs.org/strip-ansi/-/strip-ansi-7.2.0.tgz. Extracting by manifest.
5817 silly tarball no local data for string-width@https://registry.npmjs.org/string-width/-/string-width-7.2.0.tgz. Extracting by manifest.
5818 silly tarball no local data for emoji-regex@https://registry.npmjs.org/emoji-regex/-/emoji-regex-10.6.0.tgz. Extracting by manifest.
5819 silly tarball no local data for entities@https://registry.npmjs.org/entities/-/entities-7.0.1.tgz. Extracting by manifest.
5820 silly tarball no local data for iconv-lite@https://registry.npmjs.org/iconv-lite/-/iconv-lite-0.6.3.tgz. Extracting by manifest.
5821 silly tarball no local data for resolve@https://registry.npmjs.org/resolve/-/resolve-1.22.12.tgz. Extracting by manifest.
5822 silly tarball no local data for ajv-formats@https://registry.npmjs.org/ajv-formats/-/ajv-formats-2.1.1.tgz. Extracting by manifest.
5823 silly tarball no local data for iconv-lite@https://registry.npmjs.org/iconv-lite/-/iconv-lite-0.7.2.tgz. Extracting by manifest.
5824 silly tarball no local data for semver@https://registry.npmjs.org/semver/-/semver-6.3.1.tgz. Extracting by manifest.
5825 silly tarball no local data for wrap-ansi@https://registry.npmjs.org/wrap-ansi/-/wrap-ansi-6.2.0.tgz. Extracting by manifest.
5826 silly tarball no local data for semver@https://registry.npmjs.org/semver/-/semver-6.3.1.tgz. Extracting by manifest.
5827 silly tarball no local data for signal-exit@https://registry.npmjs.org/signal-exit/-/signal-exit-4.1.0.tgz. Extracting by manifest.
5828 silly tarball no local data for semver@https://registry.npmjs.org/semver/-/semver-6.3.1.tgz. Extracting by manifest.
5829 silly tarball no local data for @babel/helper-annotate-as-pure@https://registry.npmjs.org/@babel/helper-annotate-as-pure/-/helper-annotate-as-pure-7.29.7.tgz. Extracting by manifest.
5830 silly tarball no local data for @babel/helper-annotate-as-pure@https://registry.npmjs.org/@babel/helper-annotate-as-pure/-/helper-annotate-as-pure-7.29.7.tgz. Extracting by manifest.
5831 silly tarball no local data for @babel/helper-annotate-as-pure@https://registry.npmjs.org/@babel/helper-annotate-as-pure/-/helper-annotate-as-pure-7.29.7.tgz. Extracting by manifest.
5832 silly tarball no local data for @babel/helper-annotate-as-pure@https://registry.npmjs.org/@babel/helper-annotate-as-pure/-/helper-annotate-as-pure-7.29.7.tgz. Extracting by manifest.
5833 silly tarball no local data for semver@https://registry.npmjs.org/semver/-/semver-6.3.1.tgz. Extracting by manifest.
5834 silly tarball no local data for @babel/helper-annotate-as-pure@https://registry.npmjs.org/@babel/helper-annotate-as-pure/-/helper-annotate-as-pure-7.29.7.tgz. Extracting by manifest.
5835 silly tarball no local data for @babel/generator@https://registry.npmjs.org/@babel/generator/-/generator-7.29.7.tgz. Extracting by manifest.
5836 silly tarball no local data for semver@https://registry.npmjs.org/semver/-/semver-6.3.1.tgz. Extracting by manifest.
5837 silly tarball no local data for convert-source-map@https://registry.npmjs.org/convert-source-map/-/convert-source-map-2.0.0.tgz. Extracting by manifest.
5838 silly tarball no local data for @inquirer/type@https://registry.npmjs.org/@inquirer/type/-/type-1.5.5.tgz. Extracting by manifest.
5839 silly tarball no local data for mute-stream@https://registry.npmjs.org/mute-stream/-/mute-stream-1.0.0.tgz. Extracting by manifest.
5840 silly tarball no local data for rxjs@https://registry.npmjs.org/rxjs/-/rxjs-7.8.1.tgz. Extracting by manifest.
5841 silly tarball no local data for @esbuild/win32-x64@https://registry.npmjs.org/@esbuild/win32-x64/-/win32-x64-0.25.12.tgz. Extracting by manifest.
5842 silly tarball no local data for ansi-regex@https://registry.npmjs.org/ansi-regex/-/ansi-regex-6.2.2.tgz. Extracting by manifest.
5843 silly tarball no local data for emoji-regex@https://registry.npmjs.org/emoji-regex/-/emoji-regex-10.6.0.tgz. Extracting by manifest.
5844 silly tarball no local data for picomatch@https://registry.npmjs.org/picomatch/-/picomatch-4.0.4.tgz. Extracting by manifest.
5845 silly tarball no local data for esbuild@https://registry.npmjs.org/esbuild/-/esbuild-0.25.12.tgz. Extracting by manifest.
5846 silly tarball no local data for strip-ansi@https://registry.npmjs.org/strip-ansi/-/strip-ansi-7.2.0.tgz. Extracting by manifest.
5847 silly tarball no local data for ansi-styles@https://registry.npmjs.org/ansi-styles/-/ansi-styles-6.2.3.tgz. Extracting by manifest.
5848 silly tarball no local data for string-width@https://registry.npmjs.org/string-width/-/string-width-7.2.0.tgz. Extracting by manifest.
5849 silly tarball no local data for http-proxy-middleware@https://registry.npmjs.org/http-proxy-middleware/-/http-proxy-middleware-2.0.9.tgz. Extracting by manifest.
5850 silly tarball no local data for wrap-ansi@https://registry.npmjs.org/wrap-ansi/-/wrap-ansi-9.0.2.tgz. Extracting by manifest.
5851 silly tarball no local data for watchpack@https://registry.npmjs.org/watchpack/-/watchpack-2.5.1.tgz. Extracting by manifest.
5852 silly tarball no local data for eventemitter3@https://registry.npmjs.org/eventemitter3/-/eventemitter3-5.0.4.tgz. Extracting by manifest.
5853 silly tarball no local data for iconv-lite@https://registry.npmjs.org/iconv-lite/-/iconv-lite-0.6.3.tgz. Extracting by manifest.
5854 silly tarball no local data for json-parse-even-better-errors@https://registry.npmjs.org/json-parse-even-better-errors/-/json-parse-even-better-errors-2.3.1.tgz. Extracting by manifest.
5855 silly tarball no local data for readdirp@https://registry.npmjs.org/readdirp/-/readdirp-4.1.2.tgz. Extracting by manifest.
5856 silly tarball no local data for chokidar@https://registry.npmjs.org/chokidar/-/chokidar-4.0.3.tgz. Extracting by manifest.
5857 silly tarball no local data for semver@https://registry.npmjs.org/semver/-/semver-5.7.2.tgz. Extracting by manifest.
5858 silly tarball no local data for source-map@https://registry.npmjs.org/source-map/-/source-map-0.6.1.tgz. Extracting by manifest.
5859 silly tarball no local data for make-dir@https://registry.npmjs.org/make-dir/-/make-dir-2.1.0.tgz. Extracting by manifest.
5860 silly tarball no local data for mime@https://registry.npmjs.org/mime/-/mime-1.6.0.tgz. Extracting by manifest.
5861 silly tarball no local data for glob-parent@https://registry.npmjs.org/glob-parent/-/glob-parent-6.0.2.tgz. Extracting by manifest.
5862 silly tarball no local data for semver@https://registry.npmjs.org/semver/-/semver-6.3.1.tgz. Extracting by manifest.
5863 silly tarball no local data for convert-source-map@https://registry.npmjs.org/convert-source-map/-/convert-source-map-2.0.0.tgz. Extracting by manifest.
5864 silly tarball no local data for semver@https://registry.npmjs.org/semver/-/semver-6.3.1.tgz. Extracting by manifest.
5865 silly tarball no local data for semver@https://registry.npmjs.org/semver/-/semver-7.7.1.tgz. Extracting by manifest.
5866 silly tarball no local data for @babel/core@https://registry.npmjs.org/@babel/core/-/core-7.26.10.tgz. Extracting by manifest.
5867 silly tarball no local data for semver@https://registry.npmjs.org/semver/-/semver-6.3.1.tgz. Extracting by manifest.
5868 silly tarball no local data for istanbul-lib-instrument@https://registry.npmjs.org/istanbul-lib-instrument/-/istanbul-lib-instrument-6.0.3.tgz. Extracting by manifest.
5869 silly tarball no local data for picomatch@https://registry.npmjs.org/picomatch/-/picomatch-4.0.4.tgz. Extracting by manifest.
5870 silly tarball no local data for rxjs@https://registry.npmjs.org/rxjs/-/rxjs-7.8.1.tgz. Extracting by manifest.
5871 silly tarball no local data for rxjs@https://registry.npmjs.org/rxjs/-/rxjs-7.8.1.tgz. Extracting by manifest.
5872 silly tarball no local data for rxjs@https://registry.npmjs.org/rxjs/-/rxjs-7.8.1.tgz. Extracting by manifest.
5873 silly tarball no local data for readdirp@https://registry.npmjs.org/readdirp/-/readdirp-4.1.2.tgz. Extracting by manifest.
5874 silly tarball no local data for picomatch@https://registry.npmjs.org/picomatch/-/picomatch-4.0.4.tgz. Extracting by manifest.
5875 silly tarball no local data for chokidar@https://registry.npmjs.org/chokidar/-/chokidar-4.0.3.tgz. Extracting by manifest.
5876 silly tarball no local data for semver@https://registry.npmjs.org/semver/-/semver-7.7.1.tgz. Extracting by manifest.
5877 silly tarball no local data for semver@https://registry.npmjs.org/semver/-/semver-7.7.1.tgz. Extracting by manifest.
5878 silly tarball no local data for convert-source-map@https://registry.npmjs.org/convert-source-map/-/convert-source-map-2.0.0.tgz. Extracting by manifest.
5879 silly tarball no local data for semver@https://registry.npmjs.org/semver/-/semver-6.3.1.tgz. Extracting by manifest.
5880 silly tarball no local data for istanbul-lib-instrument@https://registry.npmjs.org/istanbul-lib-instrument/-/istanbul-lib-instrument-6.0.3.tgz. Extracting by manifest.
5881 silly tarball no local data for @babel/core@https://registry.npmjs.org/@babel/core/-/core-7.26.10.tgz. Extracting by manifest.
5882 silly tarball no local data for debug@https://registry.npmjs.org/debug/-/debug-4.3.7.tgz. Extracting by manifest.
5883 silly tarball no local data for source-map@https://registry.npmjs.org/source-map/-/source-map-0.6.1.tgz. Extracting by manifest.
5884 silly tarball no local data for debug@https://registry.npmjs.org/debug/-/debug-4.3.7.tgz. Extracting by manifest.
5885 silly tarball no local data for ws@https://registry.npmjs.org/ws/-/ws-8.17.1.tgz. Extracting by manifest.
5886 silly tarball no local data for picomatch@https://registry.npmjs.org/picomatch/-/picomatch-4.0.4.tgz. Extracting by manifest.
5887 silly tarball no local data for rxjs@https://registry.npmjs.org/rxjs/-/rxjs-7.8.1.tgz. Extracting by manifest.
5888 silly tarball no local data for debug@https://registry.npmjs.org/debug/-/debug-4.3.7.tgz. Extracting by manifest.
5889 silly tarball no local data for entities@https://registry.npmjs.org/entities/-/entities-6.0.1.tgz. Extracting by manifest.
5890 silly tarball no local data for source-map@https://registry.npmjs.org/source-map/-/source-map-0.6.1.tgz. Extracting by manifest.
5891 silly tarball no local data for yargs-parser@https://registry.npmjs.org/yargs-parser/-/yargs-parser-20.2.9.tgz. Extracting by manifest.
5892 silly tarball no local data for jasmine-core@https://registry.npmjs.org/jasmine-core/-/jasmine-core-4.6.1.tgz. Extracting by manifest.
5893 silly tarball no local data for lru-cache@https://registry.npmjs.org/lru-cache/-/lru-cache-6.0.0.tgz. Extracting by manifest.
5894 silly tarball no local data for yargs@https://registry.npmjs.org/yargs/-/yargs-16.2.0.tgz. Extracting by manifest.
5895 silly tarball no local data for yallist@https://registry.npmjs.org/yallist/-/yallist-4.0.0.tgz. Extracting by manifest.
5896 silly tarball no local data for tmp@https://registry.npmjs.org/tmp/-/tmp-0.2.5.tgz. Extracting by manifest.
5897 silly tarball no local data for source-map@https://registry.npmjs.org/source-map/-/source-map-0.6.1.tgz. Extracting by manifest.
5898 silly tarball no local data for cliui@https://registry.npmjs.org/cliui/-/cliui-7.0.4.tgz. Extracting by manifest.
5899 silly tarball no local data for loader-utils@https://registry.npmjs.org/loader-utils/-/loader-utils-2.0.4.tgz. Extracting by manifest.
5900 silly tarball no local data for on-finished@https://registry.npmjs.org/on-finished/-/on-finished-2.3.0.tgz. Extracting by manifest.
5901 silly tarball no local data for statuses@https://registry.npmjs.org/statuses/-/statuses-2.0.1.tgz. Extracting by manifest.
5902 silly tarball no local data for semver@https://registry.npmjs.org/semver/-/semver-6.3.1.tgz. Extracting by manifest.
5903 silly tarball no local data for debug@https://registry.npmjs.org/debug/-/debug-2.6.9.tgz. Extracting by manifest.
5904 silly tarball no local data for source-map@https://registry.npmjs.org/source-map/-/source-map-0.6.1.tgz. Extracting by manifest.
5905 silly tarball no local data for ms@https://registry.npmjs.org/ms/-/ms-2.0.0.tgz. Extracting by manifest.
5906 silly tarball no local data for ws@https://registry.npmjs.org/ws/-/ws-8.17.1.tgz. Extracting by manifest.
5907 silly tarball no local data for debug@https://registry.npmjs.org/debug/-/debug-4.3.7.tgz. Extracting by manifest.
5908 silly tarball no local data for clone@https://registry.npmjs.org/clone/-/clone-1.0.4.tgz. Extracting by manifest.
5909 silly tarball no local data for ms@https://registry.npmjs.org/ms/-/ms-2.0.0.tgz. Extracting by manifest.
5910 silly tarball no local data for negotiator@https://registry.npmjs.org/negotiator/-/negotiator-0.6.3.tgz. Extracting by manifest.
5911 silly tarball no local data for debug@https://registry.npmjs.org/debug/-/debug-2.6.9.tgz. Extracting by manifest.
5912 silly tarball no local data for loader-utils@https://registry.npmjs.org/loader-utils/-/loader-utils-2.0.4.tgz. Extracting by manifest.
5913 silly tarball no local data for @angular/animations@https://registry.npmjs.org/@angular/animations/-/animations-19.2.25.tgz. Extracting by manifest.
5914 verbose audit error FetchError: request to https://registry.npmjs.org/-/npm/v1/security/advisories/bulk failed, reason: read ECONNRESET
5914 verbose audit error     at ClientRequest.<anonymous> (C:\Program Files\nodejs\node_modules\npm\node_modules\minipass-fetch\lib\index.js:130:14)
5914 verbose audit error     at ClientRequest.emit (node:events:509:28)
5914 verbose audit error     at emitErrorEvent (node:_http_client:109:11)
5914 verbose audit error     at TLSSocket.socketErrorListener (node:_http_client:593:5)
5914 verbose audit error     at TLSSocket.emit (node:events:509:28)
5914 verbose audit error     at emitErrorNT (node:internal/streams/destroy:170:8)
5914 verbose audit error     at emitErrorCloseNT (node:internal/streams/destroy:129:3)
5914 verbose audit error     at process.processTicksAndRejections (node:internal/process/task_queues:90:21) {
5914 verbose audit error   code: 'ECONNRESET',
5914 verbose audit error   errno: 'ECONNRESET',
5914 verbose audit error   syscall: 'read',
5914 verbose audit error   type: 'system'
5914 verbose audit error }
5915 silly audit error undefined
5916 silly audit report null
5917 http fetch GET 200 https://registry.npmjs.org/process-nextick-args/-/process-nextick-args-2.0.1.tgz 16141ms (cache miss)
5918 http fetch GET 200 https://registry.npmjs.org/core-util-is/-/core-util-is-1.0.3.tgz 16125ms (cache miss)
5919 http fetch GET 200 https://registry.npmjs.org/pify/-/pify-4.0.1.tgz 16343ms (cache miss)
5920 http fetch GET 200 https://registry.npmjs.org/eastasianwidth/-/eastasianwidth-0.2.0.tgz 16344ms (cache miss)
5921 http fetch GET 200 https://registry.npmjs.org/shebang-command/-/shebang-command-2.0.0.tgz 16339ms (cache miss)
5922 http fetch GET 200 https://registry.npmjs.org/wrap-ansi/-/wrap-ansi-7.0.0.tgz 16642ms (cache miss)
5923 http fetch GET 200 https://registry.npmjs.org/is-plain-obj/-/is-plain-obj-3.0.0.tgz 16772ms (cache miss)
5924 http fetch GET 200 https://registry.npmjs.org/mimic-function/-/mimic-function-5.0.1.tgz 16750ms (cache miss)
5925 http fetch GET 200 https://registry.npmjs.org/isobject/-/isobject-3.0.1.tgz 16829ms (cache miss)
5926 http fetch GET 200 https://registry.npmjs.org/shebang-regex/-/shebang-regex-3.0.0.tgz 16801ms (cache miss)
5927 http fetch GET 200 https://registry.npmjs.org/minimalistic-assert/-/minimalistic-assert-1.0.1.tgz 16771ms (cache miss)
5928 http fetch GET 200 https://registry.npmjs.org/path-key/-/path-key-3.1.1.tgz 16906ms (cache miss)
5929 http fetch GET 200 https://registry.npmjs.org/string-width/-/string-width-4.2.3.tgz 16928ms (cache miss)
5930 http fetch GET 200 https://registry.npmjs.org/strip-ansi/-/strip-ansi-6.0.1.tgz 16920ms (cache miss)
5931 http fetch GET 200 https://registry.npmjs.org/forwarded/-/forwarded-0.2.0.tgz 16850ms (cache miss)
5932 http fetch GET 200 https://registry.npmjs.org/batch/-/batch-0.6.1.tgz 16855ms (cache miss)
5933 http fetch GET 200 https://registry.npmjs.org/methods/-/methods-1.1.2.tgz 17135ms (cache miss)
5934 http fetch GET 200 https://registry.npmjs.org/wbuf/-/wbuf-1.7.3.tgz 17862ms (cache miss)
5935 http fetch GET 200 https://registry.npmjs.org/shallow-clone/-/shallow-clone-3.0.1.tgz 17890ms (cache miss)
5936 http fetch GET 200 https://registry.npmjs.org/clone-deep/-/clone-deep-4.0.1.tgz 17888ms (cache miss)
5937 http fetch GET 200 https://registry.npmjs.org/@types/retry/-/retry-0.12.2.tgz 17868ms (cache miss)
5938 http fetch GET 200 https://registry.npmjs.org/path-to-regexp/-/path-to-regexp-0.1.13.tgz 17849ms (cache miss)
5939 http fetch GET 200 https://registry.npmjs.org/@types/mime/-/mime-1.3.5.tgz 18148ms (cache miss)
5940 http fetch GET 200 https://registry.npmjs.org/cookie-signature/-/cookie-signature-1.0.7.tgz 19256ms (cache miss)
5941 http fetch GET 200 https://registry.npmjs.org/@types/http-errors/-/http-errors-2.0.5.tgz 19221ms (cache miss)
5942 http fetch GET 200 https://registry.npmjs.org/is-network-error/-/is-network-error-1.3.2.tgz 20861ms (cache miss)
5943 http fetch GET 200 https://registry.npmjs.org/array-flatten/-/array-flatten-1.1.1.tgz 20780ms (cache miss)
5944 http fetch GET 200 https://registry.npmjs.org/@types/qs/-/qs-6.15.1.tgz 20757ms (cache miss)
5945 http fetch GET 200 https://registry.npmjs.org/@types/range-parser/-/range-parser-1.2.7.tgz 20761ms (cache miss)
5946 http fetch GET 200 https://registry.npmjs.org/http-parser-js/-/http-parser-js-0.5.10.tgz 22339ms (cache miss)
5947 http fetch GET 200 https://registry.npmjs.org/merge-descriptors/-/merge-descriptors-1.0.3.tgz 22223ms (cache miss)
5948 http fetch GET 200 https://registry.npmjs.org/on-headers/-/on-headers-1.1.0.tgz 22165ms (cache miss)
5949 http fetch GET 200 https://registry.npmjs.org/obuf/-/obuf-1.1.2.tgz 22352ms (cache miss)
5950 http fetch GET 200 https://registry.npmjs.org/@types/connect/-/connect-3.4.38.tgz 22248ms (cache miss)
5951 http fetch GET 200 https://registry.npmjs.org/@types/body-parser/-/body-parser-1.19.6.tgz 22229ms (cache miss)
5952 http fetch GET 200 https://registry.npmjs.org/detect-node/-/detect-node-2.1.0.tgz 23015ms (cache miss)
5953 http fetch GET 200 https://registry.npmjs.org/fresh/-/fresh-0.5.2.tgz 22983ms (cache miss)
5954 http fetch GET 200 https://registry.npmjs.org/etag/-/etag-1.8.1.tgz 23031ms (cache miss)
5955 http fetch GET 200 https://registry.npmjs.org/@types/send/-/send-1.2.1.tgz 22962ms (cache miss)
5956 http fetch GET 200 https://registry.npmjs.org/@types/serve-static/-/serve-static-1.15.10.tgz 22904ms (cache miss)
5957 http fetch GET 200 https://registry.npmjs.org/@types/sockjs/-/sockjs-0.3.36.tgz 22922ms (cache miss)
5958 http fetch GET 200 https://registry.npmjs.org/@types/connect-history-api-fallback/-/connect-history-api-fallback-1.5.4.tgz 22920ms (cache miss)
5959 http fetch GET 200 https://registry.npmjs.org/compressible/-/compressible-2.0.18.tgz 23575ms (cache miss)
5960 http fetch GET 200 https://registry.npmjs.org/@types/express-serve-static-core/-/express-serve-static-core-4.19.8.tgz 23494ms (cache miss)
5961 http fetch GET 200 https://registry.npmjs.org/@types/serve-index/-/serve-index-1.9.4.tgz 23502ms (cache miss)
5962 http fetch GET 200 https://registry.npmjs.org/http-deceiver/-/http-deceiver-1.2.7.tgz 25438ms (cache miss)
5963 http fetch GET 200 https://registry.npmjs.org/@types/express/-/express-4.17.25.tgz 25317ms (cache miss)
5964 http fetch GET 200 https://registry.npmjs.org/isarray/-/isarray-1.0.0.tgz 25688ms (cache miss)
5965 http fetch GET 200 https://registry.npmjs.org/p-retry/-/p-retry-6.2.1.tgz 27406ms (cache miss)
5966 http fetch GET 200 https://registry.npmjs.org/@leichtgewicht/ip-codec/-/ip-codec-2.0.5.tgz 27564ms (cache miss)
5967 http fetch GET 200 https://registry.npmjs.org/@types/bonjour/-/bonjour-3.5.13.tgz 27464ms (cache miss)
5968 http fetch GET 200 https://registry.npmjs.org/merge-stream/-/merge-stream-2.0.0.tgz 29408ms (cache miss)
5969 http fetch GET 200 https://registry.npmjs.org/@types/ws/-/ws-8.18.1.tgz 30383ms (cache miss)
5970 http fetch GET 200 https://registry.npmjs.org/glob-to-regex.js/-/glob-to-regex.js-1.2.0.tgz 30383ms (cache miss)
5971 http fetch GET 200 https://registry.npmjs.org/connect-history-api-fallback/-/connect-history-api-fallback-2.0.0.tgz 30434ms (cache miss)
5972 http fetch GET 200 https://registry.npmjs.org/@xtuc/ieee754/-/ieee754-1.2.0.tgz 30369ms (cache miss)
5973 http fetch GET 200 https://registry.npmjs.org/@webassemblyjs/helper-buffer/-/helper-buffer-1.14.1.tgz 30360ms (cache miss)
5974 http fetch GET 200 https://registry.npmjs.org/@webassemblyjs/wasm-opt/-/wasm-opt-1.14.1.tgz 30368ms (cache miss)
5975 http fetch GET 200 https://registry.npmjs.org/@webassemblyjs/helper-wasm-section/-/helper-wasm-section-1.14.1.tgz 30358ms (cache miss)
5976 http fetch GET 200 https://registry.npmjs.org/compression/-/compression-1.8.1.tgz 30581ms (cache miss)
5977 http fetch GET 200 https://registry.npmjs.org/thunky/-/thunky-1.1.0.tgz 31691ms (cache miss)
5978 http fetch GET 200 https://registry.npmjs.org/@webassemblyjs/wast-printer/-/wast-printer-1.14.1.tgz 31408ms (cache miss)
5979 http fetch GET 200 https://registry.npmjs.org/@webassemblyjs/helper-api-error/-/helper-api-error-1.13.2.tgz 31409ms (cache miss)
5980 http fetch GET 200 https://registry.npmjs.org/handle-thing/-/handle-thing-2.0.1.tgz 33280ms (cache miss)
5981 http fetch GET 200 https://registry.npmjs.org/@webassemblyjs/ieee754/-/ieee754-1.13.2.tgz 32971ms (cache miss)
5982 http fetch GET 200 https://registry.npmjs.org/@webassemblyjs/utf8/-/utf8-1.13.2.tgz 32983ms (cache miss)
5983 http fetch GET 200 https://registry.npmjs.org/loader-runner/-/loader-runner-4.3.2.tgz 33529ms (cache miss)
5984 http fetch GET 200 https://registry.npmjs.org/ansi-html-community/-/ansi-html-community-0.0.8.tgz 33706ms (cache miss)
5985 http fetch GET 200 https://registry.npmjs.org/get-east-asian-width/-/get-east-asian-width-1.6.0.tgz 35647ms (cache miss)
5986 http fetch GET 200 https://registry.npmjs.org/proxy-addr/-/proxy-addr-2.0.7.tgz 35749ms (cache miss)
5987 http fetch GET 200 https://registry.npmjs.org/@webassemblyjs/floating-point-hex-parser/-/floating-point-hex-parser-1.13.2.tgz 35481ms (cache miss)
5988 http fetch GET 200 https://registry.npmjs.org/acorn-import-phases/-/acorn-import-phases-1.0.4.tgz 35454ms (cache miss)
5989 http fetch GET 200 https://registry.npmjs.org/@types/eslint-scope/-/eslint-scope-3.7.7.tgz 35509ms (cache miss)
5990 http fetch GET 200 https://registry.npmjs.org/flat/-/flat-5.0.2.tgz 36603ms (cache miss)
5991 http fetch GET 200 https://registry.npmjs.org/raw-body/-/raw-body-2.5.3.tgz 36527ms (cache miss)
5992 http fetch GET 200 https://registry.npmjs.org/esrecurse/-/esrecurse-4.3.0.tgz 36371ms (cache miss)
5993 http fetch GET 200 https://registry.npmjs.org/@webassemblyjs/helper-numbers/-/helper-numbers-1.13.2.tgz 36329ms (cache miss)
5994 http fetch GET 200 https://registry.npmjs.org/glob-to-regexp/-/glob-to-regexp-0.4.1.tgz 36293ms (cache miss)
5995 http fetch GET 200 https://registry.npmjs.org/spdx-exceptions/-/spdx-exceptions-2.5.0.tgz 36290ms (cache miss)
5996 http fetch GET 200 https://registry.npmjs.org/unicode-property-aliases-ecmascript/-/unicode-property-aliases-ecmascript-2.2.0.tgz 36280ms (cache miss)
5997 http fetch GET 200 https://registry.npmjs.org/imurmurhash/-/imurmurhash-0.1.4.tgz 36327ms (cache miss)
5998 http fetch GET 200 https://registry.npmjs.org/@tufjs/canonical-json/-/canonical-json-2.0.0.tgz 36331ms (cache miss)
5999 http fetch GET 200 https://registry.npmjs.org/kind-of/-/kind-of-6.0.3.tgz 38115ms (cache miss)
6000 http fetch GET 200 https://registry.npmjs.org/spdx-license-ids/-/spdx-license-ids-3.0.23.tgz 37687ms (cache miss)
6001 http fetch GET 200 https://registry.npmjs.org/@jridgewell/source-map/-/source-map-0.3.11.tgz 37665ms (cache miss)
6002 http fetch GET 200 https://registry.npmjs.org/chownr/-/chownr-2.0.0.tgz 37776ms (cache miss)
6003 http fetch GET 200 https://registry.npmjs.org/unicode-canonical-property-names-ecmascript/-/unicode-canonical-property-names-ecmascript-2.0.1.tgz 37803ms (cache miss)
6004 http fetch GET 200 https://registry.npmjs.org/randombytes/-/randombytes-2.1.0.tgz 37785ms (cache miss)
6005 http fetch GET 200 https://registry.npmjs.org/@isaacs/cliui/-/cliui-8.0.2.tgz 39087ms (cache miss)
6006 http fetch GET 200 https://registry.npmjs.org/@types/node-forge/-/node-forge-1.3.14.tgz 39084ms (cache miss)
6007 http fetch GET 200 https://registry.npmjs.org/serve-static/-/serve-static-1.16.3.tgz 39045ms (cache miss)
6008 http fetch GET 200 https://registry.npmjs.org/content-disposition/-/content-disposition-0.5.4.tgz 38976ms (cache miss)
6009 http fetch GET 200 https://registry.npmjs.org/ipaddr.js/-/ipaddr.js-2.4.0.tgz 38931ms (cache miss)
6010 http fetch GET 200 https://registry.npmjs.org/spdx-correct/-/spdx-correct-3.2.0.tgz 38725ms (cache miss)
6011 http fetch GET 200 https://registry.npmjs.org/unique-slug/-/unique-slug-5.0.0.tgz 38817ms (cache miss)
6012 http fetch GET 200 https://registry.npmjs.org/@sigstore/bundle/-/bundle-3.1.0.tgz 38899ms (cache miss)
6013 http fetch GET 200 https://registry.npmjs.org/is-core-module/-/is-core-module-2.16.2.tgz 41038ms (cache miss)
6014 http fetch GET 200 https://registry.npmjs.org/regjsgen/-/regjsgen-0.8.0.tgz 41041ms (cache miss)
6015 http fetch GET 200 https://registry.npmjs.org/@types/json-schema/-/json-schema-7.0.15.tgz 41083ms (cache miss)
6016 http fetch GET 200 https://registry.npmjs.org/path-parse/-/path-parse-1.0.7.tgz 41056ms (cache miss)
6017 http fetch GET 200 https://registry.npmjs.org/is-arrayish/-/is-arrayish-0.2.1.tgz 41202ms (cache miss)
6018 http fetch GET 200 https://registry.npmjs.org/parent-module/-/parent-module-1.0.1.tgz 42126ms (cache miss)
6019 http fetch GET 200 https://registry.npmjs.org/hasown/-/hasown-2.0.4.tgz 42330ms (cache miss)
6020 http fetch GET 200 https://registry.npmjs.org/unicode-match-property-ecmascript/-/unicode-match-property-ecmascript-2.0.0.tgz 42328ms (cache miss)
6021 http fetch GET 200 https://registry.npmjs.org/err-code/-/err-code-2.0.3.tgz 77825ms (cache miss)
6022 http fetch GET 200 https://registry.npmjs.org/lines-and-columns/-/lines-and-columns-1.2.4.tgz 77972ms (cache miss)
6023 http fetch GET 200 https://registry.npmjs.org/callsites/-/callsites-3.1.0.tgz 77977ms (cache miss)
6024 http fetch GET 200 https://registry.npmjs.org/resolve-from/-/resolve-from-4.0.0.tgz 77987ms (cache miss)
6025 http fetch GET 200 https://registry.npmjs.org/import-fresh/-/import-fresh-3.3.1.tgz 81934ms (cache miss)
6026 http fetch GET 200 https://registry.npmjs.org/yocto-queue/-/yocto-queue-1.2.2.tgz 81925ms (cache miss)
6027 http fetch GET 200 https://registry.npmjs.org/parse-json/-/parse-json-5.2.0.tgz 81937ms (cache miss)
6028 http fetch GET 200 https://registry.npmjs.org/p-limit/-/p-limit-4.0.0.tgz 81936ms (cache miss)
6029 http fetch GET 200 https://registry.npmjs.org/p-locate/-/p-locate-6.0.0.tgz 81934ms (cache miss)
6030 http fetch GET 200 https://registry.npmjs.org/estraverse/-/estraverse-4.3.0.tgz 82282ms (cache miss)
6031 http fetch GET 200 https://registry.npmjs.org/queue-microtask/-/queue-microtask-1.2.3.tgz 82141ms (cache miss)
6032 http fetch GET 200 https://registry.npmjs.org/@types/estree/-/estree-1.0.8.tgz 82151ms (cache miss)
6033 http fetch GET 200 https://registry.npmjs.org/jsonparse/-/jsonparse-1.3.1.tgz 82040ms (cache miss)
6034 http fetch GET 200 https://registry.npmjs.org/@napi-rs/nice/-/nice-1.1.1.tgz 82185ms (cache miss)
6035 http fetch GET 200 https://registry.npmjs.org/abbrev/-/abbrev-3.0.1.tgz 82184ms (cache miss)
6036 http fetch GET 200 https://registry.npmjs.org/path-exists/-/path-exists-5.0.0.tgz 82190ms (cache miss)
6037 http fetch GET 200 https://registry.npmjs.org/parse5-sax-parser/-/parse5-sax-parser-7.0.0.tgz 82191ms (cache miss)
6038 http fetch GET 200 https://registry.npmjs.org/ignore-walk/-/ignore-walk-7.0.0.tgz 82191ms (cache miss)
6039 http fetch GET 200 https://registry.npmjs.org/socks-proxy-agent/-/socks-proxy-agent-8.0.5.tgz 82185ms (cache miss)
6040 http fetch GET 200 https://registry.npmjs.org/@npmcli/redact/-/redact-3.2.2.tgz 82206ms (cache miss)
6041 http fetch GET 200 https://registry.npmjs.org/error-ex/-/error-ex-1.3.4.tgz 83001ms (cache miss)
6042 http fetch GET 200 https://registry.npmjs.org/regenerate/-/regenerate-1.4.2.tgz 83036ms (cache miss)
6043 http fetch GET 200 https://registry.npmjs.org/encoding/-/encoding-0.1.13.tgz 83260ms (cache miss)
6044 http fetch GET 200 https://registry.npmjs.org/nopt/-/nopt-8.1.0.tgz 83227ms (cache miss)
6045 http fetch GET 200 https://registry.npmjs.org/minipass-fetch/-/minipass-fetch-4.0.1.tgz 83230ms (cache miss)
6046 http fetch GET 200 https://registry.npmjs.org/p-map/-/p-map-7.0.4.tgz 83217ms (cache miss)
6047 http fetch GET 200 https://registry.npmjs.org/@npmcli/agent/-/agent-3.0.0.tgz 83241ms (cache miss)
6048 http fetch GET 200 https://registry.npmjs.org/unique-filename/-/unique-filename-4.0.0.tgz 83219ms (cache miss)
6049 http fetch GET 200 https://registry.npmjs.org/locate-path/-/locate-path-7.2.0.tgz 83851ms (cache miss)
6050 http fetch GET 200 https://registry.npmjs.org/select-hose/-/select-hose-2.0.0.tgz 84534ms (cache miss)
6051 http fetch GET 200 https://registry.npmjs.org/multicast-dns/-/multicast-dns-7.2.5.tgz 84372ms (cache miss)
6052 http fetch GET 200 https://registry.npmjs.org/@jsonjoy.com/fs-print/-/fs-print-4.57.7.tgz 84253ms (cache miss)
6053 http fetch GET 200 https://registry.npmjs.org/unicode-match-property-value-ecmascript/-/unicode-match-property-value-ecmascript-2.2.1.tgz 84040ms (cache miss)
6054 http fetch GET 200 https://registry.npmjs.org/env-paths/-/env-paths-2.2.1.tgz 83902ms (cache miss)
6055 http fetch GET 200 https://registry.npmjs.org/minipass-collect/-/minipass-collect-2.0.1.tgz 83903ms (cache miss)
6056 http fetch GET 200 https://registry.npmjs.org/@npmcli/fs/-/fs-4.0.0.tgz 83911ms (cache miss)
6057 http fetch GET 200 https://registry.npmjs.org/validate-npm-package-license/-/validate-npm-package-license-3.0.4.tgz 83889ms (cache miss)
6058 http fetch GET 200 https://registry.npmjs.org/json-parse-even-better-errors/-/json-parse-even-better-errors-4.0.0.tgz 83888ms (cache miss)
6059 http fetch GET 200 https://registry.npmjs.org/npm-bundled/-/npm-bundled-4.0.0.tgz 83887ms (cache miss)
6060 http fetch GET 200 https://registry.npmjs.org/npm-packlist/-/npm-packlist-9.0.0.tgz 83880ms (cache miss)
6061 http fetch GET 200 https://registry.npmjs.org/http-proxy-agent/-/http-proxy-agent-7.0.2.tgz 84791ms (cache miss)
6062 http fetch GET 200 https://registry.npmjs.org/ssri/-/ssri-12.0.0.tgz 84702ms (cache miss)
6063 http fetch GET 200 https://registry.npmjs.org/@npmcli/node-gyp/-/node-gyp-4.0.0.tgz 84741ms (cache miss)
6064 http fetch GET 200 https://registry.npmjs.org/minipass-pipeline/-/minipass-pipeline-1.2.4.tgz 84854ms (cache miss)
6065 http fetch GET 200 https://registry.npmjs.org/sigstore/-/sigstore-3.1.0.tgz 84915ms (cache miss)
6066 http fetch GET 200 https://registry.npmjs.org/npm-registry-fetch/-/npm-registry-fetch-18.0.2.tgz 84917ms (cache miss)
6067 http fetch GET 200 https://registry.npmjs.org/minipass-flush/-/minipass-flush-1.0.7.tgz 84947ms (cache miss)
6068 http fetch GET 200 https://registry.npmjs.org/@npmcli/run-script/-/run-script-9.1.0.tgz 84911ms (cache miss)
6069 http fetch GET 200 https://registry.npmjs.org/@npmcli/installed-package-contents/-/installed-package-contents-3.0.0.tgz 84915ms (cache miss)
6070 http fetch GET 200 https://registry.npmjs.org/fs-minipass/-/fs-minipass-3.0.3.tgz 84907ms (cache miss)
6071 http fetch GET 200 https://registry.npmjs.org/@npmcli/package-json/-/package-json-6.2.0.tgz 84916ms (cache miss)
6072 http fetch GET 200 https://registry.npmjs.org/npm-install-checks/-/npm-install-checks-7.1.2.tgz 84890ms (cache miss)
6073 http fetch GET 200 https://registry.npmjs.org/chrome-trace-event/-/chrome-trace-event-1.0.4.tgz 86007ms (cache miss)
6074 http fetch GET 200 https://registry.npmjs.org/http-cache-semantics/-/http-cache-semantics-4.2.0.tgz 85768ms (cache miss)
6075 http fetch GET 200 https://registry.npmjs.org/default-browser-id/-/default-browser-id-5.0.1.tgz 85769ms (cache miss)
6076 http fetch GET 200 https://registry.npmjs.org/run-applescript/-/run-applescript-7.1.0.tgz 85781ms (cache miss)
6077 http fetch GET 200 https://registry.npmjs.org/@npmcli/git/-/git-6.0.3.tgz 85778ms (cache miss)
6078 http fetch GET 200 https://registry.npmjs.org/is-docker/-/is-docker-3.0.0.tgz 85779ms (cache miss)
6079 http fetch GET 200 https://registry.npmjs.org/is-inside-container/-/is-inside-container-1.0.0.tgz 85779ms (cache miss)
6080 http fetch GET 200 https://registry.npmjs.org/default-browser/-/default-browser-5.5.0.tgz 85779ms (cache miss)
6081 http fetch GET 200 https://registry.npmjs.org/npm-normalize-package-bin/-/npm-normalize-package-bin-4.0.0.tgz 85775ms (cache miss)
6082 http fetch GET 200 https://registry.npmjs.org/validate-npm-package-name/-/validate-npm-package-name-6.0.2.tgz 85778ms (cache miss)
6083 http fetch GET 200 https://registry.npmjs.org/bundle-name/-/bundle-name-4.1.0.tgz 85784ms (cache miss)
6084 http fetch GET 200 https://registry.npmjs.org/proc-log/-/proc-log-5.0.0.tgz 85790ms (cache miss)
6085 http fetch GET 200 https://registry.npmjs.org/node-gyp-build-optional-packages/-/node-gyp-build-optional-packages-5.2.2.tgz 86090ms (cache miss)
6086 http fetch GET 200 https://registry.npmjs.org/find-up/-/find-up-6.3.0.tgz 87418ms (cache miss)
6087 http fetch GET 200 https://registry.npmjs.org/send/-/send-0.19.2.tgz 88065ms (cache miss)
6088 http fetch GET 200 https://registry.npmjs.org/promise-retry/-/promise-retry-2.0.1.tgz 87467ms (cache miss)
6089 http fetch GET 200 https://registry.npmjs.org/is-wsl/-/is-wsl-3.1.1.tgz 87432ms (cache miss)
6090 http fetch GET 200 https://registry.npmjs.org/environment/-/environment-1.1.0.tgz 87388ms (cache miss)
6091 http fetch GET 200 https://registry.npmjs.org/hosted-git-info/-/hosted-git-info-8.1.0.tgz 87392ms (cache miss)
6092 http fetch GET 200 https://registry.npmjs.org/parse-node-version/-/parse-node-version-1.0.1.tgz 87283ms (cache miss)
6093 http fetch GET 200 https://registry.npmjs.org/msgpackr-extract/-/msgpackr-extract-3.0.4.tgz 87390ms (cache miss)
6094 http fetch GET 200 https://registry.npmjs.org/log-update/-/log-update-6.1.0.tgz 87365ms (cache miss)
6095 http fetch GET 200 https://registry.npmjs.org/spdx-expression-parse/-/spdx-expression-parse-3.0.1.tgz 88484ms (cache miss)
6096 http fetch GET 200 https://registry.npmjs.org/define-lazy-prop/-/define-lazy-prop-3.0.0.tgz 88181ms (cache miss)
6097 http fetch GET 200 https://registry.npmjs.org/unicorn-magic/-/unicorn-magic-0.3.0.tgz 87966ms (cache miss)
6098 http fetch GET 200 https://registry.npmjs.org/prr/-/prr-1.0.1.tgz 88034ms (cache miss)
6099 http fetch GET 200 https://registry.npmjs.org/colorette/-/colorette-2.0.20.tgz 88005ms (cache miss)
6100 http fetch GET 200 https://registry.npmjs.org/cli-truncate/-/cli-truncate-4.0.0.tgz 88041ms (cache miss)
6101 http fetch GET 200 https://registry.npmjs.org/copy-anything/-/copy-anything-2.0.6.tgz 87999ms (cache miss)
6102 http fetch GET 200 https://registry.npmjs.org/@nodelib/fs.stat/-/fs.stat-2.0.5.tgz 87932ms (cache miss)
6103 http fetch GET 200 https://registry.npmjs.org/is-plain-object/-/is-plain-object-5.0.0.tgz 87983ms (cache miss)
6104 http fetch GET 200 https://registry.npmjs.org/errno/-/errno-0.1.8.tgz 88078ms (cache miss)
6105 http fetch GET 200 https://registry.npmjs.org/agent-base/-/agent-base-7.1.4.tgz 88059ms (cache miss)
6106 http fetch GET 200 https://registry.npmjs.org/slice-ansi/-/slice-ansi-5.0.0.tgz 88196ms (cache miss)
6107 http fetch GET 200 https://registry.npmjs.org/@webassemblyjs/helper-wasm-bytecode/-/helper-wasm-bytecode-1.13.2.tgz 89575ms (cache miss)
6108 http fetch GET 200 https://registry.npmjs.org/@webassemblyjs/wasm-gen/-/wasm-gen-1.14.1.tgz 89593ms (cache miss)
6109 http fetch GET 200 https://registry.npmjs.org/ansi-escapes/-/ansi-escapes-7.3.0.tgz 89176ms (cache miss)
6110 http fetch GET 200 https://registry.npmjs.org/weak-lru-cache/-/weak-lru-cache-1.2.2.tgz 89202ms (cache miss)
6111 http fetch GET 200 https://registry.npmjs.org/slash/-/slash-5.1.0.tgz 89076ms (cache miss)
6112 http fetch GET 200 https://registry.npmjs.org/pkg-dir/-/pkg-dir-7.0.0.tgz 89066ms (cache miss)
6113 http fetch GET 200 https://registry.npmjs.org/@types/http-proxy/-/http-proxy-1.17.17.tgz 89217ms (cache miss)
6114 http fetch GET 200 https://registry.npmjs.org/reusify/-/reusify-1.1.0.tgz 89185ms (cache miss)
6115 http fetch GET 200 https://registry.npmjs.org/common-path-prefix/-/common-path-prefix-3.0.0.tgz 89207ms (cache miss)
6116 http fetch GET 200 https://registry.npmjs.org/merge2/-/merge2-1.4.1.tgz 89191ms (cache miss)
6117 http fetch GET 200 https://registry.npmjs.org/path-type/-/path-type-6.0.0.tgz 89214ms (cache miss)
6118 http fetch GET 200 https://registry.npmjs.org/@sindresorhus/merge-streams/-/merge-streams-2.3.0.tgz 89225ms (cache miss)
6119 http fetch GET 200 https://registry.npmjs.org/icss-utils/-/icss-utils-5.1.0.tgz 89155ms (cache miss)
6120 http fetch GET 200 https://registry.npmjs.org/run-parallel/-/run-parallel-1.2.0.tgz 89200ms (cache miss)
6121 http fetch GET 200 https://registry.npmjs.org/selfsigned/-/selfsigned-2.4.1.tgz 90526ms (cache miss)
6122 http fetch GET 200 https://registry.npmjs.org/commander/-/commander-2.20.3.tgz 90417ms (cache miss)
6123 http fetch GET 200 https://registry.npmjs.org/boolbase/-/boolbase-1.0.0.tgz 89828ms (cache miss)
6124 http fetch GET 200 https://registry.npmjs.org/postcss-modules-local-by-default/-/postcss-modules-local-by-default-4.2.0.tgz 89935ms (cache miss)
6125 http fetch GET 200 https://registry.npmjs.org/postcss-modules-values/-/postcss-modules-values-4.0.0.tgz 89942ms (cache miss)
6126 http fetch GET 200 https://registry.npmjs.org/domelementtype/-/domelementtype-2.3.0.tgz 89947ms (cache miss)
6127 http fetch GET 200 https://registry.npmjs.org/node-releases/-/node-releases-2.0.47.tgz 89920ms (cache miss)
6128 http fetch GET 200 https://registry.npmjs.org/update-browserslist-db/-/update-browserslist-db-1.2.3.tgz 89924ms (cache miss)
6129 http fetch GET 200 https://registry.npmjs.org/cssesc/-/cssesc-3.0.0.tgz 101469ms (cache miss)
6130 http fetch GET 200 https://registry.npmjs.org/regjsparser/-/regjsparser-0.13.1.tgz 101826ms (cache miss)
6131 http fetch GET 200 https://registry.npmjs.org/@npmcli/promise-spawn/-/promise-spawn-8.0.3.tgz 101641ms (cache miss)
6132 http fetch GET 200 https://registry.npmjs.org/sax/-/sax-1.6.0.tgz 101615ms (cache miss)
6133 http fetch GET 200 https://registry.npmjs.org/postcss-modules-extract-imports/-/postcss-modules-extract-imports-3.1.0.tgz 101359ms (cache miss)
6134 http fetch GET 200 https://registry.npmjs.org/@nodelib/fs.walk/-/fs.walk-1.2.8.tgz 101400ms (cache miss)
6135 http fetch GET 200 https://registry.npmjs.org/serialize-javascript/-/serialize-javascript-6.0.2.tgz 101533ms (cache miss)
6136 http fetch GET 200 https://registry.npmjs.org/globby/-/globby-14.1.0.tgz 101531ms (cache miss)
6137 http fetch GET 200 https://registry.npmjs.org/css-what/-/css-what-6.2.2.tgz 101520ms (cache miss)
6138 http fetch GET 200 https://registry.npmjs.org/lodash.debounce/-/lodash.debounce-4.0.8.tgz 101510ms (cache miss)
6139 http fetch GET 200 https://registry.npmjs.org/find-cache-dir/-/find-cache-dir-4.0.0.tgz 101511ms (cache miss)
6140 http fetch GET 200 https://registry.npmjs.org/postcss-media-query-parser/-/postcss-media-query-parser-0.2.3.tgz 102217ms (cache miss)
6141 http fetch GET 200 https://registry.npmjs.org/require-from-string/-/require-from-string-2.0.2.tgz 102161ms (cache miss)
6142 http fetch GET 200 https://registry.npmjs.org/postcss-value-parser/-/postcss-value-parser-4.2.0.tgz 102185ms (cache miss)
6143 http fetch GET 200 https://registry.npmjs.org/json-schema-traverse/-/json-schema-traverse-1.0.0.tgz 102185ms (cache miss)
6144 http fetch GET 200 https://registry.npmjs.org/normalize-range/-/normalize-range-0.1.2.tgz 102699ms (cache miss)
6145 http fetch GET 200 https://registry.npmjs.org/fast-deep-equal/-/fast-deep-equal-3.1.3.tgz 102615ms (cache miss)
6146 http fetch GET 200 https://registry.npmjs.org/fastq/-/fastq-1.20.1.tgz 102627ms (cache miss)
6147 http fetch GET 200 https://registry.npmjs.org/@inquirer/checkbox/-/checkbox-4.3.2.tgz 102608ms (cache miss)
6148 http fetch GET 200 https://registry.npmjs.org/@inquirer/search/-/search-3.2.2.tgz 102623ms (cache miss)
6149 http fetch GET 200 https://registry.npmjs.org/@inquirer/number/-/number-3.0.23.tgz 102670ms (cache miss)
6150 http fetch GET 200 https://registry.npmjs.org/mute-stream/-/mute-stream-2.0.0.tgz 102666ms (cache miss)
6151 http fetch GET 200 https://registry.npmjs.org/@webassemblyjs/wasm-edit/-/wasm-edit-1.14.1.tgz 104726ms (cache miss)
6152 http fetch GET 200 https://registry.npmjs.org/postcss-modules-scope/-/postcss-modules-scope-3.2.1.tgz 104177ms (cache miss)
6153 http fetch GET 200 https://registry.npmjs.org/@inquirer/select/-/select-4.4.2.tgz 104026ms (cache miss)
6154 http fetch GET 200 https://registry.npmjs.org/@inquirer/rawlist/-/rawlist-4.1.11.tgz 104024ms (cache miss)
6155 http fetch GET 200 https://registry.npmjs.org/@inquirer/password/-/password-4.0.23.tgz 104152ms (cache miss)
6156 http fetch GET 200 https://registry.npmjs.org/@inquirer/expand/-/expand-4.0.23.tgz 104148ms (cache miss)
6157 http fetch GET 200 https://registry.npmjs.org/micromatch/-/micromatch-4.0.8.tgz 104238ms (cache miss)
6158 http fetch GET 200 https://registry.npmjs.org/@inquirer/editor/-/editor-4.2.23.tgz 104160ms (cache miss)
6159 http fetch GET 200 https://registry.npmjs.org/@inquirer/external-editor/-/external-editor-1.0.3.tgz 104161ms (cache miss)
6160 http fetch GET 200 https://registry.npmjs.org/cli-width/-/cli-width-4.1.0.tgz 104134ms (cache miss)
6161 http fetch GET 200 https://registry.npmjs.org/@babel/helper-globals/-/helper-globals-7.29.7.tgz 104068ms (cache miss)
6162 http fetch GET 200 https://registry.npmjs.org/@babel/helper-string-parser/-/helper-string-parser-7.29.7.tgz 104157ms (cache miss)
6163 http fetch GET 200 https://registry.npmjs.org/@inquirer/input/-/input-4.3.1.tgz 104194ms (cache miss)
6164 http fetch GET 200 https://registry.npmjs.org/side-channel-weakmap/-/side-channel-weakmap-1.0.2.tgz 106257ms (cache miss)
6165 http fetch GET 200 https://registry.npmjs.org/@inquirer/type/-/type-3.0.10.tgz 105036ms (cache miss)
6166 http fetch GET 200 https://registry.npmjs.org/@inquirer/figures/-/figures-1.0.15.tgz 105090ms (cache miss)
6167 http fetch GET 200 https://registry.npmjs.org/@babel/helper-validator-option/-/helper-validator-option-7.29.7.tgz 105067ms (cache miss)
6168 http fetch GET 200 https://registry.npmjs.org/@inquirer/ansi/-/ansi-1.0.2.tgz 105092ms (cache miss)
6169 http fetch GET 200 https://registry.npmjs.org/@babel/compat-data/-/compat-data-7.29.7.tgz 105033ms (cache miss)
6170 http fetch GET 200 https://registry.npmjs.org/@babel/helper-validator-identifier/-/helper-validator-identifier-7.29.7.tgz 105040ms (cache miss)
6171 http fetch GET 200 https://registry.npmjs.org/@babel/helper-member-expression-to-functions/-/helper-member-expression-to-functions-7.29.7.tgz 105025ms (cache miss)
6172 http fetch GET 200 https://registry.npmjs.org/side-channel-map/-/side-channel-map-1.0.1.tgz 117425ms (cache miss)
6173 http fetch GET 200 https://registry.npmjs.org/esutils/-/esutils-2.0.3.tgz 116221ms (cache miss)
6174 http fetch GET 200 https://registry.npmjs.org/@babel/helper-compilation-targets/-/helper-compilation-targets-7.29.7.tgz 116162ms (cache miss)
6175 http fetch GET 200 https://registry.npmjs.org/@babel/helper-optimise-call-expression/-/helper-optimise-call-expression-7.29.7.tgz 116154ms (cache miss)
6176 http fetch GET 200 https://registry.npmjs.org/@babel/helper-skip-transparent-expression-wrappers/-/helper-skip-transparent-expression-wrappers-7.29.7.tgz 116148ms (cache miss)
6177 http fetch GET 200 https://registry.npmjs.org/@babel/helper-replace-supers/-/helper-replace-supers-7.29.7.tgz 116178ms (cache miss)
6178 http fetch GET 200 https://registry.npmjs.org/@babel/preset-modules/-/preset-modules-0.1.6-no-external-plugins.tgz 116160ms (cache miss)
6179 http fetch GET 200 https://registry.npmjs.org/@babel/plugin-transform-unicode-property-regex/-/plugin-transform-unicode-property-regex-7.29.7.tgz 116107ms (cache miss)
6180 http fetch GET 200 https://registry.npmjs.org/@babel/plugin-transform-template-literals/-/plugin-transform-template-literals-7.29.7.tgz 116196ms (cache miss)
6181 http fetch GET 200 https://registry.npmjs.org/fdir/-/fdir-6.5.0.tgz 118346ms (cache miss)
6182 http fetch GET 200 https://registry.npmjs.org/@babel/plugin-transform-unicode-sets-regex/-/plugin-transform-unicode-sets-regex-7.29.7.tgz 117589ms (cache miss)
6183 http fetch GET 200 https://registry.npmjs.org/@babel/plugin-transform-spread/-/plugin-transform-spread-7.29.7.tgz 117581ms (cache miss)
6184 http fetch GET 200 https://registry.npmjs.org/@babel/plugin-transform-sticky-regex/-/plugin-transform-sticky-regex-7.29.7.tgz 117587ms (cache miss)
6185 http fetch GET 200 https://registry.npmjs.org/@babel/plugin-transform-unicode-escapes/-/plugin-transform-unicode-escapes-7.29.7.tgz 117590ms (cache miss)
6186 http fetch GET 200 https://registry.npmjs.org/@babel/plugin-transform-regexp-modifiers/-/plugin-transform-regexp-modifiers-7.29.7.tgz 117629ms (cache miss)
6187 http fetch GET 200 https://registry.npmjs.org/@babel/plugin-transform-private-property-in-object/-/plugin-transform-private-property-in-object-7.29.7.tgz 117630ms (cache miss)
6188 http fetch GET 200 https://registry.npmjs.org/@babel/plugin-transform-unicode-regex/-/plugin-transform-unicode-regex-7.29.7.tgz 117637ms (cache miss)
6189 http fetch GET 200 https://registry.npmjs.org/@babel/plugin-transform-reserved-words/-/plugin-transform-reserved-words-7.29.7.tgz 117647ms (cache miss)
6190 http fetch GET 200 https://registry.npmjs.org/@babel/plugin-transform-private-methods/-/plugin-transform-private-methods-7.29.7.tgz 117629ms (cache miss)
6191 http fetch GET 200 https://registry.npmjs.org/@babel/plugin-transform-property-literals/-/plugin-transform-property-literals-7.29.7.tgz 117660ms (cache miss)
6192 http fetch GET 200 https://registry.npmjs.org/@babel/plugin-transform-object-super/-/plugin-transform-object-super-7.29.7.tgz 117645ms (cache miss)
6193 http fetch GET 200 https://registry.npmjs.org/yoctocolors-cjs/-/yoctocolors-cjs-2.1.3.tgz 118582ms (cache miss)
6194 http fetch GET 200 https://registry.npmjs.org/@babel/helper-create-regexp-features-plugin/-/helper-create-regexp-features-plugin-7.29.7.tgz 118484ms (cache miss)
6195 http fetch GET 200 https://registry.npmjs.org/@babel/plugin-transform-shorthand-properties/-/plugin-transform-shorthand-properties-7.29.7.tgz 118413ms (cache miss)
6196 http fetch GET 200 https://registry.npmjs.org/@babel/plugin-transform-nullish-coalescing-operator/-/plugin-transform-nullish-coalescing-operator-7.29.7.tgz 118361ms (cache miss)
6197 http fetch GET 200 https://registry.npmjs.org/@babel/plugin-transform-numeric-separator/-/plugin-transform-numeric-separator-7.29.7.tgz 118372ms (cache miss)
6198 http fetch GET 200 https://registry.npmjs.org/@babel/plugin-transform-named-capturing-groups-regex/-/plugin-transform-named-capturing-groups-regex-7.29.7.tgz 118416ms (cache miss)
6199 http fetch GET 200 https://registry.npmjs.org/@babel/plugin-transform-new-target/-/plugin-transform-new-target-7.29.7.tgz 118440ms (cache miss)
6200 http fetch GET 200 https://registry.npmjs.org/@babel/plugin-transform-json-strings/-/plugin-transform-json-strings-7.29.7.tgz 118411ms (cache miss)
6201 http fetch GET 200 https://registry.npmjs.org/@babel/plugin-transform-modules-amd/-/plugin-transform-modules-amd-7.29.7.tgz 118417ms (cache miss)
6202 http fetch GET 200 https://registry.npmjs.org/side-channel-list/-/side-channel-list-1.0.1.tgz 120496ms (cache miss)
6203 http fetch GET 200 https://registry.npmjs.org/side-channel/-/side-channel-1.1.1.tgz 120484ms (cache miss)
6204 http fetch GET 200 https://registry.npmjs.org/ignore/-/ignore-7.0.5.tgz 119551ms (cache miss)
6205 http fetch GET 200 https://registry.npmjs.org/@babel/plugin-transform-typeof-symbol/-/plugin-transform-typeof-symbol-7.29.7.tgz 119118ms (cache miss)
6206 http fetch GET 200 https://registry.npmjs.org/@babel/plugin-transform-member-expression-literals/-/plugin-transform-member-expression-literals-7.29.7.tgz 119017ms (cache miss)
6207 http fetch GET 200 https://registry.npmjs.org/@babel/plugin-transform-logical-assignment-operators/-/plugin-transform-logical-assignment-operators-7.29.7.tgz 119000ms (cache miss)
6208 http fetch GET 200 https://registry.npmjs.org/@babel/plugin-transform-literals/-/plugin-transform-literals-7.29.7.tgz 118999ms (cache miss)
6209 http fetch GET 200 https://registry.npmjs.org/@babel/plugin-transform-modules-commonjs/-/plugin-transform-modules-commonjs-7.29.7.tgz 119000ms (cache miss)
6210 http fetch GET 200 https://registry.npmjs.org/@babel/plugin-transform-function-name/-/plugin-transform-function-name-7.29.7.tgz 119000ms (cache miss)
6211 http fetch GET 200 https://registry.npmjs.org/@babel/plugin-transform-duplicate-named-capturing-groups-regex/-/plugin-transform-duplicate-named-capturing-groups-regex-7.29.7.tgz 118996ms (cache miss)
6212 http fetch GET 200 https://registry.npmjs.org/@babel/plugin-transform-optional-catch-binding/-/plugin-transform-optional-catch-binding-7.29.7.tgz 119002ms (cache miss)
6213 http fetch GET 200 https://registry.npmjs.org/@babel/plugin-transform-exponentiation-operator/-/plugin-transform-exponentiation-operator-7.29.7.tgz 118996ms (cache miss)
6214 http fetch GET 200 https://registry.npmjs.org/@babel/plugin-transform-dynamic-import/-/plugin-transform-dynamic-import-7.29.7.tgz 119042ms (cache miss)
6215 http fetch GET 200 https://registry.npmjs.org/dns-packet/-/dns-packet-5.6.1.tgz 120899ms (cache miss)
6216 http fetch GET 200 https://registry.npmjs.org/regenerator-runtime/-/regenerator-runtime-0.14.1.tgz 119756ms (cache miss)
6217 http fetch GET 200 https://registry.npmjs.org/@babel/plugin-transform-duplicate-keys/-/plugin-transform-duplicate-keys-7.29.7.tgz 119484ms (cache miss)
6218 http fetch GET 200 https://registry.npmjs.org/@babel/plugin-transform-dotall-regex/-/plugin-transform-dotall-regex-7.29.7.tgz 119486ms (cache miss)
6219 http fetch GET 200 https://registry.npmjs.org/@babel/plugin-transform-class-properties/-/plugin-transform-class-properties-7.29.7.tgz 119481ms (cache miss)
6220 http fetch GET 200 https://registry.npmjs.org/@babel/plugin-transform-class-static-block/-/plugin-transform-class-static-block-7.29.7.tgz 119488ms (cache miss)
6221 http fetch GET 200 https://registry.npmjs.org/@babel/plugin-syntax-import-assertions/-/plugin-syntax-import-assertions-7.29.7.tgz 119427ms (cache miss)
6222 http fetch GET 200 https://registry.npmjs.org/@babel/plugin-transform-arrow-functions/-/plugin-transform-arrow-functions-7.29.7.tgz 119472ms (cache miss)
6223 http fetch GET 200 https://registry.npmjs.org/@babel/plugin-syntax-unicode-sets-regex/-/plugin-syntax-unicode-sets-regex-7.18.6.tgz 119437ms (cache miss)
6224 http fetch GET 200 https://registry.npmjs.org/@babel/plugin-transform-computed-properties/-/plugin-transform-computed-properties-7.29.7.tgz 119542ms (cache miss)
6225 http fetch GET 200 https://registry.npmjs.org/@babel/plugin-transform-block-scoped-functions/-/plugin-transform-block-scoped-functions-7.29.7.tgz 119520ms (cache miss)
6226 http fetch GET 200 https://registry.npmjs.org/@babel/plugin-proposal-private-property-in-object/-/plugin-proposal-private-property-in-object-7.21.0-placeholder-for-preset-env.2.tgz 119473ms (cache miss)
6227 http fetch GET 200 https://registry.npmjs.org/@babel/plugin-bugfix-v8-spread-parameters-in-optional-chaining/-/plugin-bugfix-v8-spread-parameters-in-optional-chaining-7.29.7.tgz 119486ms (cache miss)
6228 http fetch GET 200 https://registry.npmjs.org/chokidar/-/chokidar-3.6.0.tgz 121414ms (cache miss)
6229 http fetch GET 200 https://registry.npmjs.org/@babel/plugin-bugfix-safari-id-destructuring-collision-in-function-expression/-/plugin-bugfix-safari-id-destructuring-collision-in-function-expression-7.29.7.tgz 122631ms (cache miss)
6230 http fetch GET 200 https://registry.npmjs.org/@babel/plugin-transform-export-namespace-from/-/plugin-transform-export-namespace-from-7.29.7.tgz 122685ms (cache miss)
6231 http fetch GET 200 https://registry.npmjs.org/@babel/plugin-bugfix-safari-class-field-initializer-scope/-/plugin-bugfix-safari-class-field-initializer-scope-7.29.7.tgz 122697ms (cache miss)
6232 http fetch GET 200 https://registry.npmjs.org/@babel/helper-wrap-function/-/helper-wrap-function-7.29.7.tgz 122647ms (cache miss)
6233 http fetch GET 200 https://registry.npmjs.org/@babel/plugin-transform-for-of/-/plugin-transform-for-of-7.29.7.tgz 122657ms (cache miss)
6234 http fetch GET 200 https://registry.npmjs.org/@babel/plugin-bugfix-v8-static-class-fields-redefine-readonly/-/plugin-bugfix-v8-static-class-fields-redefine-readonly-7.29.7.tgz 122724ms (cache miss)
6235 http fetch GET 200 https://registry.npmjs.org/@babel/plugin-bugfix-firefox-class-in-computed-class-key/-/plugin-bugfix-firefox-class-in-computed-class-key-7.29.7.tgz 123275ms (cache miss)
6236 http fetch GET 200 https://registry.npmjs.org/@babel/helper-remap-async-to-generator/-/helper-remap-async-to-generator-7.29.7.tgz 123277ms (cache miss)
6237 http fetch GET 200 https://registry.npmjs.org/npm-package-arg/-/npm-package-arg-12.0.2.tgz 123279ms (cache miss)
6238 http fetch GET 200 https://registry.npmjs.org/@babel/helper-plugin-utils/-/helper-plugin-utils-7.29.7.tgz 123431ms (cache miss)
6239 http fetch GET 200 https://registry.npmjs.org/launch-editor/-/launch-editor-2.14.1.tgz 125451ms (cache miss)
6240 http fetch GET 200 https://registry.npmjs.org/@babel/code-frame/-/code-frame-7.29.7.tgz 124553ms (cache miss)
6241 http fetch GET 200 https://registry.npmjs.org/npm-pick-manifest/-/npm-pick-manifest-10.0.0.tgz 124151ms (cache miss)
6242 http fetch GET 200 https://registry.npmjs.org/ini/-/ini-5.0.0.tgz 124148ms (cache miss)
6243 http fetch GET 200 https://registry.npmjs.org/parse5-html-rewriting-stream/-/parse5-html-rewriting-stream-7.0.0.tgz 124118ms (cache miss)
6244 http fetch GET 200 https://registry.npmjs.org/@inquirer/prompts/-/prompts-7.3.2.tgz 124131ms (cache miss)
6245 http fetch GET 200 https://registry.npmjs.org/argparse/-/argparse-2.0.1.tgz 126572ms (cache miss)
6246 http fetch GET 200 https://registry.npmjs.org/supports-preserve-symlinks-flag/-/supports-preserve-symlinks-flag-1.0.0.tgz 126878ms (cache miss)
6247 http fetch GET 200 https://registry.npmjs.org/jsesc/-/jsesc-3.1.0.tgz 126162ms (cache miss)
6248 http fetch GET 200 https://registry.npmjs.org/mrmime/-/mrmime-2.0.1.tgz 126127ms (cache miss)
6249 http fetch GET 200 https://registry.npmjs.org/https-proxy-agent/-/https-proxy-agent-7.0.6.tgz 126139ms (cache miss)
6250 http fetch GET 200 https://registry.npmjs.org/@inquirer/confirm/-/confirm-5.1.6.tgz 126110ms (cache miss)
6251 http fetch GET 200 https://registry.npmjs.org/@listr2/prompt-adapter-inquirer/-/prompt-adapter-inquirer-2.0.18.tgz 126155ms (cache miss)
6252 http fetch GET 200 https://registry.npmjs.org/@babel/plugin-syntax-import-attributes/-/plugin-syntax-import-attributes-7.26.0.tgz 126145ms (cache miss)
6253 http fetch GET 200 https://registry.npmjs.org/tinyglobby/-/tinyglobby-0.2.17.tgz 128799ms (cache miss)
6254 http fetch GET 200 https://registry.npmjs.org/webpack-merge/-/webpack-merge-6.0.1.tgz 127763ms (cache miss)
6255 http fetch GET 200 https://registry.npmjs.org/source-map-loader/-/source-map-loader-5.0.0.tgz 127729ms (cache miss)
6256 http fetch GET 200 https://registry.npmjs.org/cross-spawn/-/cross-spawn-7.0.6.tgz 149306ms (cache miss)
6257 http fetch GET 200 https://registry.npmjs.org/body-parser/-/body-parser-1.20.5.tgz 149183ms (cache miss)
6258 http fetch GET 200 https://registry.npmjs.org/es-module-lexer/-/es-module-lexer-2.1.0.tgz 149055ms (cache miss)
6259 http fetch GET 200 https://registry.npmjs.org/minipass-sized/-/minipass-sized-1.0.3.tgz 149066ms (cache miss)
6260 http fetch GET 200 https://registry.npmjs.org/@babel/plugin-transform-optional-chaining/-/plugin-transform-optional-chaining-7.29.7.tgz 155877ms (cache miss)
6261 http fetch GET 200 https://registry.npmjs.org/postcss-loader/-/postcss-loader-8.1.1.tgz 155537ms (cache miss)
6262 http fetch GET 200 https://registry.npmjs.org/loader-utils/-/loader-utils-3.3.1.tgz 155523ms (cache miss)
6263 http fetch GET 200 https://registry.npmjs.org/less-loader/-/less-loader-12.2.0.tgz 155523ms (cache miss)
6264 http fetch GET 200 https://registry.npmjs.org/@babel/plugin-transform-modules-umd/-/plugin-transform-modules-umd-7.29.7.tgz 158077ms (cache miss)
6265 http fetch GET 200 https://registry.npmjs.org/babel-loader/-/babel-loader-9.2.1.tgz 158053ms (cache miss)
6266 http fetch GET 200 https://registry.npmjs.org/@primeuix/styled/-/styled-0.3.2.tgz 162801ms (cache miss)
6267 http fetch GET 200 https://registry.npmjs.org/@babel/plugin-transform-modules-systemjs/-/plugin-transform-modules-systemjs-7.29.7.tgz 162517ms (cache miss)
6268 http fetch GET 200 https://registry.npmjs.org/@babel/plugin-transform-async-to-generator/-/plugin-transform-async-to-generator-7.25.9.tgz 162069ms (cache miss)
6269 http fetch GET 200 https://registry.npmjs.org/@babel/plugin-transform-async-generator-functions/-/plugin-transform-async-generator-functions-7.26.8.tgz 162605ms (cache miss)
6270 http fetch GET 200 https://registry.npmjs.org/wildcard/-/wildcard-2.0.1.tgz 165113ms (cache miss)
6271 http fetch GET 200 https://registry.npmjs.org/@babel/plugin-transform-object-rest-spread/-/plugin-transform-object-rest-spread-7.29.7.tgz 163647ms (cache miss)
6272 http fetch GET 200 https://registry.npmjs.org/@babel/helper-annotate-as-pure/-/helper-annotate-as-pure-7.25.9.tgz 163124ms (cache miss)
6273 http fetch GET 200 https://registry.npmjs.org/@ampproject/remapping/-/remapping-2.3.0.tgz 163192ms (cache miss)
6274 http fetch GET 200 https://registry.npmjs.org/@babel/helper-split-export-declaration/-/helper-split-export-declaration-7.24.7.tgz 163232ms (cache miss)
6275 http fetch GET 200 https://registry.npmjs.org/@angular-devkit/build-webpack/-/build-webpack-0.1902.27.tgz 163234ms (cache miss)
6276 http fetch GET 200 https://registry.npmjs.org/negotiator/-/negotiator-1.0.0.tgz 165050ms (cache miss)
6277 http fetch GET 200 https://registry.npmjs.org/detect-libc/-/detect-libc-2.1.2.tgz 164897ms (cache miss)
6278 http fetch GET 200 https://registry.npmjs.org/@babel/plugin-transform-destructuring/-/plugin-transform-destructuring-7.29.7.tgz 164128ms (cache miss)
6279 http fetch GET 200 https://registry.npmjs.org/@types/jasmine/-/jasmine-5.1.15.tgz 163658ms (cache miss)
6280 http fetch GET 200 https://registry.npmjs.org/@xtuc/long/-/long-4.2.2.tgz 165955ms (cache miss)
6281 http fetch GET 200 https://registry.npmjs.org/babel-plugin-polyfill-regenerator/-/babel-plugin-polyfill-regenerator-0.6.8.tgz 164629ms (cache miss)
6282 http fetch GET 200 https://registry.npmjs.org/@angular/platform-browser-dynamic/-/platform-browser-dynamic-19.2.25.tgz 164243ms (cache miss)
6283 http fetch GET 200 https://registry.npmjs.org/y18n/-/y18n-5.0.8.tgz 164221ms (cache miss)
6284 http fetch GET 200 https://registry.npmjs.org/@webassemblyjs/wasm-parser/-/wasm-parser-1.14.1.tgz 166388ms (cache miss)
6285 http fetch GET 200 https://registry.npmjs.org/@msgpackr-extract/msgpackr-extract-win32-x64/-/msgpackr-extract-win32-x64-3.0.4.tgz 166000ms (cache miss)
6286 http fetch GET 200 https://registry.npmjs.org/wrappy/-/wrappy-1.0.2.tgz 164869ms (cache miss)
6287 http fetch GET 200 https://registry.npmjs.org/wrap-ansi/-/wrap-ansi-7.0.0.tgz 164875ms (cache miss)
6288 http fetch GET 200 https://registry.npmjs.org/@webassemblyjs/leb128/-/leb128-1.13.2.tgz 167208ms (cache miss)
6289 http fetch GET 200 https://registry.npmjs.org/fraction.js/-/fraction.js-4.3.7.tgz 166477ms (cache miss)
6290 http fetch GET 200 https://registry.npmjs.org/vary/-/vary-1.1.2.tgz 165484ms (cache miss)
6291 http fetch GET 200 https://registry.npmjs.org/utils-merge/-/utils-merge-1.0.1.tgz 165492ms (cache miss)
6292 http fetch GET 200 https://registry.npmjs.org/unpipe/-/unpipe-1.0.0.tgz 165496ms (cache miss)
6293 http fetch GET 200 https://registry.npmjs.org/void-elements/-/void-elements-2.0.1.tgz 165536ms (cache miss)
6294 http fetch GET 200 https://registry.npmjs.org/@napi-rs/nice-win32-x64-msvc/-/nice-win32-x64-msvc-1.1.1.tgz 167544ms (cache miss)
6295 http fetch GET 200 https://registry.npmjs.org/type-is/-/type-is-1.6.18.tgz 166038ms (cache miss)
6296 http fetch GET 200 https://registry.npmjs.org/util-deprecate/-/util-deprecate-1.0.2.tgz 166060ms (cache miss)
6297 http fetch GET 200 https://registry.npmjs.org/universalify/-/universalify-0.1.2.tgz 166062ms (cache miss)
6298 http fetch GET 200 https://registry.npmjs.org/yallist/-/yallist-3.1.1.tgz 167648ms (cache miss)
6299 http fetch GET 200 https://registry.npmjs.org/to-regex-range/-/to-regex-range-5.0.1.tgz 167621ms (cache miss)
6300 http fetch GET 200 https://registry.npmjs.org/symbol-observable/-/symbol-observable-4.0.0.tgz 167631ms (cache miss)
6301 http fetch GET 200 https://registry.npmjs.org/supports-color/-/supports-color-7.2.0.tgz 167632ms (cache miss)
6302 http fetch GET 200 https://registry.npmjs.org/toidentifier/-/toidentifier-1.0.1.tgz 167652ms (cache miss)
6303 http fetch GET 200 https://registry.npmjs.org/tree-kill/-/tree-kill-1.2.2.tgz 168942ms (cache miss)
6304 http fetch GET 200 https://registry.npmjs.org/strip-ansi/-/strip-ansi-6.0.1.tgz 168940ms (cache miss)
6305 http fetch GET 200 https://registry.npmjs.org/socket.io-adapter/-/socket.io-adapter-2.5.5.tgz 168875ms (cache miss)
6306 http fetch GET 200 https://registry.npmjs.org/string_decoder/-/string_decoder-1.3.0.tgz 168938ms (cache miss)
6307 http fetch GET 200 https://registry.npmjs.org/socket.io-parser/-/socket.io-parser-4.2.4.tgz 168887ms (cache miss)
6308 http fetch GET 200 https://registry.npmjs.org/safe-buffer/-/safe-buffer-5.2.1.tgz 168837ms (cache miss)
6309 http fetch GET 200 https://registry.npmjs.org/string-width/-/string-width-4.2.3.tgz 168953ms (cache miss)
6310 http fetch GET 200 https://registry.npmjs.org/statuses/-/statuses-1.5.0.tgz 169042ms (cache miss)
6311 http fetch GET 200 https://registry.npmjs.org/signal-exit/-/signal-exit-3.0.7.tgz 168987ms (cache miss)
6312 http fetch GET 200 https://registry.npmjs.org/setprototypeof/-/setprototypeof-1.2.0.tgz 170769ms (cache miss)
6313 http fetch GET 200 https://registry.npmjs.org/safer-buffer/-/safer-buffer-2.1.2.tgz 170771ms (cache miss)
6314 http fetch GET 200 https://registry.npmjs.org/safe-regex-test/-/safe-regex-test-1.1.0.tgz 170770ms (cache miss)
6315 http fetch GET 200 https://registry.npmjs.org/rimraf/-/rimraf-3.0.2.tgz 170731ms (cache miss)
6316 http fetch GET 200 https://registry.npmjs.org/regex-parser/-/regex-parser-2.3.1.tgz 170723ms (cache miss)
6317 http fetch GET 200 https://registry.npmjs.org/restore-cursor/-/restore-cursor-3.1.0.tgz 170918ms (cache miss)
6318 http fetch GET 200 https://registry.npmjs.org/qjobs/-/qjobs-1.2.0.tgz 170945ms (cache miss)
6319 http fetch GET 200 https://registry.npmjs.org/rfdc/-/rfdc-1.4.1.tgz 170977ms (cache miss)
6320 http fetch GET 200 https://registry.npmjs.org/readdirp/-/readdirp-3.6.0.tgz 172104ms (cache miss)
6321 http fetch GET 200 https://registry.npmjs.org/requires-port/-/requires-port-1.0.0.tgz 172303ms (cache miss)
6322 http fetch GET 200 https://registry.npmjs.org/require-directory/-/require-directory-2.1.1.tgz 172343ms (cache miss)
6323 http fetch GET 200 https://registry.npmjs.org/range-parser/-/range-parser-1.2.1.tgz 172431ms (cache miss)
6324 http fetch GET 200 https://registry.npmjs.org/onetime/-/onetime-5.1.2.tgz 172418ms (cache miss)
6325 http fetch GET 200 https://registry.npmjs.org/once/-/once-1.4.0.tgz 172418ms (cache miss)
6326 http fetch GET 200 https://registry.npmjs.org/punycode/-/punycode-1.4.1.tgz 173640ms (cache miss)
6327 http fetch GET 200 https://registry.npmjs.org/picocolors/-/picocolors-1.1.1.tgz 173632ms (cache miss)
6328 http fetch GET 200 https://registry.npmjs.org/nanoid/-/nanoid-3.3.11.tgz 173635ms (cache miss)
6329 http fetch GET 200 https://registry.npmjs.org/path-is-absolute/-/path-is-absolute-1.0.1.tgz 173656ms (cache miss)
6330 http fetch GET 200 https://registry.npmjs.org/object-assign/-/object-assign-4.1.1.tgz 173643ms (cache miss)
6331 http fetch GET 200 https://registry.npmjs.org/ora/-/ora-5.4.1.tgz 173654ms (cache miss)
6332 http fetch GET 200 https://registry.npmjs.org/on-finished/-/on-finished-2.4.1.tgz 173653ms (cache miss)
6333 http fetch GET 200 https://registry.npmjs.org/ms/-/ms-2.1.3.tgz 173650ms (cache miss)
6334 http fetch GET 200 https://registry.npmjs.org/mkdirp/-/mkdirp-0.5.6.tgz 173671ms (cache miss)
6335 http fetch GET 200 https://registry.npmjs.org/browserslist/-/browserslist-4.28.2.tgz 175415ms (cache miss)
6336 http fetch GET 200 https://registry.npmjs.org/which/-/which-1.3.1.tgz 174403ms (cache miss)
6337 http fetch GET 200 https://registry.npmjs.org/minimist/-/minimist-1.2.8.tgz 174216ms (cache miss)
6338 http fetch GET 200 https://registry.npmjs.org/lru-cache/-/lru-cache-5.1.1.tgz 173647ms (cache miss)
6339 http fetch GET 200 https://registry.npmjs.org/mime-types/-/mime-types-2.1.35.tgz 173659ms (cache miss)
6340 http fetch GET 200 https://registry.npmjs.org/normalize-path/-/normalize-path-3.0.0.tgz 174228ms (cache miss)
6341 http fetch GET 200 https://registry.npmjs.org/make-dir/-/make-dir-4.0.0.tgz 173658ms (cache miss)
6342 http fetch GET 200 https://registry.npmjs.org/minimatch/-/minimatch-3.1.2.tgz 174230ms (cache miss)
6343 http fetch GET 200 https://registry.npmjs.org/media-typer/-/media-typer-0.3.0.tgz 173667ms (cache miss)
6344 http fetch GET 200 https://registry.npmjs.org/@parcel/watcher-win32-x64/-/watcher-win32-x64-2.5.6.tgz 176743ms (cache miss)
6345 http fetch GET 200 https://registry.npmjs.org/karma-source-map-support/-/karma-source-map-support-1.4.0.tgz 174435ms (cache miss)
6346 http fetch GET 200 https://registry.npmjs.org/istanbul-lib-source-maps/-/istanbul-lib-source-maps-4.0.1.tgz 173750ms (cache miss)
6347 http fetch GET 200 https://registry.npmjs.org/karma-chrome-launcher/-/karma-chrome-launcher-3.2.0.tgz 173769ms (cache miss)
6348 http fetch GET 200 https://registry.npmjs.org/js-tokens/-/js-tokens-4.0.0.tgz 173782ms (cache miss)
6349 http fetch GET 200 https://registry.npmjs.org/jsonfile/-/jsonfile-4.0.0.tgz 173782ms (cache miss)
6350 http fetch GET 200 https://registry.npmjs.org/karma-jasmine-html-reporter/-/karma-jasmine-html-reporter-2.1.0.tgz 174436ms (cache miss)
6351 http fetch GET 200 https://registry.npmjs.org/open/-/open-10.1.0.tgz 182252ms (cache miss)
6352 http fetch GET 200 https://registry.npmjs.org/isbinaryfile/-/isbinaryfile-4.0.10.tgz 180464ms (cache miss)
6353 http fetch GET 200 https://registry.npmjs.org/isexe/-/isexe-2.0.0.tgz 180844ms (cache miss)
6354 http fetch GET 200 https://registry.npmjs.org/log-symbols/-/log-symbols-4.1.0.tgz 181721ms (cache miss)
6355 http fetch GET 200 https://registry.npmjs.org/is-number/-/is-number-7.0.0.tgz 180483ms (cache miss)
6356 http fetch GET 200 https://registry.npmjs.org/mimic-fn/-/mimic-fn-2.1.0.tgz 181833ms (cache miss)
6357 http fetch GET 200 https://registry.npmjs.org/istanbul-lib-coverage/-/istanbul-lib-coverage-3.2.2.tgz 180968ms (cache miss)
