0 verbose cli C:\Program Files\nodejs\node.exe C:\Program Files\nodejs\node_modules\npm\bin\npm-cli.js
1 info using npm@11.13.0
2 info using node@v24.16.0
3 silly config load:file:C:\Program Files\nodejs\node_modules\npm\npmrc
4 silly config load:file:C:\Users\tupai\OneDrive\Área de Trabalho\amigo_pet\projeto-amigopet\front\.npmrc
5 silly config load:file:C:\Users\tupai\.npmrc
6 silly config load:file:C:\Users\tupai\AppData\Roaming\npm\etc\npmrc
7 verbose title npm install
8 verbose argv "install" "--legacy-peer-deps" "--cache" ".\\.npm-cache" "--no-audit" "--no-fund"
9 verbose logfile logs-max:10 dir:C:\Users\tupai\OneDrive\Área de Trabalho\amigo_pet\projeto-amigopet\front\.npm-cache\_logs\2026-06-10T19_57_11_231Z-
10 verbose logfile C:\Users\tupai\OneDrive\Área de Trabalho\amigo_pet\projeto-amigopet\front\.npm-cache\_logs\2026-06-10T19_57_11_231Z-debug-0.log
11 silly logfile done cleaning log files
12 silly packumentCache heap:2192310272 maxSize:548077568 maxEntrySize:274038784
13 silly idealTree buildDeps
14 silly fetch manifest @angular/animations@^19.0.0
15 silly packumentCache full:https://registry.npmjs.org/@angular%2fanimations cache-miss
16 http fetch GET 200 https://registry.npmjs.org/@angular%2fanimations 10186ms (cache updated)
17 silly packumentCache full:https://registry.npmjs.org/@angular%2fanimations set size:undefined disposed:false
18 silly fetch manifest @angular/common@^19.0.0
19 silly packumentCache full:https://registry.npmjs.org/@angular%2fcommon cache-miss
20 http fetch GET 200 https://registry.npmjs.org/@angular%2fcommon 3557ms (cache updated)
21 silly packumentCache full:https://registry.npmjs.org/@angular%2fcommon set size:undefined disposed:false
22 silly fetch manifest @angular/compiler@^19.0.0
23 silly packumentCache full:https://registry.npmjs.org/@angular%2fcompiler cache-miss
24 http fetch GET 200 https://registry.npmjs.org/@angular%2fcompiler 1075ms (cache updated)
25 silly packumentCache full:https://registry.npmjs.org/@angular%2fcompiler set size:undefined disposed:false
26 silly fetch manifest @angular/core@^19.0.0
27 silly packumentCache full:https://registry.npmjs.org/@angular%2fcore cache-miss
28 http fetch GET 200 https://registry.npmjs.org/@angular%2fcore 840ms (cache updated)
29 silly packumentCache full:https://registry.npmjs.org/@angular%2fcore set size:undefined disposed:false
30 silly fetch manifest @angular/forms@^19.0.0
31 silly packumentCache full:https://registry.npmjs.org/@angular%2fforms cache-miss
32 http fetch GET 200 https://registry.npmjs.org/@angular%2fforms 2262ms (cache updated)
33 silly packumentCache full:https://registry.npmjs.org/@angular%2fforms set size:undefined disposed:false
34 silly fetch manifest @angular/platform-browser@^19.0.0
35 silly packumentCache full:https://registry.npmjs.org/@angular%2fplatform-browser cache-miss
36 http fetch GET 200 https://registry.npmjs.org/@angular%2fplatform-browser 1276ms (cache updated)
37 silly packumentCache full:https://registry.npmjs.org/@angular%2fplatform-browser set size:undefined disposed:false
38 silly fetch manifest @angular/platform-browser-dynamic@^19.0.0
39 silly packumentCache full:https://registry.npmjs.org/@angular%2fplatform-browser-dynamic cache-miss
40 http fetch GET 200 https://registry.npmjs.org/@angular%2fplatform-browser-dynamic 926ms (cache updated)
41 silly packumentCache full:https://registry.npmjs.org/@angular%2fplatform-browser-dynamic set size:undefined disposed:false
42 silly fetch manifest @angular/router@^19.0.0
43 silly packumentCache full:https://registry.npmjs.org/@angular%2frouter cache-miss
44 http fetch GET 200 https://registry.npmjs.org/@angular%2frouter 1244ms (cache updated)
45 silly packumentCache full:https://registry.npmjs.org/@angular%2frouter set size:undefined disposed:false
46 silly fetch manifest @primeng/themes@^19.0.0
47 silly packumentCache full:https://registry.npmjs.org/@primeng%2fthemes cache-miss
48 http fetch GET 200 https://registry.npmjs.org/@primeng%2fthemes 897ms (cache revalidated)
49 silly packumentCache full:https://registry.npmjs.org/@primeng%2fthemes set size:121302 disposed:false
50 silly fetch manifest primeicons@^7.0.0
51 silly packumentCache full:https://registry.npmjs.org/primeicons cache-miss
52 http fetch GET 200 https://registry.npmjs.org/primeicons 128ms (cache revalidated)
53 silly packumentCache full:https://registry.npmjs.org/primeicons set size:66240 disposed:false
54 silly fetch manifest primeng@^19.0.0
55 silly packumentCache full:https://registry.npmjs.org/primeng cache-miss
56 http fetch GET 200 https://registry.npmjs.org/primeng 513ms (cache revalidated)
57 silly packumentCache full:https://registry.npmjs.org/primeng set size:8319577 disposed:false
58 silly fetch manifest zone.js@~0.15.0
59 silly packumentCache full:https://registry.npmjs.org/zone.js cache-miss
60 http fetch GET 200 https://registry.npmjs.org/zone.js 165ms (cache revalidated)
61 silly packumentCache full:https://registry.npmjs.org/zone.js set size:378576 disposed:false
62 silly fetch manifest @angular-devkit/build-angular@^19.0.0
63 silly packumentCache full:https://registry.npmjs.org/@angular-devkit%2fbuild-angular cache-miss
64 http fetch GET 200 https://registry.npmjs.org/@angular-devkit%2fbuild-angular 158ms (cache revalidated)
65 silly packumentCache full:https://registry.npmjs.org/@angular-devkit%2fbuild-angular set size:4154705 disposed:false
66 silly fetch manifest @angular/cli@^19.0.0
67 silly packumentCache full:https://registry.npmjs.org/@angular%2fcli cache-miss
68 http fetch GET 200 https://registry.npmjs.org/@angular%2fcli 207ms (cache revalidated)
69 silly packumentCache full:https://registry.npmjs.org/@angular%2fcli set size:3155217 disposed:false
70 silly fetch manifest @angular/compiler-cli@^19.0.0
71 silly packumentCache full:https://registry.npmjs.org/@angular%2fcompiler-cli cache-miss
72 http fetch GET 200 https://registry.npmjs.org/@angular%2fcompiler-cli 1270ms (cache updated)
73 silly packumentCache full:https://registry.npmjs.org/@angular%2fcompiler-cli set size:undefined disposed:false
74 silly fetch manifest @types/jasmine@~5.1.0
75 silly packumentCache full:https://registry.npmjs.org/@types%2fjasmine cache-miss
76 http fetch GET 200 https://registry.npmjs.org/@types%2fjasmine 207ms (cache revalidated)
77 silly packumentCache full:https://registry.npmjs.org/@types%2fjasmine set size:520126 disposed:false
78 silly fetch manifest jasmine-core@~5.2.0
79 silly packumentCache full:https://registry.npmjs.org/jasmine-core cache-miss
80 http fetch GET 200 https://registry.npmjs.org/jasmine-core 89ms (cache revalidated)
81 silly packumentCache full:https://registry.npmjs.org/jasmine-core set size:234688 disposed:false
82 silly fetch manifest typescript@~5.5.0
83 silly packumentCache full:https://registry.npmjs.org/typescript cache-miss
84 http fetch GET 200 https://registry.npmjs.org/typescript 197ms (cache revalidated)
85 silly packumentCache full:https://registry.npmjs.org/typescript set size:15409943 disposed:false
86 silly placeDep ROOT @angular-devkit/build-angular@19.2.27 REPLACE for: amigopet-front@1.0.0 want: ^19.0.0
87 silly placeDep ROOT @angular/animations@19.2.25 REPLACE for: amigopet-front@1.0.0 want: ^19.0.0
88 silly placeDep ROOT @angular/cli@19.2.27 REPLACE for: amigopet-front@1.0.0 want: ^19.0.0
89 silly placeDep ROOT @angular/common@19.2.25 REPLACE for: amigopet-front@1.0.0 want: ^19.0.0
90 silly placeDep ROOT @angular/compiler@19.2.25 REPLACE for: amigopet-front@1.0.0 want: ^19.0.0
91 silly placeDep ROOT @angular/compiler-cli@19.2.25 REPLACE for: amigopet-front@1.0.0 want: ^19.0.0
92 silly placeDep ROOT @angular/core@19.2.25 REPLACE for: amigopet-front@1.0.0 want: ^19.0.0
93 silly placeDep ROOT @angular/forms@19.2.25 REPLACE for: amigopet-front@1.0.0 want: ^19.0.0
94 silly placeDep ROOT @angular/platform-browser@19.2.25 REPLACE for: amigopet-front@1.0.0 want: ^19.0.0
95 silly placeDep ROOT @angular/platform-browser-dynamic@19.2.25 REPLACE for: amigopet-front@1.0.0 want: ^19.0.0
96 silly placeDep ROOT @angular/router@19.2.25 REPLACE for: amigopet-front@1.0.0 want: ^19.0.0
97 silly placeDep ROOT @primeng/themes@19.1.4 OK for: amigopet-front@1.0.0 want: ^19.0.0
98 silly placeDep ROOT @types/jasmine@5.1.15 REPLACE for: amigopet-front@1.0.0 want: ~5.1.0
99 silly placeDep ROOT jasmine-core@5.2.0 REPLACE for: amigopet-front@1.0.0 want: ~5.2.0
100 silly placeDep ROOT primeicons@7.0.0 REPLACE for: amigopet-front@1.0.0 want: ^7.0.0
101 silly placeDep ROOT primeng@19.1.4 REPLACE for: amigopet-front@1.0.0 want: ^19.0.0
102 silly placeDep ROOT typescript@5.5.4 REPLACE for: amigopet-front@1.0.0 want: ~5.5.0
103 silly placeDep ROOT zone.js@0.15.1 REPLACE for: amigopet-front@1.0.0 want: ~0.15.0
104 silly fetch manifest less@4.2.2
105 silly packumentCache full:https://registry.npmjs.org/less cache-miss
106 silly fetch manifest open@10.1.0
107 silly packumentCache full:https://registry.npmjs.org/open cache-miss
108 silly fetch manifest sass@1.85.0
109 silly packumentCache full:https://registry.npmjs.org/sass cache-miss
110 silly fetch manifest semver@7.7.1
111 silly packumentCache full:https://registry.npmjs.org/semver cache-miss
112 silly fetch manifest terser@5.39.0
113 silly packumentCache full:https://registry.npmjs.org/terser cache-miss
114 silly fetch manifest piscina@4.8.0
115 silly packumentCache full:https://registry.npmjs.org/piscina cache-miss
116 silly fetch manifest postcss@8.5.12
117 silly packumentCache full:https://registry.npmjs.org/postcss cache-miss
118 http fetch GET 200 https://registry.npmjs.org/piscina 431ms (cache revalidated)
119 silly packumentCache full:https://registry.npmjs.org/piscina set size:161820 disposed:false
120 silly fetch manifest webpack@5.105.0
121 silly packumentCache full:https://registry.npmjs.org/webpack cache-miss
122 http fetch GET 200 https://registry.npmjs.org/open 446ms (cache revalidated)
123 silly packumentCache full:https://registry.npmjs.org/open set size:136392 disposed:false
124 silly fetch manifest fast-glob@3.3.3
125 silly packumentCache full:https://registry.npmjs.org/fast-glob cache-miss
126 http fetch GET 200 https://registry.npmjs.org/webpack 287ms (cache revalidated)
127 silly packumentCache full:https://registry.npmjs.org/webpack set size:5034153 disposed:false
128 silly fetch manifest picomatch@4.0.4
129 silly packumentCache full:https://registry.npmjs.org/picomatch cache-miss
130 http fetch GET 200 https://registry.npmjs.org/less 1005ms (cache revalidated)
131 silly packumentCache full:https://registry.npmjs.org/less set size:461684 disposed:false
132 silly fetch manifest css-loader@7.1.2
133 silly packumentCache full:https://registry.npmjs.org/css-loader cache-miss
134 http fetch GET 200 https://registry.npmjs.org/semver 1084ms (cache revalidated)
135 silly packumentCache full:https://registry.npmjs.org/semver set size:243512 disposed:false
136 silly fetch manifest @babel/core@7.26.10
137 silly packumentCache full:https://registry.npmjs.org/@babel%2fcore cache-miss
138 http fetch GET 200 https://registry.npmjs.org/sass 1126ms (cache revalidated)
139 silly packumentCache full:https://registry.npmjs.org/sass set size:728345 disposed:false
140 silly fetch manifest less-loader@12.2.0
141 silly packumentCache full:https://registry.npmjs.org/less-loader cache-miss
142 http fetch GET 200 https://registry.npmjs.org/postcss 1193ms (cache revalidated)
143 silly packumentCache full:https://registry.npmjs.org/postcss set size:723316 disposed:false
144 silly fetch manifest sass-loader@16.0.5
145 silly packumentCache full:https://registry.npmjs.org/sass-loader cache-miss
146 http fetch GET 200 https://registry.npmjs.org/terser 1261ms (cache revalidated)
147 silly packumentCache full:https://registry.npmjs.org/terser set size:803566 disposed:false
148 silly fetch manifest autoprefixer@10.4.20
149 silly packumentCache full:https://registry.npmjs.org/autoprefixer cache-miss
150 http fetch GET 200 https://registry.npmjs.org/fast-glob 1347ms (cache revalidated)
151 silly packumentCache full:https://registry.npmjs.org/fast-glob set size:220556 disposed:false
152 silly fetch manifest babel-loader@9.2.1
153 silly packumentCache full:https://registry.npmjs.org/babel-loader cache-miss
154 http fetch GET 200 https://registry.npmjs.org/picomatch 1013ms (cache revalidated)
155 silly packumentCache full:https://registry.npmjs.org/picomatch set size:126376 disposed:false
156 silly fetch manifest esbuild-wasm@0.28.0
157 silly packumentCache full:https://registry.npmjs.org/esbuild-wasm cache-miss
158 http fetch GET 200 https://registry.npmjs.org/less-loader 781ms (cache revalidated)
159 silly packumentCache full:https://registry.npmjs.org/less-loader set size:226040 disposed:false
160 silly fetch manifest jsonc-parser@3.3.1
161 silly packumentCache full:https://registry.npmjs.org/jsonc-parser cache-miss
162 http fetch GET 200 https://registry.npmjs.org/sass-loader 725ms (cache revalidated)
163 silly packumentCache full:https://registry.npmjs.org/sass-loader set size:431379 disposed:false
164 silly fetch manifest loader-utils@3.3.1
165 silly packumentCache full:https://registry.npmjs.org/loader-utils cache-miss
166 http fetch GET 200 https://registry.npmjs.org/css-loader 945ms (cache revalidated)
167 silly packumentCache full:https://registry.npmjs.org/css-loader set size:520219 disposed:false
168 silly fetch manifest webpack-merge@6.0.1
169 silly packumentCache full:https://registry.npmjs.org/webpack-merge cache-miss
170 http fetch GET 200 https://registry.npmjs.org/@babel%2fcore 986ms (cache revalidated)
171 silly packumentCache full:https://registry.npmjs.org/@babel%2fcore set size:779631 disposed:false
172 silly fetch manifest @angular/build@19.2.27
173 silly packumentCache full:https://registry.npmjs.org/@angular%2fbuild cache-miss
174 http fetch GET 200 https://registry.npmjs.org/autoprefixer 1193ms (cache revalidated)
175 silly packumentCache full:https://registry.npmjs.org/autoprefixer set size:1319426 disposed:false
176 silly fetch manifest @babel/runtime@7.26.10
177 silly packumentCache full:https://registry.npmjs.org/@babel%2fruntime cache-miss
178 http fetch GET 200 https://registry.npmjs.org/babel-loader 775ms (cache revalidated)
179 silly packumentCache full:https://registry.npmjs.org/babel-loader set size:257763 disposed:false
180 silly fetch manifest postcss-loader@8.1.1
181 silly packumentCache full:https://registry.npmjs.org/postcss-loader cache-miss
182 http fetch GET 200 https://registry.npmjs.org/esbuild-wasm 1146ms (cache revalidated)
183 silly packumentCache full:https://registry.npmjs.org/esbuild-wasm set size:1041148 disposed:false
184 silly fetch manifest @babel/generator@7.26.10
185 silly packumentCache full:https://registry.npmjs.org/@babel%2fgenerator cache-miss
186 http fetch GET 200 https://registry.npmjs.org/jsonc-parser 1145ms (cache revalidated)
187 silly packumentCache full:https://registry.npmjs.org/jsonc-parser set size:99919 disposed:false
188 silly fetch manifest @ngtools/webpack@19.2.27
189 silly packumentCache full:https://registry.npmjs.org/@ngtools%2fwebpack cache-miss
190 http fetch GET 200 https://registry.npmjs.org/webpack-merge 1100ms (cache revalidated)
191 silly packumentCache full:https://registry.npmjs.org/webpack-merge set size:237952 disposed:false
192 silly fetch manifest @babel/preset-env@7.26.9
193 silly packumentCache full:https://registry.npmjs.org/@babel%2fpreset-env cache-miss
194 http fetch GET 200 https://registry.npmjs.org/loader-utils 1228ms (cache revalidated)
195 silly packumentCache full:https://registry.npmjs.org/loader-utils set size:168663 disposed:false
196 silly fetch manifest source-map-loader@5.0.0
197 silly packumentCache full:https://registry.npmjs.org/source-map-loader cache-miss
198 http fetch GET 200 https://registry.npmjs.org/@angular%2fbuild 1211ms (cache revalidated)
199 silly packumentCache full:https://registry.npmjs.org/@angular%2fbuild set size:898215 disposed:false
200 silly fetch manifest webpack-dev-server@5.2.2
201 silly packumentCache full:https://registry.npmjs.org/webpack-dev-server cache-miss
202 http fetch GET 200 https://registry.npmjs.org/@babel%2fruntime 1104ms (cache revalidated)
203 silly packumentCache full:https://registry.npmjs.org/@babel%2fruntime set size:3455431 disposed:false
204 silly fetch manifest copy-webpack-plugin@12.0.2
205 silly packumentCache full:https://registry.npmjs.org/copy-webpack-plugin cache-miss
206 http fetch GET 200 https://registry.npmjs.org/postcss-loader 1355ms (cache revalidated)
207 silly packumentCache full:https://registry.npmjs.org/postcss-loader set size:282135 disposed:false
208 silly fetch manifest @angular-devkit/core@19.2.27
209 silly packumentCache full:https://registry.npmjs.org/@angular-devkit%2fcore cache-miss
210 http fetch GET 200 https://registry.npmjs.org/source-map-loader 1011ms (cache revalidated)
211 silly packumentCache full:https://registry.npmjs.org/source-map-loader set size:100772 disposed:false
212 silly fetch manifest @ampproject/remapping@2.3.0
213 silly packumentCache full:https://registry.npmjs.org/@ampproject%2fremapping cache-miss
214 http fetch GET 200 https://registry.npmjs.org/@babel%2fpreset-env 1135ms (cache revalidated)
215 silly packumentCache full:https://registry.npmjs.org/@babel%2fpreset-env set size:1191601 disposed:false
216 silly fetch manifest @discoveryjs/json-ext@0.6.3
217 silly packumentCache full:https://registry.npmjs.org/@discoveryjs%2fjson-ext cache-miss
218 http fetch GET 200 https://registry.npmjs.org/webpack-dev-server 879ms (cache revalidated)
219 silly packumentCache full:https://registry.npmjs.org/webpack-dev-server set size:852347 disposed:false
220 silly fetch manifest http-proxy-middleware@3.0.5
221 silly packumentCache full:https://registry.npmjs.org/http-proxy-middleware cache-miss
222 http fetch GET 200 https://registry.npmjs.org/@babel%2fgenerator 1299ms (cache revalidated)
223 silly packumentCache full:https://registry.npmjs.org/@babel%2fgenerator set size:518214 disposed:false
224 silly fetch manifest webpack-dev-middleware@7.4.2
225 silly packumentCache full:https://registry.npmjs.org/webpack-dev-middleware cache-miss
226 http fetch GET 200 https://registry.npmjs.org/@ngtools%2fwebpack 2524ms (cache revalidated)
227 silly packumentCache full:https://registry.npmjs.org/@ngtools%2fwebpack set size:2462036 disposed:false
228 silly fetch manifest istanbul-lib-instrument@6.0.3
229 silly packumentCache full:https://registry.npmjs.org/istanbul-lib-instrument cache-miss
230 http fetch GET 200 https://registry.npmjs.org/copy-webpack-plugin 2742ms (cache revalidated)
231 silly packumentCache full:https://registry.npmjs.org/copy-webpack-plugin set size:303449 disposed:false
232 silly fetch manifest mini-css-extract-plugin@2.9.2
233 silly packumentCache full:https://registry.npmjs.org/mini-css-extract-plugin cache-miss
234 http fetch GET 200 https://registry.npmjs.org/@angular-devkit%2fcore 2614ms (cache revalidated)
235 silly packumentCache full:https://registry.npmjs.org/@angular-devkit%2fcore set size:2371476 disposed:false
236 silly fetch manifest @vitejs/plugin-basic-ssl@1.2.0
237 silly packumentCache full:https://registry.npmjs.org/@vitejs%2fplugin-basic-ssl cache-miss
238 http fetch GET 200 https://registry.npmjs.org/@discoveryjs%2fjson-ext 2549ms (cache revalidated)
239 silly packumentCache full:https://registry.npmjs.org/@discoveryjs%2fjson-ext set size:81863 disposed:false
240 silly fetch manifest @angular-devkit/architect@0.1902.27
241 silly packumentCache full:https://registry.npmjs.org/@angular-devkit%2farchitect cache-miss
242 http fetch GET 200 https://registry.npmjs.org/webpack-dev-middleware 2575ms (cache revalidated)
243 silly packumentCache full:https://registry.npmjs.org/webpack-dev-middleware set size:378853 disposed:false
244 silly fetch manifest @angular-devkit/build-webpack@0.1902.27
245 silly packumentCache full:https://registry.npmjs.org/@angular-devkit%2fbuild-webpack cache-miss
246 http fetch GET 200 https://registry.npmjs.org/@ampproject%2fremapping 2737ms (cache revalidated)
247 silly packumentCache full:https://registry.npmjs.org/@ampproject%2fremapping set size:88598 disposed:false
248 silly fetch manifest @babel/helper-annotate-as-pure@7.25.9
249 silly packumentCache full:https://registry.npmjs.org/@babel%2fhelper-annotate-as-pure cache-miss
250 http fetch GET 200 https://registry.npmjs.org/http-proxy-middleware 2680ms (cache revalidated)
251 silly packumentCache full:https://registry.npmjs.org/http-proxy-middleware set size:359220 disposed:false
252 silly fetch manifest @babel/plugin-transform-runtime@7.26.10
253 silly packumentCache full:https://registry.npmjs.org/@babel%2fplugin-transform-runtime cache-miss
254 http fetch GET 200 https://registry.npmjs.org/mini-css-extract-plugin 484ms (cache revalidated)
255 silly packumentCache full:https://registry.npmjs.org/mini-css-extract-plugin set size:404474 disposed:false
256 silly fetch manifest @babel/helper-split-export-declaration@7.24.7
257 silly packumentCache full:https://registry.npmjs.org/@babel%2fhelper-split-export-declaration cache-miss
258 http fetch GET 200 https://registry.npmjs.org/istanbul-lib-instrument 710ms (cache revalidated)
259 silly packumentCache full:https://registry.npmjs.org/istanbul-lib-instrument set size:219175 disposed:false
260 silly fetch manifest @babel/plugin-transform-async-to-generator@7.25.9
261 silly packumentCache full:https://registry.npmjs.org/@babel%2fplugin-transform-async-to-generator cache-miss
262 http fetch GET 200 https://registry.npmjs.org/@vitejs%2fplugin-basic-ssl 374ms (cache revalidated)
263 silly packumentCache full:https://registry.npmjs.org/@vitejs%2fplugin-basic-ssl set size:45104 disposed:false
264 silly fetch manifest @babel/plugin-transform-async-generator-functions@7.26.8
265 silly packumentCache full:https://registry.npmjs.org/@babel%2fplugin-transform-async-generator-functions cache-miss
266 http fetch GET 200 https://registry.npmjs.org/@babel%2fplugin-transform-async-generator-functions 155ms (cache revalidated)
267 silly packumentCache full:https://registry.npmjs.org/@babel%2fplugin-transform-async-generator-functions set size:125257 disposed:false
268 silly fetch manifest esbuild@0.28.0
269 silly packumentCache full:https://registry.npmjs.org/esbuild cache-miss
270 http fetch GET 200 https://registry.npmjs.org/@babel%2fplugin-transform-async-to-generator 203ms (cache revalidated)
271 silly packumentCache full:https://registry.npmjs.org/@babel%2fplugin-transform-async-to-generator set size:244269 disposed:false
272 silly fetch manifest ini@5.0.0
273 silly packumentCache full:https://registry.npmjs.org/ini cache-miss
274 http fetch GET 200 https://registry.npmjs.org/@babel%2fplugin-transform-runtime 247ms (cache revalidated)
275 silly packumentCache full:https://registry.npmjs.org/@babel%2fplugin-transform-runtime set size:462646 disposed:false
276 silly fetch manifest listr2@8.2.5
277 silly packumentCache full:https://registry.npmjs.org/listr2 cache-miss
278 http fetch GET 200 https://registry.npmjs.org/@babel%2fhelper-annotate-as-pure 334ms (cache revalidated)
279 silly packumentCache full:https://registry.npmjs.org/@babel%2fhelper-annotate-as-pure set size:179510 disposed:false
280 silly fetch manifest pacote@20.0.0
281 silly packumentCache full:https://registry.npmjs.org/pacote cache-miss
282 http fetch GET 200 https://registry.npmjs.org/@babel%2fhelper-split-export-declaration 303ms (cache revalidated)
283 silly packumentCache full:https://registry.npmjs.org/@babel%2fhelper-split-export-declaration set size:132747 disposed:false
284 silly fetch manifest resolve@1.22.10
285 silly packumentCache full:https://registry.npmjs.org/resolve cache-miss
286 http fetch GET 200 https://registry.npmjs.org/@angular-devkit%2farchitect 516ms (cache revalidated)
287 silly packumentCache full:https://registry.npmjs.org/@angular-devkit%2farchitect set size:2167441 disposed:false
288 silly fetch manifest npm-package-arg@12.0.2
289 silly packumentCache full:https://registry.npmjs.org/npm-package-arg cache-miss
290 http fetch GET 200 https://registry.npmjs.org/@angular-devkit%2fbuild-webpack 527ms (cache revalidated)
291 silly packumentCache full:https://registry.npmjs.org/@angular-devkit%2fbuild-webpack set size:2258444 disposed:false
292 silly fetch manifest @inquirer/prompts@7.3.2
293 silly packumentCache full:https://registry.npmjs.org/@inquirer%2fprompts cache-miss
294 http fetch GET 200 https://registry.npmjs.org/ini 312ms (cache revalidated)
295 silly packumentCache full:https://registry.npmjs.org/ini set size:59180 disposed:false
296 silly fetch manifest npm-pick-manifest@10.0.0
297 silly packumentCache full:https://registry.npmjs.org/npm-pick-manifest cache-miss
298 http fetch GET 200 https://registry.npmjs.org/pacote 305ms (cache revalidated)
299 silly packumentCache full:https://registry.npmjs.org/pacote set size:763537 disposed:false
300 silly fetch manifest @schematics/angular@19.2.27
301 silly packumentCache full:https://registry.npmjs.org/@schematics%2fangular cache-miss
302 http fetch GET 200 https://registry.npmjs.org/listr2 370ms (cache revalidated)
303 silly packumentCache full:https://registry.npmjs.org/listr2 set size:1056609 disposed:false
304 silly fetch manifest @angular-devkit/schematics@19.2.27
305 silly packumentCache full:https://registry.npmjs.org/@angular-devkit%2fschematics cache-miss
306 http fetch GET 200 https://registry.npmjs.org/esbuild 584ms (cache revalidated)
307 silly packumentCache full:https://registry.npmjs.org/esbuild set size:1254708 disposed:false
308 silly fetch manifest @listr2/prompt-adapter-inquirer@2.0.18
309 silly packumentCache full:https://registry.npmjs.org/@listr2%2fprompt-adapter-inquirer cache-miss
310 http fetch GET 200 https://registry.npmjs.org/resolve 737ms (cache revalidated)
311 silly packumentCache full:https://registry.npmjs.org/resolve set size:244568 disposed:false
312 silly fetch manifest chokidar@^4.0.0
313 silly packumentCache full:https://registry.npmjs.org/chokidar cache-miss
314 http fetch GET 200 https://registry.npmjs.org/@inquirer%2fprompts 592ms (cache revalidated)
315 silly packumentCache full:https://registry.npmjs.org/@inquirer%2fprompts set size:331361 disposed:false
316 silly fetch manifest @babel/core@7.26.9
317 silly packumentCache full:https://registry.npmjs.org/@babel%2fcore cache-hit
318 silly fetch manifest reflect-metadata@^0.2.0
319 silly packumentCache full:https://registry.npmjs.org/reflect-metadata cache-miss
320 http fetch GET 200 https://registry.npmjs.org/npm-package-arg 761ms (cache revalidated)
321 silly packumentCache full:https://registry.npmjs.org/npm-package-arg set size:133940 disposed:false
322 silly fetch manifest @primeuix/styled@^0.3.2
323 silly packumentCache full:https://registry.npmjs.org/@primeuix%2fstyled cache-miss
324 http fetch GET 200 https://registry.npmjs.org/npm-pick-manifest 728ms (cache revalidated)
325 silly packumentCache full:https://registry.npmjs.org/npm-pick-manifest set size:105209 disposed:false
326 silly fetch manifest @primeuix/utils@^0.3.2
327 silly packumentCache full:https://registry.npmjs.org/@primeuix%2futils cache-miss
328 http fetch GET 200 https://registry.npmjs.org/@angular-devkit%2fschematics 511ms (cache revalidated)
329 silly packumentCache full:https://registry.npmjs.org/@angular-devkit%2fschematics set size:2320552 disposed:false
330 silly fetch manifest @primeuix/styled@^0.3.2
331 silly packumentCache full:https://registry.npmjs.org/@primeuix%2fstyled cache-miss
332 http fetch GET 200 https://registry.npmjs.org/@schematics%2fangular 734ms (cache revalidated)
333 silly packumentCache full:https://registry.npmjs.org/@schematics%2fangular set size:2378576 disposed:false
334 http fetch GET 200 https://registry.npmjs.org/chokidar 371ms (cache revalidated)
335 silly packumentCache full:https://registry.npmjs.org/chokidar set size:255902 disposed:false
336 http fetch GET 200 https://registry.npmjs.org/reflect-metadata 317ms (cache revalidated)
337 silly packumentCache full:https://registry.npmjs.org/reflect-metadata set size:61305 disposed:false
338 http fetch GET 200 https://registry.npmjs.org/@listr2%2fprompt-adapter-inquirer 623ms (cache revalidated)
339 silly packumentCache full:https://registry.npmjs.org/@listr2%2fprompt-adapter-inquirer set size:131647 disposed:false
340 http fetch GET 200 https://registry.npmjs.org/@primeuix%2fstyled 585ms (cache revalidated)
341 silly packumentCache full:https://registry.npmjs.org/@primeuix%2fstyled set size:63463 disposed:false
342 http fetch GET 200 https://registry.npmjs.org/@primeuix%2fstyled 790ms (cache revalidated)
343 silly packumentCache full:https://registry.npmjs.org/@primeuix%2fstyled set size:63463 disposed:false
344 silly packumentCache full:https://registry.npmjs.org/@primeuix%2fstyled dispose
345 http fetch GET 200 https://registry.npmjs.org/@primeuix%2futils 790ms (cache revalidated)
346 silly packumentCache full:https://registry.npmjs.org/@primeuix%2futils set size:66967 disposed:false
347 silly placeDep ROOT @ampproject/remapping@2.3.0 REPLACE for: @angular-devkit/build-angular@19.2.27 want: 2.3.0
348 silly placeDep ROOT @angular-devkit/architect@0.1902.27 OK for: @angular-devkit/build-angular@19.2.27 want: 0.1902.27
349 silly placeDep ROOT @angular-devkit/build-webpack@0.1902.27 OK for: @angular-devkit/build-angular@19.2.27 want: 0.1902.27
350 silly placeDep ROOT @angular-devkit/core@19.2.27 OK for: @angular-devkit/build-angular@19.2.27 want: 19.2.27
351 silly placeDep ROOT @angular/build@19.2.27 OK for: @angular-devkit/build-angular@19.2.27 want: 19.2.27
352 silly placeDep node_modules/@angular-devkit/build-angular @babel/core@7.26.10 OK for: @angular-devkit/build-angular@19.2.27 want: 7.26.10
353 silly placeDep ROOT @babel/generator@7.26.10 REPLACE for: @angular-devkit/build-angular@19.2.27 want: 7.26.10
354 silly placeDep ROOT @babel/helper-annotate-as-pure@7.25.9 OK for: @angular-devkit/build-angular@19.2.27 want: 7.25.9
355 silly placeDep ROOT @babel/helper-split-export-declaration@7.24.7 OK for: @angular-devkit/build-angular@19.2.27 want: 7.24.7
356 silly placeDep ROOT @babel/plugin-transform-async-generator-functions@7.26.8 OK for: @angular-devkit/build-angular@19.2.27 want: 7.26.8
357 silly placeDep ROOT @babel/plugin-transform-async-to-generator@7.25.9 OK for: @angular-devkit/build-angular@19.2.27 want: 7.25.9
358 silly placeDep ROOT @babel/plugin-transform-runtime@7.26.10 OK for: @angular-devkit/build-angular@19.2.27 want: 7.26.10
359 silly placeDep ROOT @babel/preset-env@7.26.9 OK for: @angular-devkit/build-angular@19.2.27 want: 7.26.9
360 silly placeDep ROOT @babel/runtime@7.26.10 OK for: @angular-devkit/build-angular@19.2.27 want: 7.26.10
361 silly placeDep ROOT @discoveryjs/json-ext@0.6.3 OK for: @angular-devkit/build-angular@19.2.27 want: 0.6.3
362 silly placeDep ROOT @ngtools/webpack@19.2.27 OK for: @angular-devkit/build-angular@19.2.27 want: 19.2.27
363 silly placeDep ROOT @vitejs/plugin-basic-ssl@1.2.0 OK for: @angular-devkit/build-angular@19.2.27 want: 1.2.0
364 silly placeDep ROOT autoprefixer@10.4.20 OK for: @angular-devkit/build-angular@19.2.27 want: 10.4.20
365 silly placeDep ROOT babel-loader@9.2.1 OK for: @angular-devkit/build-angular@19.2.27 want: 9.2.1
366 silly placeDep ROOT copy-webpack-plugin@12.0.2 OK for: @angular-devkit/build-angular@19.2.27 want: 12.0.2
367 silly placeDep ROOT css-loader@7.1.2 OK for: @angular-devkit/build-angular@19.2.27 want: 7.1.2
368 silly placeDep ROOT esbuild@0.28.0 OK for: @angular-devkit/build-angular@19.2.27 want: 0.28.0
369 silly placeDep ROOT esbuild-wasm@0.28.0 OK for: @angular-devkit/build-angular@19.2.27 want: 0.28.0
370 silly placeDep ROOT fast-glob@3.3.3 OK for: @angular-devkit/build-angular@19.2.27 want: 3.3.3
371 silly placeDep ROOT http-proxy-middleware@3.0.5 OK for: @angular-devkit/build-angular@19.2.27 want: 3.0.5
372 silly placeDep node_modules/@angular-devkit/build-angular istanbul-lib-instrument@6.0.3 OK for: @angular-devkit/build-angular@19.2.27 want: 6.0.3
373 silly placeDep ROOT jsonc-parser@3.3.1 OK for: @angular-devkit/build-angular@19.2.27 want: 3.3.1
374 silly placeDep ROOT less@4.2.2 OK for: @angular-devkit/build-angular@19.2.27 want: 4.2.2
375 silly placeDep ROOT less-loader@12.2.0 OK for: @angular-devkit/build-angular@19.2.27 want: 12.2.0
376 silly placeDep ROOT loader-utils@3.3.1 OK for: @angular-devkit/build-angular@19.2.27 want: 3.3.1
377 silly placeDep ROOT mini-css-extract-plugin@2.9.2 OK for: @angular-devkit/build-angular@19.2.27 want: 2.9.2
378 silly placeDep ROOT open@10.1.0 OK for: @angular-devkit/build-angular@19.2.27 want: 10.1.0
379 silly placeDep node_modules/@angular-devkit/build-angular picomatch@4.0.4 OK for: @angular-devkit/build-angular@19.2.27 want: 4.0.4
380 silly placeDep ROOT piscina@4.8.0 OK for: @angular-devkit/build-angular@19.2.27 want: 4.8.0
381 silly placeDep ROOT postcss@8.5.12 REPLACE for: @angular-devkit/build-angular@19.2.27 want: 8.5.12
382 silly placeDep ROOT postcss-loader@8.1.1 OK for: @angular-devkit/build-angular@19.2.27 want: 8.1.1
383 silly placeDep ROOT sass@1.85.0 OK for: @angular-devkit/build-angular@19.2.27 want: 1.85.0
384 silly placeDep ROOT sass-loader@16.0.5 OK for: @angular-devkit/build-angular@19.2.27 want: 16.0.5
385 silly placeDep node_modules/@angular-devkit/build-angular semver@7.7.1 OK for: @angular-devkit/build-angular@19.2.27 want: 7.7.1
386 silly placeDep ROOT source-map-loader@5.0.0 OK for: @angular-devkit/build-angular@19.2.27 want: 5.0.0
387 silly placeDep ROOT terser@5.39.0 OK for: @angular-devkit/build-angular@19.2.27 want: 5.39.0
388 silly placeDep ROOT webpack@5.105.0 OK for: @angular-devkit/build-angular@19.2.27 want: 5.105.0
389 silly placeDep ROOT webpack-dev-middleware@7.4.2 OK for: @angular-devkit/build-angular@19.2.27 want: 7.4.2
390 silly placeDep ROOT webpack-dev-server@5.2.2 OK for: @angular-devkit/build-angular@19.2.27 want: 5.2.2
391 silly placeDep ROOT webpack-merge@6.0.1 OK for: @angular-devkit/build-angular@19.2.27 want: 6.0.1
392 silly fetch manifest rxjs@7.8.1
393 silly packumentCache full:https://registry.npmjs.org/rxjs cache-miss
394 silly fetch manifest rxjs@7.8.1
395 silly packumentCache full:https://registry.npmjs.org/rxjs cache-miss
396 silly fetch manifest ajv@8.18.0
397 silly packumentCache full:https://registry.npmjs.org/ajv cache-miss
398 silly fetch manifest rxjs@7.8.1
399 silly packumentCache full:https://registry.npmjs.org/rxjs cache-miss
400 silly fetch manifest source-map@0.7.4
401 silly packumentCache full:https://registry.npmjs.org/source-map cache-miss
402 silly fetch manifest ajv-formats@3.0.1
403 silly packumentCache full:https://registry.npmjs.org/ajv-formats cache-miss
404 silly fetch manifest vite@6.4.2
405 silly packumentCache full:https://registry.npmjs.org/vite cache-miss
406 http fetch GET 200 https://registry.npmjs.org/rxjs 513ms (cache revalidated)
407 silly packumentCache full:https://registry.npmjs.org/rxjs set size:980097 disposed:false
408 silly fetch manifest mrmime@2.0.1
409 silly packumentCache full:https://registry.npmjs.org/mrmime cache-miss
410 http fetch GET 200 https://registry.npmjs.org/rxjs 656ms (cache revalidated)
411 silly packumentCache full:https://registry.npmjs.org/rxjs set size:980097 disposed:false
412 silly packumentCache full:https://registry.npmjs.org/rxjs dispose
413 silly fetch manifest rollup@4.59.0
414 silly packumentCache full:https://registry.npmjs.org/rollup cache-miss
415 http fetch GET 200 https://registry.npmjs.org/rxjs 855ms (cache revalidated)
416 silly packumentCache full:https://registry.npmjs.org/rxjs set size:980097 disposed:true
417 silly packumentCache full:https://registry.npmjs.org/rxjs dispose
418 silly fetch manifest beasties@0.3.2
419 silly packumentCache full:https://registry.npmjs.org/beasties cache-miss
420 http fetch GET 200 https://registry.npmjs.org/source-map 989ms (cache revalidated)
421 silly packumentCache full:https://registry.npmjs.org/source-map set size:226212 disposed:false
422 silly fetch manifest watchpack@2.4.2
423 silly packumentCache full:https://registry.npmjs.org/watchpack cache-miss
424 http fetch GET 200 https://registry.npmjs.org/ajv 1056ms (cache revalidated)
425 silly packumentCache full:https://registry.npmjs.org/ajv set size:1142658 disposed:false
426 silly fetch manifest magic-string@0.30.17
427 silly packumentCache full:https://registry.npmjs.org/magic-string cache-miss
428 http fetch GET 200 https://registry.npmjs.org/ajv-formats 1172ms (cache revalidated)
429 silly packumentCache full:https://registry.npmjs.org/ajv-formats set size:141264 disposed:false
430 silly fetch manifest @inquirer/confirm@5.1.6
431 silly packumentCache full:https://registry.npmjs.org/@inquirer%2fconfirm cache-miss
432 http fetch GET 200 https://registry.npmjs.org/mrmime 847ms (cache revalidated)
433 silly packumentCache full:https://registry.npmjs.org/mrmime set size:17044 disposed:false
434 silly fetch manifest https-proxy-agent@7.0.6
435 silly packumentCache full:https://registry.npmjs.org/https-proxy-agent cache-miss
436 http fetch GET 200 https://registry.npmjs.org/rollup 884ms (cache revalidated)
437 silly packumentCache full:https://registry.npmjs.org/rollup set size:6217825 disposed:false
438 silly fetch manifest parse5-html-rewriting-stream@7.0.0
439 silly packumentCache full:https://registry.npmjs.org/parse5-html-rewriting-stream cache-miss
440 http fetch GET 200 https://registry.npmjs.org/vite 12132ms (cache revalidated)
441 silly packumentCache full:https://registry.npmjs.org/vite set size:38863551 disposed:false
442 silly fetch manifest @babel/plugin-syntax-import-attributes@7.26.0
443 silly packumentCache full:https://registry.npmjs.org/@babel%2fplugin-syntax-import-attributes cache-miss
444 http fetch GET 200 https://registry.npmjs.org/@inquirer%2fconfirm 29362ms (cache revalidated)
445 silly packumentCache full:https://registry.npmjs.org/@inquirer%2fconfirm set size:320882 disposed:false
446 silly fetch manifest lmdb@3.2.6
447 silly packumentCache full:https://registry.npmjs.org/lmdb cache-miss
448 http fetch GET 200 https://registry.npmjs.org/watchpack 29580ms (cache revalidated)
449 silly packumentCache full:https://registry.npmjs.org/watchpack set size:144588 disposed:false
450 silly fetch manifest semver@^6.3.1
451 silly packumentCache full:https://registry.npmjs.org/semver cache-hit
452 silly fetch manifest @babel/template@^7.26.9
453 silly packumentCache full:https://registry.npmjs.org/@babel%2ftemplate cache-miss
454 http fetch GET 200 https://registry.npmjs.org/magic-string 29495ms (cache revalidated)
455 silly packumentCache full:https://registry.npmjs.org/magic-string set size:331817 disposed:false
456 silly fetch manifest @babel/generator@^7.26.10
457 silly packumentCache full:https://registry.npmjs.org/@babel%2fgenerator cache-hit
458 silly fetch manifest convert-source-map@^2.0.0
459 silly packumentCache full:https://registry.npmjs.org/convert-source-map cache-miss
460 http fetch GET 200 https://registry.npmjs.org/beasties 29795ms (cache revalidated)
461 silly packumentCache full:https://registry.npmjs.org/beasties set size:48890 disposed:false
462 silly fetch manifest jsesc@^3.0.2
463 silly packumentCache full:https://registry.npmjs.org/jsesc cache-miss
464 http fetch GET 200 https://registry.npmjs.org/https-proxy-agent 29616ms (cache revalidated)
465 silly packumentCache full:https://registry.npmjs.org/https-proxy-agent set size:83792 disposed:false
466 silly fetch manifest @babel/helper-plugin-utils@^7.26.5
467 silly packumentCache full:https://registry.npmjs.org/@babel%2fhelper-plugin-utils cache-miss
468 http fetch GET 200 https://registry.npmjs.org/@babel%2fplugin-syntax-import-attributes 793ms (cache revalidated)
469 silly packumentCache full:https://registry.npmjs.org/@babel%2fplugin-syntax-import-attributes set size:73361 disposed:false
470 silly fetch manifest @babel/helper-remap-async-to-generator@^7.25.9
471 silly packumentCache full:https://registry.npmjs.org/@babel%2fhelper-remap-async-to-generator cache-miss
472 http fetch GET 200 https://registry.npmjs.org/parse5-html-rewriting-stream 19256ms (cache revalidated)
473 silly packumentCache full:https://registry.npmjs.org/parse5-html-rewriting-stream set size:23913 disposed:false
474 silly fetch manifest @babel/helper-plugin-utils@^7.25.9
475 silly packumentCache full:https://registry.npmjs.org/@babel%2fhelper-plugin-utils cache-miss
476 http fetch GET 200 https://registry.npmjs.org/@babel%2ftemplate 885ms (cache revalidated)
477 silly packumentCache full:https://registry.npmjs.org/@babel%2ftemplate set size:235045 disposed:false
478 silly fetch manifest @babel/helper-remap-async-to-generator@^7.25.9
479 silly packumentCache full:https://registry.npmjs.org/@babel%2fhelper-remap-async-to-generator cache-miss
480 http fetch GET 200 https://registry.npmjs.org/jsesc 616ms (cache revalidated)
481 silly packumentCache full:https://registry.npmjs.org/jsesc set size:61512 disposed:false
482 silly fetch manifest @babel/helper-plugin-utils@^7.26.5
483 silly packumentCache full:https://registry.npmjs.org/@babel%2fhelper-plugin-utils cache-miss
484 http fetch GET 200 https://registry.npmjs.org/convert-source-map 897ms (cache revalidated)
485 silly packumentCache full:https://registry.npmjs.org/convert-source-map set size:66997 disposed:false
486 silly fetch manifest babel-plugin-polyfill-corejs2@^0.4.10
487 silly packumentCache full:https://registry.npmjs.org/babel-plugin-polyfill-corejs2 cache-miss
488 http fetch GET 200 https://registry.npmjs.org/lmdb 1010ms (cache revalidated)
489 silly packumentCache full:https://registry.npmjs.org/lmdb set size:977039 disposed:false
490 silly fetch manifest babel-plugin-polyfill-corejs3@^0.11.0
491 silly packumentCache full:https://registry.npmjs.org/babel-plugin-polyfill-corejs3 cache-miss
492 http fetch GET 200 https://registry.npmjs.org/@babel%2fhelper-plugin-utils 537ms (cache revalidated)
493 silly packumentCache full:https://registry.npmjs.org/@babel%2fhelper-plugin-utils set size:171581 disposed:false
494 silly fetch manifest babel-plugin-polyfill-regenerator@^0.6.1
495 silly packumentCache full:https://registry.npmjs.org/babel-plugin-polyfill-regenerator cache-miss
496 http fetch GET 200 https://registry.npmjs.org/@babel%2fhelper-remap-async-to-generator 878ms (cache revalidated)
497 silly packumentCache full:https://registry.npmjs.org/@babel%2fhelper-remap-async-to-generator set size:226229 disposed:false
498 silly fetch manifest core-js-compat@^3.40.0
499 silly packumentCache full:https://registry.npmjs.org/core-js-compat cache-miss
500 http fetch GET 200 https://registry.npmjs.org/@babel%2fhelper-plugin-utils 930ms (cache revalidated)
501 silly packumentCache full:https://registry.npmjs.org/@babel%2fhelper-plugin-utils set size:171581 disposed:false
502 silly packumentCache full:https://registry.npmjs.org/@babel%2fhelper-plugin-utils dispose
503 silly fetch manifest @babel/preset-modules@0.1.6-no-external-plugins
504 silly packumentCache full:https://registry.npmjs.org/@babel%2fpreset-modules cache-miss
505 http fetch GET 200 https://registry.npmjs.org/@babel%2fhelper-remap-async-to-generator 565ms (cache revalidated)
506 silly packumentCache full:https://registry.npmjs.org/@babel%2fhelper-remap-async-to-generator set size:226229 disposed:false
507 silly packumentCache full:https://registry.npmjs.org/@babel%2fhelper-remap-async-to-generator dispose
508 silly fetch manifest babel-plugin-polyfill-corejs2@^0.4.10
509 silly packumentCache full:https://registry.npmjs.org/babel-plugin-polyfill-corejs2 cache-miss
510 http fetch GET 200 https://registry.npmjs.org/@babel%2fhelper-plugin-utils 604ms (cache revalidated)
511 silly packumentCache full:https://registry.npmjs.org/@babel%2fhelper-plugin-utils set size:171581 disposed:true
512 silly packumentCache full:https://registry.npmjs.org/@babel%2fhelper-plugin-utils dispose
513 silly fetch manifest babel-plugin-polyfill-corejs3@^0.11.0
514 silly packumentCache full:https://registry.npmjs.org/babel-plugin-polyfill-corejs3 cache-miss
515 http fetch GET 200 https://registry.npmjs.org/babel-plugin-polyfill-corejs2 628ms (cache revalidated)
516 silly packumentCache full:https://registry.npmjs.org/babel-plugin-polyfill-corejs2 set size:116417 disposed:false
517 silly fetch manifest @babel/plugin-transform-for-of@^7.26.9
518 silly packumentCache full:https://registry.npmjs.org/@babel%2fplugin-transform-for-of cache-miss
519 http fetch GET 200 https://registry.npmjs.org/babel-plugin-polyfill-corejs3 659ms (cache revalidated)
520 silly packumentCache full:https://registry.npmjs.org/babel-plugin-polyfill-corejs3 set size:150424 disposed:false
521 silly fetch manifest @babel/plugin-transform-spread@^7.25.9
522 silly packumentCache full:https://registry.npmjs.org/@babel%2fplugin-transform-spread cache-miss
523 http fetch GET 200 https://registry.npmjs.org/babel-plugin-polyfill-regenerator 1069ms (cache revalidated)
524 silly packumentCache full:https://registry.npmjs.org/babel-plugin-polyfill-regenerator set size:98875 disposed:false
525 silly fetch manifest @babel/plugin-transform-classes@^7.25.9
526 silly packumentCache full:https://registry.npmjs.org/@babel%2fplugin-transform-classes cache-miss
527 http fetch GET 200 https://registry.npmjs.org/@babel%2fpreset-modules 935ms (cache revalidated)
528 silly packumentCache full:https://registry.npmjs.org/@babel%2fpreset-modules set size:44565 disposed:false
529 silly fetch manifest @babel/plugin-transform-literals@^7.25.9
530 silly packumentCache full:https://registry.npmjs.org/@babel%2fplugin-transform-literals cache-miss
531 http fetch GET 200 https://registry.npmjs.org/babel-plugin-polyfill-corejs2 930ms (cache revalidated)
532 silly packumentCache full:https://registry.npmjs.org/babel-plugin-polyfill-corejs2 set size:116417 disposed:false
533 silly packumentCache full:https://registry.npmjs.org/babel-plugin-polyfill-corejs2 dispose
534 silly fetch manifest @babel/plugin-transform-new-target@^7.25.9
535 silly packumentCache full:https://registry.npmjs.org/@babel%2fplugin-transform-new-target cache-miss
536 http fetch GET 200 https://registry.npmjs.org/core-js-compat 1014ms (cache revalidated)
537 silly packumentCache full:https://registry.npmjs.org/core-js-compat set size:345744 disposed:false
538 silly fetch manifest @babel/plugin-transform-parameters@^7.25.9
539 silly packumentCache full:https://registry.npmjs.org/@babel%2fplugin-transform-parameters cache-miss
540 http fetch GET 200 https://registry.npmjs.org/babel-plugin-polyfill-corejs3 911ms (cache revalidated)
541 silly packumentCache full:https://registry.npmjs.org/babel-plugin-polyfill-corejs3 set size:150424 disposed:false
542 silly packumentCache full:https://registry.npmjs.org/babel-plugin-polyfill-corejs3 dispose
543 silly fetch manifest @babel/plugin-transform-modules-amd@^7.25.9
544 silly packumentCache full:https://registry.npmjs.org/@babel%2fplugin-transform-modules-amd cache-miss
545 http fetch GET 200 https://registry.npmjs.org/@babel%2fplugin-transform-for-of 920ms (cache revalidated)
546 silly packumentCache full:https://registry.npmjs.org/@babel%2fplugin-transform-for-of set size:241562 disposed:false
547 silly fetch manifest @babel/plugin-transform-modules-umd@^7.25.9
548 silly packumentCache full:https://registry.npmjs.org/@babel%2fplugin-transform-modules-umd cache-miss
549 http fetch GET 200 https://registry.npmjs.org/@babel%2fplugin-transform-spread 842ms (cache revalidated)
550 silly packumentCache full:https://registry.npmjs.org/@babel%2fplugin-transform-spread set size:228407 disposed:false
551 silly fetch manifest @babel/plugin-transform-regenerator@^7.25.9
552 silly packumentCache full:https://registry.npmjs.org/@babel%2fplugin-transform-regenerator cache-miss
553 http fetch GET 200 https://registry.npmjs.org/@babel%2fplugin-transform-classes 469ms (cache revalidated)
554 silly packumentCache full:https://registry.npmjs.org/@babel%2fplugin-transform-classes set size:335338 disposed:false
555 silly fetch manifest @babel/plugin-transform-dotall-regex@^7.25.9
556 silly packumentCache full:https://registry.npmjs.org/@babel%2fplugin-transform-dotall-regex cache-miss
557 http fetch GET 200 https://registry.npmjs.org/@babel%2fplugin-transform-literals 239ms (cache revalidated)
558 silly packumentCache full:https://registry.npmjs.org/@babel%2fplugin-transform-literals set size:203802 disposed:false
559 silly fetch manifest @babel/plugin-transform-json-strings@^7.25.9
560 silly packumentCache full:https://registry.npmjs.org/@babel%2fplugin-transform-json-strings cache-miss
561 http fetch GET 200 https://registry.npmjs.org/@babel%2fplugin-transform-parameters 180ms (cache revalidated)
562 silly packumentCache full:https://registry.npmjs.org/@babel%2fplugin-transform-parameters set size:277891 disposed:false
563 silly fetch manifest @babel/plugin-transform-object-super@^7.25.9
564 silly packumentCache full:https://registry.npmjs.org/@babel%2fplugin-transform-object-super cache-miss
565 http fetch GET 200 https://registry.npmjs.org/@babel%2fplugin-transform-new-target 223ms (cache revalidated)
566 silly packumentCache full:https://registry.npmjs.org/@babel%2fplugin-transform-new-target set size:219388 disposed:false
567 silly fetch manifest @babel/plugin-transform-sticky-regex@^7.25.9
568 silly packumentCache full:https://registry.npmjs.org/@babel%2fplugin-transform-sticky-regex cache-miss
569 http fetch GET 200 https://registry.npmjs.org/@babel%2fplugin-transform-modules-amd 188ms (cache revalidated)
570 silly packumentCache full:https://registry.npmjs.org/@babel%2fplugin-transform-modules-amd set size:247319 disposed:false
571 silly fetch manifest @babel/plugin-transform-block-scoping@^7.25.9
572 silly packumentCache full:https://registry.npmjs.org/@babel%2fplugin-transform-block-scoping cache-miss
573 http fetch GET 200 https://registry.npmjs.org/@babel%2fplugin-transform-modules-umd 151ms (cache revalidated)
574 silly packumentCache full:https://registry.npmjs.org/@babel%2fplugin-transform-modules-umd set size:224637 disposed:false
575 silly fetch manifest @babel/plugin-transform-destructuring@^7.25.9
576 silly packumentCache full:https://registry.npmjs.org/@babel%2fplugin-transform-destructuring cache-miss
577 http fetch GET 200 https://registry.npmjs.org/@babel%2fplugin-transform-regenerator 191ms (cache revalidated)
578 silly packumentCache full:https://registry.npmjs.org/@babel%2fplugin-transform-regenerator set size:274955 disposed:false
579 silly fetch manifest @babel/plugin-transform-function-name@^7.25.9
580 silly packumentCache full:https://registry.npmjs.org/@babel%2fplugin-transform-function-name cache-miss
581 http fetch GET 200 https://registry.npmjs.org/@babel%2fplugin-transform-dotall-regex 205ms (cache revalidated)
582 silly packumentCache full:https://registry.npmjs.org/@babel%2fplugin-transform-dotall-regex set size:222498 disposed:false
583 silly fetch manifest @babel/plugin-transform-typeof-symbol@^7.26.7
584 silly packumentCache full:https://registry.npmjs.org/@babel%2fplugin-transform-typeof-symbol cache-miss
585 http fetch GET 200 https://registry.npmjs.org/@babel%2fplugin-transform-json-strings 193ms (cache revalidated)
586 silly packumentCache full:https://registry.npmjs.org/@babel%2fplugin-transform-json-strings set size:89279 disposed:false
587 silly fetch manifest @babel/plugin-transform-unicode-regex@^7.25.9
588 silly packumentCache full:https://registry.npmjs.org/@babel%2fplugin-transform-unicode-regex cache-miss
589 http fetch GET 200 https://registry.npmjs.org/@babel%2fplugin-transform-object-super 208ms (cache revalidated)
590 silly packumentCache full:https://registry.npmjs.org/@babel%2fplugin-transform-object-super set size:207579 disposed:false
591 silly fetch manifest @babel/plugin-syntax-import-assertions@^7.26.0
592 silly packumentCache full:https://registry.npmjs.org/@babel%2fplugin-syntax-import-assertions cache-miss
593 http fetch GET 200 https://registry.npmjs.org/@babel%2fplugin-transform-block-scoping 193ms (cache revalidated)
594 silly packumentCache full:https://registry.npmjs.org/@babel%2fplugin-transform-block-scoping set size:321499 disposed:false
595 silly fetch manifest @babel/plugin-syntax-import-attributes@^7.26.0
596 silly packumentCache full:https://registry.npmjs.org/@babel%2fplugin-syntax-import-attributes cache-hit
597 silly fetch manifest @babel/plugin-transform-duplicate-keys@^7.25.9
598 silly packumentCache full:https://registry.npmjs.org/@babel%2fplugin-transform-duplicate-keys cache-miss
599 http fetch GET 200 https://registry.npmjs.org/@babel%2fplugin-transform-sticky-regex 422ms (cache revalidated)
600 silly packumentCache full:https://registry.npmjs.org/@babel%2fplugin-transform-sticky-regex set size:203294 disposed:false
601 silly fetch manifest @babel/plugin-transform-dynamic-import@^7.25.9
602 silly packumentCache full:https://registry.npmjs.org/@babel%2fplugin-transform-dynamic-import cache-miss
603 http fetch GET 200 https://registry.npmjs.org/@babel%2fplugin-transform-typeof-symbol 334ms (cache revalidated)
604 silly packumentCache full:https://registry.npmjs.org/@babel%2fplugin-transform-typeof-symbol set size:231746 disposed:false
605 silly fetch manifest @babel/plugin-transform-reserved-words@^7.25.9
606 silly packumentCache full:https://registry.npmjs.org/@babel%2fplugin-transform-reserved-words cache-miss
607 http fetch GET 200 https://registry.npmjs.org/@babel%2fplugin-transform-destructuring 467ms (cache revalidated)
608 silly packumentCache full:https://registry.npmjs.org/@babel%2fplugin-transform-destructuring set size:297249 disposed:false
609 silly fetch manifest @babel/plugin-syntax-unicode-sets-regex@^7.18.6
610 silly packumentCache full:https://registry.npmjs.org/@babel%2fplugin-syntax-unicode-sets-regex cache-miss
611 http fetch GET 200 https://registry.npmjs.org/@babel%2fplugin-transform-function-name 447ms (cache revalidated)
612 silly packumentCache full:https://registry.npmjs.org/@babel%2fplugin-transform-function-name set size:225730 disposed:false
613 silly fetch manifest @babel/plugin-transform-arrow-functions@^7.25.9
614 silly packumentCache full:https://registry.npmjs.org/@babel%2fplugin-transform-arrow-functions cache-miss
615 http fetch GET 200 https://registry.npmjs.org/@babel%2fplugin-transform-unicode-regex 371ms (cache revalidated)
616 silly packumentCache full:https://registry.npmjs.org/@babel%2fplugin-transform-unicode-regex set size:216398 disposed:false
617 silly fetch manifest @babel/plugin-transform-private-methods@^7.25.9
618 silly packumentCache full:https://registry.npmjs.org/@babel%2fplugin-transform-private-methods cache-miss
619 http fetch GET 200 https://registry.npmjs.org/@babel%2fplugin-syntax-import-assertions 418ms (cache revalidated)
620 silly packumentCache full:https://registry.npmjs.org/@babel%2fplugin-syntax-import-assertions set size:105198 disposed:false
621 silly fetch manifest @babel/plugin-transform-unicode-escapes@^7.25.9
622 silly packumentCache full:https://registry.npmjs.org/@babel%2fplugin-transform-unicode-escapes cache-miss
623 http fetch GET 200 https://registry.npmjs.org/@babel%2fplugin-transform-duplicate-keys 437ms (cache revalidated)
624 silly packumentCache full:https://registry.npmjs.org/@babel%2fplugin-transform-duplicate-keys set size:208440 disposed:false
625 silly fetch manifest @babel/plugin-transform-class-properties@^7.25.9
626 silly packumentCache full:https://registry.npmjs.org/@babel%2fplugin-transform-class-properties cache-miss
627 http fetch GET 200 https://registry.npmjs.org/@babel%2fplugin-transform-reserved-words 179ms (cache revalidated)
628 silly packumentCache full:https://registry.npmjs.org/@babel%2fplugin-transform-reserved-words set size:201267 disposed:false
629 silly fetch manifest @babel/plugin-transform-modules-commonjs@^7.26.3
630 silly packumentCache full:https://registry.npmjs.org/@babel%2fplugin-transform-modules-commonjs cache-miss
631 http fetch GET 200 https://registry.npmjs.org/@babel%2fplugin-transform-arrow-functions 154ms (cache revalidated)
632 silly packumentCache full:https://registry.npmjs.org/@babel%2fplugin-transform-arrow-functions set size:214540 disposed:false
633 silly fetch manifest @babel/plugin-transform-modules-systemjs@^7.25.9
634 silly packumentCache full:https://registry.npmjs.org/@babel%2fplugin-transform-modules-systemjs cache-miss
635 http fetch GET 200 https://registry.npmjs.org/@babel%2fplugin-transform-private-methods 136ms (cache revalidated)
636 silly packumentCache full:https://registry.npmjs.org/@babel%2fplugin-transform-private-methods set size:87208 disposed:false
637 silly fetch manifest @babel/plugin-transform-regexp-modifiers@^7.26.0
638 silly packumentCache full:https://registry.npmjs.org/@babel%2fplugin-transform-regexp-modifiers cache-miss
639 http fetch GET 200 https://registry.npmjs.org/@babel%2fplugin-syntax-unicode-sets-regex 192ms (cache revalidated)
640 silly packumentCache full:https://registry.npmjs.org/@babel%2fplugin-syntax-unicode-sets-regex set size:22903 disposed:false
641 silly fetch manifest @babel/plugin-transform-numeric-separator@^7.25.9
642 silly packumentCache full:https://registry.npmjs.org/@babel%2fplugin-transform-numeric-separator cache-miss
643 http fetch GET 200 https://registry.npmjs.org/@babel%2fplugin-transform-unicode-escapes 217ms (cache revalidated)
644 silly packumentCache full:https://registry.npmjs.org/@babel%2fplugin-transform-unicode-escapes set size:125724 disposed:false
645 silly fetch manifest @babel/plugin-transform-optional-chaining@^7.25.9
646 silly packumentCache full:https://registry.npmjs.org/@babel%2fplugin-transform-optional-chaining cache-miss
647 http fetch GET 200 https://registry.npmjs.org/@babel%2fplugin-transform-dynamic-import 481ms (cache revalidated)
648 silly packumentCache full:https://registry.npmjs.org/@babel%2fplugin-transform-dynamic-import set size:82469 disposed:false
649 silly fetch manifest @babel/plugin-transform-property-literals@^7.25.9
650 silly packumentCache full:https://registry.npmjs.org/@babel%2fplugin-transform-property-literals cache-miss
651 http fetch GET 200 https://registry.npmjs.org/@babel%2fplugin-transform-modules-commonjs 247ms (cache revalidated)
652 silly packumentCache full:https://registry.npmjs.org/@babel%2fplugin-transform-modules-commonjs set size:308786 disposed:false
653 silly fetch manifest @babel/plugin-transform-template-literals@^7.26.8
654 silly packumentCache full:https://registry.npmjs.org/@babel%2fplugin-transform-template-literals cache-miss
655 http fetch GET 200 https://registry.npmjs.org/@babel%2fplugin-transform-class-properties 296ms (cache revalidated)
656 silly packumentCache full:https://registry.npmjs.org/@babel%2fplugin-transform-class-properties set size:90519 disposed:false
657 silly fetch manifest @babel/plugin-transform-class-static-block@^7.26.0
658 silly packumentCache full:https://registry.npmjs.org/@babel%2fplugin-transform-class-static-block cache-miss
659 http fetch GET 200 https://registry.npmjs.org/@babel%2fplugin-transform-modules-systemjs 288ms (cache revalidated)
660 silly packumentCache full:https://registry.npmjs.org/@babel%2fplugin-transform-modules-systemjs set size:306054 disposed:false
661 silly fetch manifest @babel/plugin-transform-object-rest-spread@^7.25.9
662 silly packumentCache full:https://registry.npmjs.org/@babel%2fplugin-transform-object-rest-spread cache-miss
663 http fetch GET 200 https://registry.npmjs.org/@babel%2fplugin-transform-regexp-modifiers 300ms (cache revalidated)
664 silly packumentCache full:https://registry.npmjs.org/@babel%2fplugin-transform-regexp-modifiers set size:44800 disposed:false
665 silly fetch manifest @babel/plugin-transform-unicode-sets-regex@^7.25.9
666 silly packumentCache full:https://registry.npmjs.org/@babel%2fplugin-transform-unicode-sets-regex cache-miss
667 http fetch GET 200 https://registry.npmjs.org/@babel%2fplugin-transform-numeric-separator 311ms (cache revalidated)
668 silly packumentCache full:https://registry.npmjs.org/@babel%2fplugin-transform-numeric-separator set size:93499 disposed:false
669 silly fetch manifest @babel/plugin-transform-computed-properties@^7.25.9
670 silly packumentCache full:https://registry.npmjs.org/@babel%2fplugin-transform-computed-properties cache-miss
671 http fetch GET 200 https://registry.npmjs.org/@babel%2fplugin-transform-optional-chaining 207ms (cache revalidated)
672 silly packumentCache full:https://registry.npmjs.org/@babel%2fplugin-transform-optional-chaining set size:113941 disposed:false
673 silly fetch manifest @babel/plugin-transform-shorthand-properties@^7.25.9
674 silly packumentCache full:https://registry.npmjs.org/@babel%2fplugin-transform-shorthand-properties cache-miss
675 http fetch GET 200 https://registry.npmjs.org/@babel%2fplugin-transform-property-literals 223ms (cache revalidated)
676 silly packumentCache full:https://registry.npmjs.org/@babel%2fplugin-transform-property-literals set size:202291 disposed:false
677 silly fetch manifest @babel/plugin-transform-export-namespace-from@^7.25.9
678 silly packumentCache full:https://registry.npmjs.org/@babel%2fplugin-transform-export-namespace-from cache-miss
679 http fetch GET 200 https://registry.npmjs.org/@babel%2fplugin-transform-template-literals 227ms (cache revalidated)
680 silly packumentCache full:https://registry.npmjs.org/@babel%2fplugin-transform-template-literals set size:225143 disposed:false
681 silly fetch manifest @babel/plugin-transform-block-scoped-functions@^7.26.5
682 silly packumentCache full:https://registry.npmjs.org/@babel%2fplugin-transform-block-scoped-functions cache-miss
683 http fetch GET 200 https://registry.npmjs.org/@babel%2fplugin-transform-unicode-sets-regex 183ms (cache revalidated)
684 silly packumentCache full:https://registry.npmjs.org/@babel%2fplugin-transform-unicode-sets-regex set size:95832 disposed:false
685 silly fetch manifest @babel/plugin-transform-optional-catch-binding@^7.25.9
686 silly packumentCache full:https://registry.npmjs.org/@babel%2fplugin-transform-optional-catch-binding cache-miss
687 http fetch GET 200 https://registry.npmjs.org/@babel%2fplugin-transform-object-rest-spread 207ms (cache revalidated)
688 silly packumentCache full:https://registry.npmjs.org/@babel%2fplugin-transform-object-rest-spread set size:113367 disposed:false
689 silly fetch manifest @babel/plugin-transform-unicode-property-regex@^7.25.9
690 silly packumentCache full:https://registry.npmjs.org/@babel%2fplugin-transform-unicode-property-regex cache-miss
691 http fetch GET 200 https://registry.npmjs.org/@babel%2fplugin-transform-class-static-block 231ms (cache revalidated)
692 silly packumentCache full:https://registry.npmjs.org/@babel%2fplugin-transform-class-static-block set size:104829 disposed:false
693 silly fetch manifest @babel/plugin-transform-exponentiation-operator@^7.26.3
694 silly packumentCache full:https://registry.npmjs.org/@babel%2fplugin-transform-exponentiation-operator cache-miss
695 http fetch GET 200 https://registry.npmjs.org/@babel%2fplugin-transform-shorthand-properties 566ms (cache revalidated)
696 silly packumentCache full:https://registry.npmjs.org/@babel%2fplugin-transform-shorthand-properties set size:202489 disposed:false
697 silly fetch manifest @babel/plugin-proposal-private-property-in-object@7.21.0-placeholder-for-preset-env.2
698 silly packumentCache full:https://registry.npmjs.org/@babel%2fplugin-proposal-private-property-in-object cache-miss
699 http fetch GET 200 https://registry.npmjs.org/@babel%2fplugin-transform-computed-properties 758ms (cache revalidated)
700 silly packumentCache full:https://registry.npmjs.org/@babel%2fplugin-transform-computed-properties set size:222043 disposed:false
701 silly fetch manifest @babel/plugin-transform-member-expression-literals@^7.25.9
702 silly packumentCache full:https://registry.npmjs.org/@babel%2fplugin-transform-member-expression-literals cache-miss
703 http fetch GET 200 https://registry.npmjs.org/@babel%2fplugin-transform-block-scoped-functions 649ms (cache revalidated)
704 silly packumentCache full:https://registry.npmjs.org/@babel%2fplugin-transform-block-scoped-functions set size:208939 disposed:false
705 silly fetch manifest @babel/plugin-transform-private-property-in-object@^7.25.9
706 silly packumentCache full:https://registry.npmjs.org/@babel%2fplugin-transform-private-property-in-object cache-miss
707 http fetch GET 200 https://registry.npmjs.org/@babel%2fplugin-transform-export-namespace-from 730ms (cache revalidated)
708 silly packumentCache full:https://registry.npmjs.org/@babel%2fplugin-transform-export-namespace-from set size:88484 disposed:false
709 silly fetch manifest @babel/plugin-transform-nullish-coalescing-operator@^7.26.6
710 silly packumentCache full:https://registry.npmjs.org/@babel%2fplugin-transform-nullish-coalescing-operator cache-miss
711 http fetch GET 200 https://registry.npmjs.org/@babel%2fplugin-transform-exponentiation-operator 767ms (cache revalidated)
712 silly packumentCache full:https://registry.npmjs.org/@babel%2fplugin-transform-exponentiation-operator set size:218984 disposed:false
713 silly fetch manifest @babel/plugin-transform-logical-assignment-operators@^7.25.9
714 silly packumentCache full:https://registry.npmjs.org/@babel%2fplugin-transform-logical-assignment-operators cache-miss
715 http fetch GET 200 https://registry.npmjs.org/@babel%2fplugin-transform-unicode-property-regex 833ms (cache revalidated)
716 silly packumentCache full:https://registry.npmjs.org/@babel%2fplugin-transform-unicode-property-regex set size:93452 disposed:false
717 silly fetch manifest @babel/plugin-transform-named-capturing-groups-regex@^7.25.9
718 silly packumentCache full:https://registry.npmjs.org/@babel%2fplugin-transform-named-capturing-groups-regex cache-miss
719 http fetch GET 200 https://registry.npmjs.org/@babel%2fplugin-transform-optional-catch-binding 845ms (cache revalidated)
720 silly packumentCache full:https://registry.npmjs.org/@babel%2fplugin-transform-optional-catch-binding set size:90658 disposed:false
721 silly fetch manifest @babel/plugin-bugfix-firefox-class-in-computed-class-key@^7.25.9
722 silly packumentCache full:https://registry.npmjs.org/@babel%2fplugin-bugfix-firefox-class-in-computed-class-key cache-miss
723 http fetch GET 200 https://registry.npmjs.org/@babel%2fplugin-proposal-private-property-in-object 423ms (cache revalidated)
724 silly packumentCache full:https://registry.npmjs.org/@babel%2fplugin-proposal-private-property-in-object set size:80252 disposed:false
725 silly fetch manifest @babel/plugin-bugfix-safari-class-field-initializer-scope@^7.25.9
726 silly packumentCache full:https://registry.npmjs.org/@babel%2fplugin-bugfix-safari-class-field-initializer-scope cache-miss
727 http fetch GET 200 https://registry.npmjs.org/@babel%2fplugin-transform-private-property-in-object 340ms (cache revalidated)
728 silly packumentCache full:https://registry.npmjs.org/@babel%2fplugin-transform-private-property-in-object set size:100320 disposed:false
729 silly fetch manifest @babel/plugin-bugfix-v8-static-class-fields-redefine-readonly@^7.25.9
730 silly packumentCache full:https://registry.npmjs.org/@babel%2fplugin-bugfix-v8-static-class-fields-redefine-readonly cache-miss
731 http fetch GET 200 https://registry.npmjs.org/@babel%2fplugin-transform-logical-assignment-operators 252ms (cache revalidated)
732 silly packumentCache full:https://registry.npmjs.org/@babel%2fplugin-transform-logical-assignment-operators set size:99903 disposed:false
733 silly fetch manifest @babel/plugin-bugfix-v8-spread-parameters-in-optional-chaining@^7.25.9
734 silly packumentCache full:https://registry.npmjs.org/@babel%2fplugin-bugfix-v8-spread-parameters-in-optional-chaining cache-miss
735 http fetch GET 200 https://registry.npmjs.org/@babel%2fplugin-transform-nullish-coalescing-operator 284ms (cache revalidated)
736 silly packumentCache full:https://registry.npmjs.org/@babel%2fplugin-transform-nullish-coalescing-operator set size:96281 disposed:false
737 silly fetch manifest @babel/plugin-transform-duplicate-named-capturing-groups-regex@^7.25.9
738 silly packumentCache full:https://registry.npmjs.org/@babel%2fplugin-transform-duplicate-named-capturing-groups-regex cache-miss
739 http fetch GET 200 https://registry.npmjs.org/@babel%2fplugin-transform-named-capturing-groups-regex 203ms (cache revalidated)
740 silly packumentCache full:https://registry.npmjs.org/@babel%2fplugin-transform-named-capturing-groups-regex set size:192019 disposed:false
741 silly fetch manifest @babel/plugin-bugfix-safari-id-destructuring-collision-in-function-expression@^7.25.9
742 silly packumentCache full:https://registry.npmjs.org/@babel%2fplugin-bugfix-safari-id-destructuring-collision-in-function-expression cache-miss
743 http fetch GET 200 https://registry.npmjs.org/@babel%2fplugin-transform-member-expression-literals 448ms (cache revalidated)
744 silly packumentCache full:https://registry.npmjs.org/@babel%2fplugin-transform-member-expression-literals set size:207367 disposed:false
745 silly fetch manifest regenerator-runtime@^0.14.0
746 silly packumentCache full:https://registry.npmjs.org/regenerator-runtime cache-miss
747 http fetch GET 200 https://registry.npmjs.org/@babel%2fplugin-bugfix-safari-class-field-initializer-scope 185ms (cache revalidated)
748 silly packumentCache full:https://registry.npmjs.org/@babel%2fplugin-bugfix-safari-class-field-initializer-scope set size:51093 disposed:false
749 silly fetch manifest fraction.js@^4.3.7
750 silly packumentCache full:https://registry.npmjs.org/fraction.js cache-miss
751 http fetch GET 200 https://registry.npmjs.org/@babel%2fplugin-bugfix-firefox-class-in-computed-class-key 2794ms (cache revalidated)
752 silly packumentCache full:https://registry.npmjs.org/@babel%2fplugin-bugfix-firefox-class-in-computed-class-key set size:74124 disposed:false
753 silly fetch manifest normalize-range@^0.1.2
754 silly packumentCache full:https://registry.npmjs.org/normalize-range cache-miss
755 http fetch GET 200 https://registry.npmjs.org/regenerator-runtime 2892ms (cache revalidated)
756 silly packumentCache full:https://registry.npmjs.org/regenerator-runtime set size:59671 disposed:false
757 silly fetch manifest postcss-value-parser@^4.2.0
758 silly packumentCache full:https://registry.npmjs.org/postcss-value-parser cache-miss
759 http fetch GET 200 https://registry.npmjs.org/@babel%2fplugin-bugfix-v8-static-class-fields-redefine-readonly 2953ms (cache revalidated)
760 silly packumentCache full:https://registry.npmjs.org/@babel%2fplugin-bugfix-v8-static-class-fields-redefine-readonly set size:83744 disposed:false
761 silly fetch manifest schema-utils@^4.0.0
762 silly packumentCache full:https://registry.npmjs.org/schema-utils cache-miss
763 http fetch GET 200 https://registry.npmjs.org/fraction.js 2653ms (cache revalidated)
764 silly packumentCache full:https://registry.npmjs.org/fraction.js set size:149386 disposed:false
765 silly fetch manifest find-cache-dir@^4.0.0
766 silly packumentCache full:https://registry.npmjs.org/find-cache-dir cache-miss
767 http fetch GET 200 https://registry.npmjs.org/normalize-range 394ms (cache revalidated)
768 silly packumentCache full:https://registry.npmjs.org/normalize-range set size:10677 disposed:false
769 silly fetch manifest globby@^14.0.0
770 silly packumentCache full:https://registry.npmjs.org/globby cache-miss
771 http fetch GET 200 https://registry.npmjs.org/@babel%2fplugin-bugfix-safari-id-destructuring-collision-in-function-expression 3047ms (cache revalidated)
772 silly packumentCache full:https://registry.npmjs.org/@babel%2fplugin-bugfix-safari-id-destructuring-collision-in-function-expression set size:129177 disposed:false
773 silly fetch manifest fast-glob@^3.3.2
774 silly packumentCache full:https://registry.npmjs.org/fast-glob cache-hit
775 silly fetch manifest glob-parent@^6.0.1
776 silly packumentCache full:https://registry.npmjs.org/glob-parent cache-miss
777 http fetch GET 200 https://registry.npmjs.org/@babel%2fplugin-transform-duplicate-named-capturing-groups-regex 3068ms (cache revalidated)
778 silly packumentCache full:https://registry.npmjs.org/@babel%2fplugin-transform-duplicate-named-capturing-groups-regex set size:59471 disposed:false
779 silly fetch manifest schema-utils@^4.2.0
780 silly packumentCache full:https://registry.npmjs.org/schema-utils cache-miss
781 http fetch GET 200 https://registry.npmjs.org/@babel%2fplugin-bugfix-v8-spread-parameters-in-optional-chaining 3162ms (cache revalidated)
782 silly packumentCache full:https://registry.npmjs.org/@babel%2fplugin-bugfix-v8-spread-parameters-in-optional-chaining set size:144194 disposed:false
783 silly fetch manifest serialize-javascript@^6.0.2
784 silly packumentCache full:https://registry.npmjs.org/serialize-javascript cache-miss
785 http fetch GET 200 https://registry.npmjs.org/find-cache-dir 182ms (cache revalidated)
786 silly packumentCache full:https://registry.npmjs.org/find-cache-dir set size:35762 disposed:false
787 silly fetch manifest postcss@^8.4.33
788 silly packumentCache full:https://registry.npmjs.org/postcss cache-hit
789 silly fetch manifest icss-utils@^5.1.0
790 silly packumentCache full:https://registry.npmjs.org/icss-utils cache-miss
791 http fetch GET 200 https://registry.npmjs.org/globby 185ms (cache revalidated)
792 silly packumentCache full:https://registry.npmjs.org/globby set size:160568 disposed:false
793 silly fetch manifest postcss-value-parser@^4.2.0
794 silly packumentCache full:https://registry.npmjs.org/postcss-value-parser cache-miss
795 http fetch GET 200 https://registry.npmjs.org/schema-utils 333ms (cache revalidated)
796 silly packumentCache full:https://registry.npmjs.org/schema-utils set size:166563 disposed:false
797 silly fetch manifest postcss-modules-scope@^3.2.0
798 silly packumentCache full:https://registry.npmjs.org/postcss-modules-scope cache-miss
799 http fetch GET 200 https://registry.npmjs.org/schema-utils 263ms (cache revalidated)
800 silly packumentCache full:https://registry.npmjs.org/schema-utils set size:166563 disposed:false
801 silly packumentCache full:https://registry.npmjs.org/schema-utils dispose
802 silly fetch manifest postcss-modules-values@^4.0.0
803 silly packumentCache full:https://registry.npmjs.org/postcss-modules-values cache-miss
804 http fetch GET 200 https://registry.npmjs.org/serialize-javascript 203ms (cache revalidated)
805 silly packumentCache full:https://registry.npmjs.org/serialize-javascript set size:80012 disposed:false
806 silly fetch manifest postcss-modules-extract-imports@^3.1.0
807 silly packumentCache full:https://registry.npmjs.org/postcss-modules-extract-imports cache-miss
808 http fetch GET 200 https://registry.npmjs.org/glob-parent 321ms (cache revalidated)
809 silly packumentCache full:https://registry.npmjs.org/glob-parent set size:42445 disposed:false
810 silly fetch manifest postcss-modules-local-by-default@^4.0.5
811 silly packumentCache full:https://registry.npmjs.org/postcss-modules-local-by-default cache-miss
812 http fetch GET 200 https://registry.npmjs.org/postcss-value-parser 470ms (cache revalidated)
813 silly packumentCache full:https://registry.npmjs.org/postcss-value-parser set size:73526 disposed:false
814 silly fetch manifest @esbuild/aix-ppc64@0.28.0
815 silly packumentCache full:https://registry.npmjs.org/@esbuild%2faix-ppc64 cache-miss
816 http fetch GET 200 https://registry.npmjs.org/postcss-value-parser 253ms (cache revalidated)
817 silly packumentCache full:https://registry.npmjs.org/postcss-value-parser set size:73526 disposed:false
818 silly packumentCache full:https://registry.npmjs.org/postcss-value-parser dispose
819 silly fetch manifest @esbuild/android-arm@0.28.0
820 silly packumentCache full:https://registry.npmjs.org/@esbuild%2fandroid-arm cache-miss
821 http fetch GET 200 https://registry.npmjs.org/postcss-modules-scope 205ms (cache revalidated)
822 silly packumentCache full:https://registry.npmjs.org/postcss-modules-scope set size:72581 disposed:false
823 silly fetch manifest @esbuild/android-arm64@0.28.0
824 silly packumentCache full:https://registry.npmjs.org/@esbuild%2fandroid-arm64 cache-miss
825 http fetch GET 200 https://registry.npmjs.org/postcss-modules-values 190ms (cache revalidated)
826 silly packumentCache full:https://registry.npmjs.org/postcss-modules-values set size:56722 disposed:false
827 silly fetch manifest @esbuild/android-x64@0.28.0
828 silly packumentCache full:https://registry.npmjs.org/@esbuild%2fandroid-x64 cache-miss
829 http fetch GET 200 https://registry.npmjs.org/postcss-modules-extract-imports 185ms (cache revalidated)
830 silly packumentCache full:https://registry.npmjs.org/postcss-modules-extract-imports set size:57788 disposed:false
831 silly fetch manifest @esbuild/darwin-arm64@0.28.0
832 silly packumentCache full:https://registry.npmjs.org/@esbuild%2fdarwin-arm64 cache-miss
833 http fetch GET 200 https://registry.npmjs.org/icss-utils 357ms (cache revalidated)
834 silly packumentCache full:https://registry.npmjs.org/icss-utils set size:31661 disposed:false
835 silly fetch manifest @esbuild/darwin-x64@0.28.0
836 silly packumentCache full:https://registry.npmjs.org/@esbuild%2fdarwin-x64 cache-miss
837 http fetch GET 200 https://registry.npmjs.org/@esbuild%2faix-ppc64 168ms (cache revalidated)
838 silly packumentCache full:https://registry.npmjs.org/@esbuild%2faix-ppc64 set size:64314 disposed:false
839 silly fetch manifest @esbuild/freebsd-arm64@0.28.0
840 silly packumentCache full:https://registry.npmjs.org/@esbuild%2ffreebsd-arm64 cache-miss
841 http fetch GET 200 https://registry.npmjs.org/postcss-modules-local-by-default 211ms (cache revalidated)
842 silly packumentCache full:https://registry.npmjs.org/postcss-modules-local-by-default set size:107445 disposed:false
843 silly fetch manifest @esbuild/freebsd-x64@0.28.0
844 silly packumentCache full:https://registry.npmjs.org/@esbuild%2ffreebsd-x64 cache-miss
845 http fetch GET 200 https://registry.npmjs.org/@esbuild%2fandroid-x64 195ms (cache revalidated)
846 silly packumentCache full:https://registry.npmjs.org/@esbuild%2fandroid-x64 set size:195551 disposed:false
847 silly fetch manifest @esbuild/linux-arm@0.28.0
848 silly packumentCache full:https://registry.npmjs.org/@esbuild%2flinux-arm cache-miss
849 http fetch GET 200 https://registry.npmjs.org/@esbuild%2fdarwin-arm64 200ms (cache revalidated)
850 silly packumentCache full:https://registry.npmjs.org/@esbuild%2fdarwin-arm64 set size:197958 disposed:false
851 silly fetch manifest @esbuild/linux-arm64@0.28.0
852 silly packumentCache full:https://registry.npmjs.org/@esbuild%2flinux-arm64 cache-miss
853 http fetch GET 200 https://registry.npmjs.org/@esbuild%2fdarwin-x64 243ms (cache revalidated)
854 silly packumentCache full:https://registry.npmjs.org/@esbuild%2fdarwin-x64 set size:196195 disposed:false
855 silly fetch manifest @esbuild/linux-ia32@0.28.0
856 silly packumentCache full:https://registry.npmjs.org/@esbuild%2flinux-ia32 cache-miss
857 http fetch GET 200 https://registry.npmjs.org/@esbuild%2fandroid-arm64 433ms (cache revalidated)
858 silly packumentCache full:https://registry.npmjs.org/@esbuild%2fandroid-arm64 set size:200684 disposed:false
859 silly fetch manifest @esbuild/linux-loong64@0.28.0
860 silly packumentCache full:https://registry.npmjs.org/@esbuild%2flinux-loong64 cache-miss
861 http fetch GET 200 https://registry.npmjs.org/@esbuild%2fandroid-arm 485ms (cache revalidated)
862 silly packumentCache full:https://registry.npmjs.org/@esbuild%2fandroid-arm set size:221749 disposed:false
863 silly fetch manifest @esbuild/linux-mips64el@0.28.0
864 silly packumentCache full:https://registry.npmjs.org/@esbuild%2flinux-mips64el cache-miss
865 http fetch GET 200 https://registry.npmjs.org/@esbuild%2ffreebsd-arm64 492ms (cache revalidated)
866 silly packumentCache full:https://registry.npmjs.org/@esbuild%2ffreebsd-arm64 set size:198853 disposed:false
867 silly fetch manifest @esbuild/linux-ppc64@0.28.0
868 silly packumentCache full:https://registry.npmjs.org/@esbuild%2flinux-ppc64 cache-miss
869 http fetch GET 200 https://registry.npmjs.org/@esbuild%2ffreebsd-x64 487ms (cache revalidated)
870 silly packumentCache full:https://registry.npmjs.org/@esbuild%2ffreebsd-x64 set size:197070 disposed:false
871 silly fetch manifest @esbuild/linux-riscv64@0.28.0
872 silly packumentCache full:https://registry.npmjs.org/@esbuild%2flinux-riscv64 cache-miss
873 http fetch GET 200 https://registry.npmjs.org/@esbuild%2flinux-arm64 351ms (cache revalidated)
874 silly packumentCache full:https://registry.npmjs.org/@esbuild%2flinux-arm64 set size:197274 disposed:false
875 silly fetch manifest @esbuild/linux-s390x@0.28.0
876 silly packumentCache full:https://registry.npmjs.org/@esbuild%2flinux-s390x cache-miss
877 http fetch GET 200 https://registry.npmjs.org/@esbuild%2flinux-arm 364ms (cache revalidated)
878 silly packumentCache full:https://registry.npmjs.org/@esbuild%2flinux-arm set size:195140 disposed:false
879 silly fetch manifest @esbuild/linux-x64@0.28.0
880 silly packumentCache full:https://registry.npmjs.org/@esbuild%2flinux-x64 cache-miss
881 http fetch GET 200 https://registry.npmjs.org/@esbuild%2flinux-loong64 284ms (cache revalidated)
882 silly packumentCache full:https://registry.npmjs.org/@esbuild%2flinux-loong64 set size:252211 disposed:false
883 silly fetch manifest @esbuild/netbsd-arm64@0.28.0
884 silly packumentCache full:https://registry.npmjs.org/@esbuild%2fnetbsd-arm64 cache-miss
885 http fetch GET 200 https://registry.npmjs.org/@esbuild%2flinux-ia32 418ms (cache revalidated)
886 silly packumentCache full:https://registry.npmjs.org/@esbuild%2flinux-ia32 set size:196150 disposed:false
887 silly fetch manifest @esbuild/netbsd-x64@0.28.0
888 silly packumentCache full:https://registry.npmjs.org/@esbuild%2fnetbsd-x64 cache-miss
889 http fetch GET 200 https://registry.npmjs.org/@esbuild%2flinux-ppc64 184ms (cache revalidated)
890 silly packumentCache full:https://registry.npmjs.org/@esbuild%2flinux-ppc64 set size:199310 disposed:false
891 silly fetch manifest @esbuild/openbsd-arm64@0.28.0
892 silly packumentCache full:https://registry.npmjs.org/@esbuild%2fopenbsd-arm64 cache-miss
893 http fetch GET 200 https://registry.npmjs.org/@esbuild%2flinux-mips64el 302ms (cache revalidated)
894 silly packumentCache full:https://registry.npmjs.org/@esbuild%2flinux-mips64el set size:201062 disposed:false
895 silly fetch manifest @esbuild/openbsd-x64@0.28.0
896 silly packumentCache full:https://registry.npmjs.org/@esbuild%2fopenbsd-x64 cache-miss
897 http fetch GET 200 https://registry.npmjs.org/@esbuild%2flinux-s390x 232ms (cache revalidated)
898 silly packumentCache full:https://registry.npmjs.org/@esbuild%2flinux-s390x set size:198784 disposed:false
899 silly fetch manifest @esbuild/openharmony-arm64@0.28.0
900 silly packumentCache full:https://registry.npmjs.org/@esbuild%2fopenharmony-arm64 cache-miss
901 http fetch GET 200 https://registry.npmjs.org/@esbuild%2flinux-riscv64 248ms (cache revalidated)
902 silly packumentCache full:https://registry.npmjs.org/@esbuild%2flinux-riscv64 set size:198981 disposed:false
903 silly fetch manifest @esbuild/sunos-x64@0.28.0
904 silly packumentCache full:https://registry.npmjs.org/@esbuild%2fsunos-x64 cache-miss
905 http fetch GET 200 https://registry.npmjs.org/@esbuild%2flinux-x64 240ms (cache revalidated)
906 silly packumentCache full:https://registry.npmjs.org/@esbuild%2flinux-x64 set size:195479 disposed:false
907 silly fetch manifest @esbuild/win32-arm64@0.28.0
908 silly packumentCache full:https://registry.npmjs.org/@esbuild%2fwin32-arm64 cache-miss
909 http fetch GET 200 https://registry.npmjs.org/@esbuild%2fnetbsd-x64 161ms (cache revalidated)
910 silly packumentCache full:https://registry.npmjs.org/@esbuild%2fnetbsd-x64 set size:193883 disposed:false
911 silly fetch manifest @esbuild/win32-ia32@0.28.0
912 silly packumentCache full:https://registry.npmjs.org/@esbuild%2fwin32-ia32 cache-miss
913 http fetch GET 200 https://registry.npmjs.org/@esbuild%2fopenbsd-arm64 151ms (cache revalidated)
914 silly packumentCache full:https://registry.npmjs.org/@esbuild%2fopenbsd-arm64 set size:46111 disposed:false
915 silly fetch manifest @esbuild/win32-x64@0.28.0
916 silly packumentCache full:https://registry.npmjs.org/@esbuild%2fwin32-x64 cache-miss
917 http fetch GET 200 https://registry.npmjs.org/@esbuild%2fnetbsd-arm64 177ms (cache revalidated)
918 silly packumentCache full:https://registry.npmjs.org/@esbuild%2fnetbsd-arm64 set size:40794 disposed:false
919 silly fetch manifest @nodelib/fs.stat@^2.0.2
920 silly packumentCache full:https://registry.npmjs.org/@nodelib%2ffs.stat cache-miss
921 http fetch GET 200 https://registry.npmjs.org/@esbuild%2fwin32-arm64 239ms (cache revalidated)
922 silly packumentCache full:https://registry.npmjs.org/@esbuild%2fwin32-arm64 set size:197504 disposed:false
923 silly fetch manifest @nodelib/fs.walk@^1.2.3
924 silly packumentCache full:https://registry.npmjs.org/@nodelib%2ffs.walk cache-miss
925 http fetch GET 200 https://registry.npmjs.org/@esbuild%2fopenbsd-x64 266ms (cache revalidated)
926 silly packumentCache full:https://registry.npmjs.org/@esbuild%2fopenbsd-x64 set size:197080 disposed:false
927 silly fetch manifest merge2@^1.3.0
928 silly packumentCache full:https://registry.npmjs.org/merge2 cache-miss
929 http fetch GET 200 https://registry.npmjs.org/@esbuild%2fopenharmony-arm64 267ms (cache revalidated)
930 silly packumentCache full:https://registry.npmjs.org/@esbuild%2fopenharmony-arm64 set size:29494 disposed:false
931 silly fetch manifest micromatch@^4.0.8
932 silly packumentCache full:https://registry.npmjs.org/micromatch cache-miss
933 http fetch GET 200 https://registry.npmjs.org/@esbuild%2fsunos-x64 263ms (cache revalidated)
934 silly packumentCache full:https://registry.npmjs.org/@esbuild%2fsunos-x64 set size:195721 disposed:false
935 silly fetch manifest micromatch@^4.0.8
936 silly packumentCache full:https://registry.npmjs.org/micromatch cache-miss
937 http fetch GET 200 https://registry.npmjs.org/merge2 182ms (cache revalidated)
938 silly packumentCache full:https://registry.npmjs.org/merge2 set size:46159 disposed:false
939 silly fetch manifest is-plain-object@^5.0.0
940 silly packumentCache full:https://registry.npmjs.org/is-plain-object cache-miss
941 http fetch GET 200 https://registry.npmjs.org/@esbuild%2fwin32-x64 364ms (cache revalidated)
942 silly packumentCache full:https://registry.npmjs.org/@esbuild%2fwin32-x64 set size:194073 disposed:false
943 silly fetch manifest @types/http-proxy@^1.17.15
944 silly packumentCache full:https://registry.npmjs.org/@types%2fhttp-proxy cache-miss
945 http fetch GET 200 https://registry.npmjs.org/@esbuild%2fwin32-ia32 374ms (cache revalidated)
946 silly packumentCache full:https://registry.npmjs.org/@esbuild%2fwin32-ia32 set size:196374 disposed:false
947 silly fetch manifest copy-anything@^2.0.1
948 silly packumentCache full:https://registry.npmjs.org/copy-anything cache-miss
949 http fetch GET 200 https://registry.npmjs.org/@nodelib%2ffs.stat 371ms (cache revalidated)
950 silly packumentCache full:https://registry.npmjs.org/@nodelib%2ffs.stat set size:36993 disposed:false
951 silly fetch manifest parse-node-version@^1.0.1
952 silly packumentCache full:https://registry.npmjs.org/parse-node-version cache-miss
953 http fetch GET 200 https://registry.npmjs.org/@nodelib%2ffs.walk 215ms (cache revalidated)
954 silly packumentCache full:https://registry.npmjs.org/@nodelib%2ffs.walk set size:41589 disposed:false
955 silly fetch manifest mime@^1.4.1
956 silly packumentCache full:https://registry.npmjs.org/mime cache-miss
957 http fetch GET 200 https://registry.npmjs.org/micromatch 205ms (cache revalidated)
958 silly packumentCache full:https://registry.npmjs.org/micromatch set size:240630 disposed:false
959 silly fetch manifest errno@^0.1.1
960 silly packumentCache full:https://registry.npmjs.org/errno cache-miss
961 http fetch GET 200 https://registry.npmjs.org/micromatch 222ms (cache revalidated)
962 silly packumentCache full:https://registry.npmjs.org/micromatch set size:240630 disposed:false
963 silly packumentCache full:https://registry.npmjs.org/micromatch dispose
964 silly fetch manifest needle@^3.1.0
965 silly packumentCache full:https://registry.npmjs.org/needle cache-miss
966 http fetch GET 200 https://registry.npmjs.org/needle 398ms (cache revalidated)
967 silly packumentCache full:https://registry.npmjs.org/needle set size:233075 disposed:false
968 silly fetch manifest make-dir@^2.1.0
969 silly packumentCache full:https://registry.npmjs.org/make-dir cache-miss
970 http fetch GET 200 https://registry.npmjs.org/@types%2fhttp-proxy 452ms (cache revalidated)
971 silly packumentCache full:https://registry.npmjs.org/@types%2fhttp-proxy set size:58652 disposed:false
972 silly fetch manifest image-size@~0.5.0
973 silly packumentCache full:https://registry.npmjs.org/image-size cache-miss
974 http fetch GET 200 https://registry.npmjs.org/copy-anything 452ms (cache revalidated)
975 silly packumentCache full:https://registry.npmjs.org/copy-anything set size:101828 disposed:false
976 silly fetch manifest source-map@~0.6.0
977 silly packumentCache full:https://registry.npmjs.org/source-map cache-hit
978 silly fetch manifest tapable@^2.2.1
979 silly packumentCache full:https://registry.npmjs.org/tapable cache-miss
980 http fetch GET 200 https://registry.npmjs.org/parse-node-version 513ms (cache revalidated)
981 silly packumentCache full:https://registry.npmjs.org/parse-node-version set size:11258 disposed:false
982 silly fetch manifest is-wsl@^3.1.0
983 silly packumentCache full:https://registry.npmjs.org/is-wsl cache-miss
984 http fetch GET 200 https://registry.npmjs.org/errno 508ms (cache revalidated)
985 silly packumentCache full:https://registry.npmjs.org/errno set size:26467 disposed:false
986 silly fetch manifest default-browser@^5.2.1
987 silly packumentCache full:https://registry.npmjs.org/default-browser cache-miss
988 http fetch GET 200 https://registry.npmjs.org/mime 523ms (cache revalidated)
989 silly packumentCache full:https://registry.npmjs.org/mime set size:119236 disposed:false
990 silly fetch manifest define-lazy-prop@^3.0.0
991 silly packumentCache full:https://registry.npmjs.org/define-lazy-prop cache-miss
992 http fetch GET 200 https://registry.npmjs.org/is-plain-object 560ms (cache revalidated)
993 silly packumentCache full:https://registry.npmjs.org/is-plain-object set size:47016 disposed:false
994 silly fetch manifest is-inside-container@^1.0.0
995 silly packumentCache full:https://registry.npmjs.org/is-inside-container cache-miss
996 http fetch GET 200 https://registry.npmjs.org/make-dir 218ms (cache revalidated)
997 silly packumentCache full:https://registry.npmjs.org/make-dir set size:34889 disposed:false
998 silly fetch manifest @napi-rs/nice@^1.0.1
999 silly packumentCache full:https://registry.npmjs.org/@napi-rs%2fnice cache-miss
1000 http fetch GET 200 https://registry.npmjs.org/image-size 221ms (cache revalidated)
1001 silly packumentCache full:https://registry.npmjs.org/image-size set size:155542 disposed:false
1002 silly fetch manifest jiti@^1.20.0
1003 silly packumentCache full:https://registry.npmjs.org/jiti cache-miss
1004 http fetch GET 200 https://registry.npmjs.org/tapable 308ms (cache revalidated)
1005 silly packumentCache full:https://registry.npmjs.org/tapable set size:141233 disposed:false
1006 silly fetch manifest cosmiconfig@^9.0.0
1007 silly packumentCache full:https://registry.npmjs.org/cosmiconfig cache-miss
1008 http fetch GET 200 https://registry.npmjs.org/default-browser 265ms (cache revalidated)
1009 silly packumentCache full:https://registry.npmjs.org/default-browser set size:31475 disposed:false
1010 silly fetch manifest immutable@^5.0.2
1011 silly packumentCache full:https://registry.npmjs.org/immutable cache-miss
1012 http fetch GET 200 https://registry.npmjs.org/is-inside-container 253ms (cache revalidated)
1013 silly packumentCache full:https://registry.npmjs.org/is-inside-container set size:4403 disposed:false
1014 silly fetch manifest @parcel/watcher@^2.4.1
1015 silly packumentCache full:https://registry.npmjs.org/@parcel%2fwatcher cache-miss
1016 http fetch GET 200 https://registry.npmjs.org/is-wsl 279ms (cache revalidated)
1017 silly packumentCache full:https://registry.npmjs.org/is-wsl set size:20683 disposed:false
1018 silly fetch manifest neo-async@^2.6.2
1019 silly packumentCache full:https://registry.npmjs.org/neo-async cache-miss
1020 http fetch GET 200 https://registry.npmjs.org/define-lazy-prop 265ms (cache revalidated)
1021 silly packumentCache full:https://registry.npmjs.org/define-lazy-prop set size:9337 disposed:false
1022 silly fetch manifest iconv-lite@^0.6.3
1023 silly packumentCache full:https://registry.npmjs.org/iconv-lite cache-miss
1024 http fetch GET 200 https://registry.npmjs.org/jiti 170ms (cache revalidated)
1025 silly packumentCache full:https://registry.npmjs.org/jiti set size:387989 disposed:false
1026 silly fetch manifest acorn@^8.8.2
1027 silly packumentCache full:https://registry.npmjs.org/acorn cache-miss
1028 http fetch GET 200 https://registry.npmjs.org/@napi-rs%2fnice 221ms (cache revalidated)
1029 silly packumentCache full:https://registry.npmjs.org/@napi-rs%2fnice set size:26707 disposed:false
1030 silly fetch manifest commander@^2.20.0
1031 silly packumentCache full:https://registry.npmjs.org/commander cache-miss
1032 http fetch GET 200 https://registry.npmjs.org/iconv-lite 202ms (cache revalidated)
1033 silly packumentCache full:https://registry.npmjs.org/iconv-lite set size:120557 disposed:false
1034 silly fetch manifest @jridgewell/source-map@^0.3.3
1035 silly packumentCache full:https://registry.npmjs.org/@jridgewell%2fsource-map cache-miss
1036 http fetch GET 200 https://registry.npmjs.org/immutable 223ms (cache revalidated)
1037 silly packumentCache full:https://registry.npmjs.org/immutable set size:276268 disposed:false
1038 silly fetch manifest acorn@^8.15.0
1039 silly packumentCache full:https://registry.npmjs.org/acorn cache-miss
1040 http fetch GET 200 https://registry.npmjs.org/@parcel%2fwatcher 231ms (cache revalidated)
1041 silly packumentCache full:https://registry.npmjs.org/@parcel%2fwatcher set size:121392 disposed:false
1042 silly fetch manifest events@^3.2.0
1043 silly packumentCache full:https://registry.npmjs.org/events cache-miss
1044 http fetch GET 200 https://registry.npmjs.org/neo-async 293ms (cache revalidated)
1045 silly packumentCache full:https://registry.npmjs.org/neo-async set size:155670 disposed:false
1046 silly fetch manifest tapable@^2.3.0
1047 silly packumentCache full:https://registry.npmjs.org/tapable cache-hit
1048 silly fetch manifest watchpack@^2.5.1
1049 silly packumentCache full:https://registry.npmjs.org/watchpack cache-hit
1050 silly fetch manifest browserslist@^4.28.1
1051 silly packumentCache full:https://registry.npmjs.org/browserslist cache-miss
1052 http fetch GET 200 https://registry.npmjs.org/cosmiconfig 378ms (cache revalidated)
1053 silly packumentCache full:https://registry.npmjs.org/cosmiconfig set size:200670 disposed:false
1054 silly fetch manifest eslint-scope@5.1.1
1055 silly packumentCache full:https://registry.npmjs.org/eslint-scope cache-miss
1056 http fetch GET 200 https://registry.npmjs.org/acorn 343ms (cache revalidated)
1057 silly packumentCache full:https://registry.npmjs.org/acorn set size:379626 disposed:false
1058 silly fetch manifest schema-utils@^4.3.3
1059 silly packumentCache full:https://registry.npmjs.org/schema-utils cache-hit
1060 silly fetch manifest @types/estree@^1.0.8
1061 silly packumentCache full:https://registry.npmjs.org/@types%2festree cache-miss
1062 http fetch GET 200 https://registry.npmjs.org/commander 368ms (cache revalidated)
1063 silly packumentCache full:https://registry.npmjs.org/commander set size:353115 disposed:false
1064 silly fetch manifest loader-runner@^4.3.1
1065 silly packumentCache full:https://registry.npmjs.org/loader-runner cache-miss
1066 http fetch GET 200 https://registry.npmjs.org/@jridgewell%2fsource-map 363ms (cache revalidated)
1067 silly packumentCache full:https://registry.npmjs.org/@jridgewell%2fsource-map set size:45204 disposed:false
1068 silly fetch manifest glob-to-regexp@^0.4.1
1069 silly packumentCache full:https://registry.npmjs.org/glob-to-regexp cache-miss
1070 http fetch GET 200 https://registry.npmjs.org/acorn 566ms (cache revalidated)
1071 silly packumentCache full:https://registry.npmjs.org/acorn set size:379626 disposed:false
1072 silly packumentCache full:https://registry.npmjs.org/acorn dispose
1073 silly fetch manifest es-module-lexer@^2.0.0
1074 silly packumentCache full:https://registry.npmjs.org/es-module-lexer cache-miss
1075 http fetch GET 200 https://registry.npmjs.org/@types%2festree 351ms (cache revalidated)
1076 silly packumentCache full:https://registry.npmjs.org/@types%2festree set size:76072 disposed:false
1077 silly fetch manifest enhanced-resolve@^5.19.0
1078 silly packumentCache full:https://registry.npmjs.org/enhanced-resolve cache-miss
1079 http fetch GET 200 https://registry.npmjs.org/events 549ms (cache revalidated)
1080 silly packumentCache full:https://registry.npmjs.org/events set size:35240 disposed:false
1081 silly fetch manifest @types/json-schema@^7.0.15
1082 silly packumentCache full:https://registry.npmjs.org/@types%2fjson-schema cache-miss
1083 http fetch GET 200 https://registry.npmjs.org/browserslist 451ms (cache revalidated)
1084 silly packumentCache full:https://registry.npmjs.org/browserslist set size:504681 disposed:false
1085 silly fetch manifest @webassemblyjs/ast@^1.14.1
1086 silly packumentCache full:https://registry.npmjs.org/@webassemblyjs%2fast cache-miss
1087 http fetch GET 200 https://registry.npmjs.org/eslint-scope 456ms (cache revalidated)
1088 silly packumentCache full:https://registry.npmjs.org/eslint-scope set size:98867 disposed:false
1089 silly fetch manifest chrome-trace-event@^1.0.2
1090 silly packumentCache full:https://registry.npmjs.org/chrome-trace-event cache-miss
1091 http fetch GET 200 https://registry.npmjs.org/loader-runner 363ms (cache revalidated)
1092 silly packumentCache full:https://registry.npmjs.org/loader-runner set size:41628 disposed:false
1093 silly fetch manifest @types/eslint-scope@^3.7.7
1094 silly packumentCache full:https://registry.npmjs.org/@types%2feslint-scope cache-miss
1095 http fetch GET 200 https://registry.npmjs.org/glob-to-regexp 336ms (cache revalidated)
1096 silly packumentCache full:https://registry.npmjs.org/glob-to-regexp set size:15844 disposed:false
1097 silly fetch manifest acorn-import-phases@^1.0.3
1098 silly packumentCache full:https://registry.npmjs.org/acorn-import-phases cache-miss
1099 http fetch GET 200 https://registry.npmjs.org/es-module-lexer 144ms (cache revalidated)
1100 silly packumentCache full:https://registry.npmjs.org/es-module-lexer set size:205389 disposed:false
1101 silly fetch manifest terser-webpack-plugin@^5.3.16
1102 silly packumentCache full:https://registry.npmjs.org/terser-webpack-plugin cache-miss
1103 http fetch GET 200 https://registry.npmjs.org/enhanced-resolve 165ms (cache revalidated)
1104 silly packumentCache full:https://registry.npmjs.org/enhanced-resolve set size:449215 disposed:false
1105 silly fetch manifest @webassemblyjs/wasm-edit@^1.14.1
1106 silly packumentCache full:https://registry.npmjs.org/@webassemblyjs%2fwasm-edit cache-miss
1107 http fetch GET 200 https://registry.npmjs.org/chrome-trace-event 144ms (cache revalidated)
1108 silly packumentCache full:https://registry.npmjs.org/chrome-trace-event set size:20859 disposed:false
1109 silly fetch manifest @webassemblyjs/wasm-parser@^1.14.1
1110 silly packumentCache full:https://registry.npmjs.org/@webassemblyjs%2fwasm-parser cache-miss
1111 http fetch GET 200 https://registry.npmjs.org/@webassemblyjs%2fast 160ms (cache revalidated)
1112 silly packumentCache full:https://registry.npmjs.org/@webassemblyjs%2fast set size:198816 disposed:false
1113 silly fetch manifest json-parse-even-better-errors@^2.3.1
1114 silly packumentCache full:https://registry.npmjs.org/json-parse-even-better-errors cache-miss
1115 http fetch GET 200 https://registry.npmjs.org/@types%2fjson-schema 192ms (cache revalidated)
1116 silly packumentCache full:https://registry.npmjs.org/@types%2fjson-schema set size:44704 disposed:false
1117 silly fetch manifest memfs@^4.6.0
1118 silly packumentCache full:https://registry.npmjs.org/memfs cache-miss
1119 http fetch GET 200 https://registry.npmjs.org/@types%2feslint-scope 160ms (cache revalidated)
1120 silly packumentCache full:https://registry.npmjs.org/@types%2feslint-scope set size:25267 disposed:false
1121 silly fetch manifest colorette@^2.0.10
1122 silly packumentCache full:https://registry.npmjs.org/colorette cache-miss
1123 http fetch GET 200 https://registry.npmjs.org/acorn-import-phases 100ms (cache revalidated)
1124 silly packumentCache full:https://registry.npmjs.org/acorn-import-phases set size:11206 disposed:false
1125 silly fetch manifest ws@^8.18.0
1126 silly packumentCache full:https://registry.npmjs.org/ws cache-miss
1127 http fetch GET 200 https://registry.npmjs.org/@webassemblyjs%2fwasm-edit 420ms (cache revalidated)
1128 silly packumentCache full:https://registry.npmjs.org/@webassemblyjs%2fwasm-edit set size:202718 disposed:false
1129 silly fetch manifest spdy@^4.0.2
1130 silly packumentCache full:https://registry.npmjs.org/spdy cache-miss
1131 http fetch GET 200 https://registry.npmjs.org/terser-webpack-plugin 527ms (cache revalidated)
1132 silly packumentCache full:https://registry.npmjs.org/terser-webpack-plugin set size:430998 disposed:false
1133 silly fetch manifest sockjs@^0.3.24
1134 silly packumentCache full:https://registry.npmjs.org/sockjs cache-miss
1135 http fetch GET 200 https://registry.npmjs.org/@webassemblyjs%2fwasm-parser 511ms (cache revalidated)
1136 silly packumentCache full:https://registry.npmjs.org/@webassemblyjs%2fwasm-parser set size:214115 disposed:false
1137 silly fetch manifest express@^4.21.2
1138 silly packumentCache full:https://registry.npmjs.org/express cache-miss
1139 http fetch GET 200 https://registry.npmjs.org/colorette 636ms (cache revalidated)
1140 silly packumentCache full:https://registry.npmjs.org/colorette set size:92733 disposed:false
1141 silly fetch manifest p-retry@^6.2.0
1142 silly packumentCache full:https://registry.npmjs.org/p-retry cache-miss
1143 http fetch GET 200 https://registry.npmjs.org/memfs 705ms (cache revalidated)
1144 silly packumentCache full:https://registry.npmjs.org/memfs set size:869306 disposed:false
1145 silly fetch manifest chokidar@^3.6.0
1146 silly packumentCache full:https://registry.npmjs.org/chokidar cache-hit
1147 silly fetch manifest @types/ws@^8.5.10
1148 silly packumentCache full:https://registry.npmjs.org/@types%2fws cache-miss
1149 http fetch GET 200 https://registry.npmjs.org/json-parse-even-better-errors 758ms (cache revalidated)
1150 silly packumentCache full:https://registry.npmjs.org/json-parse-even-better-errors set size:37274 disposed:false
1151 silly fetch manifest ipaddr.js@^2.1.0
1152 silly packumentCache full:https://registry.npmjs.org/ipaddr.js cache-miss
1153 http fetch GET 200 https://registry.npmjs.org/ws 956ms (cache revalidated)
1154 silly packumentCache full:https://registry.npmjs.org/ws set size:427091 disposed:false
1155 silly fetch manifest selfsigned@^2.4.1
1156 silly packumentCache full:https://registry.npmjs.org/selfsigned cache-miss
1157 http fetch GET 200 https://registry.npmjs.org/spdy 589ms (cache revalidated)
1158 silly packumentCache full:https://registry.npmjs.org/spdy set size:358688 disposed:false
1159 silly fetch manifest compression@^1.7.4
1160 silly packumentCache full:https://registry.npmjs.org/compression cache-miss
1161 http fetch GET 200 https://registry.npmjs.org/sockjs 554ms (cache revalidated)
1162 silly packumentCache full:https://registry.npmjs.org/sockjs set size:78786 disposed:false
1163 silly fetch manifest serve-index@^1.9.1
1164 silly packumentCache full:https://registry.npmjs.org/serve-index cache-miss
1165 http fetch GET 200 https://registry.npmjs.org/express 564ms (cache revalidated)
1166 silly packumentCache full:https://registry.npmjs.org/express set size:804947 disposed:false
1167 silly fetch manifest @types/sockjs@^0.3.36
1168 silly packumentCache full:https://registry.npmjs.org/@types%2fsockjs cache-miss
1169 http fetch GET 200 https://registry.npmjs.org/p-retry 850ms (cache revalidated)
1170 silly packumentCache full:https://registry.npmjs.org/p-retry set size:72148 disposed:false
1171 silly fetch manifest launch-editor@^2.6.1
1172 silly packumentCache full:https://registry.npmjs.org/launch-editor cache-miss
1173 http fetch GET 200 https://registry.npmjs.org/selfsigned 503ms (cache revalidated)
1174 silly packumentCache full:https://registry.npmjs.org/selfsigned set size:100477 disposed:false
1175 silly fetch manifest @types/bonjour@^3.5.13
1176 silly packumentCache full:https://registry.npmjs.org/@types%2fbonjour cache-miss
1177 http fetch GET 200 https://registry.npmjs.org/@types%2fws 774ms (cache revalidated)
1178 silly packumentCache full:https://registry.npmjs.org/@types%2fws set size:167959 disposed:false
1179 silly fetch manifest @types/express@^4.17.21
1180 silly packumentCache full:https://registry.npmjs.org/@types%2fexpress cache-miss
1181 http fetch GET 200 https://registry.npmjs.org/ipaddr.js 838ms (cache revalidated)
1182 silly packumentCache full:https://registry.npmjs.org/ipaddr.js set size:69563 disposed:false
1183 silly fetch manifest bonjour-service@^1.2.1
1184 silly packumentCache full:https://registry.npmjs.org/bonjour-service cache-miss
1185 http fetch GET 200 https://registry.npmjs.org/compression 995ms (cache revalidated)
1186 silly packumentCache full:https://registry.npmjs.org/compression set size:98424 disposed:false
1187 silly fetch manifest @types/serve-index@^1.9.4
1188 silly packumentCache full:https://registry.npmjs.org/@types%2fserve-index cache-miss
1189 http fetch GET 200 https://registry.npmjs.org/serve-index 1134ms (cache revalidated)
1190 silly packumentCache full:https://registry.npmjs.org/serve-index set size:70731 disposed:false
1191 silly fetch manifest @types/serve-static@^1.15.5
1192 silly packumentCache full:https://registry.npmjs.org/@types%2fserve-static cache-miss
1193 http fetch GET 200 https://registry.npmjs.org/@types%2fsockjs 1118ms (cache revalidated)
1194 silly packumentCache full:https://registry.npmjs.org/@types%2fsockjs set size:29384 disposed:false
1195 silly fetch manifest ansi-html-community@^0.0.8
1196 silly packumentCache full:https://registry.npmjs.org/ansi-html-community cache-miss
1197 http fetch GET 200 https://registry.npmjs.org/@types%2fbonjour 805ms (cache revalidated)
1198 silly packumentCache full:https://registry.npmjs.org/@types%2fbonjour set size:24290 disposed:false
1199 silly fetch manifest http-proxy-middleware@^2.0.9
1200 silly packumentCache full:https://registry.npmjs.org/http-proxy-middleware cache-hit
1201 silly fetch manifest connect-history-api-fallback@^2.0.0
1202 silly packumentCache full:https://registry.npmjs.org/connect-history-api-fallback cache-miss
1203 http fetch GET 200 https://registry.npmjs.org/@types%2fexpress 772ms (cache revalidated)
1204 silly packumentCache full:https://registry.npmjs.org/@types%2fexpress set size:111364 disposed:false
1205 silly fetch manifest @types/express-serve-static-core@^4.17.21
1206 silly packumentCache full:https://registry.npmjs.org/@types%2fexpress-serve-static-core cache-miss
1207 http fetch GET 200 https://registry.npmjs.org/launch-editor 874ms (cache revalidated)
1208 silly packumentCache full:https://registry.npmjs.org/launch-editor set size:46130 disposed:false
1209 silly fetch manifest @types/connect-history-api-fallback@^1.5.4
1210 silly packumentCache full:https://registry.npmjs.org/@types%2fconnect-history-api-fallback cache-miss
1211 http fetch GET 200 https://registry.npmjs.org/@types%2fserve-index 386ms (cache revalidated)
1212 silly packumentCache full:https://registry.npmjs.org/@types%2fserve-index set size:29301 disposed:false
1213 silly fetch manifest flat@^5.0.2
1214 silly packumentCache full:https://registry.npmjs.org/flat cache-miss
1215 http fetch GET 200 https://registry.npmjs.org/@types%2fserve-static 240ms (cache revalidated)
1216 silly packumentCache full:https://registry.npmjs.org/@types%2fserve-static set size:70859 disposed:false
1217 silly fetch manifest wildcard@^2.0.1
1218 silly packumentCache full:https://registry.npmjs.org/wildcard cache-miss
1219 http fetch GET 200 https://registry.npmjs.org/ansi-html-community 208ms (cache revalidated)
1220 silly packumentCache full:https://registry.npmjs.org/ansi-html-community set size:4862 disposed:false
1221 silly fetch manifest clone-deep@^4.0.1
1222 silly packumentCache full:https://registry.npmjs.org/clone-deep cache-miss
1223 http fetch GET 200 https://registry.npmjs.org/connect-history-api-fallback 167ms (cache revalidated)
1224 silly packumentCache full:https://registry.npmjs.org/connect-history-api-fallback set size:30068 disposed:false
1225 http fetch GET 200 https://registry.npmjs.org/bonjour-service 988ms (cache revalidated)
1226 silly packumentCache full:https://registry.npmjs.org/bonjour-service set size:64531 disposed:false
1227 http fetch GET 200 https://registry.npmjs.org/@types%2fexpress-serve-static-core 244ms (cache revalidated)
1228 silly packumentCache full:https://registry.npmjs.org/@types%2fexpress-serve-static-core set size:264345 disposed:false
1229 http fetch GET 200 https://registry.npmjs.org/@types%2fconnect-history-api-fallback 294ms (cache revalidated)
1230 silly packumentCache full:https://registry.npmjs.org/@types%2fconnect-history-api-fallback set size:23738 disposed:false
1231 http fetch GET 200 https://registry.npmjs.org/clone-deep 208ms (cache revalidated)
1232 silly packumentCache full:https://registry.npmjs.org/clone-deep set size:38043 disposed:false
1233 http fetch GET 200 https://registry.npmjs.org/wildcard 433ms (cache revalidated)
1234 silly packumentCache full:https://registry.npmjs.org/wildcard set size:20813 disposed:false
1235 http fetch GET 200 https://registry.npmjs.org/flat 481ms (cache revalidated)
1236 silly packumentCache full:https://registry.npmjs.org/flat set size:56541 disposed:false
1237 silly placeDep node_modules/@angular-devkit/architect rxjs@7.8.1 OK for: @angular-devkit/architect@0.1902.27 want: 7.8.1
1238 silly placeDep node_modules/@angular-devkit/build-webpack rxjs@7.8.1 OK for: @angular-devkit/build-webpack@0.1902.27 want: 7.8.1
1239 silly placeDep ROOT ajv@8.18.0 OK for: @angular-devkit/core@19.2.27 want: 8.18.0
1240 silly placeDep ROOT ajv-formats@3.0.1 OK for: @angular-devkit/core@19.2.27 want: 3.0.1
1241 silly placeDep node_modules/@angular-devkit/core picomatch@4.0.4 OK for: @angular-devkit/core@19.2.27 want: 4.0.4
1242 silly placeDep node_modules/@angular-devkit/core rxjs@7.8.1 OK for: @angular-devkit/core@19.2.27 want: 7.8.1
1243 silly placeDep ROOT source-map@0.7.4 OK for: @angular-devkit/core@19.2.27 want: 0.7.4
1244 silly fetch manifest fast-uri@^3.0.1
1245 silly packumentCache full:https://registry.npmjs.org/fast-uri cache-miss
1246 silly fetch manifest fast-deep-equal@^3.1.3
1247 silly packumentCache full:https://registry.npmjs.org/fast-deep-equal cache-miss
1248 silly fetch manifest require-from-string@^2.0.2
1249 silly packumentCache full:https://registry.npmjs.org/require-from-string cache-miss
1250 silly fetch manifest json-schema-traverse@^1.0.0
1251 silly packumentCache full:https://registry.npmjs.org/json-schema-traverse cache-miss
1252 http fetch GET 200 https://registry.npmjs.org/fast-deep-equal 157ms (cache revalidated)
1253 silly packumentCache full:https://registry.npmjs.org/fast-deep-equal set size:48634 disposed:false
1254 http fetch GET 200 https://registry.npmjs.org/fast-uri 223ms (cache revalidated)
1255 silly packumentCache full:https://registry.npmjs.org/fast-uri set size:71226 disposed:false
1256 http fetch GET 200 https://registry.npmjs.org/json-schema-traverse 235ms (cache revalidated)
1257 silly packumentCache full:https://registry.npmjs.org/json-schema-traverse set size:23537 disposed:false
1258 http fetch GET 200 https://registry.npmjs.org/require-from-string 241ms (cache revalidated)
1259 silly packumentCache full:https://registry.npmjs.org/require-from-string set size:15128 disposed:false
1260 silly placeDep node_modules/@angular/build @babel/core@7.26.10 OK for: @angular/build@19.2.27 want: 7.26.10
1261 silly placeDep ROOT @babel/plugin-syntax-import-attributes@7.26.0 OK for: @angular/build@19.2.27 want: 7.26.0
1262 silly placeDep ROOT @inquirer/confirm@5.1.6 OK for: @angular/build@19.2.27 want: 5.1.6
1263 silly placeDep ROOT beasties@0.3.2 OK for: @angular/build@19.2.27 want: 0.3.2
1264 silly placeDep ROOT https-proxy-agent@7.0.6 OK for: @angular/build@19.2.27 want: 7.0.6
1265 silly placeDep node_modules/@angular/build istanbul-lib-instrument@6.0.3 OK for: @angular/build@19.2.27 want: 6.0.3
1266 silly placeDep ROOT listr2@8.2.5 OK for: @angular/build@19.2.27 want: 8.2.5
1267 silly placeDep ROOT lmdb@3.2.6 OK for: @angular/build@19.2.27 want: 3.2.6
1268 silly placeDep ROOT magic-string@0.30.17 OK for: @angular/build@19.2.27 want: 0.30.17
1269 silly placeDep ROOT mrmime@2.0.1 OK for: @angular/build@19.2.27 want: 2.0.1
1270 silly placeDep ROOT parse5-html-rewriting-stream@7.0.0 OK for: @angular/build@19.2.27 want: 7.0.0
1271 silly placeDep node_modules/@angular/build picomatch@4.0.4 OK for: @angular/build@19.2.27 want: 4.0.4
1272 silly placeDep ROOT rollup@4.59.0 OK for: @angular/build@19.2.27 want: 4.59.0
1273 silly placeDep node_modules/@angular/build semver@7.7.1 OK for: @angular/build@19.2.27 want: 7.7.1
1274 silly placeDep ROOT vite@6.4.2 OK for: @angular/build@19.2.27 want: 6.4.2
1275 silly placeDep ROOT watchpack@2.4.2 OK for: @angular/build@19.2.27 want: 2.4.2
1276 silly fetch manifest @inquirer/core@^10.1.7
1277 silly packumentCache full:https://registry.npmjs.org/@inquirer%2fcore cache-miss
1278 silly fetch manifest @inquirer/type@^3.0.4
1279 silly packumentCache full:https://registry.npmjs.org/@inquirer%2ftype cache-miss
1280 silly fetch manifest css-what@^6.1.0
1281 silly packumentCache full:https://registry.npmjs.org/css-what cache-miss
1282 silly fetch manifest css-select@^5.1.0
1283 silly packumentCache full:https://registry.npmjs.org/css-select cache-miss
1284 silly fetch manifest domhandler@^5.0.3
1285 silly packumentCache full:https://registry.npmjs.org/domhandler cache-miss
1286 silly fetch manifest htmlparser2@^10.0.0
1287 silly packumentCache full:https://registry.npmjs.org/htmlparser2 cache-miss
1288 silly fetch manifest dom-serializer@^2.0.0
1289 silly packumentCache full:https://registry.npmjs.org/dom-serializer cache-miss
1290 http fetch GET 200 https://registry.npmjs.org/css-what 630ms (cache revalidated)
1291 silly packumentCache full:https://registry.npmjs.org/css-what set size:81721 disposed:false
1292 silly fetch manifest postcss-media-query-parser@^0.2.3
1293 silly packumentCache full:https://registry.npmjs.org/postcss-media-query-parser cache-miss
1294 http fetch GET 200 https://registry.npmjs.org/htmlparser2 631ms (cache revalidated)
1295 silly packumentCache full:https://registry.npmjs.org/htmlparser2 set size:176911 disposed:false
1296 silly fetch manifest agent-base@^7.1.2
1297 silly packumentCache full:https://registry.npmjs.org/agent-base cache-miss
1298 http fetch GET 200 https://registry.npmjs.org/css-select 707ms (cache revalidated)
1299 silly packumentCache full:https://registry.npmjs.org/css-select set size:111202 disposed:false
1300 silly fetch manifest colorette@^2.0.20
1301 silly packumentCache full:https://registry.npmjs.org/colorette cache-hit
1302 silly fetch manifest wrap-ansi@^9.0.0
1303 silly packumentCache full:https://registry.npmjs.org/wrap-ansi cache-miss
1304 http fetch GET 200 https://registry.npmjs.org/@inquirer%2ftype 719ms (cache revalidated)
1305 silly packumentCache full:https://registry.npmjs.org/@inquirer%2ftype set size:119899 disposed:false
1306 silly fetch manifest log-update@^6.1.0
1307 silly packumentCache full:https://registry.npmjs.org/log-update cache-miss
1308 http fetch GET 200 https://registry.npmjs.org/@inquirer%2fcore 734ms (cache revalidated)
1309 silly packumentCache full:https://registry.npmjs.org/@inquirer%2fcore set size:353358 disposed:false
1310 silly fetch manifest cli-truncate@^4.0.0
1311 silly packumentCache full:https://registry.npmjs.org/cli-truncate cache-miss
1312 http fetch GET 200 https://registry.npmjs.org/dom-serializer 820ms (cache revalidated)
1313 silly packumentCache full:https://registry.npmjs.org/dom-serializer set size:61296 disposed:false
1314 silly fetch manifest eventemitter3@^5.0.1
1315 silly packumentCache full:https://registry.npmjs.org/eventemitter3 cache-miss
1316 http fetch GET 200 https://registry.npmjs.org/domhandler 827ms (cache revalidated)
1317 silly packumentCache full:https://registry.npmjs.org/domhandler set size:78187 disposed:false
1318 silly fetch manifest msgpackr@^1.11.2
1319 silly packumentCache full:https://registry.npmjs.org/msgpackr cache-miss
1320 http fetch GET 200 https://registry.npmjs.org/postcss-media-query-parser 417ms (cache revalidated)
1321 silly packumentCache full:https://registry.npmjs.org/postcss-media-query-parser set size:18322 disposed:false
1322 silly fetch manifest node-addon-api@^6.1.0
1323 silly packumentCache full:https://registry.npmjs.org/node-addon-api cache-miss
1324 http fetch GET 200 https://registry.npmjs.org/agent-base 414ms (cache revalidated)
1325 silly packumentCache full:https://registry.npmjs.org/agent-base set size:72085 disposed:false
1326 silly fetch manifest ordered-binary@^1.5.3
1327 silly packumentCache full:https://registry.npmjs.org/ordered-binary cache-miss
1328 http fetch GET 200 https://registry.npmjs.org/wrap-ansi 425ms (cache revalidated)
1329 silly packumentCache full:https://registry.npmjs.org/wrap-ansi set size:55299 disposed:false
1330 silly fetch manifest weak-lru-cache@^1.2.2
1331 silly packumentCache full:https://registry.npmjs.org/weak-lru-cache cache-miss
1332 http fetch GET 200 https://registry.npmjs.org/log-update 554ms (cache revalidated)
1333 silly packumentCache full:https://registry.npmjs.org/log-update set size:60732 disposed:false
1334 silly fetch manifest node-gyp-build-optional-packages@5.2.2
1335 silly packumentCache full:https://registry.npmjs.org/node-gyp-build-optional-packages cache-miss
1336 http fetch GET 200 https://registry.npmjs.org/eventemitter3 463ms (cache revalidated)
1337 silly packumentCache full:https://registry.npmjs.org/eventemitter3 set size:92292 disposed:false
1338 silly fetch manifest @lmdb/lmdb-linux-arm@3.2.6
1339 silly packumentCache full:https://registry.npmjs.org/@lmdb%2flmdb-linux-arm cache-miss
1340 http fetch GET 200 https://registry.npmjs.org/cli-truncate 703ms (cache revalidated)
1341 silly packumentCache full:https://registry.npmjs.org/cli-truncate set size:35177 disposed:false
1342 silly fetch manifest @lmdb/lmdb-linux-x64@3.2.6
1343 silly packumentCache full:https://registry.npmjs.org/@lmdb%2flmdb-linux-x64 cache-miss
1344 http fetch GET 200 https://registry.npmjs.org/msgpackr 723ms (cache revalidated)
1345 silly packumentCache full:https://registry.npmjs.org/msgpackr set size:436133 disposed:false
1346 silly fetch manifest @lmdb/lmdb-win32-x64@3.2.6
1347 silly packumentCache full:https://registry.npmjs.org/@lmdb%2flmdb-win32-x64 cache-miss
1348 http fetch GET 200 https://registry.npmjs.org/node-addon-api 609ms (cache revalidated)
1349 silly packumentCache full:https://registry.npmjs.org/node-addon-api set size:356526 disposed:false
1350 silly fetch manifest @lmdb/lmdb-darwin-x64@3.2.6
1351 silly packumentCache full:https://registry.npmjs.org/@lmdb%2flmdb-darwin-x64 cache-miss
1352 http fetch GET 200 https://registry.npmjs.org/ordered-binary 614ms (cache revalidated)
1353 silly packumentCache full:https://registry.npmjs.org/ordered-binary set size:68084 disposed:false
1354 silly fetch manifest @lmdb/lmdb-linux-arm64@3.2.6
1355 silly packumentCache full:https://registry.npmjs.org/@lmdb%2flmdb-linux-arm64 cache-miss
1356 http fetch GET 200 https://registry.npmjs.org/node-gyp-build-optional-packages 432ms (cache revalidated)
1357 silly packumentCache full:https://registry.npmjs.org/node-gyp-build-optional-packages set size:49852 disposed:false
1358 silly fetch manifest @lmdb/lmdb-darwin-arm64@3.2.6
1359 silly packumentCache full:https://registry.npmjs.org/@lmdb%2flmdb-darwin-arm64 cache-miss
1360 http fetch GET 200 https://registry.npmjs.org/weak-lru-cache 453ms (cache revalidated)
1361 silly packumentCache full:https://registry.npmjs.org/weak-lru-cache set size:69411 disposed:false
1362 silly fetch manifest entities@^4.3.0
1363 silly packumentCache full:https://registry.npmjs.org/entities cache-miss
1364 http fetch GET 200 https://registry.npmjs.org/@lmdb%2flmdb-linux-arm 460ms (cache revalidated)
1365 silly packumentCache full:https://registry.npmjs.org/@lmdb%2flmdb-linux-arm set size:195414 disposed:false
1366 silly fetch manifest parse5-sax-parser@^7.0.0
1367 silly packumentCache full:https://registry.npmjs.org/parse5-sax-parser cache-miss
1368 http fetch GET 200 https://registry.npmjs.org/@lmdb%2flmdb-darwin-x64 192ms (cache revalidated)
1369 silly packumentCache full:https://registry.npmjs.org/@lmdb%2flmdb-darwin-x64 set size:194782 disposed:false
1370 silly fetch manifest @types/estree@1.0.8
1371 silly packumentCache full:https://registry.npmjs.org/@types%2festree cache-hit
1372 silly fetch manifest @rollup/rollup-darwin-x64@4.59.0
1373 silly packumentCache full:https://registry.npmjs.org/@rollup%2frollup-darwin-x64 cache-miss
1374 http fetch GET 200 https://registry.npmjs.org/entities 181ms (cache revalidated)
1375 silly packumentCache full:https://registry.npmjs.org/entities set size:101550 disposed:false
1376 silly fetch manifest @rollup/rollup-freebsd-x64@4.59.0
1377 silly packumentCache full:https://registry.npmjs.org/@rollup%2frollup-freebsd-x64 cache-miss
1378 http fetch GET 200 https://registry.npmjs.org/@lmdb%2flmdb-darwin-arm64 243ms (cache revalidated)
1379 silly packumentCache full:https://registry.npmjs.org/@lmdb%2flmdb-darwin-arm64 set size:196401 disposed:false
1380 silly fetch manifest @rollup/rollup-openbsd-x64@4.59.0
1381 silly packumentCache full:https://registry.npmjs.org/@rollup%2frollup-openbsd-x64 cache-miss
1382 http fetch GET 200 https://registry.npmjs.org/@lmdb%2flmdb-linux-arm64 295ms (cache revalidated)
1383 silly packumentCache full:https://registry.npmjs.org/@lmdb%2flmdb-linux-arm64 set size:197148 disposed:false
1384 silly fetch manifest @rollup/rollup-darwin-arm64@4.59.0
1385 silly packumentCache full:https://registry.npmjs.org/@rollup%2frollup-darwin-arm64 cache-miss
1386 http fetch GET 200 https://registry.npmjs.org/parse5-sax-parser 303ms (cache revalidated)
1387 silly packumentCache full:https://registry.npmjs.org/parse5-sax-parser set size:18860 disposed:false
1388 silly fetch manifest @rollup/rollup-android-arm64@4.59.0
1389 silly packumentCache full:https://registry.npmjs.org/@rollup%2frollup-android-arm64 cache-miss
1390 http fetch GET 200 https://registry.npmjs.org/@lmdb%2flmdb-linux-x64 675ms (cache revalidated)
1391 silly packumentCache full:https://registry.npmjs.org/@lmdb%2flmdb-linux-x64 set size:196980 disposed:false
1392 silly fetch manifest @rollup/rollup-freebsd-arm64@4.59.0
1393 silly packumentCache full:https://registry.npmjs.org/@rollup%2frollup-freebsd-arm64 cache-miss
1394 http fetch GET 200 https://registry.npmjs.org/@lmdb%2flmdb-win32-x64 581ms (cache revalidated)
1395 silly packumentCache full:https://registry.npmjs.org/@lmdb%2flmdb-win32-x64 set size:193956 disposed:false
1396 silly fetch manifest @rollup/rollup-linux-x64-gnu@4.59.0
1397 silly packumentCache full:https://registry.npmjs.org/@rollup%2frollup-linux-x64-gnu cache-miss
1398 http fetch GET 200 https://registry.npmjs.org/@rollup%2frollup-darwin-x64 358ms (cache revalidated)
1399 silly packumentCache full:https://registry.npmjs.org/@rollup%2frollup-darwin-x64 set size:336611 disposed:false
1400 silly fetch manifest @rollup/rollup-win32-x64-gnu@4.59.0
1401 silly packumentCache full:https://registry.npmjs.org/@rollup%2frollup-win32-x64-gnu cache-miss
1402 http fetch GET 200 https://registry.npmjs.org/@rollup%2frollup-freebsd-x64 563ms (cache revalidated)
1403 silly packumentCache full:https://registry.npmjs.org/@rollup%2frollup-freebsd-x64 set size:189223 disposed:false
1404 silly fetch manifest @rollup/rollup-linux-x64-musl@4.59.0
1405 silly packumentCache full:https://registry.npmjs.org/@rollup%2frollup-linux-x64-musl cache-miss
1406 http fetch GET 200 https://registry.npmjs.org/@rollup%2frollup-darwin-arm64 579ms (cache revalidated)
1407 silly packumentCache full:https://registry.npmjs.org/@rollup%2frollup-darwin-arm64 set size:341440 disposed:false
1408 silly fetch manifest @rollup/rollup-win32-x64-msvc@4.59.0
1409 silly packumentCache full:https://registry.npmjs.org/@rollup%2frollup-win32-x64-msvc cache-miss
1410 http fetch GET 200 https://registry.npmjs.org/@rollup%2frollup-openbsd-x64 633ms (cache revalidated)
1411 silly packumentCache full:https://registry.npmjs.org/@rollup%2frollup-openbsd-x64 set size:33968 disposed:false
1412 silly fetch manifest @rollup/rollup-linux-arm64-gnu@4.59.0
1413 silly packumentCache full:https://registry.npmjs.org/@rollup%2frollup-linux-arm64-gnu cache-miss
1414 http fetch GET 200 https://registry.npmjs.org/@rollup%2frollup-android-arm64 553ms (cache revalidated)
1415 silly packumentCache full:https://registry.npmjs.org/@rollup%2frollup-android-arm64 set size:342960 disposed:false
1416 silly fetch manifest @rollup/rollup-linux-ppc64-gnu@4.59.0
1417 silly packumentCache full:https://registry.npmjs.org/@rollup%2frollup-linux-ppc64-gnu cache-miss
1418 http fetch GET 200 https://registry.npmjs.org/@rollup%2frollup-linux-x64-gnu 408ms (cache revalidated)
1419 silly packumentCache full:https://registry.npmjs.org/@rollup%2frollup-linux-x64-gnu set size:343765 disposed:false
1420 silly fetch manifest @rollup/rollup-linux-s390x-gnu@4.59.0
1421 silly packumentCache full:https://registry.npmjs.org/@rollup%2frollup-linux-s390x-gnu cache-miss
1422 http fetch GET 200 https://registry.npmjs.org/@rollup%2frollup-win32-x64-gnu 405ms (cache revalidated)
1423 silly packumentCache full:https://registry.npmjs.org/@rollup%2frollup-win32-x64-gnu set size:64595 disposed:false
1424 silly fetch manifest @rollup/rollup-win32-ia32-msvc@4.59.0
1425 silly packumentCache full:https://registry.npmjs.org/@rollup%2frollup-win32-ia32-msvc cache-miss
1426 http fetch GET 200 https://registry.npmjs.org/@rollup%2frollup-freebsd-arm64 571ms (cache revalidated)
1427 silly packumentCache full:https://registry.npmjs.org/@rollup%2frollup-freebsd-arm64 set size:191163 disposed:false
1428 silly fetch manifest @rollup/rollup-android-arm-eabi@4.59.0
1429 silly packumentCache full:https://registry.npmjs.org/@rollup%2frollup-android-arm-eabi cache-miss
1430 http fetch GET 200 https://registry.npmjs.org/@rollup%2frollup-linux-x64-musl 505ms (cache revalidated)
1431 silly packumentCache full:https://registry.npmjs.org/@rollup%2frollup-linux-x64-musl set size:343127 disposed:false
1432 silly fetch manifest @rollup/rollup-linux-arm64-musl@4.59.0
1433 silly packumentCache full:https://registry.npmjs.org/@rollup%2frollup-linux-arm64-musl cache-miss
1434 http fetch GET 200 https://registry.npmjs.org/@rollup%2frollup-win32-x64-msvc 451ms (cache revalidated)
1435 silly packumentCache full:https://registry.npmjs.org/@rollup%2frollup-win32-x64-msvc set size:341524 disposed:false
1436 silly fetch manifest @rollup/rollup-linux-ppc64-musl@4.59.0
1437 silly packumentCache full:https://registry.npmjs.org/@rollup%2frollup-linux-ppc64-musl cache-miss
1438 http fetch GET 200 https://registry.npmjs.org/@rollup%2frollup-linux-arm64-gnu 454ms (cache revalidated)
1439 silly packumentCache full:https://registry.npmjs.org/@rollup%2frollup-linux-arm64-gnu set size:348657 disposed:false
1440 silly fetch manifest @rollup/rollup-win32-arm64-msvc@4.59.0
1441 silly packumentCache full:https://registry.npmjs.org/@rollup%2frollup-win32-arm64-msvc cache-miss
1442 http fetch GET 200 https://registry.npmjs.org/@rollup%2frollup-linux-ppc64-gnu 497ms (cache revalidated)
1443 silly packumentCache full:https://registry.npmjs.org/@rollup%2frollup-linux-ppc64-gnu set size:93339 disposed:false
1444 silly fetch manifest @rollup/rollup-linux-loong64-gnu@4.59.0
1445 silly packumentCache full:https://registry.npmjs.org/@rollup%2frollup-linux-loong64-gnu cache-miss
1446 http fetch GET 200 https://registry.npmjs.org/@rollup%2frollup-linux-s390x-gnu 3326ms (cache revalidated)
1447 silly packumentCache full:https://registry.npmjs.org/@rollup%2frollup-linux-s390x-gnu set size:248507 disposed:false
1448 silly fetch manifest @rollup/rollup-linux-riscv64-gnu@4.59.0
1449 silly packumentCache full:https://registry.npmjs.org/@rollup%2frollup-linux-riscv64-gnu cache-miss
1450 http fetch GET 200 https://registry.npmjs.org/@rollup%2frollup-win32-ia32-msvc 4471ms (cache revalidated)
1451 silly packumentCache full:https://registry.npmjs.org/@rollup%2frollup-win32-ia32-msvc set size:344890 disposed:false
1452 silly fetch manifest @rollup/rollup-openharmony-arm64@4.59.0
1453 silly packumentCache full:https://registry.npmjs.org/@rollup%2frollup-openharmony-arm64 cache-miss
1454 http fetch GET 200 https://registry.npmjs.org/@rollup%2frollup-linux-loong64-gnu 11248ms (cache revalidated)
1455 silly packumentCache full:https://registry.npmjs.org/@rollup%2frollup-linux-loong64-gnu set size:73153 disposed:false
1456 silly fetch manifest @rollup/rollup-linux-loong64-musl@4.59.0
1457 silly packumentCache full:https://registry.npmjs.org/@rollup%2frollup-linux-loong64-musl cache-miss
1458 http fetch GET 200 https://registry.npmjs.org/@rollup%2frollup-win32-arm64-msvc 12878ms (cache revalidated)
1459 silly packumentCache full:https://registry.npmjs.org/@rollup%2frollup-win32-arm64-msvc set size:346391 disposed:false
1460 silly fetch manifest @rollup/rollup-linux-riscv64-musl@4.59.0
1461 silly packumentCache full:https://registry.npmjs.org/@rollup%2frollup-linux-riscv64-musl cache-miss
1462 http fetch GET 200 https://registry.npmjs.org/@rollup%2frollup-android-arm-eabi 19424ms (cache revalidated)
1463 silly packumentCache full:https://registry.npmjs.org/@rollup%2frollup-android-arm-eabi set size:346401 disposed:false
1464 silly fetch manifest @rollup/rollup-linux-arm-gnueabihf@4.59.0
1465 silly packumentCache full:https://registry.npmjs.org/@rollup%2frollup-linux-arm-gnueabihf cache-miss
1466 http fetch GET 200 https://registry.npmjs.org/@rollup%2frollup-linux-arm64-musl 19229ms (cache revalidated)
1467 silly packumentCache full:https://registry.npmjs.org/@rollup%2frollup-linux-arm64-musl set size:304059 disposed:false
1468 silly fetch manifest @rollup/rollup-linux-arm-musleabihf@4.59.0
1469 silly packumentCache full:https://registry.npmjs.org/@rollup%2frollup-linux-arm-musleabihf cache-miss
1470 http fetch GET 200 https://registry.npmjs.org/@rollup%2frollup-linux-ppc64-musl 19229ms (cache revalidated)
1471 silly packumentCache full:https://registry.npmjs.org/@rollup%2frollup-linux-ppc64-musl set size:34879 disposed:false
1472 silly fetch manifest fdir@^6.4.4
1473 silly packumentCache full:https://registry.npmjs.org/fdir cache-miss
1474 http fetch GET 200 https://registry.npmjs.org/@rollup%2frollup-linux-riscv64-gnu 16380ms (cache revalidated)
1475 silly packumentCache full:https://registry.npmjs.org/@rollup%2frollup-linux-riscv64-gnu set size:274840 disposed:false
1476 silly fetch manifest esbuild@^0.25.0
1477 silly packumentCache full:https://registry.npmjs.org/esbuild cache-miss
1478 http fetch GET 200 https://registry.npmjs.org/@rollup%2frollup-openharmony-arm64 14958ms (cache revalidated)
1479 silly packumentCache full:https://registry.npmjs.org/@rollup%2frollup-openharmony-arm64 set size:74005 disposed:false
1480 silly fetch manifest picomatch@^4.0.2
1481 silly packumentCache full:https://registry.npmjs.org/picomatch cache-hit
1482 silly fetch manifest tinyglobby@^0.2.13
1483 silly packumentCache full:https://registry.npmjs.org/tinyglobby cache-miss
1484 http fetch GET 200 https://registry.npmjs.org/@rollup%2frollup-linux-loong64-musl 8249ms (cache revalidated)
1485 silly packumentCache full:https://registry.npmjs.org/@rollup%2frollup-linux-loong64-musl set size:35170 disposed:false
1486 http fetch GET 200 https://registry.npmjs.org/@rollup%2frollup-linux-riscv64-musl 6658ms (cache revalidated)
1487 silly packumentCache full:https://registry.npmjs.org/@rollup%2frollup-linux-riscv64-musl set size:120836 disposed:false
1488 http fetch GET 200 https://registry.npmjs.org/@rollup%2frollup-linux-arm-gnueabihf 402ms (cache revalidated)
1489 silly packumentCache full:https://registry.npmjs.org/@rollup%2frollup-linux-arm-gnueabihf set size:352208 disposed:false
1490 http fetch GET 200 https://registry.npmjs.org/@rollup%2frollup-linux-arm-musleabihf 377ms (cache revalidated)
1491 silly packumentCache full:https://registry.npmjs.org/@rollup%2frollup-linux-arm-musleabihf set size:246397 disposed:false
1492 http fetch GET 200 https://registry.npmjs.org/fdir 398ms (cache revalidated)
1493 silly packumentCache full:https://registry.npmjs.org/fdir set size:136182 disposed:false
1494 http cache https://registry.npmjs.org/esbuild 524ms (cache hit)
1495 silly packumentCache full:https://registry.npmjs.org/esbuild set size:1254708 disposed:false
1496 http fetch GET 200 https://registry.npmjs.org/tinyglobby 751ms (cache revalidated)
1497 silly packumentCache full:https://registry.npmjs.org/tinyglobby set size:54291 disposed:false
1498 silly placeDep ROOT @angular-devkit/schematics@19.2.27 OK for: @angular/cli@19.2.27 want: 19.2.27
1499 silly placeDep ROOT @inquirer/prompts@7.3.2 OK for: @angular/cli@19.2.27 want: 7.3.2
1500 silly placeDep ROOT @listr2/prompt-adapter-inquirer@2.0.18 OK for: @angular/cli@19.2.27 want: 2.0.18
1501 silly placeDep ROOT @schematics/angular@19.2.27 OK for: @angular/cli@19.2.27 want: 19.2.27
1502 silly placeDep ROOT ini@5.0.0 OK for: @angular/cli@19.2.27 want: 5.0.0
1503 silly placeDep ROOT npm-package-arg@12.0.2 OK for: @angular/cli@19.2.27 want: 12.0.2
1504 silly placeDep ROOT npm-pick-manifest@10.0.0 OK for: @angular/cli@19.2.27 want: 10.0.0
1505 silly placeDep ROOT pacote@20.0.0 OK for: @angular/cli@19.2.27 want: 20.0.0
1506 silly placeDep ROOT resolve@1.22.10 OK for: @angular/cli@19.2.27 want: 1.22.10
1507 silly placeDep node_modules/@angular/cli semver@7.7.1 OK for: @angular/cli@19.2.27 want: 7.7.1
1508 silly fetch manifest @inquirer/input@^4.1.6
1509 silly packumentCache full:https://registry.npmjs.org/@inquirer%2finput cache-miss
1510 silly fetch manifest @inquirer/editor@^4.2.7
1511 silly packumentCache full:https://registry.npmjs.org/@inquirer%2feditor cache-miss
1512 silly fetch manifest @inquirer/expand@^4.0.9
1513 silly packumentCache full:https://registry.npmjs.org/@inquirer%2fexpand cache-miss
1514 silly fetch manifest @inquirer/number@^3.0.9
1515 silly packumentCache full:https://registry.npmjs.org/@inquirer%2fnumber cache-miss
1516 silly fetch manifest @inquirer/search@^3.0.9
1517 silly packumentCache full:https://registry.npmjs.org/@inquirer%2fsearch cache-miss
1518 silly fetch manifest @inquirer/select@^4.0.9
1519 silly packumentCache full:https://registry.npmjs.org/@inquirer%2fselect cache-miss
1520 silly fetch manifest @inquirer/rawlist@^4.0.9
1521 silly packumentCache full:https://registry.npmjs.org/@inquirer%2frawlist cache-miss
1522 http fetch GET 200 https://registry.npmjs.org/@inquirer%2feditor 197ms (cache revalidated)
1523 silly packumentCache full:https://registry.npmjs.org/@inquirer%2feditor set size:322894 disposed:false
1524 silly fetch manifest @inquirer/checkbox@^4.1.2
1525 silly packumentCache full:https://registry.npmjs.org/@inquirer%2fcheckbox cache-miss
1526 http fetch GET 200 https://registry.npmjs.org/@inquirer%2finput 213ms (cache revalidated)
1527 silly packumentCache full:https://registry.npmjs.org/@inquirer%2finput set size:319406 disposed:false
1528 silly fetch manifest @inquirer/password@^4.0.9
1529 silly packumentCache full:https://registry.npmjs.org/@inquirer%2fpassword cache-miss
1530 http fetch GET 200 https://registry.npmjs.org/@inquirer%2fnumber 227ms (cache revalidated)
1531 silly packumentCache full:https://registry.npmjs.org/@inquirer%2fnumber set size:142567 disposed:false
1532 silly fetch manifest @inquirer/type@^1.5.5
1533 silly packumentCache full:https://registry.npmjs.org/@inquirer%2ftype cache-hit
1534 silly fetch manifest proc-log@^5.0.0
1535 silly packumentCache full:https://registry.npmjs.org/proc-log cache-miss
1536 http fetch GET 200 https://registry.npmjs.org/@inquirer%2frawlist 230ms (cache revalidated)
1537 silly packumentCache full:https://registry.npmjs.org/@inquirer%2frawlist set size:288948 disposed:false
1538 silly fetch manifest hosted-git-info@^8.0.0
1539 silly packumentCache full:https://registry.npmjs.org/hosted-git-info cache-miss
1540 http fetch GET 200 https://registry.npmjs.org/@inquirer%2fexpand 247ms (cache revalidated)
1541 silly packumentCache full:https://registry.npmjs.org/@inquirer%2fexpand set size:322112 disposed:false
1542 silly fetch manifest validate-npm-package-name@^6.0.0
1543 silly packumentCache full:https://registry.npmjs.org/validate-npm-package-name cache-miss
1544 http fetch GET 200 https://registry.npmjs.org/@inquirer%2fsearch 283ms (cache revalidated)
1545 silly packumentCache full:https://registry.npmjs.org/@inquirer%2fsearch set size:142958 disposed:false
1546 silly fetch manifest npm-install-checks@^7.1.0
1547 silly packumentCache full:https://registry.npmjs.org/npm-install-checks cache-miss
1548 http fetch GET 200 https://registry.npmjs.org/@inquirer%2fselect 409ms (cache revalidated)
1549 silly packumentCache full:https://registry.npmjs.org/@inquirer%2fselect set size:335462 disposed:false
1550 silly fetch manifest npm-normalize-package-bin@^4.0.0
1551 silly packumentCache full:https://registry.npmjs.org/npm-normalize-package-bin cache-miss
1552 http fetch GET 200 https://registry.npmjs.org/hosted-git-info 439ms (cache revalidated)
1553 silly packumentCache full:https://registry.npmjs.org/hosted-git-info set size:190196 disposed:false
1554 silly fetch manifest tar@^6.1.11
1555 silly packumentCache full:https://registry.npmjs.org/tar cache-miss
1556 http fetch GET 200 https://registry.npmjs.org/@inquirer%2fpassword 499ms (cache revalidated)
1557 silly packumentCache full:https://registry.npmjs.org/@inquirer%2fpassword set size:318894 disposed:false
1558 silly fetch manifest ssri@^12.0.0
1559 silly packumentCache full:https://registry.npmjs.org/ssri cache-miss
1560 http fetch GET 200 https://registry.npmjs.org/proc-log 502ms (cache revalidated)
1561 silly packumentCache full:https://registry.npmjs.org/proc-log set size:35852 disposed:false
1562 silly fetch manifest cacache@^19.0.0
1563 silly packumentCache full:https://registry.npmjs.org/cacache cache-miss
1564 http fetch GET 200 https://registry.npmjs.org/@inquirer%2fcheckbox 536ms (cache revalidated)
1565 silly packumentCache full:https://registry.npmjs.org/@inquirer%2fcheckbox set size:346573 disposed:false
1566 silly fetch manifest minipass@^7.0.2
1567 silly packumentCache full:https://registry.npmjs.org/minipass cache-miss
1568 http fetch GET 200 https://registry.npmjs.org/validate-npm-package-name 499ms (cache revalidated)
1569 silly packumentCache full:https://registry.npmjs.org/validate-npm-package-name set size:51156 disposed:false
1570 silly fetch manifest sigstore@^3.0.0
1571 silly packumentCache full:https://registry.npmjs.org/sigstore cache-miss
1572 http fetch GET 200 https://registry.npmjs.org/npm-install-checks 498ms (cache revalidated)
1573 silly packumentCache full:https://registry.npmjs.org/npm-install-checks set size:61706 disposed:false
1574 silly fetch manifest @npmcli/git@^6.0.0
1575 silly packumentCache full:https://registry.npmjs.org/@npmcli%2fgit cache-miss
1576 http fetch GET 200 https://registry.npmjs.org/npm-normalize-package-bin 552ms (cache revalidated)
1577 silly packumentCache full:https://registry.npmjs.org/npm-normalize-package-bin set size:24461 disposed:false
1578 silly fetch manifest fs-minipass@^3.0.0
1579 silly packumentCache full:https://registry.npmjs.org/fs-minipass cache-miss
1580 http fetch GET 200 https://registry.npmjs.org/ssri 753ms (cache revalidated)
1581 silly packumentCache full:https://registry.npmjs.org/ssri set size:139044 disposed:false
1582 silly fetch manifest npm-packlist@^9.0.0
1583 silly packumentCache full:https://registry.npmjs.org/npm-packlist cache-miss
1584 http fetch GET 200 https://registry.npmjs.org/tar 786ms (cache revalidated)
1585 silly packumentCache full:https://registry.npmjs.org/tar set size:551280 disposed:false
1586 silly fetch manifest promise-retry@^2.0.1
1587 silly packumentCache full:https://registry.npmjs.org/promise-retry cache-miss
1588 http fetch GET 200 https://registry.npmjs.org/cacache 783ms (cache revalidated)
1589 silly packumentCache full:https://registry.npmjs.org/cacache set size:388721 disposed:false
1590 silly fetch manifest @npmcli/run-script@^9.0.0
1591 silly packumentCache full:https://registry.npmjs.org/@npmcli%2frun-script cache-miss
1592 http fetch GET 200 https://registry.npmjs.org/minipass 782ms (cache revalidated)
1593 silly packumentCache full:https://registry.npmjs.org/minipass set size:276925 disposed:false
1594 silly fetch manifest npm-registry-fetch@^18.0.0
1595 silly packumentCache full:https://registry.npmjs.org/npm-registry-fetch cache-miss
1596 http fetch GET 200 https://registry.npmjs.org/fs-minipass 585ms (cache revalidated)
1597 silly packumentCache full:https://registry.npmjs.org/fs-minipass set size:44606 disposed:false
1598 silly fetch manifest @npmcli/package-json@^6.0.0
1599 silly packumentCache full:https://registry.npmjs.org/@npmcli%2fpackage-json cache-miss
1600 http fetch GET 200 https://registry.npmjs.org/sigstore 876ms (cache revalidated)
1601 silly packumentCache full:https://registry.npmjs.org/sigstore set size:121433 disposed:false
1602 silly fetch manifest @npmcli/promise-spawn@^8.0.0
1603 silly packumentCache full:https://registry.npmjs.org/@npmcli%2fpromise-spawn cache-miss
1604 http fetch GET 200 https://registry.npmjs.org/@npmcli%2fgit 919ms (cache revalidated)
1605 silly packumentCache full:https://registry.npmjs.org/@npmcli%2fgit set size:116018 disposed:false
1606 silly fetch manifest @npmcli/installed-package-contents@^3.0.0
1607 silly packumentCache full:https://registry.npmjs.org/@npmcli%2finstalled-package-contents cache-miss
1608 http fetch GET 200 https://registry.npmjs.org/@npmcli%2frun-script 360ms (cache revalidated)
1609 silly packumentCache full:https://registry.npmjs.org/@npmcli%2frun-script set size:199436 disposed:false
1610 silly fetch manifest path-parse@^1.0.7
1611 silly packumentCache full:https://registry.npmjs.org/path-parse cache-miss
1612 http fetch GET 200 https://registry.npmjs.org/npm-registry-fetch 355ms (cache revalidated)
1613 silly packumentCache full:https://registry.npmjs.org/npm-registry-fetch set size:285128 disposed:false
1614 silly fetch manifest is-core-module@^2.16.0
1615 silly packumentCache full:https://registry.npmjs.org/is-core-module cache-miss
1616 http fetch GET 200 https://registry.npmjs.org/@npmcli%2fpackage-json 364ms (cache revalidated)
1617 silly packumentCache full:https://registry.npmjs.org/@npmcli%2fpackage-json set size:84760 disposed:false
1618 silly fetch manifest supports-preserve-symlinks-flag@^1.0.0
1619 silly packumentCache full:https://registry.npmjs.org/supports-preserve-symlinks-flag cache-miss
1620 http fetch GET 200 https://registry.npmjs.org/promise-retry 527ms (cache revalidated)
1621 silly packumentCache full:https://registry.npmjs.org/promise-retry set size:34511 disposed:false
1622 http fetch GET 200 https://registry.npmjs.org/npm-packlist 559ms (cache revalidated)
1623 silly packumentCache full:https://registry.npmjs.org/npm-packlist set size:200200 disposed:false
1624 http fetch GET 200 https://registry.npmjs.org/@npmcli%2fpromise-spawn 398ms (cache revalidated)
1625 silly packumentCache full:https://registry.npmjs.org/@npmcli%2fpromise-spawn set size:70616 disposed:false
1626 http fetch GET 200 https://registry.npmjs.org/@npmcli%2finstalled-package-contents 433ms (cache revalidated)
1627 silly packumentCache full:https://registry.npmjs.org/@npmcli%2finstalled-package-contents set size:51596 disposed:false
1628 http fetch GET 200 https://registry.npmjs.org/is-core-module 352ms (cache revalidated)
1629 silly packumentCache full:https://registry.npmjs.org/is-core-module set size:74378 disposed:false
1630 http fetch GET 200 https://registry.npmjs.org/supports-preserve-symlinks-flag 358ms (cache revalidated)
1631 silly packumentCache full:https://registry.npmjs.org/supports-preserve-symlinks-flag set size:6802 disposed:false
1632 http fetch GET 200 https://registry.npmjs.org/path-parse 425ms (cache revalidated)
1633 silly packumentCache full:https://registry.npmjs.org/path-parse set size:14523 disposed:false
1634 silly placeDep node_modules/@angular-devkit/schematics rxjs@7.8.1 OK for: @angular-devkit/schematics@19.2.27 want: 7.8.1
1635 silly placeDep ROOT @babel/core@7.26.9 REPLACE for: @angular/compiler-cli@19.2.25 want: 7.26.9
1636 silly placeDep node_modules/@angular/compiler-cli chokidar@4.0.3 OK for: @angular/compiler-cli@19.2.25 want: ^4.0.0
1637 silly placeDep ROOT reflect-metadata@0.2.2 OK for: @angular/compiler-cli@19.2.25 want: ^0.2.0
1638 silly fetch manifest readdirp@^4.0.1
1639 silly packumentCache full:https://registry.npmjs.org/readdirp cache-miss
1640 http fetch GET 200 https://registry.npmjs.org/readdirp 1852ms (cache revalidated)
1641 silly packumentCache full:https://registry.npmjs.org/readdirp set size:107589 disposed:false
1642 silly placeDep ROOT @babel/template@7.29.7 OK for: @babel/core@7.26.9 want: ^7.26.9
1643 silly placeDep node_modules/@babel/core convert-source-map@2.0.0 OK for: @babel/core@7.26.9 want: ^2.0.0
1644 silly fetch manifest @babel/code-frame@^7.29.7
1645 silly packumentCache full:https://registry.npmjs.org/@babel%2fcode-frame cache-miss
1646 silly fetch manifest @babel/parser@^7.29.7
1647 silly packumentCache full:https://registry.npmjs.org/@babel%2fparser cache-miss
1648 silly fetch manifest @babel/types@^7.29.7
1649 silly packumentCache full:https://registry.npmjs.org/@babel%2ftypes cache-miss
1650 http fetch GET 200 https://registry.npmjs.org/@babel%2fparser 118ms (cache revalidated)
1651 silly packumentCache full:https://registry.npmjs.org/@babel%2fparser set size:730539 disposed:false
1652 http fetch GET 200 https://registry.npmjs.org/@babel%2fcode-frame 166ms (cache revalidated)
1653 silly packumentCache full:https://registry.npmjs.org/@babel%2fcode-frame set size:204481 disposed:false
1654 http fetch GET 200 https://registry.npmjs.org/@babel%2ftypes 175ms (cache revalidated)
1655 silly packumentCache full:https://registry.npmjs.org/@babel%2ftypes set size:496342 disposed:false
1656 silly placeDep ROOT jsesc@3.1.0 OK for: @babel/generator@7.26.10 want: ^3.0.2
1657 silly placeDep ROOT @babel/helper-plugin-utils@7.29.7 OK for: @babel/plugin-syntax-import-attributes@7.26.0 want: ^7.25.9
1658 silly placeDep ROOT @babel/helper-remap-async-to-generator@7.29.7 OK for: @babel/plugin-transform-async-generator-functions@7.26.8 want: ^7.25.9
1659 silly fetch manifest @babel/helper-annotate-as-pure@^7.29.7
1660 silly packumentCache full:https://registry.npmjs.org/@babel%2fhelper-annotate-as-pure cache-hit
1661 silly fetch manifest @babel/helper-wrap-function@^7.29.7
1662 silly packumentCache full:https://registry.npmjs.org/@babel%2fhelper-wrap-function cache-miss
1663 silly fetch manifest @babel/traverse@^7.29.7
1664 silly packumentCache full:https://registry.npmjs.org/@babel%2ftraverse cache-miss
1665 http fetch GET 200 https://registry.npmjs.org/@babel%2fhelper-wrap-function 152ms (cache revalidated)
1666 silly packumentCache full:https://registry.npmjs.org/@babel%2fhelper-wrap-function set size:222843 disposed:false
1667 http fetch GET 200 https://registry.npmjs.org/@babel%2ftraverse 158ms (cache revalidated)
1668 silly packumentCache full:https://registry.npmjs.org/@babel%2ftraverse set size:557773 disposed:false
1669 silly placeDep node_modules/@babel/helper-remap-async-to-generator @babel/helper-annotate-as-pure@7.29.7 OK for: @babel/helper-remap-async-to-generator@7.29.7 want: ^7.29.7
1670 silly placeDep ROOT @babel/helper-wrap-function@7.29.7 OK for: @babel/helper-remap-async-to-generator@7.29.7 want: ^7.29.7
1671 silly placeDep ROOT @babel/traverse@7.29.7 REPLACE for: @babel/helper-remap-async-to-generator@7.29.7 want: ^7.29.7
1672 silly fetch manifest @babel/generator@^7.29.7
1673 silly packumentCache full:https://registry.npmjs.org/@babel%2fgenerator cache-hit
1674 silly fetch manifest @babel/helper-globals@^7.29.7
1675 silly packumentCache full:https://registry.npmjs.org/@babel%2fhelper-globals cache-miss
1676 http fetch GET 200 https://registry.npmjs.org/@babel%2fhelper-globals 107ms (cache revalidated)
1677 silly packumentCache full:https://registry.npmjs.org/@babel%2fhelper-globals set size:23181 disposed:false
1678 silly placeDep ROOT @babel/types@7.29.7 REPLACE for: @babel/helper-wrap-function@7.29.7 want: ^7.29.7
1679 silly fetch manifest @babel/helper-string-parser@^7.29.7
1680 silly packumentCache full:https://registry.npmjs.org/@babel%2fhelper-string-parser cache-miss
1681 silly fetch manifest @babel/helper-validator-identifier@^7.29.7
1682 silly packumentCache full:https://registry.npmjs.org/@babel%2fhelper-validator-identifier cache-miss
1683 http fetch GET 200 https://registry.npmjs.org/@babel%2fhelper-string-parser 97ms (cache revalidated)
1684 silly packumentCache full:https://registry.npmjs.org/@babel%2fhelper-string-parser set size:89614 disposed:false
1685 http fetch GET 200 https://registry.npmjs.org/@babel%2fhelper-validator-identifier 112ms (cache revalidated)
1686 silly packumentCache full:https://registry.npmjs.org/@babel%2fhelper-validator-identifier set size:123928 disposed:false
1687 silly placeDep ROOT babel-plugin-polyfill-corejs2@0.4.17 OK for: @babel/plugin-transform-runtime@7.26.10 want: ^0.4.10
1688 silly placeDep ROOT babel-plugin-polyfill-corejs3@0.11.1 OK for: @babel/plugin-transform-runtime@7.26.10 want: ^0.11.0
1689 silly placeDep ROOT babel-plugin-polyfill-regenerator@0.6.8 OK for: @babel/plugin-transform-runtime@7.26.10 want: ^0.6.1
1690 silly placeDep node_modules/@babel/plugin-transform-runtime semver@6.3.1 OK for: @babel/plugin-transform-runtime@7.26.10 want: ^6.3.1
1691 silly fetch manifest @babel/compat-data@^7.28.6
1692 silly packumentCache full:https://registry.npmjs.org/@babel%2fcompat-data cache-miss
1693 silly fetch manifest @babel/helper-define-polyfill-provider@^0.6.8
1694 silly packumentCache full:https://registry.npmjs.org/@babel%2fhelper-define-polyfill-provider cache-miss
1695 silly fetch manifest @babel/helper-define-polyfill-provider@^0.6.3
1696 silly packumentCache full:https://registry.npmjs.org/@babel%2fhelper-define-polyfill-provider cache-miss
1697 silly fetch manifest @babel/helper-define-polyfill-provider@^0.6.8
1698 silly packumentCache full:https://registry.npmjs.org/@babel%2fhelper-define-polyfill-provider cache-miss
1699 http fetch GET 200 https://registry.npmjs.org/@babel%2fhelper-define-polyfill-provider 118ms (cache revalidated)
1700 silly packumentCache full:https://registry.npmjs.org/@babel%2fhelper-define-polyfill-provider set size:116586 disposed:false
1701 http fetch GET 200 https://registry.npmjs.org/@babel%2fhelper-define-polyfill-provider 124ms (cache revalidated)
1702 silly packumentCache full:https://registry.npmjs.org/@babel%2fhelper-define-polyfill-provider set size:116586 disposed:false
1703 silly packumentCache full:https://registry.npmjs.org/@babel%2fhelper-define-polyfill-provider dispose
1704 http fetch GET 200 https://registry.npmjs.org/@babel%2fcompat-data 145ms (cache revalidated)
1705 silly packumentCache full:https://registry.npmjs.org/@babel%2fcompat-data set size:316558 disposed:false
1706 http fetch GET 200 https://registry.npmjs.org/@babel%2fhelper-define-polyfill-provider 167ms (cache revalidated)
1707 silly packumentCache full:https://registry.npmjs.org/@babel%2fhelper-define-polyfill-provider set size:116586 disposed:true
1708 silly packumentCache full:https://registry.npmjs.org/@babel%2fhelper-define-polyfill-provider dispose
1709 silly placeDep ROOT @babel/plugin-bugfix-firefox-class-in-computed-class-key@7.29.7 OK for: @babel/preset-env@7.26.9 want: ^7.25.9
1710 silly placeDep ROOT @babel/plugin-bugfix-safari-class-field-initializer-scope@7.29.7 OK for: @babel/preset-env@7.26.9 want: ^7.25.9
1711 silly placeDep ROOT @babel/plugin-bugfix-safari-id-destructuring-collision-in-function-expression@7.29.7 OK for: @babel/preset-env@7.26.9 want: ^7.25.9
1712 silly placeDep ROOT @babel/plugin-bugfix-v8-spread-parameters-in-optional-chaining@7.29.7 OK for: @babel/preset-env@7.26.9 want: ^7.25.9
1713 silly placeDep ROOT @babel/plugin-bugfix-v8-static-class-fields-redefine-readonly@7.29.7 OK for: @babel/preset-env@7.26.9 want: ^7.25.9
1714 silly placeDep ROOT @babel/plugin-proposal-private-property-in-object@7.21.0-placeholder-for-preset-env.2 OK for: @babel/preset-env@7.26.9 want: 7.21.0-placeholder-for-preset-env.2
1715 silly placeDep ROOT @babel/plugin-syntax-import-assertions@7.29.7 OK for: @babel/preset-env@7.26.9 want: ^7.26.0
1716 silly placeDep ROOT @babel/plugin-syntax-unicode-sets-regex@7.18.6 OK for: @babel/preset-env@7.26.9 want: ^7.18.6
1717 silly placeDep ROOT @babel/plugin-transform-arrow-functions@7.29.7 OK for: @babel/preset-env@7.26.9 want: ^7.25.9
1718 silly placeDep ROOT @babel/plugin-transform-block-scoped-functions@7.29.7 OK for: @babel/preset-env@7.26.9 want: ^7.26.5
1719 silly placeDep ROOT @babel/plugin-transform-block-scoping@7.29.7 OK for: @babel/preset-env@7.26.9 want: ^7.25.9
1720 silly placeDep ROOT @babel/plugin-transform-class-properties@7.29.7 OK for: @babel/preset-env@7.26.9 want: ^7.25.9
1721 silly placeDep ROOT @babel/plugin-transform-class-static-block@7.29.7 OK for: @babel/preset-env@7.26.9 want: ^7.26.0
1722 silly placeDep ROOT @babel/plugin-transform-classes@7.29.7 OK for: @babel/preset-env@7.26.9 want: ^7.25.9
1723 silly placeDep ROOT @babel/plugin-transform-computed-properties@7.29.7 OK for: @babel/preset-env@7.26.9 want: ^7.25.9
1724 silly placeDep ROOT @babel/plugin-transform-destructuring@7.29.7 OK for: @babel/preset-env@7.26.9 want: ^7.25.9
1725 silly placeDep ROOT @babel/plugin-transform-dotall-regex@7.29.7 OK for: @babel/preset-env@7.26.9 want: ^7.25.9
1726 silly placeDep ROOT @babel/plugin-transform-duplicate-keys@7.29.7 OK for: @babel/preset-env@7.26.9 want: ^7.25.9
1727 silly placeDep ROOT @babel/plugin-transform-duplicate-named-capturing-groups-regex@7.29.7 OK for: @babel/preset-env@7.26.9 want: ^7.25.9
1728 silly placeDep ROOT @babel/plugin-transform-dynamic-import@7.29.7 OK for: @babel/preset-env@7.26.9 want: ^7.25.9
1729 silly placeDep ROOT @babel/plugin-transform-exponentiation-operator@7.29.7 OK for: @babel/preset-env@7.26.9 want: ^7.26.3
1730 silly placeDep ROOT @babel/plugin-transform-export-namespace-from@7.29.7 OK for: @babel/preset-env@7.26.9 want: ^7.25.9
1731 silly placeDep ROOT @babel/plugin-transform-for-of@7.29.7 OK for: @babel/preset-env@7.26.9 want: ^7.26.9
1732 silly placeDep ROOT @babel/plugin-transform-function-name@7.29.7 OK for: @babel/preset-env@7.26.9 want: ^7.25.9
1733 silly placeDep ROOT @babel/plugin-transform-json-strings@7.29.7 OK for: @babel/preset-env@7.26.9 want: ^7.25.9
1734 silly placeDep ROOT @babel/plugin-transform-literals@7.29.7 OK for: @babel/preset-env@7.26.9 want: ^7.25.9
1735 silly placeDep ROOT @babel/plugin-transform-logical-assignment-operators@7.29.7 OK for: @babel/preset-env@7.26.9 want: ^7.25.9
1736 silly placeDep ROOT @babel/plugin-transform-member-expression-literals@7.29.7 OK for: @babel/preset-env@7.26.9 want: ^7.25.9
1737 silly placeDep ROOT @babel/plugin-transform-modules-amd@7.29.7 OK for: @babel/preset-env@7.26.9 want: ^7.25.9
1738 silly placeDep ROOT @babel/plugin-transform-modules-commonjs@7.29.7 OK for: @babel/preset-env@7.26.9 want: ^7.26.3
1739 silly placeDep ROOT @babel/plugin-transform-modules-systemjs@7.29.7 OK for: @babel/preset-env@7.26.9 want: ^7.25.9
1740 silly placeDep ROOT @babel/plugin-transform-modules-umd@7.29.7 OK for: @babel/preset-env@7.26.9 want: ^7.25.9
1741 silly placeDep ROOT @babel/plugin-transform-named-capturing-groups-regex@7.29.7 OK for: @babel/preset-env@7.26.9 want: ^7.25.9
1742 silly placeDep ROOT @babel/plugin-transform-new-target@7.29.7 OK for: @babel/preset-env@7.26.9 want: ^7.25.9
1743 silly placeDep ROOT @babel/plugin-transform-nullish-coalescing-operator@7.29.7 OK for: @babel/preset-env@7.26.9 want: ^7.26.6
1744 silly placeDep ROOT @babel/plugin-transform-numeric-separator@7.29.7 OK for: @babel/preset-env@7.26.9 want: ^7.25.9
1745 silly placeDep ROOT @babel/plugin-transform-object-rest-spread@7.29.7 OK for: @babel/preset-env@7.26.9 want: ^7.25.9
1746 silly placeDep ROOT @babel/plugin-transform-object-super@7.29.7 OK for: @babel/preset-env@7.26.9 want: ^7.25.9
1747 silly placeDep ROOT @babel/plugin-transform-optional-catch-binding@7.29.7 OK for: @babel/preset-env@7.26.9 want: ^7.25.9
1748 silly placeDep ROOT @babel/plugin-transform-optional-chaining@7.29.7 OK for: @babel/preset-env@7.26.9 want: ^7.25.9
1749 silly placeDep ROOT @babel/plugin-transform-parameters@7.29.7 OK for: @babel/preset-env@7.26.9 want: ^7.25.9
1750 silly placeDep ROOT @babel/plugin-transform-private-methods@7.29.7 OK for: @babel/preset-env@7.26.9 want: ^7.25.9
1751 silly placeDep ROOT @babel/plugin-transform-private-property-in-object@7.29.7 OK for: @babel/preset-env@7.26.9 want: ^7.25.9
1752 silly placeDep ROOT @babel/plugin-transform-property-literals@7.29.7 OK for: @babel/preset-env@7.26.9 want: ^7.25.9
1753 silly placeDep ROOT @babel/plugin-transform-regenerator@7.29.7 OK for: @babel/preset-env@7.26.9 want: ^7.25.9
1754 silly placeDep ROOT @babel/plugin-transform-regexp-modifiers@7.29.7 OK for: @babel/preset-env@7.26.9 want: ^7.26.0
1755 silly placeDep ROOT @babel/plugin-transform-reserved-words@7.29.7 OK for: @babel/preset-env@7.26.9 want: ^7.25.9
1756 silly placeDep ROOT @babel/plugin-transform-shorthand-properties@7.29.7 OK for: @babel/preset-env@7.26.9 want: ^7.25.9
1757 silly placeDep ROOT @babel/plugin-transform-spread@7.29.7 OK for: @babel/preset-env@7.26.9 want: ^7.25.9
1758 silly placeDep ROOT @babel/plugin-transform-sticky-regex@7.29.7 OK for: @babel/preset-env@7.26.9 want: ^7.25.9
1759 silly placeDep ROOT @babel/plugin-transform-template-literals@7.29.7 OK for: @babel/preset-env@7.26.9 want: ^7.26.8
1760 silly placeDep ROOT @babel/plugin-transform-typeof-symbol@7.29.7 OK for: @babel/preset-env@7.26.9 want: ^7.26.7
1761 silly placeDep ROOT @babel/plugin-transform-unicode-escapes@7.29.7 OK for: @babel/preset-env@7.26.9 want: ^7.25.9
1762 silly placeDep ROOT @babel/plugin-transform-unicode-property-regex@7.29.7 OK for: @babel/preset-env@7.26.9 want: ^7.25.9
1763 silly placeDep ROOT @babel/plugin-transform-unicode-regex@7.29.7 OK for: @babel/preset-env@7.26.9 want: ^7.25.9
1764 silly placeDep ROOT @babel/plugin-transform-unicode-sets-regex@7.29.7 OK for: @babel/preset-env@7.26.9 want: ^7.25.9
1765 silly placeDep ROOT @babel/preset-modules@0.1.6-no-external-plugins OK for: @babel/preset-env@7.26.9 want: 0.1.6-no-external-plugins
1766 silly placeDep ROOT core-js-compat@3.49.0 OK for: @babel/preset-env@7.26.9 want: ^3.40.0
1767 silly placeDep node_modules/@babel/preset-env semver@6.3.1 OK for: @babel/preset-env@7.26.9 want: ^6.3.1
1768 silly fetch manifest @babel/helper-skip-transparent-expression-wrappers@^7.29.7
1769 silly packumentCache full:https://registry.npmjs.org/@babel%2fhelper-skip-transparent-expression-wrappers cache-miss
1770 silly fetch manifest @babel/plugin-transform-optional-chaining@^7.29.7
1771 silly packumentCache full:https://registry.npmjs.org/@babel%2fplugin-transform-optional-chaining cache-hit
1772 silly fetch manifest @babel/helper-create-regexp-features-plugin@^7.18.6
1773 silly packumentCache full:https://registry.npmjs.org/@babel%2fhelper-create-regexp-features-plugin cache-miss
1774 silly fetch manifest @babel/helper-create-class-features-plugin@^7.29.7
1775 silly packumentCache full:https://registry.npmjs.org/@babel%2fhelper-create-class-features-plugin cache-miss
1776 silly fetch manifest @babel/helper-create-class-features-plugin@^7.29.7
1777 silly packumentCache full:https://registry.npmjs.org/@babel%2fhelper-create-class-features-plugin cache-miss
1778 silly fetch manifest @babel/helper-compilation-targets@^7.29.7
1779 silly packumentCache full:https://registry.npmjs.org/@babel%2fhelper-compilation-targets cache-miss
1780 silly fetch manifest @babel/helper-replace-supers@^7.29.7
1781 silly packumentCache full:https://registry.npmjs.org/@babel%2fhelper-replace-supers cache-miss
1782 silly fetch manifest @babel/helper-create-regexp-features-plugin@^7.29.7
1783 silly packumentCache full:https://registry.npmjs.org/@babel%2fhelper-create-regexp-features-plugin cache-miss
1784 http fetch GET 200 https://registry.npmjs.org/@babel%2fhelper-create-regexp-features-plugin 315ms (cache revalidated)
1785 silly packumentCache full:https://registry.npmjs.org/@babel%2fhelper-create-regexp-features-plugin set size:184731 disposed:false
1786 silly fetch manifest @babel/helper-skip-transparent-expression-wrappers@^7.29.7
1787 silly packumentCache full:https://registry.npmjs.org/@babel%2fhelper-skip-transparent-expression-wrappers cache-miss
1788 http fetch GET 200 https://registry.npmjs.org/@babel%2fhelper-create-regexp-features-plugin 330ms (cache revalidated)
1789 silly packumentCache full:https://registry.npmjs.org/@babel%2fhelper-create-regexp-features-plugin set size:184731 disposed:false
1790 silly packumentCache full:https://registry.npmjs.org/@babel%2fhelper-create-regexp-features-plugin dispose
1791 silly fetch manifest @babel/helper-compilation-targets@^7.29.7
1792 silly packumentCache full:https://registry.npmjs.org/@babel%2fhelper-compilation-targets cache-miss
1793 http fetch GET 200 https://registry.npmjs.org/@babel%2fhelper-compilation-targets 334ms (cache revalidated)
1794 silly packumentCache full:https://registry.npmjs.org/@babel%2fhelper-compilation-targets set size:227372 disposed:false
1795 silly fetch manifest @babel/helper-module-transforms@^7.29.7
1796 silly packumentCache full:https://registry.npmjs.org/@babel%2fhelper-module-transforms cache-miss
1797 http fetch GET 200 https://registry.npmjs.org/@babel%2fhelper-replace-supers 339ms (cache revalidated)
1798 silly packumentCache full:https://registry.npmjs.org/@babel%2fhelper-replace-supers set size:265920 disposed:false
1799 silly fetch manifest @babel/helper-module-transforms@^7.29.7
1800 silly packumentCache full:https://registry.npmjs.org/@babel%2fhelper-module-transforms cache-miss
1801 http fetch GET 200 https://registry.npmjs.org/@babel%2fhelper-skip-transparent-expression-wrappers 398ms (cache revalidated)
1802 silly packumentCache full:https://registry.npmjs.org/@babel%2fhelper-skip-transparent-expression-wrappers set size:103627 disposed:false
1803 silly fetch manifest @babel/helper-module-transforms@^7.29.7
1804 silly packumentCache full:https://registry.npmjs.org/@babel%2fhelper-module-transforms cache-miss
1805 http cache https://registry.npmjs.org/@babel%2fhelper-compilation-targets 149ms (cache hit)
1806 silly packumentCache full:https://registry.npmjs.org/@babel%2fhelper-compilation-targets set size:227372 disposed:false
1807 silly packumentCache full:https://registry.npmjs.org/@babel%2fhelper-compilation-targets dispose
1808 silly fetch manifest @babel/helper-module-transforms@^7.29.7
1809 silly packumentCache full:https://registry.npmjs.org/@babel%2fhelper-module-transforms cache-miss
1810 http fetch GET 200 https://registry.npmjs.org/@babel%2fhelper-create-class-features-plugin 546ms (cache revalidated)
1811 silly packumentCache full:https://registry.npmjs.org/@babel%2fhelper-create-class-features-plugin set size:377310 disposed:false
1812 silly fetch manifest @babel/plugin-transform-parameters@^7.29.7
1813 silly packumentCache full:https://registry.npmjs.org/@babel%2fplugin-transform-parameters cache-hit
1814 silly fetch manifest esutils@^2.0.2
1815 silly packumentCache full:https://registry.npmjs.org/esutils cache-miss
1816 http fetch GET 200 https://registry.npmjs.org/@babel%2fhelper-create-class-features-plugin 558ms (cache revalidated)
1817 silly packumentCache full:https://registry.npmjs.org/@babel%2fhelper-create-class-features-plugin set size:377310 disposed:false
1818 silly packumentCache full:https://registry.npmjs.org/@babel%2fhelper-create-class-features-plugin dispose
1819 http fetch GET 200 https://registry.npmjs.org/@babel%2fhelper-skip-transparent-expression-wrappers 238ms (cache revalidated)
1820 silly packumentCache full:https://registry.npmjs.org/@babel%2fhelper-skip-transparent-expression-wrappers set size:103627 disposed:false
1821 silly packumentCache full:https://registry.npmjs.org/@babel%2fhelper-skip-transparent-expression-wrappers dispose
1822 http fetch GET 200 https://registry.npmjs.org/@babel%2fhelper-module-transforms 230ms (cache revalidated)
1823 silly packumentCache full:https://registry.npmjs.org/@babel%2fhelper-module-transforms set size:342070 disposed:false
1824 http fetch GET 200 https://registry.npmjs.org/@babel%2fhelper-module-transforms 246ms (cache revalidated)
1825 silly packumentCache full:https://registry.npmjs.org/@babel%2fhelper-module-transforms set size:342070 disposed:false
1826 silly packumentCache full:https://registry.npmjs.org/@babel%2fhelper-module-transforms dispose
1827 http fetch GET 200 https://registry.npmjs.org/@babel%2fhelper-module-transforms 323ms (cache revalidated)
1828 silly packumentCache full:https://registry.npmjs.org/@babel%2fhelper-module-transforms set size:342070 disposed:true
1829 silly packumentCache full:https://registry.npmjs.org/@babel%2fhelper-module-transforms dispose
1830 http fetch GET 200 https://registry.npmjs.org/@babel%2fhelper-module-transforms 285ms (cache revalidated)
1831 silly packumentCache full:https://registry.npmjs.org/@babel%2fhelper-module-transforms set size:342070 disposed:true
1832 silly packumentCache full:https://registry.npmjs.org/@babel%2fhelper-module-transforms dispose
1833 http fetch GET 200 https://registry.npmjs.org/esutils 342ms (cache revalidated)
1834 silly packumentCache full:https://registry.npmjs.org/esutils set size:29522 disposed:false
1835 silly placeDep ROOT @babel/helper-skip-transparent-expression-wrappers@7.29.7 OK for: @babel/plugin-bugfix-v8-spread-parameters-in-optional-chaining@7.29.7 want: ^7.29.7
1836 silly placeDep ROOT @babel/helper-create-regexp-features-plugin@7.29.7 OK for: @babel/plugin-syntax-unicode-sets-regex@7.18.6 want: ^7.18.6
1837 silly fetch manifest regexpu-core@^6.3.1
1838 silly packumentCache full:https://registry.npmjs.org/regexpu-core cache-miss
1839 http fetch GET 200 https://registry.npmjs.org/regexpu-core 322ms (cache revalidated)
1840 silly packumentCache full:https://registry.npmjs.org/regexpu-core set size:156240 disposed:false
1841 silly placeDep node_modules/@babel/helper-create-regexp-features-plugin @babel/helper-annotate-as-pure@7.29.7 OK for: @babel/helper-create-regexp-features-plugin@7.29.7 want: ^7.29.7
1842 silly placeDep ROOT regexpu-core@6.4.0 OK for: @babel/helper-create-regexp-features-plugin@7.29.7 want: ^6.3.1
1843 silly placeDep node_modules/@babel/helper-create-regexp-features-plugin semver@6.3.1 OK for: @babel/helper-create-regexp-features-plugin@7.29.7 want: ^6.3.1
1844 silly fetch manifest regenerate@^1.4.2
1845 silly packumentCache full:https://registry.npmjs.org/regenerate cache-miss
1846 silly fetch manifest regenerate-unicode-properties@^10.2.2
1847 silly packumentCache full:https://registry.npmjs.org/regenerate-unicode-properties cache-miss
1848 silly fetch manifest regjsgen@^0.8.0
1849 silly packumentCache full:https://registry.npmjs.org/regjsgen cache-miss
1850 silly fetch manifest regjsparser@^0.13.0
1851 silly packumentCache full:https://registry.npmjs.org/regjsparser cache-miss
1852 silly fetch manifest unicode-match-property-ecmascript@^2.0.0
1853 silly packumentCache full:https://registry.npmjs.org/unicode-match-property-ecmascript cache-miss
1854 silly fetch manifest unicode-match-property-value-ecmascript@^2.2.1
1855 silly packumentCache full:https://registry.npmjs.org/unicode-match-property-value-ecmascript cache-miss
1856 http fetch GET 200 https://registry.npmjs.org/regenerate-unicode-properties 96ms (cache revalidated)
1857 silly packumentCache full:https://registry.npmjs.org/regenerate-unicode-properties set size:78166 disposed:false
1858 http fetch GET 200 https://registry.npmjs.org/unicode-match-property-ecmascript 120ms (cache revalidated)
1859 silly packumentCache full:https://registry.npmjs.org/unicode-match-property-ecmascript set size:16934 disposed:false
1860 http fetch GET 200 https://registry.npmjs.org/regjsgen 125ms (cache revalidated)
1861 silly packumentCache full:https://registry.npmjs.org/regjsgen set size:26409 disposed:false
1862 http fetch GET 200 https://registry.npmjs.org/regjsparser 127ms (cache revalidated)
1863 silly packumentCache full:https://registry.npmjs.org/regjsparser set size:83765 disposed:false
1864 http fetch GET 200 https://registry.npmjs.org/unicode-match-property-value-ecmascript 132ms (cache revalidated)
1865 silly packumentCache full:https://registry.npmjs.org/unicode-match-property-value-ecmascript set size:26439 disposed:false
1866 http fetch GET 200 https://registry.npmjs.org/regenerate 142ms (cache revalidated)
1867 silly packumentCache full:https://registry.npmjs.org/regenerate set size:56872 disposed:false
1868 silly placeDep ROOT @babel/helper-create-class-features-plugin@7.29.7 OK for: @babel/plugin-transform-class-properties@7.29.7 want: ^7.29.7
1869 silly fetch manifest @babel/helper-member-expression-to-functions@^7.29.7
1870 silly packumentCache full:https://registry.npmjs.org/@babel%2fhelper-member-expression-to-functions cache-miss
1871 silly fetch manifest @babel/helper-optimise-call-expression@^7.29.7
1872 silly packumentCache full:https://registry.npmjs.org/@babel%2fhelper-optimise-call-expression cache-miss
1873 http fetch GET 200 https://registry.npmjs.org/@babel%2fhelper-member-expression-to-functions 90ms (cache revalidated)
1874 silly packumentCache full:https://registry.npmjs.org/@babel%2fhelper-member-expression-to-functions set size:227080 disposed:false
1875 http fetch GET 200 https://registry.npmjs.org/@babel%2fhelper-optimise-call-expression 105ms (cache revalidated)
1876 silly packumentCache full:https://registry.npmjs.org/@babel%2fhelper-optimise-call-expression set size:190890 disposed:false
1877 silly placeDep node_modules/@babel/helper-create-class-features-plugin @babel/helper-annotate-as-pure@7.29.7 OK for: @babel/helper-create-class-features-plugin@7.29.7 want: ^7.29.7
1878 silly placeDep ROOT @babel/helper-member-expression-to-functions@7.29.7 OK for: @babel/helper-create-class-features-plugin@7.29.7 want: ^7.29.7
1879 silly placeDep ROOT @babel/helper-optimise-call-expression@7.29.7 OK for: @babel/helper-create-class-features-plugin@7.29.7 want: ^7.29.7
1880 silly placeDep ROOT @babel/helper-replace-supers@7.29.7 OK for: @babel/helper-create-class-features-plugin@7.29.7 want: ^7.29.7
1881 silly placeDep node_modules/@babel/helper-create-class-features-plugin semver@6.3.1 OK for: @babel/helper-create-class-features-plugin@7.29.7 want: ^6.3.1
1882 silly placeDep node_modules/@babel/plugin-transform-classes @babel/helper-annotate-as-pure@7.29.7 OK for: @babel/plugin-transform-classes@7.29.7 want: ^7.29.7
1883 silly placeDep ROOT @babel/helper-compilation-targets@7.29.7 REPLACE for: @babel/plugin-transform-classes@7.29.7 want: ^7.29.7
1884 silly placeDep ROOT @babel/helper-globals@7.29.7 OK for: @babel/plugin-transform-classes@7.29.7 want: ^7.29.7
1885 silly fetch manifest @babel/compat-data@^7.29.7
1886 silly packumentCache full:https://registry.npmjs.org/@babel%2fcompat-data cache-hit
1887 silly fetch manifest @babel/helper-validator-option@^7.29.7
1888 silly packumentCache full:https://registry.npmjs.org/@babel%2fhelper-validator-option cache-miss
1889 http fetch GET 200 https://registry.npmjs.org/@babel%2fhelper-validator-option 98ms (cache revalidated)
1890 silly packumentCache full:https://registry.npmjs.org/@babel%2fhelper-validator-option set size:99449 disposed:false
1891 silly placeDep ROOT @babel/compat-data@7.29.7 REPLACE for: @babel/helper-compilation-targets@7.29.7 want: ^7.29.7
1892 silly placeDep ROOT @babel/helper-validator-option@7.29.7 REPLACE for: @babel/helper-compilation-targets@7.29.7 want: ^7.29.7
1893 silly placeDep ROOT @babel/helper-module-transforms@7.29.7 REPLACE for: @babel/plugin-transform-modules-amd@7.29.7 want: ^7.29.7
1894 silly fetch manifest @babel/helper-module-imports@^7.29.7
1895 silly packumentCache full:https://registry.npmjs.org/@babel%2fhelper-module-imports cache-miss
1896 http fetch GET 200 https://registry.npmjs.org/@babel%2fhelper-module-imports 97ms (cache revalidated)
1897 silly packumentCache full:https://registry.npmjs.org/@babel%2fhelper-module-imports set size:201351 disposed:false
1898 silly placeDep ROOT @babel/helper-module-imports@7.29.7 REPLACE for: @babel/helper-module-transforms@7.29.7 want: ^7.29.7
1899 silly placeDep ROOT @babel/helper-validator-identifier@7.29.7 REPLACE for: @babel/helper-module-transforms@7.29.7 want: ^7.29.7
1900 silly placeDep node_modules/@babel/plugin-transform-private-property-in-object @babel/helper-annotate-as-pure@7.29.7 OK for: @babel/plugin-transform-private-property-in-object@7.29.7 want: ^7.29.7
1901 silly placeDep ROOT esutils@2.0.3 OK for: @babel/preset-modules@0.1.6-no-external-plugins want: ^2.0.2
1902 silly placeDep ROOT regenerator-runtime@0.14.1 OK for: @babel/runtime@7.26.10 want: ^0.14.0
1903 silly placeDep ROOT @babel/code-frame@7.29.7 REPLACE for: @babel/template@7.29.7 want: ^7.29.7
1904 silly placeDep ROOT @babel/parser@7.29.7 REPLACE for: @babel/template@7.29.7 want: ^7.29.7
1905 silly placeDep node_modules/@babel/traverse @babel/generator@7.29.7 OK for: @babel/traverse@7.29.7 want: ^7.29.7
1906 silly placeDep ROOT @babel/helper-string-parser@7.29.7 OK for: @babel/types@7.29.7 want: ^7.29.7
1907 silly placeDep ROOT @inquirer/core@10.3.2 OK for: @inquirer/confirm@5.1.6 want: ^10.1.7
1908 silly placeDep ROOT @inquirer/type@3.0.10 OK for: @inquirer/confirm@5.1.6 want: ^3.0.4
1909 silly fetch manifest cli-width@^4.1.0
1910 silly packumentCache full:https://registry.npmjs.org/cli-width cache-miss
1911 silly fetch manifest wrap-ansi@^6.2.0
1912 silly packumentCache full:https://registry.npmjs.org/wrap-ansi cache-hit
1913 silly fetch manifest mute-stream@^2.0.0
1914 silly packumentCache full:https://registry.npmjs.org/mute-stream cache-miss
1915 silly fetch manifest signal-exit@^4.1.0
1916 silly packumentCache full:https://registry.npmjs.org/signal-exit cache-miss
1917 silly fetch manifest @inquirer/ansi@^1.0.2
1918 silly packumentCache full:https://registry.npmjs.org/@inquirer%2fansi cache-miss
1919 silly fetch manifest @inquirer/type@^3.0.10
1920 silly packumentCache full:https://registry.npmjs.org/@inquirer%2ftype cache-hit
1921 silly fetch manifest yoctocolors-cjs@^2.1.3
1922 silly packumentCache full:https://registry.npmjs.org/yoctocolors-cjs cache-miss
1923 silly fetch manifest @inquirer/figures@^1.0.15
1924 silly packumentCache full:https://registry.npmjs.org/@inquirer%2ffigures cache-miss
1925 http fetch GET 200 https://registry.npmjs.org/signal-exit 682ms (cache revalidated)
1926 silly packumentCache full:https://registry.npmjs.org/signal-exit set size:53489 disposed:false
1927 http fetch GET 200 https://registry.npmjs.org/cli-width 691ms (cache revalidated)
1928 silly packumentCache full:https://registry.npmjs.org/cli-width set size:24976 disposed:false
1929 http fetch GET 200 https://registry.npmjs.org/mute-stream 710ms (cache revalidated)
1930 silly packumentCache full:https://registry.npmjs.org/mute-stream set size:24469 disposed:false
1931 http fetch GET 200 https://registry.npmjs.org/@inquirer%2fansi 737ms (cache revalidated)
1932 silly packumentCache full:https://registry.npmjs.org/@inquirer%2fansi set size:29199 disposed:false
1933 http fetch GET 200 https://registry.npmjs.org/yoctocolors-cjs 741ms (cache revalidated)
1934 silly packumentCache full:https://registry.npmjs.org/yoctocolors-cjs set size:12865 disposed:false
1935 http fetch GET 200 https://registry.npmjs.org/@inquirer%2ffigures 742ms (cache revalidated)
1936 silly packumentCache full:https://registry.npmjs.org/@inquirer%2ffigures set size:57318 disposed:false
1937 silly placeDep ROOT @inquirer/ansi@1.0.2 OK for: @inquirer/core@10.3.2 want: ^1.0.2
1938 silly placeDep ROOT @inquirer/figures@1.0.15 OK for: @inquirer/core@10.3.2 want: ^1.0.15
1939 silly placeDep ROOT cli-width@4.1.0 OK for: @inquirer/core@10.3.2 want: ^4.1.0
1940 silly placeDep ROOT mute-stream@2.0.0 OK for: @inquirer/core@10.3.2 want: ^2.0.0
1941 silly placeDep node_modules/@inquirer/core signal-exit@4.1.0 OK for: @inquirer/core@10.3.2 want: ^4.1.0
1942 silly placeDep node_modules/@inquirer/core wrap-ansi@6.2.0 OK for: @inquirer/core@10.3.2 want: ^6.2.0
1943 silly placeDep ROOT yoctocolors-cjs@2.1.3 OK for: @inquirer/core@10.3.2 want: ^2.1.3
1944 silly placeDep ROOT @inquirer/checkbox@4.3.2 OK for: @inquirer/prompts@7.3.2 want: ^4.1.2
1945 silly placeDep ROOT @inquirer/editor@4.2.23 OK for: @inquirer/prompts@7.3.2 want: ^4.2.7
1946 silly placeDep ROOT @inquirer/expand@4.0.23 OK for: @inquirer/prompts@7.3.2 want: ^4.0.9
1947 silly placeDep ROOT @inquirer/input@4.3.1 OK for: @inquirer/prompts@7.3.2 want: ^4.1.6
1948 silly placeDep ROOT @inquirer/number@3.0.23 OK for: @inquirer/prompts@7.3.2 want: ^3.0.9
1949 silly placeDep ROOT @inquirer/password@4.0.23 OK for: @inquirer/prompts@7.3.2 want: ^4.0.9
1950 silly placeDep ROOT @inquirer/rawlist@4.1.11 OK for: @inquirer/prompts@7.3.2 want: ^4.0.9
1951 silly placeDep ROOT @inquirer/search@3.2.2 OK for: @inquirer/prompts@7.3.2 want: ^3.0.9
1952 silly placeDep ROOT @inquirer/select@4.4.2 OK for: @inquirer/prompts@7.3.2 want: ^4.0.9
1953 silly fetch manifest @inquirer/external-editor@^1.0.3
1954 silly packumentCache full:https://registry.npmjs.org/@inquirer%2fexternal-editor cache-miss
1955 http fetch GET 200 https://registry.npmjs.org/@inquirer%2fexternal-editor 283ms (cache revalidated)
1956 silly packumentCache full:https://registry.npmjs.org/@inquirer%2fexternal-editor set size:41046 disposed:false
1957 silly placeDep ROOT @inquirer/external-editor@1.0.3 OK for: @inquirer/editor@4.2.23 want: ^1.0.3
1958 silly fetch manifest chardet@^2.1.1
1959 silly packumentCache full:https://registry.npmjs.org/chardet cache-miss
1960 silly fetch manifest iconv-lite@^0.7.0
1961 silly packumentCache full:https://registry.npmjs.org/iconv-lite cache-hit
1962 http fetch GET 200 https://registry.npmjs.org/chardet 103ms (cache revalidated)
1963 silly packumentCache full:https://registry.npmjs.org/chardet set size:70553 disposed:false
1964 silly placeDep ROOT chardet@2.1.1 OK for: @inquirer/external-editor@1.0.3 want: ^2.1.1
1965 silly placeDep node_modules/@inquirer/external-editor iconv-lite@0.7.2 OK for: @inquirer/external-editor@1.0.3 want: ^0.7.0
1966 silly placeDep node_modules/@listr2/prompt-adapter-inquirer @inquirer/type@1.5.5 OK for: @listr2/prompt-adapter-inquirer@2.0.18 want: ^1.5.5
1967 silly fetch manifest mute-stream@^1.0.0
1968 silly packumentCache full:https://registry.npmjs.org/mute-stream cache-hit
1969 silly placeDep ROOT @primeuix/styled@0.3.2 OK for: @primeng/themes@19.1.4 want: ^0.3.2
1970 silly placeDep ROOT @primeuix/utils@0.3.2 OK for: @primeuix/styled@0.3.2 want: ^0.3.2
1971 silly placeDep ROOT fast-deep-equal@3.1.3 OK for: ajv@8.18.0 want: ^3.1.3
1972 silly placeDep ROOT fast-uri@3.1.2 OK for: ajv@8.18.0 want: ^3.0.1
1973 silly placeDep ROOT json-schema-traverse@1.0.0 OK for: ajv@8.18.0 want: ^1.0.0
1974 silly placeDep ROOT require-from-string@2.0.2 OK for: ajv@8.18.0 want: ^2.0.2
1975 silly placeDep ROOT fraction.js@4.3.7 OK for: autoprefixer@10.4.20 want: ^4.3.7
1976 silly placeDep ROOT normalize-range@0.1.2 OK for: autoprefixer@10.4.20 want: ^0.1.2
1977 silly placeDep ROOT postcss-value-parser@4.2.0 OK for: autoprefixer@10.4.20 want: ^4.2.0
1978 silly placeDep ROOT find-cache-dir@4.0.0 OK for: babel-loader@9.2.1 want: ^4.0.0
1979 silly placeDep ROOT schema-utils@4.3.3 OK for: babel-loader@9.2.1 want: ^4.0.0
1980 silly fetch manifest pkg-dir@^7.0.0
1981 silly packumentCache full:https://registry.npmjs.org/pkg-dir cache-miss
1982 silly fetch manifest common-path-prefix@^3.0.0
1983 silly packumentCache full:https://registry.npmjs.org/common-path-prefix cache-miss
1984 silly fetch manifest ajv-formats@^2.1.1
1985 silly packumentCache full:https://registry.npmjs.org/ajv-formats cache-hit
1986 silly fetch manifest ajv-keywords@^5.1.0
1987 silly packumentCache full:https://registry.npmjs.org/ajv-keywords cache-miss
1988 silly fetch manifest @types/json-schema@^7.0.9
1989 silly packumentCache full:https://registry.npmjs.org/@types%2fjson-schema cache-hit
1990 http fetch GET 200 https://registry.npmjs.org/common-path-prefix 121ms (cache revalidated)
1991 silly packumentCache full:https://registry.npmjs.org/common-path-prefix set size:9154 disposed:false
1992 http fetch GET 200 https://registry.npmjs.org/ajv-keywords 140ms (cache revalidated)
1993 silly packumentCache full:https://registry.npmjs.org/ajv-keywords set size:310004 disposed:false
1994 http fetch GET 200 https://registry.npmjs.org/pkg-dir 416ms (cache revalidated)
1995 silly packumentCache full:https://registry.npmjs.org/pkg-dir set size:30166 disposed:false
1996 silly placeDep ROOT @babel/helper-define-polyfill-provider@0.6.8 OK for: babel-plugin-polyfill-corejs2@0.4.17 want: ^0.6.8
1997 silly placeDep node_modules/babel-plugin-polyfill-corejs2 semver@6.3.1 OK for: babel-plugin-polyfill-corejs2@0.4.17 want: ^6.3.1
1998 silly fetch manifest resolve@^1.22.11
1999 silly packumentCache full:https://registry.npmjs.org/resolve cache-hit
2000 silly fetch manifest lodash.debounce@^4.0.8
2001 silly packumentCache full:https://registry.npmjs.org/lodash.debounce cache-miss
2002 http fetch GET 200 https://registry.npmjs.org/lodash.debounce 327ms (cache revalidated)
2003 silly packumentCache full:https://registry.npmjs.org/lodash.debounce set size:44123 disposed:false
2004 silly placeDep ROOT lodash.debounce@4.0.8 OK for: @babel/helper-define-polyfill-provider@0.6.8 want: ^4.0.8
2005 silly placeDep node_modules/@babel/helper-define-polyfill-provider resolve@1.22.12 OK for: @babel/helper-define-polyfill-provider@0.6.8 want: ^1.22.11
2006 silly fetch manifest is-core-module@^2.16.1
2007 silly packumentCache full:https://registry.npmjs.org/is-core-module cache-hit
2008 silly placeDep ROOT css-select@5.2.2 OK for: beasties@0.3.2 want: ^5.1.0
2009 silly placeDep ROOT css-what@6.2.2 OK for: beasties@0.3.2 want: ^6.1.0
2010 silly placeDep ROOT dom-serializer@2.0.0 OK for: beasties@0.3.2 want: ^2.0.0
2011 silly placeDep ROOT domhandler@5.0.3 OK for: beasties@0.3.2 want: ^5.0.3
2012 silly placeDep ROOT htmlparser2@10.1.0 OK for: beasties@0.3.2 want: ^10.0.0
2013 silly placeDep ROOT postcss-media-query-parser@0.2.3 OK for: beasties@0.3.2 want: ^0.2.3
2014 silly fetch manifest boolbase@^1.0.0
2015 silly packumentCache full:https://registry.npmjs.org/boolbase cache-miss
2016 silly fetch manifest domutils@^3.0.1
2017 silly packumentCache full:https://registry.npmjs.org/domutils cache-miss
2018 silly fetch manifest nth-check@^2.0.1
2019 silly packumentCache full:https://registry.npmjs.org/nth-check cache-miss
2020 silly fetch manifest domhandler@^5.0.2
2021 silly packumentCache full:https://registry.npmjs.org/domhandler cache-hit
2022 silly fetch manifest entities@^4.2.0
2023 silly packumentCache full:https://registry.npmjs.org/entities cache-hit
2024 silly fetch manifest domhandler@^5.0.2
2025 silly packumentCache full:https://registry.npmjs.org/domhandler cache-hit
2026 silly fetch manifest domelementtype@^2.3.0
2027 silly packumentCache full:https://registry.npmjs.org/domelementtype cache-miss
2028 silly fetch manifest domelementtype@^2.3.0
2029 silly packumentCache full:https://registry.npmjs.org/domelementtype cache-miss
2030 silly fetch manifest domutils@^3.2.2
2031 silly packumentCache full:https://registry.npmjs.org/domutils cache-miss
2032 silly fetch manifest entities@^7.0.1
2033 silly packumentCache full:https://registry.npmjs.org/entities cache-hit
2034 silly fetch manifest domelementtype@^2.3.0
2035 silly packumentCache full:https://registry.npmjs.org/domelementtype cache-miss
2036 http fetch GET 200 https://registry.npmjs.org/domutils 332ms (cache revalidated)
2037 silly packumentCache full:https://registry.npmjs.org/domutils set size:110068 disposed:false
2038 http fetch GET 200 https://registry.npmjs.org/domutils 332ms (cache revalidated)
2039 silly packumentCache full:https://registry.npmjs.org/domutils set size:110068 disposed:false
2040 silly packumentCache full:https://registry.npmjs.org/domutils dispose
2041 http fetch GET 200 https://registry.npmjs.org/domelementtype 339ms (cache revalidated)
2042 silly packumentCache full:https://registry.npmjs.org/domelementtype set size:33363 disposed:false
2043 http fetch GET 200 https://registry.npmjs.org/domelementtype 336ms (cache revalidated)
2044 silly packumentCache full:https://registry.npmjs.org/domelementtype set size:33363 disposed:false
2045 silly packumentCache full:https://registry.npmjs.org/domelementtype dispose
2046 http fetch GET 200 https://registry.npmjs.org/domelementtype 435ms (cache revalidated)
2047 silly packumentCache full:https://registry.npmjs.org/domelementtype set size:33363 disposed:true
2048 silly packumentCache full:https://registry.npmjs.org/domelementtype dispose
2049 http fetch GET 200 https://registry.npmjs.org/nth-check 458ms (cache revalidated)
2050 silly packumentCache full:https://registry.npmjs.org/nth-check set size:27445 disposed:false
2051 http fetch GET 200 https://registry.npmjs.org/boolbase 493ms (cache revalidated)
2052 silly packumentCache full:https://registry.npmjs.org/boolbase set size:4438 disposed:false
2053 silly placeDep node_modules/copy-webpack-plugin glob-parent@6.0.2 OK for: copy-webpack-plugin@12.0.2 want: ^6.0.1
2054 silly placeDep ROOT globby@14.1.0 OK for: copy-webpack-plugin@12.0.2 want: ^14.0.0
2055 silly placeDep ROOT serialize-javascript@6.0.2 OK for: copy-webpack-plugin@12.0.2 want: ^6.0.2
2056 silly fetch manifest slash@^5.1.0
2057 silly packumentCache full:https://registry.npmjs.org/slash cache-miss
2058 silly fetch manifest ignore@^7.0.3
2059 silly packumentCache full:https://registry.npmjs.org/ignore cache-miss
2060 silly fetch manifest path-type@^6.0.0
2061 silly packumentCache full:https://registry.npmjs.org/path-type cache-miss
2062 silly fetch manifest unicorn-magic@^0.3.0
2063 silly packumentCache full:https://registry.npmjs.org/unicorn-magic cache-miss
2064 silly fetch manifest @sindresorhus/merge-streams@^2.1.0
2065 silly packumentCache full:https://registry.npmjs.org/@sindresorhus%2fmerge-streams cache-miss
2066 silly fetch manifest randombytes@^2.1.0
2067 silly packumentCache full:https://registry.npmjs.org/randombytes cache-miss
2068 http fetch GET 200 https://registry.npmjs.org/unicorn-magic 150ms (cache revalidated)
2069 silly packumentCache full:https://registry.npmjs.org/unicorn-magic set size:9139 disposed:false
2070 http fetch GET 200 https://registry.npmjs.org/@sindresorhus%2fmerge-streams 124ms (cache revalidated)
2071 silly packumentCache full:https://registry.npmjs.org/@sindresorhus%2fmerge-streams set size:23303 disposed:false
2072 http fetch GET 200 https://registry.npmjs.org/slash 199ms (cache revalidated)
2073 silly packumentCache full:https://registry.npmjs.org/slash set size:20337 disposed:false
2074 http fetch GET 200 https://registry.npmjs.org/ignore 199ms (cache revalidated)
2075 silly packumentCache full:https://registry.npmjs.org/ignore set size:237380 disposed:false
2076 http fetch GET 200 https://registry.npmjs.org/randombytes 144ms (cache revalidated)
2077 silly packumentCache full:https://registry.npmjs.org/randombytes set size:17505 disposed:false
2078 http fetch GET 200 https://registry.npmjs.org/path-type 195ms (cache revalidated)
2079 silly packumentCache full:https://registry.npmjs.org/path-type set size:15341 disposed:false
2080 silly placeDep ROOT browserslist@4.28.2 REPLACE for: core-js-compat@3.49.0 want: ^4.28.1
2081 silly fetch manifest baseline-browser-mapping@^2.10.12
2082 silly packumentCache full:https://registry.npmjs.org/baseline-browser-mapping cache-miss
2083 silly fetch manifest caniuse-lite@^1.0.30001782
2084 silly packumentCache full:https://registry.npmjs.org/caniuse-lite cache-miss
2085 silly fetch manifest electron-to-chromium@^1.5.328
2086 silly packumentCache full:https://registry.npmjs.org/electron-to-chromium cache-miss
2087 silly fetch manifest node-releases@^2.0.36
2088 silly packumentCache full:https://registry.npmjs.org/node-releases cache-miss
2089 silly fetch manifest update-browserslist-db@^1.2.3
2090 silly packumentCache full:https://registry.npmjs.org/update-browserslist-db cache-miss
2091 http fetch GET 200 https://registry.npmjs.org/baseline-browser-mapping 98ms (cache revalidated)
2092 silly packumentCache full:https://registry.npmjs.org/baseline-browser-mapping set size:502404 disposed:false
2093 http fetch GET 200 https://registry.npmjs.org/node-releases 130ms (cache revalidated)
2094 silly packumentCache full:https://registry.npmjs.org/node-releases set size:283168 disposed:false
2095 http fetch GET 200 https://registry.npmjs.org/caniuse-lite 157ms (cache revalidated)
2096 silly packumentCache full:https://registry.npmjs.org/caniuse-lite set size:2295054 disposed:false
2097 http fetch GET 200 https://registry.npmjs.org/electron-to-chromium 230ms (cache revalidated)
2098 silly packumentCache full:https://registry.npmjs.org/electron-to-chromium set size:4825369 disposed:false
2099 http fetch GET 200 https://registry.npmjs.org/update-browserslist-db 554ms (cache revalidated)
2100 silly packumentCache full:https://registry.npmjs.org/update-browserslist-db set size:62000 disposed:false
2101 silly placeDep ROOT baseline-browser-mapping@2.10.35 OK for: browserslist@4.28.2 want: ^2.10.12
2102 silly placeDep ROOT caniuse-lite@1.0.30001797 REPLACE for: browserslist@4.28.2 want: ^1.0.30001782
2103 silly placeDep ROOT electron-to-chromium@1.5.371 OK for: browserslist@4.28.2 want: ^1.5.328
2104 silly placeDep ROOT node-releases@2.0.47 OK for: browserslist@4.28.2 want: ^2.0.36
2105 silly placeDep ROOT update-browserslist-db@1.2.3 OK for: browserslist@4.28.2 want: ^1.2.3
2106 silly placeDep ROOT icss-utils@5.1.0 OK for: css-loader@7.1.2 want: ^5.1.0
2107 silly placeDep ROOT postcss-modules-extract-imports@3.1.0 OK for: css-loader@7.1.2 want: ^3.1.0
2108 silly placeDep ROOT postcss-modules-local-by-default@4.2.0 OK for: css-loader@7.1.2 want: ^4.0.5
2109 silly placeDep ROOT postcss-modules-scope@3.2.1 OK for: css-loader@7.1.2 want: ^3.2.0
2110 silly placeDep ROOT postcss-modules-values@4.0.0 OK for: css-loader@7.1.2 want: ^4.0.0
2111 silly fetch manifest postcss-selector-parser@^7.0.0
2112 silly packumentCache full:https://registry.npmjs.org/postcss-selector-parser cache-miss
2113 silly fetch manifest postcss-selector-parser@^7.0.0
2114 silly packumentCache full:https://registry.npmjs.org/postcss-selector-parser cache-miss
2115 http fetch GET 200 https://registry.npmjs.org/postcss-selector-parser 181ms (cache revalidated)
2116 silly packumentCache full:https://registry.npmjs.org/postcss-selector-parser set size:182531 disposed:false
2117 http fetch GET 200 https://registry.npmjs.org/postcss-selector-parser 191ms (cache revalidated)
2118 silly packumentCache full:https://registry.npmjs.org/postcss-selector-parser set size:182531 disposed:false
2119 silly packumentCache full:https://registry.npmjs.org/postcss-selector-parser dispose
2120 silly placeDep ROOT boolbase@1.0.0 OK for: css-select@5.2.2 want: ^1.0.0
2121 silly placeDep ROOT domutils@3.2.2 OK for: css-select@5.2.2 want: ^3.0.1
2122 silly placeDep ROOT nth-check@2.1.1 OK for: css-select@5.2.2 want: ^2.0.1
2123 silly placeDep ROOT domelementtype@2.3.0 OK for: dom-serializer@2.0.0 want: ^2.3.0
2124 silly placeDep ROOT entities@4.5.0 OK for: dom-serializer@2.0.0 want: ^4.2.0
2125 silly placeDep ROOT @esbuild/aix-ppc64@0.28.0 OK for: esbuild@0.28.0 want: 0.28.0
2126 silly placeDep ROOT @esbuild/android-arm@0.28.0 OK for: esbuild@0.28.0 want: 0.28.0
2127 silly placeDep ROOT @esbuild/android-arm64@0.28.0 OK for: esbuild@0.28.0 want: 0.28.0
2128 silly placeDep ROOT @esbuild/android-x64@0.28.0 OK for: esbuild@0.28.0 want: 0.28.0
2129 silly placeDep ROOT @esbuild/darwin-arm64@0.28.0 OK for: esbuild@0.28.0 want: 0.28.0
2130 silly placeDep ROOT @esbuild/darwin-x64@0.28.0 OK for: esbuild@0.28.0 want: 0.28.0
2131 silly placeDep ROOT @esbuild/freebsd-arm64@0.28.0 OK for: esbuild@0.28.0 want: 0.28.0
2132 silly placeDep ROOT @esbuild/freebsd-x64@0.28.0 OK for: esbuild@0.28.0 want: 0.28.0
2133 silly placeDep ROOT @esbuild/linux-arm@0.28.0 OK for: esbuild@0.28.0 want: 0.28.0
2134 silly placeDep ROOT @esbuild/linux-arm64@0.28.0 OK for: esbuild@0.28.0 want: 0.28.0
2135 silly placeDep ROOT @esbuild/linux-ia32@0.28.0 OK for: esbuild@0.28.0 want: 0.28.0
2136 silly placeDep ROOT @esbuild/linux-loong64@0.28.0 OK for: esbuild@0.28.0 want: 0.28.0
2137 silly placeDep ROOT @esbuild/linux-mips64el@0.28.0 OK for: esbuild@0.28.0 want: 0.28.0
2138 silly placeDep ROOT @esbuild/linux-ppc64@0.28.0 OK for: esbuild@0.28.0 want: 0.28.0
2139 silly placeDep ROOT @esbuild/linux-riscv64@0.28.0 OK for: esbuild@0.28.0 want: 0.28.0
2140 silly placeDep ROOT @esbuild/linux-s390x@0.28.0 OK for: esbuild@0.28.0 want: 0.28.0
2141 silly placeDep ROOT @esbuild/linux-x64@0.28.0 OK for: esbuild@0.28.0 want: 0.28.0
2142 silly placeDep ROOT @esbuild/netbsd-arm64@0.28.0 OK for: esbuild@0.28.0 want: 0.28.0
2143 silly placeDep ROOT @esbuild/netbsd-x64@0.28.0 OK for: esbuild@0.28.0 want: 0.28.0
2144 silly placeDep ROOT @esbuild/openbsd-arm64@0.28.0 OK for: esbuild@0.28.0 want: 0.28.0
2145 silly placeDep ROOT @esbuild/openbsd-x64@0.28.0 OK for: esbuild@0.28.0 want: 0.28.0
2146 silly placeDep ROOT @esbuild/openharmony-arm64@0.28.0 OK for: esbuild@0.28.0 want: 0.28.0
2147 silly placeDep ROOT @esbuild/sunos-x64@0.28.0 OK for: esbuild@0.28.0 want: 0.28.0
2148 silly placeDep ROOT @esbuild/win32-arm64@0.28.0 OK for: esbuild@0.28.0 want: 0.28.0
2149 silly placeDep ROOT @esbuild/win32-ia32@0.28.0 OK for: esbuild@0.28.0 want: 0.28.0
2150 silly placeDep ROOT @esbuild/win32-x64@0.28.0 OK for: esbuild@0.28.0 want: 0.28.0
2151 silly placeDep ROOT @nodelib/fs.stat@2.0.5 OK for: fast-glob@3.3.3 want: ^2.0.2
2152 silly placeDep ROOT @nodelib/fs.walk@1.2.8 OK for: fast-glob@3.3.3 want: ^1.2.3
2153 silly placeDep ROOT merge2@1.4.1 OK for: fast-glob@3.3.3 want: ^1.3.0
2154 silly placeDep ROOT micromatch@4.0.8 OK for: fast-glob@3.3.3 want: ^4.0.8
2155 silly fetch manifest fastq@^1.6.0
2156 silly packumentCache full:https://registry.npmjs.org/fastq cache-miss
2157 silly fetch manifest @nodelib/fs.scandir@2.1.5
2158 silly packumentCache full:https://registry.npmjs.org/@nodelib%2ffs.scandir cache-miss
2159 http fetch GET 200 https://registry.npmjs.org/fastq 133ms (cache revalidated)
2160 silly packumentCache full:https://registry.npmjs.org/fastq set size:78301 disposed:false
2161 http fetch GET 200 https://registry.npmjs.org/@nodelib%2ffs.scandir 363ms (cache revalidated)
2162 silly packumentCache full:https://registry.npmjs.org/@nodelib%2ffs.scandir set size:49256 disposed:false
2163 silly placeDep ROOT @nodelib/fs.scandir@2.1.5 OK for: @nodelib/fs.walk@1.2.8 want: 2.1.5
2164 silly placeDep ROOT fastq@1.20.1 OK for: @nodelib/fs.walk@1.2.8 want: ^1.6.0
2165 silly fetch manifest run-parallel@^1.1.9
2166 silly packumentCache full:https://registry.npmjs.org/run-parallel cache-miss
2167 silly fetch manifest reusify@^1.0.4
2168 silly packumentCache full:https://registry.npmjs.org/reusify cache-miss
2169 http fetch GET 200 https://registry.npmjs.org/reusify 105ms (cache revalidated)
2170 silly packumentCache full:https://registry.npmjs.org/reusify set size:14249 disposed:false
2171 http fetch GET 200 https://registry.npmjs.org/run-parallel 114ms (cache revalidated)
2172 silly packumentCache full:https://registry.npmjs.org/run-parallel set size:35172 disposed:false
2173 silly placeDep ROOT run-parallel@1.2.0 OK for: @nodelib/fs.scandir@2.1.5 want: ^1.1.9
2174 silly fetch manifest queue-microtask@^1.2.2
2175 silly packumentCache full:https://registry.npmjs.org/queue-microtask cache-miss
2176 http fetch GET 200 https://registry.npmjs.org/queue-microtask 197ms (cache revalidated)
2177 silly packumentCache full:https://registry.npmjs.org/queue-microtask set size:36088 disposed:false
2178 silly placeDep ROOT reusify@1.1.0 OK for: fastq@1.20.1 want: ^1.0.4
2179 silly placeDep ROOT common-path-prefix@3.0.0 OK for: find-cache-dir@4.0.0 want: ^3.0.0
2180 silly placeDep ROOT pkg-dir@7.0.0 OK for: find-cache-dir@4.0.0 want: ^7.0.0
2181 silly fetch manifest find-up@^6.3.0
2182 silly packumentCache full:https://registry.npmjs.org/find-up cache-miss
2183 http fetch GET 200 https://registry.npmjs.org/find-up 105ms (cache revalidated)
2184 silly packumentCache full:https://registry.npmjs.org/find-up set size:42620 disposed:false
2185 silly placeDep ROOT @sindresorhus/merge-streams@2.3.0 OK for: globby@14.1.0 want: ^2.1.0
2186 silly placeDep ROOT ignore@7.0.5 OK for: globby@14.1.0 want: ^7.0.3
2187 silly placeDep ROOT path-type@6.0.0 OK for: globby@14.1.0 want: ^6.0.0
2188 silly placeDep ROOT slash@5.1.0 OK for: globby@14.1.0 want: ^5.1.0
2189 silly placeDep ROOT unicorn-magic@0.3.0 OK for: globby@14.1.0 want: ^0.3.0
2190 silly placeDep node_modules/htmlparser2 entities@7.0.1 OK for: htmlparser2@10.1.0 want: ^7.0.1
2191 silly placeDep ROOT @types/http-proxy@1.17.17 OK for: http-proxy-middleware@3.0.5 want: ^1.17.15
2192 silly placeDep ROOT is-plain-object@5.0.0 OK for: http-proxy-middleware@3.0.5 want: ^5.0.0
2193 silly placeDep ROOT agent-base@7.1.4 OK for: https-proxy-agent@7.0.6 want: ^7.1.2
2194 silly fetch manifest jasmine-core@^4.1.0
2195 silly packumentCache full:https://registry.npmjs.org/jasmine-core cache-hit
2196 silly placeDep node_modules/karma-jasmine jasmine-core@4.6.1 OK for: karma-jasmine@5.1.0 want: ^4.1.0
2197 silly placeDep ROOT copy-anything@2.0.6 OK for: less@4.2.2 want: ^2.0.1
2198 silly placeDep ROOT errno@0.1.8 OK for: less@4.2.2 want: ^0.1.1
2199 silly placeDep ROOT image-size@0.5.5 OK for: less@4.2.2 want: ~0.5.0
2200 silly placeDep node_modules/less make-dir@2.1.0 OK for: less@4.2.2 want: ^2.1.0
2201 silly placeDep node_modules/less mime@1.6.0 OK for: less@4.2.2 want: ^1.4.1
2202 silly placeDep ROOT needle@3.5.0 OK for: less@4.2.2 want: ^3.1.0
2203 silly placeDep ROOT parse-node-version@1.0.1 OK for: less@4.2.2 want: ^1.0.1
2204 silly placeDep node_modules/less source-map@0.6.1 OK for: less@4.2.2 want: ~0.6.0
2205 silly fetch manifest is-what@^3.14.1
2206 silly packumentCache full:https://registry.npmjs.org/is-what cache-miss
2207 silly fetch manifest prr@~1.0.1
2208 silly packumentCache full:https://registry.npmjs.org/prr cache-miss
2209 silly fetch manifest pify@^4.0.1
2210 silly packumentCache full:https://registry.npmjs.org/pify cache-miss
2211 silly fetch manifest semver@^5.6.0
2212 silly packumentCache full:https://registry.npmjs.org/semver cache-hit
2213 silly fetch manifest sax@^1.2.4
2214 silly packumentCache full:https://registry.npmjs.org/sax cache-miss
2215 http fetch GET 200 https://registry.npmjs.org/is-what 109ms (cache revalidated)
2216 silly packumentCache full:https://registry.npmjs.org/is-what set size:252332 disposed:false
2217 http fetch GET 200 https://registry.npmjs.org/pify 133ms (cache revalidated)
2218 silly packumentCache full:https://registry.npmjs.org/pify set size:33583 disposed:false
2219 http fetch GET 200 https://registry.npmjs.org/prr 137ms (cache revalidated)
2220 silly packumentCache full:https://registry.npmjs.org/prr set size:5969 disposed:false
2221 http fetch GET 200 https://registry.npmjs.org/sax 335ms (cache revalidated)
2222 silly packumentCache full:https://registry.npmjs.org/sax set size:91199 disposed:false
2223 silly placeDep ROOT is-what@3.14.1 OK for: copy-anything@2.0.6 want: ^3.14.1
2224 silly placeDep ROOT prr@1.0.1 OK for: errno@0.1.8 want: ~1.0.1
2225 silly placeDep ROOT cli-truncate@4.0.0 OK for: listr2@8.2.5 want: ^4.0.0
2226 silly placeDep ROOT colorette@2.0.20 OK for: listr2@8.2.5 want: ^2.0.20
2227 silly placeDep node_modules/listr2 eventemitter3@5.0.4 OK for: listr2@8.2.5 want: ^5.0.1
2228 silly placeDep ROOT log-update@6.1.0 OK for: listr2@8.2.5 want: ^6.1.0
2229 silly placeDep node_modules/listr2 wrap-ansi@9.0.2 OK for: listr2@8.2.5 want: ^9.0.0
2230 silly fetch manifest slice-ansi@^5.0.0
2231 silly packumentCache full:https://registry.npmjs.org/slice-ansi cache-miss
2232 silly fetch manifest string-width@^7.0.0
2233 silly packumentCache full:https://registry.npmjs.org/string-width cache-miss
2234 silly fetch manifest cli-cursor@^5.0.0
2235 silly packumentCache full:https://registry.npmjs.org/cli-cursor cache-miss
2236 silly fetch manifest slice-ansi@^7.1.0
2237 silly packumentCache full:https://registry.npmjs.org/slice-ansi cache-miss
2238 silly fetch manifest strip-ansi@^7.1.0
2239 silly packumentCache full:https://registry.npmjs.org/strip-ansi cache-miss
2240 silly fetch manifest ansi-escapes@^7.0.0
2241 silly packumentCache full:https://registry.npmjs.org/ansi-escapes cache-miss
2242 silly fetch manifest strip-ansi@^7.1.0
2243 silly packumentCache full:https://registry.npmjs.org/strip-ansi cache-miss
2244 http fetch GET 200 https://registry.npmjs.org/slice-ansi 151ms (cache revalidated)
2245 silly packumentCache full:https://registry.npmjs.org/slice-ansi set size:36418 disposed:false
2246 silly fetch manifest ansi-styles@^6.2.1
2247 silly packumentCache full:https://registry.npmjs.org/ansi-styles cache-miss
2248 http fetch GET 200 https://registry.npmjs.org/strip-ansi 149ms (cache revalidated)
2249 silly packumentCache full:https://registry.npmjs.org/strip-ansi set size:44998 disposed:false
2250 silly fetch manifest string-width@^7.0.0
2251 silly packumentCache full:https://registry.npmjs.org/string-width cache-miss
2252 http fetch GET 200 https://registry.npmjs.org/strip-ansi 157ms (cache revalidated)
2253 silly packumentCache full:https://registry.npmjs.org/strip-ansi set size:44998 disposed:false
2254 silly packumentCache full:https://registry.npmjs.org/strip-ansi dispose
2255 http fetch GET 200 https://registry.npmjs.org/cli-cursor 161ms (cache revalidated)
2256 silly packumentCache full:https://registry.npmjs.org/cli-cursor set size:18913 disposed:false
2257 http fetch GET 200 https://registry.npmjs.org/slice-ansi 169ms (cache revalidated)
2258 silly packumentCache full:https://registry.npmjs.org/slice-ansi set size:36418 disposed:false
2259 silly packumentCache full:https://registry.npmjs.org/slice-ansi dispose
2260 http fetch GET 200 https://registry.npmjs.org/string-width 175ms (cache revalidated)
2261 silly packumentCache full:https://registry.npmjs.org/string-width set size:70381 disposed:false
2262 http cache https://registry.npmjs.org/string-width 31ms (cache hit)
2263 silly packumentCache full:https://registry.npmjs.org/string-width set size:70381 disposed:false
2264 silly packumentCache full:https://registry.npmjs.org/string-width dispose
2265 http fetch GET 200 https://registry.npmjs.org/ansi-escapes 190ms (cache revalidated)
2266 silly packumentCache full:https://registry.npmjs.org/ansi-escapes set size:70915 disposed:false
2267 http fetch GET 200 https://registry.npmjs.org/ansi-styles 134ms (cache revalidated)
2268 silly packumentCache full:https://registry.npmjs.org/ansi-styles set size:63233 disposed:false
2269 silly placeDep ROOT slice-ansi@5.0.0 OK for: cli-truncate@4.0.0 want: ^5.0.0
2270 silly placeDep node_modules/cli-truncate string-width@7.2.0 OK for: cli-truncate@4.0.0 want: ^7.0.0
2271 silly fetch manifest ansi-styles@^6.0.0
2272 silly packumentCache full:https://registry.npmjs.org/ansi-styles cache-hit
2273 silly fetch manifest is-fullwidth-code-point@^4.0.0
2274 silly packumentCache full:https://registry.npmjs.org/is-fullwidth-code-point cache-miss
2275 silly fetch manifest emoji-regex@^10.3.0
2276 silly packumentCache full:https://registry.npmjs.org/emoji-regex cache-miss
2277 silly fetch manifest get-east-asian-width@^1.0.0
2278 silly packumentCache full:https://registry.npmjs.org/get-east-asian-width cache-miss
2279 http fetch GET 200 https://registry.npmjs.org/is-fullwidth-code-point 1310ms (cache revalidated)
2280 silly packumentCache full:https://registry.npmjs.org/is-fullwidth-code-point set size:14578 disposed:false
2281 http fetch GET 200 https://registry.npmjs.org/emoji-regex 1836ms (cache revalidated)
2282 silly packumentCache full:https://registry.npmjs.org/emoji-regex set size:89064 disposed:false
2283 http fetch GET 200 https://registry.npmjs.org/get-east-asian-width 4461ms (cache revalidated)
2284 silly packumentCache full:https://registry.npmjs.org/get-east-asian-width set size:20538 disposed:false
2285 silly placeDep ROOT @lmdb/lmdb-darwin-arm64@3.2.6 OK for: lmdb@3.2.6 want: 3.2.6
2286 silly placeDep ROOT @lmdb/lmdb-darwin-x64@3.2.6 OK for: lmdb@3.2.6 want: 3.2.6
2287 silly placeDep ROOT @lmdb/lmdb-linux-arm@3.2.6 OK for: lmdb@3.2.6 want: 3.2.6
2288 silly placeDep ROOT @lmdb/lmdb-linux-arm64@3.2.6 OK for: lmdb@3.2.6 want: 3.2.6
2289 silly placeDep ROOT @lmdb/lmdb-linux-x64@3.2.6 OK for: lmdb@3.2.6 want: 3.2.6
2290 silly placeDep ROOT @lmdb/lmdb-win32-x64@3.2.6 OK for: lmdb@3.2.6 want: 3.2.6
2291 silly placeDep ROOT msgpackr@1.12.1 OK for: lmdb@3.2.6 want: ^1.11.2
2292 silly placeDep ROOT node-addon-api@6.1.0 OK for: lmdb@3.2.6 want: ^6.1.0
2293 silly placeDep ROOT node-gyp-build-optional-packages@5.2.2 OK for: lmdb@3.2.6 want: 5.2.2
2294 silly placeDep ROOT ordered-binary@1.6.1 OK for: lmdb@3.2.6 want: ^1.5.3
2295 silly placeDep ROOT weak-lru-cache@1.2.2 OK for: lmdb@3.2.6 want: ^1.2.2
2296 silly fetch manifest msgpackr-extract@^3.0.2
2297 silly packumentCache full:https://registry.npmjs.org/msgpackr-extract cache-miss
2298 silly fetch manifest detect-libc@^2.0.1
2299 silly packumentCache full:https://registry.npmjs.org/detect-libc cache-miss
2300 http fetch GET 200 https://registry.npmjs.org/msgpackr-extract 2122ms (cache revalidated)
2301 silly packumentCache full:https://registry.npmjs.org/msgpackr-extract set size:149941 disposed:false
2302 http fetch GET 200 https://registry.npmjs.org/detect-libc 2409ms (cache revalidated)
2303 silly packumentCache full:https://registry.npmjs.org/detect-libc set size:47861 disposed:false
2304 silly placeDep ROOT ansi-escapes@7.3.0 OK for: log-update@6.1.0 want: ^7.0.0
2305 silly placeDep node_modules/log-update cli-cursor@5.0.0 OK for: log-update@6.1.0 want: ^5.0.0
2306 silly placeDep node_modules/log-update slice-ansi@7.1.2 OK for: log-update@6.1.0 want: ^7.1.0
2307 silly placeDep node_modules/log-update strip-ansi@7.2.0 OK for: log-update@6.1.0 want: ^7.1.0
2308 silly placeDep node_modules/log-update wrap-ansi@9.0.2 OK for: log-update@6.1.0 want: ^9.0.0
2309 silly fetch manifest environment@^1.0.0
2310 silly packumentCache full:https://registry.npmjs.org/environment cache-miss
2311 silly fetch manifest restore-cursor@^5.0.0
2312 silly packumentCache full:https://registry.npmjs.org/restore-cursor cache-miss
2313 silly fetch manifest is-fullwidth-code-point@^5.0.0
2314 silly packumentCache full:https://registry.npmjs.org/is-fullwidth-code-point cache-hit
2315 silly fetch manifest ansi-regex@^6.2.2
2316 silly packumentCache full:https://registry.npmjs.org/ansi-regex cache-miss
2317 http fetch GET 200 https://registry.npmjs.org/ansi-regex 152ms (cache revalidated)
2318 silly packumentCache full:https://registry.npmjs.org/ansi-regex set size:43572 disposed:false
2319 http fetch GET 200 https://registry.npmjs.org/restore-cursor 163ms (cache revalidated)
2320 silly packumentCache full:https://registry.npmjs.org/restore-cursor set size:17895 disposed:false
2321 http fetch GET 200 https://registry.npmjs.org/environment 173ms (cache revalidated)
2322 silly packumentCache full:https://registry.npmjs.org/environment set size:13915 disposed:false
2323 silly placeDep ROOT environment@1.1.0 OK for: ansi-escapes@7.3.0 want: ^1.0.0
2324 silly placeDep ROOT tapable@2.3.3 OK for: mini-css-extract-plugin@2.9.2 want: ^2.2.1
2325 silly placeDep ROOT msgpackr-extract@3.0.4 OK for: msgpackr@1.12.1 want: ^3.0.2
2326 silly fetch manifest @msgpackr-extract/msgpackr-extract-darwin-arm64@3.0.4
2327 silly packumentCache full:https://registry.npmjs.org/@msgpackr-extract%2fmsgpackr-extract-darwin-arm64 cache-miss
2328 silly fetch manifest @msgpackr-extract/msgpackr-extract-darwin-x64@3.0.4
2329 silly packumentCache full:https://registry.npmjs.org/@msgpackr-extract%2fmsgpackr-extract-darwin-x64 cache-miss
2330 silly fetch manifest @msgpackr-extract/msgpackr-extract-linux-arm@3.0.4
2331 silly packumentCache full:https://registry.npmjs.org/@msgpackr-extract%2fmsgpackr-extract-linux-arm cache-miss
2332 silly fetch manifest @msgpackr-extract/msgpackr-extract-linux-arm64@3.0.4
2333 silly packumentCache full:https://registry.npmjs.org/@msgpackr-extract%2fmsgpackr-extract-linux-arm64 cache-miss
2334 silly fetch manifest @msgpackr-extract/msgpackr-extract-linux-x64@3.0.4
2335 silly packumentCache full:https://registry.npmjs.org/@msgpackr-extract%2fmsgpackr-extract-linux-x64 cache-miss
2336 silly fetch manifest @msgpackr-extract/msgpackr-extract-win32-x64@3.0.4
2337 silly packumentCache full:https://registry.npmjs.org/@msgpackr-extract%2fmsgpackr-extract-win32-x64 cache-miss
2338 http fetch GET 200 https://registry.npmjs.org/@msgpackr-extract%2fmsgpackr-extract-darwin-arm64 387ms (cache revalidated)
2339 silly packumentCache full:https://registry.npmjs.org/@msgpackr-extract%2fmsgpackr-extract-darwin-arm64 set size:26146 disposed:false
2340 http fetch GET 200 https://registry.npmjs.org/@msgpackr-extract%2fmsgpackr-extract-linux-x64 384ms (cache revalidated)
2341 silly packumentCache full:https://registry.npmjs.org/@msgpackr-extract%2fmsgpackr-extract-linux-x64 set size:25891 disposed:false
2342 http fetch GET 200 https://registry.npmjs.org/@msgpackr-extract%2fmsgpackr-extract-linux-arm 393ms (cache revalidated)
2343 silly packumentCache full:https://registry.npmjs.org/@msgpackr-extract%2fmsgpackr-extract-linux-arm set size:25890 disposed:false
2344 http fetch GET 200 https://registry.npmjs.org/@msgpackr-extract%2fmsgpackr-extract-linux-arm64 401ms (cache revalidated)
2345 silly packumentCache full:https://registry.npmjs.org/@msgpackr-extract%2fmsgpackr-extract-linux-arm64 set size:26049 disposed:false
2346 http fetch GET 200 https://registry.npmjs.org/@msgpackr-extract%2fmsgpackr-extract-win32-x64 504ms (cache revalidated)
2347 silly packumentCache full:https://registry.npmjs.org/@msgpackr-extract%2fmsgpackr-extract-win32-x64 set size:25902 disposed:false
2348 http fetch GET 200 https://registry.npmjs.org/@msgpackr-extract%2fmsgpackr-extract-darwin-x64 738ms (cache revalidated)
2349 silly packumentCache full:https://registry.npmjs.org/@msgpackr-extract%2fmsgpackr-extract-darwin-x64 set size:25980 disposed:false
2350 silly placeDep ROOT @msgpackr-extract/msgpackr-extract-darwin-arm64@3.0.4 OK for: msgpackr-extract@3.0.4 want: 3.0.4
2351 silly placeDep ROOT @msgpackr-extract/msgpackr-extract-darwin-x64@3.0.4 OK for: msgpackr-extract@3.0.4 want: 3.0.4
2352 silly placeDep ROOT @msgpackr-extract/msgpackr-extract-linux-arm@3.0.4 OK for: msgpackr-extract@3.0.4 want: 3.0.4
2353 silly placeDep ROOT @msgpackr-extract/msgpackr-extract-linux-arm64@3.0.4 OK for: msgpackr-extract@3.0.4 want: 3.0.4
2354 silly placeDep ROOT @msgpackr-extract/msgpackr-extract-linux-x64@3.0.4 OK for: msgpackr-extract@3.0.4 want: 3.0.4
2355 silly placeDep ROOT @msgpackr-extract/msgpackr-extract-win32-x64@3.0.4 OK for: msgpackr-extract@3.0.4 want: 3.0.4
2356 silly placeDep node_modules/needle iconv-lite@0.6.3 OK for: needle@3.5.0 want: ^0.6.3
2357 silly placeDep ROOT sax@1.6.0 OK for: needle@3.5.0 want: ^1.2.4
2358 silly placeDep ROOT detect-libc@2.1.2 OK for: node-gyp-build-optional-packages@5.2.2 want: ^2.0.1
2359 silly placeDep ROOT hosted-git-info@8.1.0 OK for: npm-package-arg@12.0.2 want: ^8.0.0
2360 silly placeDep ROOT proc-log@5.0.0 OK for: npm-package-arg@12.0.2 want: ^5.0.0
2361 silly placeDep ROOT validate-npm-package-name@6.0.2 OK for: npm-package-arg@12.0.2 want: ^6.0.0
2362 silly fetch manifest lru-cache@^10.0.1
2363 silly packumentCache full:https://registry.npmjs.org/lru-cache cache-miss
2364 http fetch GET 200 https://registry.npmjs.org/lru-cache 234ms (cache revalidated)
2365 silly packumentCache full:https://registry.npmjs.org/lru-cache set size:456196 disposed:false
2366 silly placeDep node_modules/hosted-git-info lru-cache@10.4.3 OK for: hosted-git-info@8.1.0 want: ^10.0.1
2367 silly placeDep ROOT npm-install-checks@7.1.2 OK for: npm-pick-manifest@10.0.0 want: ^7.1.0
2368 silly placeDep ROOT npm-normalize-package-bin@4.0.0 OK for: npm-pick-manifest@10.0.0 want: ^4.0.0
2369 silly placeDep ROOT default-browser@5.5.0 OK for: open@10.1.0 want: ^5.2.1
2370 silly placeDep ROOT define-lazy-prop@3.0.0 OK for: open@10.1.0 want: ^3.0.0
2371 silly placeDep ROOT is-inside-container@1.0.0 OK for: open@10.1.0 want: ^1.0.0
2372 silly placeDep ROOT is-wsl@3.1.1 OK for: open@10.1.0 want: ^3.1.0
2373 silly fetch manifest bundle-name@^4.1.0
2374 silly packumentCache full:https://registry.npmjs.org/bundle-name cache-miss
2375 silly fetch manifest default-browser-id@^5.0.0
2376 silly packumentCache full:https://registry.npmjs.org/default-browser-id cache-miss
2377 silly fetch manifest is-docker@^3.0.0
2378 silly packumentCache full:https://registry.npmjs.org/is-docker cache-miss
2379 http fetch GET 200 https://registry.npmjs.org/default-browser-id 917ms (cache revalidated)
2380 silly packumentCache full:https://registry.npmjs.org/default-browser-id set size:24398 disposed:false
2381 http fetch GET 200 https://registry.npmjs.org/bundle-name 941ms (cache revalidated)
2382 silly packumentCache full:https://registry.npmjs.org/bundle-name set size:17344 disposed:false
2383 http fetch GET 200 https://registry.npmjs.org/is-docker 958ms (cache revalidated)
2384 silly packumentCache full:https://registry.npmjs.org/is-docker set size:23690 disposed:false
2385 silly placeDep ROOT bundle-name@4.1.0 OK for: default-browser@5.5.0 want: ^4.1.0
2386 silly placeDep ROOT default-browser-id@5.0.1 OK for: default-browser@5.5.0 want: ^5.0.0
2387 silly fetch manifest run-applescript@^7.0.0
2388 silly packumentCache full:https://registry.npmjs.org/run-applescript cache-miss
2389 http fetch GET 200 https://registry.npmjs.org/run-applescript 117ms (cache revalidated)
2390 silly packumentCache full:https://registry.npmjs.org/run-applescript set size:27897 disposed:false
2391 silly placeDep ROOT run-applescript@7.1.0 OK for: bundle-name@4.1.0 want: ^7.0.0
2392 silly placeDep ROOT is-docker@3.0.0 OK for: is-inside-container@1.0.0 want: ^3.0.0
2393 silly placeDep ROOT @npmcli/git@6.0.3 OK for: pacote@20.0.0 want: ^6.0.0
2394 silly placeDep ROOT @npmcli/installed-package-contents@3.0.0 OK for: pacote@20.0.0 want: ^3.0.0
2395 silly placeDep ROOT @npmcli/package-json@6.2.0 OK for: pacote@20.0.0 want: ^6.0.0
2396 silly placeDep ROOT @npmcli/promise-spawn@8.0.3 OK for: pacote@20.0.0 want: ^8.0.0
2397 silly placeDep ROOT @npmcli/run-script@9.1.0 OK for: pacote@20.0.0 want: ^9.0.0
2398 silly placeDep ROOT cacache@19.0.1 OK for: pacote@20.0.0 want: ^19.0.0
2399 silly placeDep ROOT fs-minipass@3.0.3 OK for: pacote@20.0.0 want: ^3.0.0
2400 silly placeDep ROOT minipass@7.1.3 OK for: pacote@20.0.0 want: ^7.0.2
2401 silly placeDep ROOT npm-packlist@9.0.0 OK for: pacote@20.0.0 want: ^9.0.0
2402 silly placeDep ROOT npm-registry-fetch@18.0.2 OK for: pacote@20.0.0 want: ^18.0.0
2403 silly placeDep ROOT promise-retry@2.0.1 OK for: pacote@20.0.0 want: ^2.0.1
2404 silly placeDep ROOT sigstore@3.1.0 OK for: pacote@20.0.0 want: ^3.0.0
2405 silly placeDep ROOT ssri@12.0.0 OK for: pacote@20.0.0 want: ^12.0.0
2406 silly placeDep ROOT tar@6.2.1 OK for: pacote@20.0.0 want: ^6.1.11
2407 silly fetch manifest which@^5.0.0
2408 silly packumentCache full:https://registry.npmjs.org/which cache-miss
2409 silly fetch manifest npm-bundled@^4.0.0
2410 silly packumentCache full:https://registry.npmjs.org/npm-bundled cache-miss
2411 silly fetch manifest glob@^10.2.2
2412 silly packumentCache full:https://registry.npmjs.org/glob cache-miss
2413 silly fetch manifest validate-npm-package-license@^3.0.4
2414 silly packumentCache full:https://registry.npmjs.org/validate-npm-package-license cache-miss
2415 silly fetch manifest json-parse-even-better-errors@^4.0.0
2416 silly packumentCache full:https://registry.npmjs.org/json-parse-even-better-errors cache-hit
2417 silly fetch manifest which@^5.0.0
2418 silly packumentCache full:https://registry.npmjs.org/which cache-miss
2419 silly fetch manifest which@^5.0.0
2420 silly packumentCache full:https://registry.npmjs.org/which cache-miss
2421 silly fetch manifest node-gyp@^11.0.0
2422 silly packumentCache full:https://registry.npmjs.org/node-gyp cache-miss
2423 http fetch GET 200 https://registry.npmjs.org/node-gyp 334ms (cache revalidated)
2424 silly packumentCache full:https://registry.npmjs.org/node-gyp set size:320368 disposed:false
2425 silly fetch manifest @npmcli/node-gyp@^4.0.0
2426 silly packumentCache full:https://registry.npmjs.org/@npmcli%2fnode-gyp cache-miss
2427 http fetch GET 200 https://registry.npmjs.org/which 495ms (cache revalidated)
2428 silly packumentCache full:https://registry.npmjs.org/which set size:70143 disposed:false
2429 silly fetch manifest tar@^7.4.3
2430 silly packumentCache full:https://registry.npmjs.org/tar cache-hit
2431 silly fetch manifest glob@^10.2.2
2432 silly packumentCache full:https://registry.npmjs.org/glob cache-miss
2433 http fetch GET 200 https://registry.npmjs.org/which 11849ms (cache revalidated)
2434 silly packumentCache full:https://registry.npmjs.org/which set size:70143 disposed:false
2435 silly packumentCache full:https://registry.npmjs.org/which dispose
2436 silly fetch manifest p-map@^7.0.2
2437 silly packumentCache full:https://registry.npmjs.org/p-map cache-miss
2438 http fetch GET 200 https://registry.npmjs.org/which 12500ms (cache revalidated)
2439 silly packumentCache full:https://registry.npmjs.org/which set size:70143 disposed:true
2440 silly packumentCache full:https://registry.npmjs.org/which dispose
2441 silly fetch manifest minipass@^7.0.3
2442 silly packumentCache full:https://registry.npmjs.org/minipass cache-hit
2443 silly fetch manifest @npmcli/fs@^4.0.0
2444 silly packumentCache full:https://registry.npmjs.org/@npmcli%2ffs cache-miss
2445 http fetch GET 200 https://registry.npmjs.org/npm-bundled 12591ms (cache revalidated)
2446 silly packumentCache full:https://registry.npmjs.org/npm-bundled set size:43804 disposed:false
2447 silly fetch manifest minipass-flush@^1.0.5
2448 silly packumentCache full:https://registry.npmjs.org/minipass-flush cache-miss
2449 http fetch GET 200 https://registry.npmjs.org/glob 12672ms (cache revalidated)
2450 silly packumentCache full:https://registry.npmjs.org/glob set size:469465 disposed:false
2451 silly fetch manifest unique-filename@^4.0.0
2452 silly packumentCache full:https://registry.npmjs.org/unique-filename cache-miss
2453 http fetch GET 200 https://registry.npmjs.org/validate-npm-package-license 12877ms (cache revalidated)
2454 silly packumentCache full:https://registry.npmjs.org/validate-npm-package-license set size:21821 disposed:false
2455 silly fetch manifest minipass-collect@^2.0.1
2456 silly packumentCache full:https://registry.npmjs.org/minipass-collect cache-miss
2457 http cache https://registry.npmjs.org/glob 6367ms (cache hit)
2458 silly packumentCache full:https://registry.npmjs.org/glob set size:469465 disposed:false
2459 silly packumentCache full:https://registry.npmjs.org/glob dispose
2460 silly fetch manifest minipass-pipeline@^1.2.4
2461 silly packumentCache full:https://registry.npmjs.org/minipass-pipeline cache-miss
2462 http fetch GET 200 https://registry.npmjs.org/p-map 831ms (cache revalidated)
2463 silly packumentCache full:https://registry.npmjs.org/p-map set size:52373 disposed:false
2464 silly fetch manifest ignore-walk@^7.0.0
2465 silly packumentCache full:https://registry.npmjs.org/ignore-walk cache-miss
2466 http fetch GET 200 https://registry.npmjs.org/minipass-flush 874ms (cache revalidated)
2467 silly packumentCache full:https://registry.npmjs.org/minipass-flush set size:24771 disposed:false
2468 silly fetch manifest minizlib@^3.0.1
2469 silly packumentCache full:https://registry.npmjs.org/minizlib cache-miss
2470 http fetch GET 200 https://registry.npmjs.org/@npmcli%2ffs 1080ms (cache revalidated)
2471 silly packumentCache full:https://registry.npmjs.org/@npmcli%2ffs set size:42864 disposed:false
2472 silly fetch manifest jsonparse@^1.3.1
2473 silly packumentCache full:https://registry.npmjs.org/jsonparse cache-miss
2474 http fetch GET 200 https://registry.npmjs.org/unique-filename 1127ms (cache revalidated)
2475 silly packumentCache full:https://registry.npmjs.org/unique-filename set size:24668 disposed:false
2476 silly fetch manifest @npmcli/redact@^3.0.0
2477 silly packumentCache full:https://registry.npmjs.org/@npmcli%2fredact cache-miss
2478 http fetch GET 200 https://registry.npmjs.org/minipass-pipeline 960ms (cache revalidated)
2479 silly packumentCache full:https://registry.npmjs.org/minipass-pipeline set size:34695 disposed:false
2480 silly fetch manifest minipass-fetch@^4.0.0
2481 silly packumentCache full:https://registry.npmjs.org/minipass-fetch cache-miss
2482 http fetch GET 200 https://registry.npmjs.org/minipass-collect 1214ms (cache revalidated)
2483 silly packumentCache full:https://registry.npmjs.org/minipass-collect set size:12471 disposed:false
2484 silly fetch manifest make-fetch-happen@^14.0.0
2485 silly packumentCache full:https://registry.npmjs.org/make-fetch-happen cache-miss
2486 http fetch GET 200 https://registry.npmjs.org/@npmcli%2fnode-gyp 13810ms (cache revalidated)
2487 silly packumentCache full:https://registry.npmjs.org/@npmcli%2fnode-gyp set size:24278 disposed:false
2488 silly fetch manifest err-code@^2.0.2
2489 silly packumentCache full:https://registry.npmjs.org/err-code cache-miss
2490 http fetch GET 200 https://registry.npmjs.org/jsonparse 753ms (cache revalidated)
2491 silly packumentCache full:https://registry.npmjs.org/jsonparse set size:15932 disposed:false
2492 silly fetch manifest retry@^0.12.0
2493 silly packumentCache full:https://registry.npmjs.org/retry cache-miss
2494 http fetch GET 200 https://registry.npmjs.org/minizlib 830ms (cache revalidated)
2495 silly packumentCache full:https://registry.npmjs.org/minizlib set size:62862 disposed:false
2496 silly fetch manifest @sigstore/tuf@^3.1.0
2497 silly packumentCache full:https://registry.npmjs.org/@sigstore%2ftuf cache-miss
2498 http fetch GET 200 https://registry.npmjs.org/err-code 326ms (cache revalidated)
2499 silly packumentCache full:https://registry.npmjs.org/err-code set size:29518 disposed:false
2500 silly fetch manifest @sigstore/core@^2.0.0
2501 silly packumentCache full:https://registry.npmjs.org/@sigstore%2fcore cache-miss
2502 http fetch GET 200 https://registry.npmjs.org/minipass-fetch 446ms (cache revalidated)
2503 silly packumentCache full:https://registry.npmjs.org/minipass-fetch set size:109078 disposed:false
2504 silly fetch manifest @sigstore/sign@^3.1.0
2505 silly packumentCache full:https://registry.npmjs.org/@sigstore%2fsign cache-miss
2506 http fetch GET 200 https://registry.npmjs.org/ignore-walk 1357ms (cache revalidated)
2507 silly packumentCache full:https://registry.npmjs.org/ignore-walk set size:71031 disposed:false
2508 silly fetch manifest @sigstore/bundle@^3.1.0
2509 silly packumentCache full:https://registry.npmjs.org/@sigstore%2fbundle cache-miss
2510 http fetch GET 200 https://registry.npmjs.org/make-fetch-happen 537ms (cache revalidated)
2511 silly packumentCache full:https://registry.npmjs.org/make-fetch-happen set size:382373 disposed:false
2512 silly fetch manifest @sigstore/verify@^2.1.0
2513 silly packumentCache full:https://registry.npmjs.org/@sigstore%2fverify cache-miss
2514 http fetch GET 200 https://registry.npmjs.org/@npmcli%2fredact 794ms (cache revalidated)
2515 silly packumentCache full:https://registry.npmjs.org/@npmcli%2fredact set size:32911 disposed:false
2516 silly fetch manifest @sigstore/protobuf-specs@^0.4.0
2517 silly packumentCache full:https://registry.npmjs.org/@sigstore%2fprotobuf-specs cache-miss
2518 http fetch GET 200 https://registry.npmjs.org/retry 667ms (cache revalidated)
2519 silly packumentCache full:https://registry.npmjs.org/retry set size:31161 disposed:false
2520 silly fetch manifest chownr@^2.0.0
2521 silly packumentCache full:https://registry.npmjs.org/chownr cache-miss
2522 http fetch GET 200 https://registry.npmjs.org/@sigstore%2ftuf 743ms (cache revalidated)
2523 silly packumentCache full:https://registry.npmjs.org/@sigstore%2ftuf set size:41391 disposed:false
2524 silly fetch manifest mkdirp@^1.0.3
2525 silly packumentCache full:https://registry.npmjs.org/mkdirp cache-miss
2526 http fetch GET 200 https://registry.npmjs.org/@sigstore%2fbundle 518ms (cache revalidated)
2527 silly packumentCache full:https://registry.npmjs.org/@sigstore%2fbundle set size:25054 disposed:false
2528 silly fetch manifest yallist@^4.0.0
2529 silly packumentCache full:https://registry.npmjs.org/yallist cache-miss
2530 http fetch GET 200 https://registry.npmjs.org/chownr 176ms (cache revalidated)
2531 silly packumentCache full:https://registry.npmjs.org/chownr set size:22157 disposed:false
2532 silly fetch manifest minipass@^5.0.0
2533 silly packumentCache full:https://registry.npmjs.org/minipass cache-hit
2534 silly fetch manifest minizlib@^2.1.1
2535 silly packumentCache full:https://registry.npmjs.org/minizlib cache-hit
2536 silly fetch manifest fs-minipass@^2.0.0
2537 silly packumentCache full:https://registry.npmjs.org/fs-minipass cache-hit
2538 http fetch GET 200 https://registry.npmjs.org/@sigstore%2fcore 954ms (cache revalidated)
2539 silly packumentCache full:https://registry.npmjs.org/@sigstore%2fcore set size:19014 disposed:false
2540 http fetch GET 200 https://registry.npmjs.org/@sigstore%2fsign 927ms (cache revalidated)
2541 silly packumentCache full:https://registry.npmjs.org/@sigstore%2fsign set size:41793 disposed:false
2542 http fetch GET 200 https://registry.npmjs.org/@sigstore%2fprotobuf-specs 684ms (cache revalidated)
2543 silly packumentCache full:https://registry.npmjs.org/@sigstore%2fprotobuf-specs set size:27957 disposed:false
2544 http fetch GET 200 https://registry.npmjs.org/@sigstore%2fverify 742ms (cache revalidated)
2545 silly packumentCache full:https://registry.npmjs.org/@sigstore%2fverify set size:25883 disposed:false
2546 http fetch GET 200 https://registry.npmjs.org/mkdirp 620ms (cache revalidated)
2547 silly packumentCache full:https://registry.npmjs.org/mkdirp set size:116431 disposed:false
2548 http fetch GET 200 https://registry.npmjs.org/yallist 598ms (cache revalidated)
2549 silly packumentCache full:https://registry.npmjs.org/yallist set size:34610 disposed:false
2550 silly placeDep node_modules/@npmcli/git lru-cache@10.4.3 OK for: @npmcli/git@6.0.3 want: ^10.0.1
2551 silly placeDep node_modules/@npmcli/git which@5.0.0 OK for: @npmcli/git@6.0.3 want: ^5.0.0
2552 silly fetch manifest isexe@^3.1.1
2553 silly packumentCache full:https://registry.npmjs.org/isexe cache-miss
2554 http fetch GET 200 https://registry.npmjs.org/isexe 97ms (cache revalidated)
2555 silly packumentCache full:https://registry.npmjs.org/isexe set size:31756 disposed:false
2556 silly placeDep ROOT npm-bundled@4.0.0 OK for: @npmcli/installed-package-contents@3.0.0 want: ^4.0.0
2557 silly placeDep node_modules/@npmcli/package-json glob@10.5.0 OK for: @npmcli/package-json@6.2.0 want: ^10.2.2
2558 silly placeDep ROOT json-parse-even-better-errors@4.0.0 OK for: @npmcli/package-json@6.2.0 want: ^4.0.0
2559 silly placeDep ROOT validate-npm-package-license@3.0.4 OK for: @npmcli/package-json@6.2.0 want: ^3.0.4
2560 silly fetch manifest jackspeak@^3.1.2
2561 silly packumentCache full:https://registry.npmjs.org/jackspeak cache-miss
2562 silly fetch manifest minimatch@^9.0.4
2563 silly packumentCache full:https://registry.npmjs.org/minimatch cache-miss
2564 silly fetch manifest path-scurry@^1.11.1
2565 silly packumentCache full:https://registry.npmjs.org/path-scurry cache-miss
2566 silly fetch manifest foreground-child@^3.1.0
2567 silly packumentCache full:https://registry.npmjs.org/foreground-child cache-miss
2568 silly fetch manifest package-json-from-dist@^1.0.0
2569 silly packumentCache full:https://registry.npmjs.org/package-json-from-dist cache-miss
2570 silly fetch manifest spdx-correct@^3.0.0
2571 silly packumentCache full:https://registry.npmjs.org/spdx-correct cache-miss
2572 silly fetch manifest spdx-expression-parse@^3.0.0
2573 silly packumentCache full:https://registry.npmjs.org/spdx-expression-parse cache-miss
2574 http fetch GET 200 https://registry.npmjs.org/foreground-child 554ms (cache revalidated)
2575 silly packumentCache full:https://registry.npmjs.org/foreground-child set size:71503 disposed:false
2576 http fetch GET 200 https://registry.npmjs.org/path-scurry 667ms (cache revalidated)
2577 silly packumentCache full:https://registry.npmjs.org/path-scurry set size:117612 disposed:false
2578 http fetch GET 200 https://registry.npmjs.org/minimatch 761ms (cache revalidated)
2579 silly packumentCache full:https://registry.npmjs.org/minimatch set size:375282 disposed:false
2580 http fetch GET 200 https://registry.npmjs.org/jackspeak 839ms (cache revalidated)
2581 silly packumentCache full:https://registry.npmjs.org/jackspeak set size:204267 disposed:false
2582 http fetch GET 200 https://registry.npmjs.org/package-json-from-dist 896ms (cache revalidated)
2583 silly packumentCache full:https://registry.npmjs.org/package-json-from-dist set size:8854 disposed:false
2584 http fetch GET 200 https://registry.npmjs.org/spdx-expression-parse 885ms (cache revalidated)
2585 silly packumentCache full:https://registry.npmjs.org/spdx-expression-parse set size:29500 disposed:false
2586 http fetch GET 200 https://registry.npmjs.org/spdx-correct 908ms (cache revalidated)
2587 silly packumentCache full:https://registry.npmjs.org/spdx-correct set size:38642 disposed:false
2588 silly placeDep node_modules/@npmcli/promise-spawn which@5.0.0 OK for: @npmcli/promise-spawn@8.0.3 want: ^5.0.0
2589 silly placeDep ROOT @npmcli/node-gyp@4.0.0 OK for: @npmcli/run-script@9.1.0 want: ^4.0.0
2590 silly placeDep ROOT node-gyp@11.5.0 OK for: @npmcli/run-script@9.1.0 want: ^11.0.0
2591 silly placeDep node_modules/@npmcli/run-script which@5.0.0 OK for: @npmcli/run-script@9.1.0 want: ^5.0.0
2592 silly fetch manifest nopt@^8.0.0
2593 silly packumentCache full:https://registry.npmjs.org/nopt cache-miss
2594 silly fetch manifest env-paths@^2.2.0
2595 silly packumentCache full:https://registry.npmjs.org/env-paths cache-miss
2596 silly fetch manifest tinyglobby@^0.2.12
2597 silly packumentCache full:https://registry.npmjs.org/tinyglobby cache-hit
2598 silly fetch manifest make-fetch-happen@^14.0.3
2599 silly packumentCache full:https://registry.npmjs.org/make-fetch-happen cache-hit
2600 silly fetch manifest exponential-backoff@^3.1.1
2601 silly packumentCache full:https://registry.npmjs.org/exponential-backoff cache-miss
2602 http fetch GET 200 https://registry.npmjs.org/exponential-backoff 127ms (cache revalidated)
2603 silly packumentCache full:https://registry.npmjs.org/exponential-backoff set size:55896 disposed:false
2604 http fetch GET 200 https://registry.npmjs.org/nopt 183ms (cache revalidated)
2605 silly packumentCache full:https://registry.npmjs.org/nopt set size:76735 disposed:false
2606 http fetch GET 200 https://registry.npmjs.org/env-paths 179ms (cache revalidated)
2607 silly packumentCache full:https://registry.npmjs.org/env-paths set size:26913 disposed:false
2608 silly placeDep ROOT @npmcli/fs@4.0.0 OK for: cacache@19.0.1 want: ^4.0.0
2609 silly placeDep node_modules/cacache glob@10.5.0 OK for: cacache@19.0.1 want: ^10.2.2
2610 silly placeDep node_modules/cacache lru-cache@10.4.3 OK for: cacache@19.0.1 want: ^10.0.1
2611 silly placeDep ROOT minipass-collect@2.0.1 OK for: cacache@19.0.1 want: ^2.0.1
2612 silly placeDep ROOT minipass-flush@1.0.7 OK for: cacache@19.0.1 want: ^1.0.5
2613 silly placeDep ROOT minipass-pipeline@1.2.4 OK for: cacache@19.0.1 want: ^1.2.4
2614 silly placeDep ROOT p-map@7.0.4 OK for: cacache@19.0.1 want: ^7.0.2
2615 silly placeDep node_modules/cacache tar@7.5.16 OK for: cacache@19.0.1 want: ^7.4.3
2616 silly placeDep ROOT unique-filename@4.0.0 OK for: cacache@19.0.1 want: ^4.0.0
2617 silly fetch manifest minipass@^3.0.0
2618 silly packumentCache full:https://registry.npmjs.org/minipass cache-hit
2619 silly fetch manifest minipass@^3.0.0
2620 silly packumentCache full:https://registry.npmjs.org/minipass cache-hit
2621 silly fetch manifest @isaacs/fs-minipass@^4.0.0
2622 silly packumentCache full:https://registry.npmjs.org/@isaacs%2ffs-minipass cache-miss
2623 silly fetch manifest chownr@^3.0.0
2624 silly packumentCache full:https://registry.npmjs.org/chownr cache-hit
2625 silly fetch manifest minizlib@^3.1.0
2626 silly packumentCache full:https://registry.npmjs.org/minizlib cache-hit
2627 silly fetch manifest yallist@^5.0.0
2628 silly packumentCache full:https://registry.npmjs.org/yallist cache-hit
2629 silly fetch manifest unique-slug@^5.0.0
2630 silly packumentCache full:https://registry.npmjs.org/unique-slug cache-miss
2631 http fetch GET 200 https://registry.npmjs.org/unique-slug 361ms (cache revalidated)
2632 silly packumentCache full:https://registry.npmjs.org/unique-slug set size:22992 disposed:false
2633 http fetch GET 200 https://registry.npmjs.org/@isaacs%2ffs-minipass 374ms (cache revalidated)
2634 silly packumentCache full:https://registry.npmjs.org/@isaacs%2ffs-minipass set size:7912 disposed:false
2635 silly placeDep node_modules/minipass-flush minipass@3.3.6 OK for: minipass-flush@1.0.7 want: ^3.0.0
2636 silly placeDep node_modules/minipass-pipeline minipass@3.3.6 OK for: minipass-pipeline@1.2.4 want: ^3.0.0
2637 silly placeDep ROOT env-paths@2.2.1 OK for: node-gyp@11.5.0 want: ^2.2.0
2638 silly placeDep ROOT exponential-backoff@3.1.3 OK for: node-gyp@11.5.0 want: ^3.1.1
2639 silly placeDep ROOT make-fetch-happen@14.0.3 OK for: node-gyp@11.5.0 want: ^14.0.3
2640 silly placeDep ROOT nopt@8.1.0 OK for: node-gyp@11.5.0 want: ^8.0.0
2641 silly placeDep node_modules/node-gyp tar@7.5.16 OK for: node-gyp@11.5.0 want: ^7.4.3
2642 silly placeDep ROOT tinyglobby@0.2.17 OK for: node-gyp@11.5.0 want: ^0.2.12
2643 silly placeDep node_modules/node-gyp which@5.0.0 OK for: node-gyp@11.5.0 want: ^5.0.0
2644 silly fetch manifest negotiator@^1.0.0
2645 silly packumentCache full:https://registry.npmjs.org/negotiator cache-miss
2646 silly fetch manifest @npmcli/agent@^3.0.0
2647 silly packumentCache full:https://registry.npmjs.org/@npmcli%2fagent cache-miss
2648 silly fetch manifest http-cache-semantics@^4.1.1
2649 silly packumentCache full:https://registry.npmjs.org/http-cache-semantics cache-miss
2650 silly fetch manifest abbrev@^3.0.0
2651 silly packumentCache full:https://registry.npmjs.org/abbrev cache-miss
2652 silly fetch manifest fdir@^6.5.0
2653 silly packumentCache full:https://registry.npmjs.org/fdir cache-hit
2654 silly fetch manifest picomatch@^4.0.4
2655 silly packumentCache full:https://registry.npmjs.org/picomatch cache-hit
2656 http fetch GET 200 https://registry.npmjs.org/negotiator 146ms (cache revalidated)
2657 silly packumentCache full:https://registry.npmjs.org/negotiator set size:48046 disposed:false
2658 http fetch GET 200 https://registry.npmjs.org/abbrev 170ms (cache revalidated)
2659 silly packumentCache full:https://registry.npmjs.org/abbrev set size:24244 disposed:false
2660 http fetch GET 200 https://registry.npmjs.org/@npmcli%2fagent 346ms (cache revalidated)
2661 silly packumentCache full:https://registry.npmjs.org/@npmcli%2fagent set size:36153 disposed:false
2662 http fetch GET 200 https://registry.npmjs.org/http-cache-semantics 371ms (cache revalidated)
2663 silly packumentCache full:https://registry.npmjs.org/http-cache-semantics set size:66288 disposed:false
2664 silly placeDep ROOT @npmcli/agent@3.0.0 OK for: make-fetch-happen@14.0.3 want: ^3.0.0
2665 silly placeDep ROOT http-cache-semantics@4.2.0 OK for: make-fetch-happen@14.0.3 want: ^4.1.1
2666 silly placeDep ROOT minipass-fetch@4.0.1 OK for: make-fetch-happen@14.0.3 want: ^4.0.0
2667 silly placeDep ROOT negotiator@1.0.0 OK for: make-fetch-happen@14.0.3 want: ^1.0.0
2668 silly fetch manifest http-proxy-agent@^7.0.0
2669 silly packumentCache full:https://registry.npmjs.org/http-proxy-agent cache-miss
2670 silly fetch manifest socks-proxy-agent@^8.0.3
2671 silly packumentCache full:https://registry.npmjs.org/socks-proxy-agent cache-miss
2672 silly fetch manifest minipass-sized@^1.0.3
2673 silly packumentCache full:https://registry.npmjs.org/minipass-sized cache-miss
2674 silly fetch manifest encoding@^0.1.13
2675 silly packumentCache full:https://registry.npmjs.org/encoding cache-miss
2676 http fetch GET 200 https://registry.npmjs.org/socks-proxy-agent 121ms (cache revalidated)
2677 silly packumentCache full:https://registry.npmjs.org/socks-proxy-agent set size:108698 disposed:false
2678 http fetch GET 200 https://registry.npmjs.org/http-proxy-agent 161ms (cache revalidated)
2679 silly packumentCache full:https://registry.npmjs.org/http-proxy-agent set size:57253 disposed:false
2680 http fetch GET 200 https://registry.npmjs.org/encoding 171ms (cache revalidated)
2681 silly packumentCache full:https://registry.npmjs.org/encoding set size:17833 disposed:false
2682 http fetch GET 200 https://registry.npmjs.org/minipass-sized 193ms (cache revalidated)
2683 silly packumentCache full:https://registry.npmjs.org/minipass-sized set size:14420 disposed:false
2684 silly placeDep ROOT http-proxy-agent@7.0.2 OK for: @npmcli/agent@3.0.0 want: ^7.0.0
2685 silly placeDep node_modules/@npmcli/agent lru-cache@10.4.3 OK for: @npmcli/agent@3.0.0 want: ^10.0.1
2686 silly placeDep ROOT socks-proxy-agent@8.0.5 OK for: @npmcli/agent@3.0.0 want: ^8.0.3
2687 silly fetch manifest socks@^2.8.3
2688 silly packumentCache full:https://registry.npmjs.org/socks cache-miss
2689 http fetch GET 200 https://registry.npmjs.org/socks 105ms (cache revalidated)
2690 silly packumentCache full:https://registry.npmjs.org/socks set size:173143 disposed:false
2691 silly placeDep ROOT encoding@0.1.13 OK for: minipass-fetch@4.0.1 want: ^0.1.13
2692 silly placeDep ROOT minipass-sized@1.0.3 OK for: minipass-fetch@4.0.1 want: ^1.0.3
2693 silly placeDep ROOT minizlib@3.1.0 OK for: minipass-fetch@4.0.1 want: ^3.0.1
2694 silly fetch manifest iconv-lite@^0.6.2
2695 silly packumentCache full:https://registry.npmjs.org/iconv-lite cache-hit
2696 silly placeDep node_modules/encoding iconv-lite@0.6.3 OK for: encoding@0.1.13 want: ^0.6.2
2697 silly placeDep node_modules/minipass-sized minipass@3.3.6 OK for: minipass-sized@1.0.3 want: ^3.0.0
2698 silly placeDep ROOT abbrev@3.0.1 OK for: nopt@8.1.0 want: ^3.0.0
2699 silly placeDep ROOT ignore-walk@7.0.0 OK for: npm-packlist@9.0.0 want: ^7.0.0
2700 silly fetch manifest minimatch@^9.0.0
2701 silly packumentCache full:https://registry.npmjs.org/minimatch cache-hit
2702 silly placeDep node_modules/ignore-walk minimatch@9.0.9 OK for: ignore-walk@7.0.0 want: ^9.0.0
2703 silly fetch manifest brace-expansion@^2.0.2
2704 silly packumentCache full:https://registry.npmjs.org/brace-expansion cache-miss
2705 http fetch GET 200 https://registry.npmjs.org/brace-expansion 101ms (cache revalidated)
2706 silly packumentCache full:https://registry.npmjs.org/brace-expansion set size:72152 disposed:false
2707 silly placeDep ROOT @npmcli/redact@3.2.2 OK for: npm-registry-fetch@18.0.2 want: ^3.0.0
2708 silly placeDep ROOT jsonparse@1.3.1 OK for: npm-registry-fetch@18.0.2 want: ^1.3.1
2709 silly placeDep ROOT parse5-sax-parser@7.0.0 OK for: parse5-html-rewriting-stream@7.0.0 want: ^7.0.0
2710 silly placeDep ROOT @napi-rs/nice@1.1.1 OK for: piscina@4.8.0 want: ^1.0.1
2711 silly fetch manifest @napi-rs/nice-darwin-x64@1.1.1
2712 silly packumentCache full:https://registry.npmjs.org/@napi-rs%2fnice-darwin-x64 cache-miss
2713 silly fetch manifest @napi-rs/nice-darwin-arm64@1.1.1
2714 silly packumentCache full:https://registry.npmjs.org/@napi-rs%2fnice-darwin-arm64 cache-miss
2715 silly fetch manifest @napi-rs/nice-linux-x64-gnu@1.1.1
2716 silly packumentCache full:https://registry.npmjs.org/@napi-rs%2fnice-linux-x64-gnu cache-miss
2717 silly fetch manifest @napi-rs/nice-win32-x64-msvc@1.1.1
2718 silly packumentCache full:https://registry.npmjs.org/@napi-rs%2fnice-win32-x64-msvc cache-miss
2719 silly fetch manifest @napi-rs/nice-linux-x64-musl@1.1.1
2720 silly packumentCache full:https://registry.npmjs.org/@napi-rs%2fnice-linux-x64-musl cache-miss
2721 silly fetch manifest @napi-rs/nice-linux-arm64-gnu@1.1.1
2722 silly packumentCache full:https://registry.npmjs.org/@napi-rs%2fnice-linux-arm64-gnu cache-miss
2723 silly fetch manifest @napi-rs/nice-win32-ia32-msvc@1.1.1
2724 silly packumentCache full:https://registry.npmjs.org/@napi-rs%2fnice-win32-ia32-msvc cache-miss
2725 http fetch GET 200 https://registry.npmjs.org/@napi-rs%2fnice-darwin-arm64 305ms (cache revalidated)
2726 silly packumentCache full:https://registry.npmjs.org/@napi-rs%2fnice-darwin-arm64 set size:10116 disposed:false
2727 silly fetch manifest @napi-rs/nice-linux-arm-gnueabihf@1.1.1
2728 silly packumentCache full:https://registry.npmjs.org/@napi-rs%2fnice-linux-arm-gnueabihf cache-miss
2729 http fetch GET 200 https://registry.npmjs.org/@napi-rs%2fnice-win32-x64-msvc 341ms (cache revalidated)
2730 silly packumentCache full:https://registry.npmjs.org/@napi-rs%2fnice-win32-x64-msvc set size:10178 disposed:false
2731 silly fetch manifest @napi-rs/nice-android-arm64@1.1.1
2732 silly packumentCache full:https://registry.npmjs.org/@napi-rs%2fnice-android-arm64 cache-miss
2733 http fetch GET 200 https://registry.npmjs.org/@napi-rs%2fnice-darwin-x64 364ms (cache revalidated)
2734 silly packumentCache full:https://registry.npmjs.org/@napi-rs%2fnice-darwin-x64 set size:11922 disposed:false
2735 silly fetch manifest @napi-rs/nice-freebsd-x64@1.1.1
2736 silly packumentCache full:https://registry.npmjs.org/@napi-rs%2fnice-freebsd-x64 cache-miss
2737 http fetch GET 200 https://registry.npmjs.org/@napi-rs%2fnice-linux-x64-musl 496ms (cache revalidated)
2738 silly packumentCache full:https://registry.npmjs.org/@napi-rs%2fnice-linux-x64-musl set size:10262 disposed:false
2739 silly fetch manifest @napi-rs/nice-linux-arm64-musl@1.1.1
2740 silly packumentCache full:https://registry.npmjs.org/@napi-rs%2fnice-linux-arm64-musl cache-miss
2741 http fetch GET 200 https://registry.npmjs.org/@napi-rs%2fnice-win32-ia32-msvc 524ms (cache revalidated)
2742 silly packumentCache full:https://registry.npmjs.org/@napi-rs%2fnice-win32-ia32-msvc set size:10218 disposed:false
2743 silly fetch manifest @napi-rs/nice-android-arm-eabi@1.1.1
2744 silly packumentCache full:https://registry.npmjs.org/@napi-rs%2fnice-android-arm-eabi cache-miss
2745 http fetch GET 200 https://registry.npmjs.org/@napi-rs%2fnice-linux-x64-gnu 552ms (cache revalidated)
2746 silly packumentCache full:https://registry.npmjs.org/@napi-rs%2fnice-linux-x64-gnu set size:10229 disposed:false
2747 silly fetch manifest @napi-rs/nice-win32-arm64-msvc@1.1.1
2748 silly packumentCache full:https://registry.npmjs.org/@napi-rs%2fnice-win32-arm64-msvc cache-miss
2749 http fetch GET 200 https://registry.npmjs.org/@napi-rs%2fnice-linux-arm64-gnu 615ms (cache revalidated)
2750 silly packumentCache full:https://registry.npmjs.org/@napi-rs%2fnice-linux-arm64-gnu set size:10318 disposed:false
2751 silly fetch manifest @napi-rs/nice-linux-ppc64-gnu@1.1.1
2752 silly packumentCache full:https://registry.npmjs.org/@napi-rs%2fnice-linux-ppc64-gnu cache-miss
2753 http fetch GET 200 https://registry.npmjs.org/@napi-rs%2fnice-linux-arm-gnueabihf 408ms (cache revalidated)
2754 silly packumentCache full:https://registry.npmjs.org/@napi-rs%2fnice-linux-arm-gnueabihf set size:10376 disposed:false
2755 silly fetch manifest @napi-rs/nice-linux-s390x-gnu@1.1.1
2756 silly packumentCache full:https://registry.npmjs.org/@napi-rs%2fnice-linux-s390x-gnu cache-miss
2757 http fetch GET 200 https://registry.npmjs.org/@napi-rs%2fnice-android-arm64 577ms (cache revalidated)
2758 silly packumentCache full:https://registry.npmjs.org/@napi-rs%2fnice-android-arm64 set size:10160 disposed:false
2759 silly fetch manifest @napi-rs/nice-linux-riscv64-gnu@1.1.1
2760 silly packumentCache full:https://registry.npmjs.org/@napi-rs%2fnice-linux-riscv64-gnu cache-miss
2761 http fetch GET 200 https://registry.npmjs.org/@napi-rs%2fnice-freebsd-x64 619ms (cache revalidated)
2762 silly packumentCache full:https://registry.npmjs.org/@napi-rs%2fnice-freebsd-x64 set size:10075 disposed:false
2763 silly fetch manifest @napi-rs/nice-openharmony-arm64@1.1.1
2764 silly packumentCache full:https://registry.npmjs.org/@napi-rs%2fnice-openharmony-arm64 cache-miss
2765 http fetch GET 200 https://registry.npmjs.org/@napi-rs%2fnice-win32-arm64-msvc 651ms (cache revalidated)
2766 silly packumentCache full:https://registry.npmjs.org/@napi-rs%2fnice-win32-arm64-msvc set size:10263 disposed:false
2767 http fetch GET 200 https://registry.npmjs.org/@napi-rs%2fnice-linux-ppc64-gnu 633ms (cache revalidated)
2768 silly packumentCache full:https://registry.npmjs.org/@napi-rs%2fnice-linux-ppc64-gnu set size:8493 disposed:false
2769 http fetch GET 200 https://registry.npmjs.org/@napi-rs%2fnice-linux-arm64-musl 760ms (cache revalidated)
2770 silly packumentCache full:https://registry.npmjs.org/@napi-rs%2fnice-linux-arm64-musl set size:10350 disposed:false
2771 http fetch GET 200 https://registry.npmjs.org/@napi-rs%2fnice-android-arm-eabi 781ms (cache revalidated)
2772 silly packumentCache full:https://registry.npmjs.org/@napi-rs%2fnice-android-arm-eabi set size:10267 disposed:false
2773 http fetch GET 200 https://registry.npmjs.org/@napi-rs%2fnice-linux-s390x-gnu 697ms (cache revalidated)
2774 silly packumentCache full:https://registry.npmjs.org/@napi-rs%2fnice-linux-s390x-gnu set size:8487 disposed:false
2775 http fetch GET 200 https://registry.npmjs.org/@napi-rs%2fnice-openharmony-arm64 598ms (cache revalidated)
2776 silly packumentCache full:https://registry.npmjs.org/@napi-rs%2fnice-openharmony-arm64 set size:4506 disposed:false
2777 http fetch GET 200 https://registry.npmjs.org/@napi-rs%2fnice-linux-riscv64-gnu 765ms (cache revalidated)
2778 silly packumentCache full:https://registry.npmjs.org/@napi-rs%2fnice-linux-riscv64-gnu set size:8562 disposed:false
2779 silly placeDep ROOT @napi-rs/nice-android-arm-eabi@1.1.1 OK for: @napi-rs/nice@1.1.1 want: 1.1.1
2780 silly placeDep ROOT @napi-rs/nice-android-arm64@1.1.1 OK for: @napi-rs/nice@1.1.1 want: 1.1.1
2781 silly placeDep ROOT @napi-rs/nice-darwin-arm64@1.1.1 OK for: @napi-rs/nice@1.1.1 want: 1.1.1
2782 silly placeDep ROOT @napi-rs/nice-darwin-x64@1.1.1 OK for: @napi-rs/nice@1.1.1 want: 1.1.1
2783 silly placeDep ROOT @napi-rs/nice-freebsd-x64@1.1.1 OK for: @napi-rs/nice@1.1.1 want: 1.1.1
2784 silly placeDep ROOT @napi-rs/nice-linux-arm-gnueabihf@1.1.1 OK for: @napi-rs/nice@1.1.1 want: 1.1.1
2785 silly placeDep ROOT @napi-rs/nice-linux-arm64-gnu@1.1.1 OK for: @napi-rs/nice@1.1.1 want: 1.1.1
2786 silly placeDep ROOT @napi-rs/nice-linux-arm64-musl@1.1.1 OK for: @napi-rs/nice@1.1.1 want: 1.1.1
2787 silly placeDep ROOT @napi-rs/nice-linux-ppc64-gnu@1.1.1 OK for: @napi-rs/nice@1.1.1 want: 1.1.1
2788 silly placeDep ROOT @napi-rs/nice-linux-riscv64-gnu@1.1.1 OK for: @napi-rs/nice@1.1.1 want: 1.1.1
2789 silly placeDep ROOT @napi-rs/nice-linux-s390x-gnu@1.1.1 OK for: @napi-rs/nice@1.1.1 want: 1.1.1
2790 silly placeDep ROOT @napi-rs/nice-linux-x64-gnu@1.1.1 OK for: @napi-rs/nice@1.1.1 want: 1.1.1
2791 silly placeDep ROOT @napi-rs/nice-linux-x64-musl@1.1.1 OK for: @napi-rs/nice@1.1.1 want: 1.1.1
2792 silly placeDep ROOT @napi-rs/nice-openharmony-arm64@1.1.1 OK for: @napi-rs/nice@1.1.1 want: 1.1.1
2793 silly placeDep ROOT @napi-rs/nice-win32-arm64-msvc@1.1.1 OK for: @napi-rs/nice@1.1.1 want: 1.1.1
2794 silly placeDep ROOT @napi-rs/nice-win32-ia32-msvc@1.1.1 OK for: @napi-rs/nice@1.1.1 want: 1.1.1
2795 silly placeDep ROOT @napi-rs/nice-win32-x64-msvc@1.1.1 OK for: @napi-rs/nice@1.1.1 want: 1.1.1
2796 silly placeDep ROOT find-up@6.3.0 OK for: pkg-dir@7.0.0 want: ^6.3.0
2797 silly fetch manifest locate-path@^7.1.0
2798 silly packumentCache full:https://registry.npmjs.org/locate-path cache-miss
2799 silly fetch manifest path-exists@^5.0.0
2800 silly packumentCache full:https://registry.npmjs.org/path-exists cache-miss
2801 http fetch GET 200 https://registry.npmjs.org/locate-path 95ms (cache revalidated)
2802 silly packumentCache full:https://registry.npmjs.org/locate-path set size:31329 disposed:false
2803 http fetch GET 200 https://registry.npmjs.org/path-exists 124ms (cache revalidated)
2804 silly packumentCache full:https://registry.npmjs.org/path-exists set size:13704 disposed:false
2805 silly placeDep ROOT locate-path@7.2.0 OK for: find-up@6.3.0 want: ^7.1.0
2806 silly placeDep ROOT path-exists@5.0.0 OK for: find-up@6.3.0 want: ^5.0.0
2807 silly fetch manifest p-locate@^6.0.0
2808 silly packumentCache full:https://registry.npmjs.org/p-locate cache-miss
2809 http fetch GET 200 https://registry.npmjs.org/p-locate 94ms (cache revalidated)
2810 silly packumentCache full:https://registry.npmjs.org/p-locate set size:22488 disposed:false
2811 silly placeDep ROOT p-locate@6.0.0 OK for: locate-path@7.2.0 want: ^6.0.0
2812 silly fetch manifest p-limit@^4.0.0
2813 silly packumentCache full:https://registry.npmjs.org/p-limit cache-miss
2814 http fetch GET 200 https://registry.npmjs.org/p-limit 91ms (cache revalidated)
2815 silly packumentCache full:https://registry.npmjs.org/p-limit set size:61867 disposed:false
2816 silly placeDep ROOT p-limit@4.0.0 OK for: p-locate@6.0.0 want: ^4.0.0
2817 silly fetch manifest yocto-queue@^1.0.0
2818 silly packumentCache full:https://registry.npmjs.org/yocto-queue cache-miss
2819 http fetch GET 200 https://registry.npmjs.org/yocto-queue 91ms (cache revalidated)
2820 silly packumentCache full:https://registry.npmjs.org/yocto-queue set size:20256 disposed:false
2821 silly placeDep ROOT yocto-queue@1.2.2 OK for: p-limit@4.0.0 want: ^1.0.0
2822 silly placeDep ROOT cosmiconfig@9.0.2 OK for: postcss-loader@8.1.1 want: ^9.0.0
2823 silly placeDep ROOT jiti@1.21.7 OK for: postcss-loader@8.1.1 want: ^1.20.0
2824 silly fetch manifest js-yaml@^4.1.0
2825 silly packumentCache full:https://registry.npmjs.org/js-yaml cache-miss
2826 silly fetch manifest parse-json@^5.2.0
2827 silly packumentCache full:https://registry.npmjs.org/parse-json cache-miss
2828 silly fetch manifest import-fresh@^3.3.0
2829 silly packumentCache full:https://registry.npmjs.org/import-fresh cache-miss
2830 http fetch GET 200 https://registry.npmjs.org/js-yaml 98ms (cache revalidated)
2831 silly packumentCache full:https://registry.npmjs.org/js-yaml set size:152841 disposed:false
2832 http fetch GET 200 https://registry.npmjs.org/import-fresh 125ms (cache revalidated)
2833 silly packumentCache full:https://registry.npmjs.org/import-fresh set size:24604 disposed:false
2834 http fetch GET 200 https://registry.npmjs.org/parse-json 136ms (cache revalidated)
2835 silly packumentCache full:https://registry.npmjs.org/parse-json set size:48198 disposed:false
2836 silly placeDep ROOT import-fresh@3.3.1 OK for: cosmiconfig@9.0.2 want: ^3.3.0
2837 silly placeDep ROOT js-yaml@4.2.0 OK for: cosmiconfig@9.0.2 want: ^4.1.0
2838 silly placeDep ROOT parse-json@5.2.0 OK for: cosmiconfig@9.0.2 want: ^5.2.0
2839 silly fetch manifest resolve-from@^4.0.0
2840 silly packumentCache full:https://registry.npmjs.org/resolve-from cache-miss
2841 silly fetch manifest parent-module@^1.0.0
2842 silly packumentCache full:https://registry.npmjs.org/parent-module cache-miss
2843 silly fetch manifest argparse@^2.0.1
2844 silly packumentCache full:https://registry.npmjs.org/argparse cache-miss
2845 silly fetch manifest error-ex@^1.3.1
2846 silly packumentCache full:https://registry.npmjs.org/error-ex cache-miss
2847 silly fetch manifest lines-and-columns@^1.1.6
2848 silly packumentCache full:https://registry.npmjs.org/lines-and-columns cache-miss
2849 silly fetch manifest json-parse-even-better-errors@^2.3.0
2850 silly packumentCache full:https://registry.npmjs.org/json-parse-even-better-errors cache-hit
2851 http fetch GET 200 https://registry.npmjs.org/resolve-from 156ms (cache revalidated)
2852 silly packumentCache full:https://registry.npmjs.org/resolve-from set size:12911 disposed:false
2853 http fetch GET 200 https://registry.npmjs.org/argparse 174ms (cache revalidated)
2854 silly packumentCache full:https://registry.npmjs.org/argparse set size:49266 disposed:false
2855 http fetch GET 200 https://registry.npmjs.org/lines-and-columns 191ms (cache revalidated)
2856 silly packumentCache full:https://registry.npmjs.org/lines-and-columns set size:73796 disposed:false
2857 http fetch GET 200 https://registry.npmjs.org/parent-module 216ms (cache revalidated)
2858 silly packumentCache full:https://registry.npmjs.org/parent-module set size:18255 disposed:false
2859 http fetch GET 200 https://registry.npmjs.org/error-ex 221ms (cache revalidated)
2860 silly packumentCache full:https://registry.npmjs.org/error-ex set size:31684 disposed:false
2861 silly placeDep ROOT parent-module@1.0.1 OK for: import-fresh@3.3.1 want: ^1.0.0
2862 silly placeDep ROOT resolve-from@4.0.0 OK for: import-fresh@3.3.1 want: ^4.0.0
2863 silly fetch manifest callsites@^3.0.0
2864 silly packumentCache full:https://registry.npmjs.org/callsites cache-miss
2865 http fetch GET 200 https://registry.npmjs.org/callsites 91ms (cache revalidated)
2866 silly packumentCache full:https://registry.npmjs.org/callsites set size:21349 disposed:false
2867 silly placeDep ROOT argparse@2.0.1 OK for: js-yaml@4.2.0 want: ^2.0.1
2868 silly placeDep ROOT callsites@3.1.0 OK for: parent-module@1.0.1 want: ^3.0.0
2869 silly placeDep ROOT error-ex@1.3.4 OK for: parse-json@5.2.0 want: ^1.3.1
2870 silly placeDep node_modules/parse-json json-parse-even-better-errors@2.3.1 OK for: parse-json@5.2.0 want: ^2.3.0
2871 silly placeDep ROOT lines-and-columns@1.2.4 OK for: parse-json@5.2.0 want: ^1.1.6
2872 silly fetch manifest is-arrayish@^0.2.1
2873 silly packumentCache full:https://registry.npmjs.org/is-arrayish cache-miss
2874 http fetch GET 200 https://registry.npmjs.org/is-arrayish 89ms (cache revalidated)
2875 silly packumentCache full:https://registry.npmjs.org/is-arrayish set size:15371 disposed:false
2876 silly placeDep ROOT is-arrayish@0.2.1 OK for: error-ex@1.3.4 want: ^0.2.1
2877 silly placeDep ROOT postcss-selector-parser@7.1.2 OK for: postcss-modules-local-by-default@4.2.0 want: ^7.0.0
2878 silly fetch manifest cssesc@^3.0.0
2879 silly packumentCache full:https://registry.npmjs.org/cssesc cache-miss
2880 http fetch GET 200 https://registry.npmjs.org/cssesc 86ms (cache revalidated)
2881 silly packumentCache full:https://registry.npmjs.org/cssesc set size:18815 disposed:false
2882 silly placeDep ROOT cssesc@3.0.0 OK for: postcss-selector-parser@7.1.2 want: ^3.0.0
2883 silly placeDep ROOT err-code@2.0.3 OK for: promise-retry@2.0.1 want: ^2.0.2
2884 silly placeDep ROOT retry@0.12.0 OK for: promise-retry@2.0.1 want: ^0.12.0
2885 silly placeDep ROOT regenerate@1.4.2 OK for: regexpu-core@6.4.0 want: ^1.4.2
2886 silly placeDep ROOT regenerate-unicode-properties@10.2.2 OK for: regexpu-core@6.4.0 want: ^10.2.2
2887 silly placeDep ROOT regjsgen@0.8.0 OK for: regexpu-core@6.4.0 want: ^0.8.0
2888 silly placeDep ROOT regjsparser@0.13.1 OK for: regexpu-core@6.4.0 want: ^0.13.0
2889 silly placeDep ROOT unicode-match-property-ecmascript@2.0.0 OK for: regexpu-core@6.4.0 want: ^2.0.0
2890 silly placeDep ROOT unicode-match-property-value-ecmascript@2.2.1 OK for: regexpu-core@6.4.0 want: ^2.2.1
2891 silly fetch manifest unicode-canonical-property-names-ecmascript@^2.0.0
2892 silly packumentCache full:https://registry.npmjs.org/unicode-canonical-property-names-ecmascript cache-miss
2893 silly fetch manifest unicode-property-aliases-ecmascript@^2.0.0
2894 silly packumentCache full:https://registry.npmjs.org/unicode-property-aliases-ecmascript cache-miss
2895 http fetch GET 200 https://registry.npmjs.org/unicode-canonical-property-names-ecmascript 84ms (cache revalidated)
2896 silly packumentCache full:https://registry.npmjs.org/unicode-canonical-property-names-ecmascript set size:17227 disposed:false
2897 http fetch GET 200 https://registry.npmjs.org/unicode-property-aliases-ecmascript 113ms (cache revalidated)
2898 silly packumentCache full:https://registry.npmjs.org/unicode-property-aliases-ecmascript set size:28095 disposed:false
2899 silly placeDep ROOT is-core-module@2.16.2 OK for: resolve@1.22.10 want: ^2.16.0
2900 silly placeDep ROOT path-parse@1.0.7 OK for: resolve@1.22.10 want: ^1.0.7
2901 silly placeDep ROOT supports-preserve-symlinks-flag@1.0.0 OK for: resolve@1.22.10 want: ^1.0.0
2902 silly fetch manifest hasown@^2.0.3
2903 silly packumentCache full:https://registry.npmjs.org/hasown cache-miss
2904 http fetch GET 200 https://registry.npmjs.org/hasown 91ms (cache revalidated)
2905 silly packumentCache full:https://registry.npmjs.org/hasown set size:18361 disposed:false
2906 silly placeDep ROOT hasown@2.0.4 REPLACE for: is-core-module@2.16.2 want: ^2.0.3
2907 silly placeDep ROOT @rollup/rollup-android-arm-eabi@4.59.0 OK for: rollup@4.59.0 want: 4.59.0
2908 silly placeDep ROOT @rollup/rollup-android-arm64@4.59.0 OK for: rollup@4.59.0 want: 4.59.0
2909 silly placeDep ROOT @rollup/rollup-darwin-arm64@4.59.0 OK for: rollup@4.59.0 want: 4.59.0
2910 silly placeDep ROOT @rollup/rollup-darwin-x64@4.59.0 OK for: rollup@4.59.0 want: 4.59.0
2911 silly placeDep ROOT @rollup/rollup-freebsd-arm64@4.59.0 OK for: rollup@4.59.0 want: 4.59.0
2912 silly placeDep ROOT @rollup/rollup-freebsd-x64@4.59.0 OK for: rollup@4.59.0 want: 4.59.0
2913 silly placeDep ROOT @rollup/rollup-linux-arm-gnueabihf@4.59.0 OK for: rollup@4.59.0 want: 4.59.0
2914 silly placeDep ROOT @rollup/rollup-linux-arm-musleabihf@4.59.0 OK for: rollup@4.59.0 want: 4.59.0
2915 silly placeDep ROOT @rollup/rollup-linux-arm64-gnu@4.59.0 OK for: rollup@4.59.0 want: 4.59.0
2916 silly placeDep ROOT @rollup/rollup-linux-arm64-musl@4.59.0 OK for: rollup@4.59.0 want: 4.59.0
2917 silly placeDep ROOT @rollup/rollup-linux-loong64-gnu@4.59.0 OK for: rollup@4.59.0 want: 4.59.0
2918 silly placeDep ROOT @rollup/rollup-linux-loong64-musl@4.59.0 OK for: rollup@4.59.0 want: 4.59.0
2919 silly placeDep ROOT @rollup/rollup-linux-ppc64-gnu@4.59.0 OK for: rollup@4.59.0 want: 4.59.0
2920 silly placeDep ROOT @rollup/rollup-linux-ppc64-musl@4.59.0 OK for: rollup@4.59.0 want: 4.59.0
2921 silly placeDep ROOT @rollup/rollup-linux-riscv64-gnu@4.59.0 OK for: rollup@4.59.0 want: 4.59.0
2922 silly placeDep ROOT @rollup/rollup-linux-riscv64-musl@4.59.0 OK for: rollup@4.59.0 want: 4.59.0
2923 silly placeDep ROOT @rollup/rollup-linux-s390x-gnu@4.59.0 OK for: rollup@4.59.0 want: 4.59.0
2924 silly placeDep ROOT @rollup/rollup-linux-x64-gnu@4.59.0 OK for: rollup@4.59.0 want: 4.59.0
2925 silly placeDep ROOT @rollup/rollup-linux-x64-musl@4.59.0 OK for: rollup@4.59.0 want: 4.59.0
2926 silly placeDep ROOT @rollup/rollup-openbsd-x64@4.59.0 OK for: rollup@4.59.0 want: 4.59.0
2927 silly placeDep ROOT @rollup/rollup-openharmony-arm64@4.59.0 OK for: rollup@4.59.0 want: 4.59.0
2928 silly placeDep ROOT @rollup/rollup-win32-arm64-msvc@4.59.0 OK for: rollup@4.59.0 want: 4.59.0
2929 silly placeDep ROOT @rollup/rollup-win32-ia32-msvc@4.59.0 OK for: rollup@4.59.0 want: 4.59.0
2930 silly placeDep ROOT @rollup/rollup-win32-x64-gnu@4.59.0 OK for: rollup@4.59.0 want: 4.59.0
2931 silly placeDep ROOT @rollup/rollup-win32-x64-msvc@4.59.0 OK for: rollup@4.59.0 want: 4.59.0
2932 silly placeDep ROOT @types/estree@1.0.8 OK for: rollup@4.59.0 want: 1.0.8
2933 silly placeDep ROOT queue-microtask@1.2.3 OK for: run-parallel@1.2.0 want: ^1.2.2
2934 silly placeDep ROOT @parcel/watcher@2.5.6 OK for: sass@1.85.0 want: ^2.4.1
2935 silly placeDep node_modules/sass chokidar@4.0.3 OK for: sass@1.85.0 want: ^4.0.0
2936 silly placeDep ROOT immutable@5.1.6 OK for: sass@1.85.0 want: ^5.0.2
2937 silly fetch manifest node-addon-api@^7.0.0
2938 silly packumentCache full:https://registry.npmjs.org/node-addon-api cache-hit
2939 silly fetch manifest picomatch@^4.0.3
2940 silly packumentCache full:https://registry.npmjs.org/picomatch cache-hit
2941 silly fetch manifest @parcel/watcher-darwin-x64@2.5.6
2942 silly packumentCache full:https://registry.npmjs.org/@parcel%2fwatcher-darwin-x64 cache-miss
2943 silly fetch manifest @parcel/watcher-darwin-arm64@2.5.6
2944 silly packumentCache full:https://registry.npmjs.org/@parcel%2fwatcher-darwin-arm64 cache-miss
2945 silly fetch manifest @parcel/watcher-win32-x64@2.5.6
2946 silly packumentCache full:https://registry.npmjs.org/@parcel%2fwatcher-win32-x64 cache-miss
2947 silly fetch manifest @parcel/watcher-win32-arm64@2.5.6
2948 silly packumentCache full:https://registry.npmjs.org/@parcel%2fwatcher-win32-arm64 cache-miss
2949 silly fetch manifest @parcel/watcher-win32-ia32@2.5.6
2950 silly packumentCache full:https://registry.npmjs.org/@parcel%2fwatcher-win32-ia32 cache-miss
2951 silly fetch manifest @parcel/watcher-linux-x64-glibc@2.5.6
2952 silly packumentCache full:https://registry.npmjs.org/@parcel%2fwatcher-linux-x64-glibc cache-miss
2953 silly fetch manifest @parcel/watcher-linux-x64-musl@2.5.6
2954 silly packumentCache full:https://registry.npmjs.org/@parcel%2fwatcher-linux-x64-musl cache-miss
2955 http fetch GET 200 https://registry.npmjs.org/@parcel%2fwatcher-darwin-arm64 169ms (cache revalidated)
2956 silly packumentCache full:https://registry.npmjs.org/@parcel%2fwatcher-darwin-arm64 set size:26656 disposed:false
2957 silly fetch manifest @parcel/watcher-linux-arm64-glibc@2.5.6
2958 silly packumentCache full:https://registry.npmjs.org/@parcel%2fwatcher-linux-arm64-glibc cache-miss
2959 http fetch GET 200 https://registry.npmjs.org/@parcel%2fwatcher-win32-arm64 174ms (cache revalidated)
2960 silly packumentCache full:https://registry.npmjs.org/@parcel%2fwatcher-win32-arm64 set size:24926 disposed:false
2961 silly fetch manifest @parcel/watcher-linux-arm64-musl@2.5.6
2962 silly packumentCache full:https://registry.npmjs.org/@parcel%2fwatcher-linux-arm64-musl cache-miss
2963 http fetch GET 200 https://registry.npmjs.org/@parcel%2fwatcher-darwin-x64 191ms (cache revalidated)
2964 silly packumentCache full:https://registry.npmjs.org/@parcel%2fwatcher-darwin-x64 set size:26457 disposed:false
2965 silly fetch manifest @parcel/watcher-linux-arm-glibc@2.5.6
2966 silly packumentCache full:https://registry.npmjs.org/@parcel%2fwatcher-linux-arm-glibc cache-miss
2967 http fetch GET 200 https://registry.npmjs.org/@parcel%2fwatcher-linux-x64-glibc 161ms (cache revalidated)
2968 silly packumentCache full:https://registry.npmjs.org/@parcel%2fwatcher-linux-x64-glibc set size:27128 disposed:false
2969 silly fetch manifest @parcel/watcher-linux-arm-musl@2.5.6
2970 silly packumentCache full:https://registry.npmjs.org/@parcel%2fwatcher-linux-arm-musl cache-miss
2971 http fetch GET 200 https://registry.npmjs.org/@parcel%2fwatcher-linux-x64-musl 161ms (cache revalidated)
2972 silly packumentCache full:https://registry.npmjs.org/@parcel%2fwatcher-linux-x64-musl set size:27028 disposed:false
2973 silly fetch manifest @parcel/watcher-android-arm64@2.5.6
2974 silly packumentCache full:https://registry.npmjs.org/@parcel%2fwatcher-android-arm64 cache-miss
2975 http fetch GET 200 https://registry.npmjs.org/@parcel%2fwatcher-win32-x64 202ms (cache revalidated)
2976 silly packumentCache full:https://registry.npmjs.org/@parcel%2fwatcher-win32-x64 set size:26356 disposed:false
2977 silly fetch manifest @parcel/watcher-freebsd-x64@2.5.6
2978 silly packumentCache full:https://registry.npmjs.org/@parcel%2fwatcher-freebsd-x64 cache-miss
2979 http fetch GET 200 https://registry.npmjs.org/@parcel%2fwatcher-win32-ia32 210ms (cache revalidated)
2980 silly packumentCache full:https://registry.npmjs.org/@parcel%2fwatcher-win32-ia32 set size:20007 disposed:false
2981 http fetch GET 200 https://registry.npmjs.org/@parcel%2fwatcher-linux-arm64-musl 141ms (cache revalidated)
2982 silly packumentCache full:https://registry.npmjs.org/@parcel%2fwatcher-linux-arm64-musl set size:27225 disposed:false
2983 http fetch GET 200 https://registry.npmjs.org/@parcel%2fwatcher-linux-arm64-glibc 157ms (cache revalidated)
2984 silly packumentCache full:https://registry.npmjs.org/@parcel%2fwatcher-linux-arm64-glibc set size:27327 disposed:false
2985 http fetch GET 200 https://registry.npmjs.org/@parcel%2fwatcher-linux-arm-glibc 154ms (cache revalidated)
2986 silly packumentCache full:https://registry.npmjs.org/@parcel%2fwatcher-linux-arm-glibc set size:27125 disposed:false
2987 http fetch GET 200 https://registry.npmjs.org/@parcel%2fwatcher-android-arm64 150ms (cache revalidated)
2988 silly packumentCache full:https://registry.npmjs.org/@parcel%2fwatcher-android-arm64 set size:25111 disposed:false
2989 http fetch GET 200 https://registry.npmjs.org/@parcel%2fwatcher-freebsd-x64 150ms (cache revalidated)
2990 silly packumentCache full:https://registry.npmjs.org/@parcel%2fwatcher-freebsd-x64 set size:20079 disposed:false
2991 http fetch GET 200 https://registry.npmjs.org/@parcel%2fwatcher-linux-arm-musl 170ms (cache revalidated)
2992 silly packumentCache full:https://registry.npmjs.org/@parcel%2fwatcher-linux-arm-musl set size:7305 disposed:false
2993 silly placeDep ROOT @parcel/watcher-android-arm64@2.5.6 OK for: @parcel/watcher@2.5.6 want: 2.5.6
2994 silly placeDep ROOT @parcel/watcher-darwin-arm64@2.5.6 OK for: @parcel/watcher@2.5.6 want: 2.5.6
2995 silly placeDep ROOT @parcel/watcher-darwin-x64@2.5.6 OK for: @parcel/watcher@2.5.6 want: 2.5.6
2996 silly placeDep ROOT @parcel/watcher-freebsd-x64@2.5.6 OK for: @parcel/watcher@2.5.6 want: 2.5.6
2997 silly placeDep ROOT @parcel/watcher-linux-arm-glibc@2.5.6 OK for: @parcel/watcher@2.5.6 want: 2.5.6
2998 silly placeDep ROOT @parcel/watcher-linux-arm-musl@2.5.6 OK for: @parcel/watcher@2.5.6 want: 2.5.6
2999 silly placeDep ROOT @parcel/watcher-linux-arm64-glibc@2.5.6 OK for: @parcel/watcher@2.5.6 want: 2.5.6
3000 silly placeDep ROOT @parcel/watcher-linux-arm64-musl@2.5.6 OK for: @parcel/watcher@2.5.6 want: 2.5.6
3001 silly placeDep ROOT @parcel/watcher-linux-x64-glibc@2.5.6 OK for: @parcel/watcher@2.5.6 want: 2.5.6
3002 silly placeDep ROOT @parcel/watcher-linux-x64-musl@2.5.6 OK for: @parcel/watcher@2.5.6 want: 2.5.6
3003 silly placeDep ROOT @parcel/watcher-win32-arm64@2.5.6 OK for: @parcel/watcher@2.5.6 want: 2.5.6
3004 silly placeDep ROOT @parcel/watcher-win32-ia32@2.5.6 OK for: @parcel/watcher@2.5.6 want: 2.5.6
3005 silly placeDep ROOT @parcel/watcher-win32-x64@2.5.6 OK for: @parcel/watcher@2.5.6 want: 2.5.6
3006 silly placeDep node_modules/@parcel/watcher node-addon-api@7.1.1 OK for: @parcel/watcher@2.5.6 want: ^7.0.0
3007 silly placeDep node_modules/@parcel/watcher picomatch@4.0.4 OK for: @parcel/watcher@2.5.6 want: ^4.0.3
3008 silly placeDep ROOT neo-async@2.6.2 OK for: sass-loader@16.0.5 want: ^2.6.2
3009 silly placeDep ROOT @types/json-schema@7.0.15 OK for: schema-utils@4.3.3 want: ^7.0.9
3010 silly placeDep node_modules/schema-utils ajv-formats@2.1.1 OK for: schema-utils@4.3.3 want: ^2.1.1
3011 silly placeDep ROOT ajv-keywords@5.1.0 OK for: schema-utils@4.3.3 want: ^5.1.0
3012 silly placeDep ROOT randombytes@2.1.0 OK for: serialize-javascript@6.0.2 want: ^2.1.0
3013 silly placeDep ROOT @sigstore/bundle@3.1.0 OK for: sigstore@3.1.0 want: ^3.1.0
3014 silly placeDep ROOT @sigstore/core@2.0.0 OK for: sigstore@3.1.0 want: ^2.0.0
3015 silly placeDep ROOT @sigstore/protobuf-specs@0.4.3 OK for: sigstore@3.1.0 want: ^0.4.0
3016 silly placeDep ROOT @sigstore/sign@3.1.0 OK for: sigstore@3.1.0 want: ^3.1.0
3017 silly placeDep ROOT @sigstore/tuf@3.1.1 OK for: sigstore@3.1.0 want: ^3.1.0
3018 silly placeDep ROOT @sigstore/verify@2.1.1 OK for: sigstore@3.1.0 want: ^2.1.0
3019 silly fetch manifest tuf-js@^3.0.1
3020 silly packumentCache full:https://registry.npmjs.org/tuf-js cache-miss
3021 http fetch GET 200 https://registry.npmjs.org/tuf-js 95ms (cache revalidated)
3022 silly packumentCache full:https://registry.npmjs.org/tuf-js set size:69593 disposed:false
3023 silly placeDep ROOT tuf-js@3.1.0 OK for: @sigstore/tuf@3.1.1 want: ^3.0.1
3024 silly fetch manifest @tufjs/models@3.0.1
3025 silly packumentCache full:https://registry.npmjs.org/@tufjs%2fmodels cache-miss
3026 http fetch GET 200 https://registry.npmjs.org/@tufjs%2fmodels 100ms (cache revalidated)
3027 silly packumentCache full:https://registry.npmjs.org/@tufjs%2fmodels set size:33329 disposed:false
3028 silly placeDep node_modules/slice-ansi ansi-styles@6.2.3 OK for: slice-ansi@5.0.0 want: ^6.0.0
3029 silly placeDep node_modules/slice-ansi is-fullwidth-code-point@4.0.0 OK for: slice-ansi@5.0.0 want: ^4.0.0
3030 silly placeDep ROOT socks@2.8.9 OK for: socks-proxy-agent@8.0.5 want: ^2.8.3
3031 silly fetch manifest ip-address@^10.1.1
3032 silly packumentCache full:https://registry.npmjs.org/ip-address cache-miss
3033 silly fetch manifest smart-buffer@^4.2.0
3034 silly packumentCache full:https://registry.npmjs.org/smart-buffer cache-miss
3035 http fetch GET 200 https://registry.npmjs.org/ip-address 89ms (cache revalidated)
3036 silly packumentCache full:https://registry.npmjs.org/ip-address set size:171530 disposed:false
3037 http fetch GET 200 https://registry.npmjs.org/smart-buffer 104ms (cache revalidated)
3038 silly packumentCache full:https://registry.npmjs.org/smart-buffer set size:87065 disposed:false
3039 silly placeDep ROOT ip-address@10.2.0 OK for: socks@2.8.9 want: ^10.1.1
3040 silly placeDep ROOT smart-buffer@4.2.0 OK for: socks@2.8.9 want: ^4.2.0
3041 silly placeDep node_modules/source-map-loader iconv-lite@0.6.3 OK for: source-map-loader@5.0.0 want: ^0.6.3
3042 silly placeDep ROOT chownr@2.0.0 OK for: tar@6.2.1 want: ^2.0.0
3043 silly placeDep node_modules/tar fs-minipass@2.1.0 OK for: tar@6.2.1 want: ^2.0.0
3044 silly placeDep node_modules/tar minipass@5.0.0 OK for: tar@6.2.1 want: ^5.0.0
3045 silly placeDep node_modules/tar minizlib@2.1.2 OK for: tar@6.2.1 want: ^2.1.1
3046 silly placeDep node_modules/tar mkdirp@1.0.4 OK for: tar@6.2.1 want: ^1.0.3
3047 silly placeDep node_modules/tar yallist@4.0.0 OK for: tar@6.2.1 want: ^4.0.0
3048 silly placeDep ROOT @jridgewell/source-map@0.3.11 OK for: terser@5.39.0 want: ^0.3.3
3049 silly placeDep ROOT acorn@8.16.0 OK for: terser@5.39.0 want: ^8.8.2
3050 silly placeDep ROOT commander@2.20.3 OK for: terser@5.39.0 want: ^2.20.0
3051 silly placeDep ROOT fdir@6.5.0 OK for: tinyglobby@0.2.17 want: ^6.5.0
3052 silly placeDep node_modules/tinyglobby picomatch@4.0.4 OK for: tinyglobby@0.2.17 want: ^4.0.4
3053 silly placeDep ROOT @tufjs/models@3.0.1 OK for: tuf-js@3.1.0 want: 3.0.1
3054 silly fetch manifest minimatch@^9.0.5
3055 silly packumentCache full:https://registry.npmjs.org/minimatch cache-hit
3056 silly fetch manifest @tufjs/canonical-json@2.0.0
3057 silly packumentCache full:https://registry.npmjs.org/@tufjs%2fcanonical-json cache-miss
3058 http fetch GET 200 https://registry.npmjs.org/@tufjs%2fcanonical-json 402ms (cache revalidated)
3059 silly packumentCache full:https://registry.npmjs.org/@tufjs%2fcanonical-json set size:7336 disposed:false
3060 silly placeDep ROOT @tufjs/canonical-json@2.0.0 OK for: @tufjs/models@3.0.1 want: 2.0.0
3061 silly placeDep node_modules/@tufjs/models minimatch@9.0.9 OK for: @tufjs/models@3.0.1 want: ^9.0.5
3062 silly placeDep ROOT unicode-canonical-property-names-ecmascript@2.0.1 OK for: unicode-match-property-ecmascript@2.0.0 want: ^2.0.0
3063 silly placeDep ROOT unicode-property-aliases-ecmascript@2.2.0 OK for: unicode-match-property-ecmascript@2.0.0 want: ^2.0.0
3064 silly placeDep ROOT unique-slug@5.0.0 OK for: unique-filename@4.0.0 want: ^5.0.0
3065 silly fetch manifest imurmurhash@^0.1.4
3066 silly packumentCache full:https://registry.npmjs.org/imurmurhash cache-miss
3067 http fetch GET 200 https://registry.npmjs.org/imurmurhash 95ms (cache revalidated)
3068 silly packumentCache full:https://registry.npmjs.org/imurmurhash set size:35819 disposed:false
3069 silly placeDep ROOT imurmurhash@0.1.4 OK for: unique-slug@5.0.0 want: ^0.1.4
3070 silly placeDep ROOT spdx-correct@3.2.0 OK for: validate-npm-package-license@3.0.4 want: ^3.0.0
3071 silly placeDep ROOT spdx-expression-parse@3.0.1 OK for: validate-npm-package-license@3.0.4 want: ^3.0.0
3072 silly fetch manifest spdx-license-ids@^3.0.0
3073 silly packumentCache full:https://registry.npmjs.org/spdx-license-ids cache-miss
3074 silly fetch manifest spdx-exceptions@^2.1.0
3075 silly packumentCache full:https://registry.npmjs.org/spdx-exceptions cache-miss
3076 silly fetch manifest spdx-license-ids@^3.0.0
3077 silly packumentCache full:https://registry.npmjs.org/spdx-license-ids cache-miss
3078 http fetch GET 200 https://registry.npmjs.org/spdx-exceptions 177ms (cache revalidated)
3079 silly packumentCache full:https://registry.npmjs.org/spdx-exceptions set size:21227 disposed:false
3080 http fetch GET 200 https://registry.npmjs.org/spdx-license-ids 309ms (cache revalidated)
3081 silly packumentCache full:https://registry.npmjs.org/spdx-license-ids set size:81601 disposed:false
3082 http fetch GET 200 https://registry.npmjs.org/spdx-license-ids 330ms (cache revalidated)
3083 silly packumentCache full:https://registry.npmjs.org/spdx-license-ids set size:81601 disposed:false
3084 silly packumentCache full:https://registry.npmjs.org/spdx-license-ids dispose
3085 silly placeDep ROOT spdx-license-ids@3.0.23 OK for: spdx-correct@3.2.0 want: ^3.0.0
3086 silly placeDep ROOT spdx-exceptions@2.5.0 OK for: spdx-expression-parse@3.0.1 want: ^2.1.0
3087 silly placeDep node_modules/vite esbuild@0.25.12 OK for: vite@6.4.2 want: ^0.25.0
3088 silly placeDep node_modules/vite picomatch@4.0.4 OK for: vite@6.4.2 want: ^4.0.2
3089 silly fetch manifest @esbuild/aix-ppc64@0.25.12
3090 silly packumentCache full:https://registry.npmjs.org/@esbuild%2faix-ppc64 cache-hit
3091 silly fetch manifest @esbuild/linux-arm@0.25.12
3092 silly packumentCache full:https://registry.npmjs.org/@esbuild%2flinux-arm cache-hit
3093 silly fetch manifest @esbuild/linux-x64@0.25.12
3094 silly packumentCache full:https://registry.npmjs.org/@esbuild%2flinux-x64 cache-hit
3095 silly fetch manifest @esbuild/sunos-x64@0.25.12
3096 silly packumentCache full:https://registry.npmjs.org/@esbuild%2fsunos-x64 cache-hit
3097 silly fetch manifest @esbuild/win32-x64@0.25.12
3098 silly packumentCache full:https://registry.npmjs.org/@esbuild%2fwin32-x64 cache-hit
3099 silly fetch manifest @esbuild/darwin-x64@0.25.12
3100 silly packumentCache full:https://registry.npmjs.org/@esbuild%2fdarwin-x64 cache-hit
3101 silly fetch manifest @esbuild/linux-ia32@0.25.12
3102 silly packumentCache full:https://registry.npmjs.org/@esbuild%2flinux-ia32 cache-hit
3103 silly fetch manifest @esbuild/netbsd-x64@0.25.12
3104 silly packumentCache full:https://registry.npmjs.org/@esbuild%2fnetbsd-x64 cache-hit
3105 silly fetch manifest @esbuild/win32-ia32@0.25.12
3106 silly packumentCache full:https://registry.npmjs.org/@esbuild%2fwin32-ia32 cache-hit
3107 silly fetch manifest @esbuild/android-arm@0.25.12
3108 silly packumentCache full:https://registry.npmjs.org/@esbuild%2fandroid-arm cache-hit
3109 silly fetch manifest @esbuild/android-x64@0.25.12
3110 silly packumentCache full:https://registry.npmjs.org/@esbuild%2fandroid-x64 cache-hit
3111 silly fetch manifest @esbuild/freebsd-x64@0.25.12
3112 silly packumentCache full:https://registry.npmjs.org/@esbuild%2ffreebsd-x64 cache-hit
3113 silly fetch manifest @esbuild/linux-arm64@0.25.12
3114 silly packumentCache full:https://registry.npmjs.org/@esbuild%2flinux-arm64 cache-hit
3115 silly fetch manifest @esbuild/linux-ppc64@0.25.12
3116 silly packumentCache full:https://registry.npmjs.org/@esbuild%2flinux-ppc64 cache-hit
3117 silly fetch manifest @esbuild/linux-s390x@0.25.12
3118 silly packumentCache full:https://registry.npmjs.org/@esbuild%2flinux-s390x cache-hit
3119 silly fetch manifest @esbuild/openbsd-x64@0.25.12
3120 silly packumentCache full:https://registry.npmjs.org/@esbuild%2fopenbsd-x64 cache-hit
3121 silly fetch manifest @esbuild/win32-arm64@0.25.12
3122 silly packumentCache full:https://registry.npmjs.org/@esbuild%2fwin32-arm64 cache-hit
3123 silly fetch manifest @esbuild/darwin-arm64@0.25.12
3124 silly packumentCache full:https://registry.npmjs.org/@esbuild%2fdarwin-arm64 cache-hit
3125 silly fetch manifest @esbuild/netbsd-arm64@0.25.12
3126 silly packumentCache full:https://registry.npmjs.org/@esbuild%2fnetbsd-arm64 cache-hit
3127 silly fetch manifest @esbuild/android-arm64@0.25.12
3128 silly packumentCache full:https://registry.npmjs.org/@esbuild%2fandroid-arm64 cache-hit
3129 silly fetch manifest @esbuild/freebsd-arm64@0.25.12
3130 silly packumentCache full:https://registry.npmjs.org/@esbuild%2ffreebsd-arm64 cache-hit
3131 silly fetch manifest @esbuild/linux-loong64@0.25.12
3132 silly packumentCache full:https://registry.npmjs.org/@esbuild%2flinux-loong64 cache-hit
3133 silly fetch manifest @esbuild/linux-riscv64@0.25.12
3134 silly packumentCache full:https://registry.npmjs.org/@esbuild%2flinux-riscv64 cache-hit
3135 silly fetch manifest @esbuild/openbsd-arm64@0.25.12
3136 silly packumentCache full:https://registry.npmjs.org/@esbuild%2fopenbsd-arm64 cache-hit
3137 silly fetch manifest @esbuild/linux-mips64el@0.25.12
3138 silly packumentCache full:https://registry.npmjs.org/@esbuild%2flinux-mips64el cache-hit
3139 silly fetch manifest @esbuild/openharmony-arm64@0.25.12
3140 silly packumentCache full:https://registry.npmjs.org/@esbuild%2fopenharmony-arm64 cache-hit
3141 silly placeDep ROOT glob-to-regexp@0.4.1 OK for: watchpack@2.4.2 want: ^0.4.1
3142 silly placeDep ROOT @types/eslint-scope@3.7.7 OK for: webpack@5.105.0 want: ^3.7.7
3143 silly placeDep ROOT @webassemblyjs/ast@1.14.1 OK for: webpack@5.105.0 want: ^1.14.1
3144 silly placeDep ROOT @webassemblyjs/wasm-edit@1.14.1 OK for: webpack@5.105.0 want: ^1.14.1
3145 silly placeDep ROOT @webassemblyjs/wasm-parser@1.14.1 OK for: webpack@5.105.0 want: ^1.14.1
3146 silly placeDep ROOT acorn-import-phases@1.0.4 OK for: webpack@5.105.0 want: ^1.0.3
3147 silly placeDep ROOT chrome-trace-event@1.0.4 OK for: webpack@5.105.0 want: ^1.0.2
3148 silly placeDep ROOT enhanced-resolve@5.23.0 OK for: webpack@5.105.0 want: ^5.19.0
3149 silly placeDep ROOT es-module-lexer@2.1.0 OK for: webpack@5.105.0 want: ^2.0.0
3150 silly placeDep ROOT eslint-scope@5.1.1 OK for: webpack@5.105.0 want: 5.1.1
3151 silly placeDep ROOT events@3.3.0 OK for: webpack@5.105.0 want: ^3.2.0
3152 silly placeDep node_modules/webpack json-parse-even-better-errors@2.3.1 OK for: webpack@5.105.0 want: ^2.3.1
3153 silly placeDep ROOT loader-runner@4.3.2 OK for: webpack@5.105.0 want: ^4.3.1
3154 silly placeDep ROOT terser-webpack-plugin@5.6.1 OK for: webpack@5.105.0 want: ^5.3.16
3155 silly placeDep node_modules/webpack watchpack@2.5.1 OK for: webpack@5.105.0 want: ^2.5.1
3156 silly fetch manifest @types/eslint@*
3157 silly packumentCache full:https://registry.npmjs.org/@types%2feslint cache-miss
3158 silly fetch manifest @webassemblyjs/helper-numbers@1.13.2
3159 silly packumentCache full:https://registry.npmjs.org/@webassemblyjs%2fhelper-numbers cache-miss
3160 silly fetch manifest @webassemblyjs/helper-wasm-bytecode@1.13.2
3161 silly packumentCache full:https://registry.npmjs.org/@webassemblyjs%2fhelper-wasm-bytecode cache-miss
3162 silly fetch manifest @webassemblyjs/helper-buffer@1.14.1
3163 silly packumentCache full:https://registry.npmjs.org/@webassemblyjs%2fhelper-buffer cache-miss
3164 silly fetch manifest @webassemblyjs/helper-wasm-bytecode@1.13.2
3165 silly packumentCache full:https://registry.npmjs.org/@webassemblyjs%2fhelper-wasm-bytecode cache-miss
3166 silly fetch manifest @webassemblyjs/helper-wasm-section@1.14.1
3167 silly packumentCache full:https://registry.npmjs.org/@webassemblyjs%2fhelper-wasm-section cache-miss
3168 silly fetch manifest @webassemblyjs/wasm-gen@1.14.1
3169 silly packumentCache full:https://registry.npmjs.org/@webassemblyjs%2fwasm-gen cache-miss
3170 http fetch GET 200 https://registry.npmjs.org/@webassemblyjs%2fhelper-numbers 309ms (cache revalidated)
3171 silly packumentCache full:https://registry.npmjs.org/@webassemblyjs%2fhelper-numbers set size:23867 disposed:false
3172 silly fetch manifest @webassemblyjs/wasm-opt@1.14.1
3173 silly packumentCache full:https://registry.npmjs.org/@webassemblyjs%2fwasm-opt cache-miss
3174 http fetch GET 200 https://registry.npmjs.org/@webassemblyjs%2fhelper-wasm-bytecode 484ms (cache revalidated)
3175 silly packumentCache full:https://registry.npmjs.org/@webassemblyjs%2fhelper-wasm-bytecode set size:179356 disposed:false
3176 silly fetch manifest @webassemblyjs/wasm-parser@1.14.1
3177 silly packumentCache full:https://registry.npmjs.org/@webassemblyjs%2fwasm-parser cache-hit
3178 silly fetch manifest @webassemblyjs/wast-printer@1.14.1
3179 silly packumentCache full:https://registry.npmjs.org/@webassemblyjs%2fwast-printer cache-miss
3180 http fetch GET 200 https://registry.npmjs.org/@webassemblyjs%2fhelper-wasm-bytecode 532ms (cache revalidated)
3181 silly packumentCache full:https://registry.npmjs.org/@webassemblyjs%2fhelper-wasm-bytecode set size:179356 disposed:false
3182 silly packumentCache full:https://registry.npmjs.org/@webassemblyjs%2fhelper-wasm-bytecode dispose
3183 silly fetch manifest @webassemblyjs/helper-api-error@1.13.2
3184 silly packumentCache full:https://registry.npmjs.org/@webassemblyjs%2fhelper-api-error cache-miss
3185 http fetch GET 200 https://registry.npmjs.org/@webassemblyjs%2fhelper-buffer 544ms (cache revalidated)
3186 silly packumentCache full:https://registry.npmjs.org/@webassemblyjs%2fhelper-buffer set size:178406 disposed:false
3187 silly fetch manifest @webassemblyjs/ieee754@1.13.2
3188 silly packumentCache full:https://registry.npmjs.org/@webassemblyjs%2fieee754 cache-miss
3189 http fetch GET 200 https://registry.npmjs.org/@webassemblyjs%2fwasm-gen 691ms (cache revalidated)
3190 silly packumentCache full:https://registry.npmjs.org/@webassemblyjs%2fwasm-gen set size:187955 disposed:false
3191 silly fetch manifest @webassemblyjs/leb128@1.13.2
3192 silly packumentCache full:https://registry.npmjs.org/@webassemblyjs%2fleb128 cache-miss
3193 http fetch GET 200 https://registry.npmjs.org/@webassemblyjs%2fhelper-wasm-section 749ms (cache revalidated)
3194 silly packumentCache full:https://registry.npmjs.org/@webassemblyjs%2fhelper-wasm-section set size:191754 disposed:false
3195 silly fetch manifest @webassemblyjs/utf8@1.13.2
3196 silly packumentCache full:https://registry.npmjs.org/@webassemblyjs%2futf8 cache-miss
3197 http fetch GET 200 https://registry.npmjs.org/@types%2feslint 798ms (cache revalidated)
3198 silly packumentCache full:https://registry.npmjs.org/@types%2feslint set size:220085 disposed:false
3199 silly fetch manifest esrecurse@^4.3.0
3200 silly packumentCache full:https://registry.npmjs.org/esrecurse cache-miss
3201 http fetch GET 200 https://registry.npmjs.org/@webassemblyjs%2fwasm-opt 3267ms (cache revalidated)
3202 silly packumentCache full:https://registry.npmjs.org/@webassemblyjs%2fwasm-opt set size:150483 disposed:false
3203 silly fetch manifest estraverse@^4.1.1
3204 silly packumentCache full:https://registry.npmjs.org/estraverse cache-miss
3205 http fetch GET 200 https://registry.npmjs.org/@webassemblyjs%2fhelper-api-error 3761ms (cache revalidated)
3206 silly packumentCache full:https://registry.npmjs.org/@webassemblyjs%2fhelper-api-error set size:103778 disposed:false
3207 silly fetch manifest jest-worker@^27.4.5
3208 silly packumentCache full:https://registry.npmjs.org/jest-worker cache-miss
3209 http fetch GET 200 https://registry.npmjs.org/@webassemblyjs%2fieee754 4254ms (cache revalidated)
3210 silly packumentCache full:https://registry.npmjs.org/@webassemblyjs%2fieee754 set size:99475 disposed:false
3211 http fetch GET 200 https://registry.npmjs.org/@webassemblyjs%2fwast-printer 4520ms (cache revalidated)
3212 silly packumentCache full:https://registry.npmjs.org/@webassemblyjs%2fwast-printer set size:193690 disposed:false
3213 http fetch GET 200 https://registry.npmjs.org/@webassemblyjs%2fleb128 4362ms (cache revalidated)
3214 silly packumentCache full:https://registry.npmjs.org/@webassemblyjs%2fleb128 set size:248474 disposed:false
3215 http fetch GET 200 https://registry.npmjs.org/@webassemblyjs%2futf8 4360ms (cache revalidated)
3216 silly packumentCache full:https://registry.npmjs.org/@webassemblyjs%2futf8 set size:102359 disposed:false
3217 http fetch GET 200 https://registry.npmjs.org/esrecurse 4299ms (cache revalidated)
3218 silly packumentCache full:https://registry.npmjs.org/esrecurse set size:29005 disposed:false
3219 http fetch GET 200 https://registry.npmjs.org/estraverse 996ms (cache revalidated)
3220 silly packumentCache full:https://registry.npmjs.org/estraverse set size:62412 disposed:false
3221 http fetch GET 200 https://registry.npmjs.org/jest-worker 917ms (cache revalidated)
3222 silly packumentCache full:https://registry.npmjs.org/jest-worker set size:466737 disposed:false
3223 silly placeDep ROOT @types/eslint@9.6.1 OK for: @types/eslint-scope@3.7.7 want: *
3224 silly placeDep ROOT @webassemblyjs/helper-numbers@1.13.2 OK for: @webassemblyjs/ast@1.14.1 want: 1.13.2
3225 silly placeDep ROOT @webassemblyjs/helper-wasm-bytecode@1.13.2 OK for: @webassemblyjs/ast@1.14.1 want: 1.13.2
3226 silly fetch manifest @xtuc/long@4.2.2
3227 silly packumentCache full:https://registry.npmjs.org/@xtuc%2flong cache-miss
3228 silly fetch manifest @webassemblyjs/floating-point-hex-parser@1.13.2
3229 silly packumentCache full:https://registry.npmjs.org/@webassemblyjs%2ffloating-point-hex-parser cache-miss
3230 http fetch GET 200 https://registry.npmjs.org/@webassemblyjs%2ffloating-point-hex-parser 108ms (cache revalidated)
3231 silly packumentCache full:https://registry.npmjs.org/@webassemblyjs%2ffloating-point-hex-parser set size:186097 disposed:false
3232 http fetch GET 200 https://registry.npmjs.org/@xtuc%2flong 125ms (cache revalidated)
3233 silly packumentCache full:https://registry.npmjs.org/@xtuc%2flong set size:23242 disposed:false
3234 silly placeDep ROOT @webassemblyjs/floating-point-hex-parser@1.13.2 OK for: @webassemblyjs/helper-numbers@1.13.2 want: 1.13.2
3235 silly placeDep ROOT @webassemblyjs/helper-api-error@1.13.2 OK for: @webassemblyjs/helper-numbers@1.13.2 want: 1.13.2
3236 silly placeDep ROOT @xtuc/long@4.2.2 OK for: @webassemblyjs/helper-numbers@1.13.2 want: 4.2.2
3237 silly placeDep ROOT @webassemblyjs/helper-buffer@1.14.1 OK for: @webassemblyjs/wasm-edit@1.14.1 want: 1.14.1
3238 silly placeDep ROOT @webassemblyjs/helper-wasm-section@1.14.1 OK for: @webassemblyjs/wasm-edit@1.14.1 want: 1.14.1
3239 silly placeDep ROOT @webassemblyjs/wasm-gen@1.14.1 OK for: @webassemblyjs/wasm-edit@1.14.1 want: 1.14.1
3240 silly placeDep ROOT @webassemblyjs/wasm-opt@1.14.1 OK for: @webassemblyjs/wasm-edit@1.14.1 want: 1.14.1
3241 silly placeDep ROOT @webassemblyjs/wast-printer@1.14.1 OK for: @webassemblyjs/wasm-edit@1.14.1 want: 1.14.1
3242 silly placeDep ROOT @webassemblyjs/ieee754@1.13.2 OK for: @webassemblyjs/wasm-gen@1.14.1 want: 1.13.2
3243 silly placeDep ROOT @webassemblyjs/leb128@1.13.2 OK for: @webassemblyjs/wasm-gen@1.14.1 want: 1.13.2
3244 silly placeDep ROOT @webassemblyjs/utf8@1.13.2 OK for: @webassemblyjs/wasm-gen@1.14.1 want: 1.13.2
3245 silly fetch manifest @xtuc/ieee754@^1.2.0
3246 silly packumentCache full:https://registry.npmjs.org/@xtuc%2fieee754 cache-miss
3247 http fetch GET 200 https://registry.npmjs.org/@xtuc%2fieee754 302ms (cache revalidated)
3248 silly packumentCache full:https://registry.npmjs.org/@xtuc%2fieee754 set size:5495 disposed:false
3249 silly placeDep ROOT @xtuc/ieee754@1.2.0 OK for: @webassemblyjs/ieee754@1.13.2 want: ^1.2.0
3250 silly placeDep ROOT esrecurse@4.3.0 OK for: eslint-scope@5.1.1 want: ^4.3.0
3251 silly placeDep ROOT estraverse@4.3.0 OK for: eslint-scope@5.1.1 want: ^4.1.1
3252 silly fetch manifest estraverse@^5.2.0
3253 silly packumentCache full:https://registry.npmjs.org/estraverse cache-hit
3254 silly placeDep node_modules/esrecurse estraverse@5.3.0 OK for: esrecurse@4.3.0 want: ^5.2.0
3255 silly placeDep ROOT jest-worker@27.5.1 OK for: terser-webpack-plugin@5.6.1 want: ^27.4.5
3256 silly fetch manifest merge-stream@^2.0.0
3257 silly packumentCache full:https://registry.npmjs.org/merge-stream cache-miss
3258 silly fetch manifest supports-color@^8.0.0
3259 silly packumentCache full:https://registry.npmjs.org/supports-color cache-miss
3260 http fetch GET 200 https://registry.npmjs.org/supports-color 93ms (cache revalidated)
3261 silly packumentCache full:https://registry.npmjs.org/supports-color set size:118680 disposed:false
3262 http fetch GET 200 https://registry.npmjs.org/merge-stream 132ms (cache revalidated)
3263 silly packumentCache full:https://registry.npmjs.org/merge-stream set size:22168 disposed:false
3264 silly placeDep ROOT merge-stream@2.0.0 OK for: jest-worker@27.5.1 want: ^2.0.0
3265 silly placeDep node_modules/jest-worker supports-color@8.1.1 OK for: jest-worker@27.5.1 want: ^8.0.0
3266 silly placeDep ROOT memfs@4.57.7 OK for: webpack-dev-middleware@7.4.2 want: ^4.6.0
3267 silly fetch manifest @jsonjoy.com/fs-core@4.57.7
3268 silly packumentCache full:https://registry.npmjs.org/@jsonjoy.com%2ffs-core cache-miss
3269 silly fetch manifest @jsonjoy.com/fs-fsa@4.57.7
3270 silly packumentCache full:https://registry.npmjs.org/@jsonjoy.com%2ffs-fsa cache-miss
3271 silly fetch manifest @jsonjoy.com/fs-node@4.57.7
3272 silly packumentCache full:https://registry.npmjs.org/@jsonjoy.com%2ffs-node cache-miss
3273 silly fetch manifest @jsonjoy.com/fs-node-builtins@4.57.7
3274 silly packumentCache full:https://registry.npmjs.org/@jsonjoy.com%2ffs-node-builtins cache-miss
3275 silly fetch manifest @jsonjoy.com/fs-node-to-fsa@4.57.7
3276 silly packumentCache full:https://registry.npmjs.org/@jsonjoy.com%2ffs-node-to-fsa cache-miss
3277 silly fetch manifest @jsonjoy.com/fs-node-utils@4.57.7
3278 silly packumentCache full:https://registry.npmjs.org/@jsonjoy.com%2ffs-node-utils cache-miss
3279 silly fetch manifest @jsonjoy.com/fs-print@4.57.7
3280 silly packumentCache full:https://registry.npmjs.org/@jsonjoy.com%2ffs-print cache-miss
3281 http fetch GET 200 https://registry.npmjs.org/@jsonjoy.com%2ffs-fsa 394ms (cache revalidated)
3282 silly packumentCache full:https://registry.npmjs.org/@jsonjoy.com%2ffs-fsa set size:54503 disposed:false
3283 silly fetch manifest @jsonjoy.com/fs-snapshot@4.57.7
3284 silly packumentCache full:https://registry.npmjs.org/@jsonjoy.com%2ffs-snapshot cache-miss
3285 http fetch GET 200 https://registry.npmjs.org/@jsonjoy.com%2ffs-node-builtins 406ms (cache revalidated)
3286 silly packumentCache full:https://registry.npmjs.org/@jsonjoy.com%2ffs-node-builtins set size:49584 disposed:false
3287 silly fetch manifest @jsonjoy.com/json-pack@^1.11.0
3288 silly packumentCache full:https://registry.npmjs.org/@jsonjoy.com%2fjson-pack cache-miss
3289 http fetch GET 200 https://registry.npmjs.org/@jsonjoy.com%2ffs-node-to-fsa 421ms (cache revalidated)
3290 silly packumentCache full:https://registry.npmjs.org/@jsonjoy.com%2ffs-node-to-fsa set size:52379 disposed:false
3291 silly fetch manifest @jsonjoy.com/util@^1.9.0
3292 silly packumentCache full:https://registry.npmjs.org/@jsonjoy.com%2futil cache-miss
3293 http fetch GET 200 https://registry.npmjs.org/@jsonjoy.com%2ffs-node-utils 427ms (cache revalidated)
3294 silly packumentCache full:https://registry.npmjs.org/@jsonjoy.com%2ffs-node-utils set size:50550 disposed:false
3295 silly fetch manifest glob-to-regex.js@^1.0.1
3296 silly packumentCache full:https://registry.npmjs.org/glob-to-regex.js cache-miss
3297 http fetch GET 200 https://registry.npmjs.org/@jsonjoy.com%2ffs-core 444ms (cache revalidated)
3298 silly packumentCache full:https://registry.npmjs.org/@jsonjoy.com%2ffs-core set size:53403 disposed:false
3299 silly fetch manifest thingies@^2.5.0
3300 silly packumentCache full:https://registry.npmjs.org/thingies cache-miss
3301 http fetch GET 200 https://registry.npmjs.org/@jsonjoy.com%2ffs-print 457ms (cache revalidated)
3302 silly packumentCache full:https://registry.npmjs.org/@jsonjoy.com%2ffs-print set size:50496 disposed:false
3303 silly fetch manifest tree-dump@^1.0.3
3304 silly packumentCache full:https://registry.npmjs.org/tree-dump cache-miss
3305 http fetch GET 200 https://registry.npmjs.org/@jsonjoy.com%2ffs-node 474ms (cache revalidated)
3306 silly packumentCache full:https://registry.npmjs.org/@jsonjoy.com%2ffs-node set size:55254 disposed:false
3307 http fetch GET 200 https://registry.npmjs.org/thingies 128ms (cache revalidated)
3308 silly packumentCache full:https://registry.npmjs.org/thingies set size:123554 disposed:false
3309 http fetch GET 200 https://registry.npmjs.org/glob-to-regex.js 167ms (cache revalidated)
3310 silly packumentCache full:https://registry.npmjs.org/glob-to-regex.js set size:13062 disposed:false
3311 http fetch GET 200 https://registry.npmjs.org/tree-dump 151ms (cache revalidated)
3312 silly packumentCache full:https://registry.npmjs.org/tree-dump set size:17522 disposed:false
3313 http fetch GET 200 https://registry.npmjs.org/@jsonjoy.com%2ffs-snapshot 325ms (cache revalidated)
3314 silly packumentCache full:https://registry.npmjs.org/@jsonjoy.com%2ffs-snapshot set size:54088 disposed:false
3315 http fetch GET 200 https://registry.npmjs.org/@jsonjoy.com%2futil 313ms (cache revalidated)
3316 silly packumentCache full:https://registry.npmjs.org/@jsonjoy.com%2futil set size:137475 disposed:false
3317 http fetch GET 200 https://registry.npmjs.org/@jsonjoy.com%2fjson-pack 565ms (cache revalidated)
3318 silly packumentCache full:https://registry.npmjs.org/@jsonjoy.com%2fjson-pack set size:284763 disposed:false
3319 silly placeDep ROOT @jsonjoy.com/fs-core@4.57.7 OK for: memfs@4.57.7 want: 4.57.7
3320 silly placeDep ROOT @jsonjoy.com/fs-fsa@4.57.7 OK for: memfs@4.57.7 want: 4.57.7
3321 silly placeDep ROOT @jsonjoy.com/fs-node@4.57.7 OK for: memfs@4.57.7 want: 4.57.7
3322 silly placeDep ROOT @jsonjoy.com/fs-node-builtins@4.57.7 OK for: memfs@4.57.7 want: 4.57.7
3323 silly placeDep ROOT @jsonjoy.com/fs-node-to-fsa@4.57.7 OK for: memfs@4.57.7 want: 4.57.7
3324 silly placeDep ROOT @jsonjoy.com/fs-node-utils@4.57.7 OK for: memfs@4.57.7 want: 4.57.7
3325 silly placeDep ROOT @jsonjoy.com/fs-print@4.57.7 OK for: memfs@4.57.7 want: 4.57.7
3326 silly placeDep ROOT @jsonjoy.com/fs-snapshot@4.57.7 OK for: memfs@4.57.7 want: 4.57.7
3327 silly placeDep ROOT @jsonjoy.com/json-pack@1.21.0 OK for: memfs@4.57.7 want: ^1.11.0
3328 silly placeDep ROOT @jsonjoy.com/util@1.9.0 OK for: memfs@4.57.7 want: ^1.9.0
3329 silly placeDep ROOT glob-to-regex.js@1.2.0 OK for: memfs@4.57.7 want: ^1.0.1
3330 silly placeDep ROOT thingies@2.6.0 OK for: memfs@4.57.7 want: ^2.5.0
3331 silly placeDep ROOT tree-dump@1.1.0 OK for: memfs@4.57.7 want: ^1.0.3
3332 silly fetch manifest glob-to-regex.js@^1.0.0
3333 silly packumentCache full:https://registry.npmjs.org/glob-to-regex.js cache-hit
3334 silly fetch manifest tree-dump@^1.1.0
3335 silly packumentCache full:https://registry.npmjs.org/tree-dump cache-hit
3336 silly fetch manifest @jsonjoy.com/buffers@^17.65.0
3337 silly packumentCache full:https://registry.npmjs.org/@jsonjoy.com%2fbuffers cache-miss
3338 silly fetch manifest @jsonjoy.com/json-pack@^17.65.0
3339 silly packumentCache full:https://registry.npmjs.org/@jsonjoy.com%2fjson-pack cache-hit
3340 silly fetch manifest @jsonjoy.com/util@^17.65.0
3341 silly packumentCache full:https://registry.npmjs.org/@jsonjoy.com%2futil cache-hit
3342 silly fetch manifest tree-dump@^1.1.0
3343 silly packumentCache full:https://registry.npmjs.org/tree-dump cache-hit
3344 silly fetch manifest hyperdyperid@^1.2.0
3345 silly packumentCache full:https://registry.npmjs.org/hyperdyperid cache-miss
3346 silly fetch manifest @jsonjoy.com/base64@^1.1.2
3347 silly packumentCache full:https://registry.npmjs.org/@jsonjoy.com%2fbase64 cache-miss
3348 silly fetch manifest @jsonjoy.com/buffers@^1.2.0
3349 silly packumentCache full:https://registry.npmjs.org/@jsonjoy.com%2fbuffers cache-miss
3350 silly fetch manifest @jsonjoy.com/codegen@^1.0.0
3351 silly packumentCache full:https://registry.npmjs.org/@jsonjoy.com%2fcodegen cache-miss
3352 silly fetch manifest @jsonjoy.com/json-pointer@^1.0.2
3353 silly packumentCache full:https://registry.npmjs.org/@jsonjoy.com%2fjson-pointer cache-miss
3354 silly fetch manifest @jsonjoy.com/buffers@^1.0.0
3355 silly packumentCache full:https://registry.npmjs.org/@jsonjoy.com%2fbuffers cache-miss
3356 http fetch GET 200 https://registry.npmjs.org/@jsonjoy.com%2fcodegen 161ms (cache revalidated)
3357 silly packumentCache full:https://registry.npmjs.org/@jsonjoy.com%2fcodegen set size:103712 disposed:false
3358 http fetch GET 200 https://registry.npmjs.org/@jsonjoy.com%2fjson-pointer 192ms (cache revalidated)
3359 silly packumentCache full:https://registry.npmjs.org/@jsonjoy.com%2fjson-pointer set size:106538 disposed:false
3360 http fetch GET 200 https://registry.npmjs.org/hyperdyperid 330ms (cache revalidated)
3361 silly packumentCache full:https://registry.npmjs.org/hyperdyperid set size:15077 disposed:false
3362 http fetch GET 200 https://registry.npmjs.org/@jsonjoy.com%2fbase64 374ms (cache revalidated)
3363 silly packumentCache full:https://registry.npmjs.org/@jsonjoy.com%2fbase64 set size:103225 disposed:false
3364 http fetch GET 200 https://registry.npmjs.org/@jsonjoy.com%2fbuffers 1904ms (cache revalidated)
3365 silly packumentCache full:https://registry.npmjs.org/@jsonjoy.com%2fbuffers set size:121788 disposed:false
3366 http fetch GET 200 https://registry.npmjs.org/@jsonjoy.com%2fbuffers 3442ms (cache revalidated)
3367 silly packumentCache full:https://registry.npmjs.org/@jsonjoy.com%2fbuffers set size:121788 disposed:false
3368 silly packumentCache full:https://registry.npmjs.org/@jsonjoy.com%2fbuffers dispose
3369 http fetch GET 200 https://registry.npmjs.org/@jsonjoy.com%2fbuffers 4725ms (cache revalidated)
3370 silly packumentCache full:https://registry.npmjs.org/@jsonjoy.com%2fbuffers set size:121788 disposed:true
3371 silly packumentCache full:https://registry.npmjs.org/@jsonjoy.com%2fbuffers dispose
3372 silly placeDep ROOT @jsonjoy.com/buffers@17.67.0 OK for: @jsonjoy.com/fs-snapshot@4.57.7 want: ^17.65.0
3373 silly placeDep node_modules/@jsonjoy.com/fs-snapshot @jsonjoy.com/json-pack@17.67.0 OK for: @jsonjoy.com/fs-snapshot@4.57.7 want: ^17.65.0
3374 silly placeDep node_modules/@jsonjoy.com/fs-snapshot @jsonjoy.com/util@17.67.0 OK for: @jsonjoy.com/fs-snapshot@4.57.7 want: ^17.65.0
3375 silly fetch manifest @jsonjoy.com/util@17.67.0
3376 silly packumentCache full:https://registry.npmjs.org/@jsonjoy.com%2futil cache-hit
3377 silly fetch manifest @jsonjoy.com/base64@17.67.0
3378 silly packumentCache full:https://registry.npmjs.org/@jsonjoy.com%2fbase64 cache-hit
3379 silly fetch manifest @jsonjoy.com/codegen@17.67.0
3380 silly packumentCache full:https://registry.npmjs.org/@jsonjoy.com%2fcodegen cache-hit
3381 silly fetch manifest @jsonjoy.com/json-pointer@17.67.0
3382 silly packumentCache full:https://registry.npmjs.org/@jsonjoy.com%2fjson-pointer cache-hit
3383 silly fetch manifest @jsonjoy.com/codegen@17.67.0
3384 silly packumentCache full:https://registry.npmjs.org/@jsonjoy.com%2fcodegen cache-hit
3385 silly placeDep ROOT @jsonjoy.com/base64@1.1.2 OK for: @jsonjoy.com/json-pack@1.21.0 want: ^1.1.2
3386 silly placeDep node_modules/@jsonjoy.com/json-pack @jsonjoy.com/buffers@1.2.1 OK for: @jsonjoy.com/json-pack@1.21.0 want: ^1.2.0
3387 silly placeDep ROOT @jsonjoy.com/codegen@1.0.0 OK for: @jsonjoy.com/json-pack@1.21.0 want: ^1.0.0
3388 silly placeDep ROOT @jsonjoy.com/json-pointer@1.0.2 OK for: @jsonjoy.com/json-pack@1.21.0 want: ^1.0.2
3389 silly placeDep ROOT hyperdyperid@1.2.0 OK for: @jsonjoy.com/json-pack@1.21.0 want: ^1.2.0
3390 silly placeDep node_modules/@jsonjoy.com/util @jsonjoy.com/buffers@1.2.1 OK for: @jsonjoy.com/util@1.9.0 want: ^1.0.0
3391 silly placeDep ROOT @types/bonjour@3.5.13 OK for: webpack-dev-server@5.2.2 want: ^3.5.13
3392 silly placeDep ROOT @types/connect-history-api-fallback@1.5.4 OK for: webpack-dev-server@5.2.2 want: ^1.5.4
3393 silly placeDep ROOT @types/express@4.17.25 OK for: webpack-dev-server@5.2.2 want: ^4.17.21
3394 silly placeDep ROOT @types/express-serve-static-core@4.19.8 OK for: webpack-dev-server@5.2.2 want: ^4.17.21
3395 silly placeDep ROOT @types/serve-index@1.9.4 OK for: webpack-dev-server@5.2.2 want: ^1.9.4
3396 silly placeDep ROOT @types/serve-static@1.15.10 OK for: webpack-dev-server@5.2.2 want: ^1.15.5
3397 silly placeDep ROOT @types/sockjs@0.3.36 OK for: webpack-dev-server@5.2.2 want: ^0.3.36
3398 silly placeDep ROOT @types/ws@8.18.1 OK for: webpack-dev-server@5.2.2 want: ^8.5.10
3399 silly placeDep ROOT ansi-html-community@0.0.8 OK for: webpack-dev-server@5.2.2 want: ^0.0.8
3400 silly placeDep ROOT bonjour-service@1.4.1 OK for: webpack-dev-server@5.2.2 want: ^1.2.1
3401 silly placeDep ROOT chokidar@3.6.0 REPLACE for: webpack-dev-server@5.2.2 want: ^3.6.0
3402 silly placeDep ROOT compression@1.8.1 OK for: webpack-dev-server@5.2.2 want: ^1.7.4
3403 silly placeDep ROOT connect-history-api-fallback@2.0.0 OK for: webpack-dev-server@5.2.2 want: ^2.0.0
3404 silly placeDep ROOT express@4.22.2 OK for: webpack-dev-server@5.2.2 want: ^4.21.2
3405 silly placeDep node_modules/webpack-dev-server http-proxy-middleware@2.0.9 OK for: webpack-dev-server@5.2.2 want: ^2.0.9
3406 silly placeDep ROOT ipaddr.js@2.4.0 OK for: webpack-dev-server@5.2.2 want: ^2.1.0
3407 silly placeDep ROOT launch-editor@2.14.1 OK for: webpack-dev-server@5.2.2 want: ^2.6.1
3408 silly placeDep ROOT p-retry@6.2.1 OK for: webpack-dev-server@5.2.2 want: ^6.2.0
3409 silly placeDep ROOT selfsigned@2.4.1 OK for: webpack-dev-server@5.2.2 want: ^2.4.1
3410 silly placeDep ROOT serve-index@1.9.2 OK for: webpack-dev-server@5.2.2 want: ^1.9.1
3411 silly placeDep ROOT sockjs@0.3.24 OK for: webpack-dev-server@5.2.2 want: ^0.3.24
3412 silly placeDep ROOT spdy@4.0.2 OK for: webpack-dev-server@5.2.2 want: ^4.0.2
3413 silly placeDep ROOT ws@8.21.0 OK for: webpack-dev-server@5.2.2 want: ^8.18.0
3414 silly fetch manifest @types/express-serve-static-core@*
3415 silly packumentCache full:https://registry.npmjs.org/@types%2fexpress-serve-static-core cache-hit
3416 silly fetch manifest @types/qs@*
3417 silly packumentCache full:https://registry.npmjs.org/@types%2fqs cache-miss
3418 silly fetch manifest @types/body-parser@*
3419 silly packumentCache full:https://registry.npmjs.org/@types%2fbody-parser cache-miss
3420 silly fetch manifest @types/serve-static@^1
3421 silly packumentCache full:https://registry.npmjs.org/@types%2fserve-static cache-hit
3422 silly fetch manifest @types/express-serve-static-core@^4.17.33
3423 silly packumentCache full:https://registry.npmjs.org/@types%2fexpress-serve-static-core cache-hit
3424 silly fetch manifest @types/qs@*
3425 silly packumentCache full:https://registry.npmjs.org/@types%2fqs cache-miss
3426 silly fetch manifest @types/send@*
3427 silly packumentCache full:https://registry.npmjs.org/@types%2fsend cache-miss
3428 silly fetch manifest @types/range-parser@*
3429 silly packumentCache full:https://registry.npmjs.org/@types%2frange-parser cache-miss
3430 silly fetch manifest @types/send@<1
3431 silly packumentCache full:https://registry.npmjs.org/@types%2fsend cache-miss
3432 silly fetch manifest @types/http-errors@*
3433 silly packumentCache full:https://registry.npmjs.org/@types%2fhttp-errors cache-miss
3434 http fetch GET 200 https://registry.npmjs.org/@types%2fsend 307ms (cache revalidated)
3435 silly packumentCache full:https://registry.npmjs.org/@types%2fsend set size:29985 disposed:false
3436 silly fetch manifest multicast-dns@^7.2.5
3437 silly packumentCache full:https://registry.npmjs.org/multicast-dns cache-miss
3438 http fetch GET 200 https://registry.npmjs.org/@types%2fsend 458ms (cache revalidated)
3439 silly packumentCache full:https://registry.npmjs.org/@types%2fsend set size:29985 disposed:false
3440 silly packumentCache full:https://registry.npmjs.org/@types%2fsend dispose
3441 silly fetch manifest debug@2.6.9
3442 silly packumentCache full:https://registry.npmjs.org/debug cache-miss
3443 http fetch GET 200 https://registry.npmjs.org/@types%2fqs 481ms (cache revalidated)
3444 silly packumentCache full:https://registry.npmjs.org/@types%2fqs set size:84522 disposed:false
3445 silly fetch manifest negotiator@~0.6.4
3446 silly packumentCache full:https://registry.npmjs.org/negotiator cache-hit
3447 silly fetch manifest on-headers@~1.1.0
3448 silly packumentCache full:https://registry.npmjs.org/on-headers cache-miss
3449 http fetch GET 200 https://registry.npmjs.org/@types%2fqs 551ms (cache revalidated)
3450 silly packumentCache full:https://registry.npmjs.org/@types%2fqs set size:84522 disposed:false
3451 silly packumentCache full:https://registry.npmjs.org/@types%2fqs dispose
3452 silly fetch manifest compressible@~2.0.18
3453 silly packumentCache full:https://registry.npmjs.org/compressible cache-miss
3454 http fetch GET 200 https://registry.npmjs.org/@types%2fbody-parser 696ms (cache revalidated)
3455 silly packumentCache full:https://registry.npmjs.org/@types%2fbody-parser set size:59466 disposed:false
3456 silly fetch manifest qs@~6.15.1
3457 silly packumentCache full:https://registry.npmjs.org/qs cache-miss
3458 http fetch GET 200 https://registry.npmjs.org/@types%2fhttp-errors 658ms (cache revalidated)
3459 silly packumentCache full:https://registry.npmjs.org/@types%2fhttp-errors set size:48994 disposed:false
3460 silly fetch manifest etag@~1.8.1
3461 silly packumentCache full:https://registry.npmjs.org/etag cache-miss
3462 http fetch GET 200 https://registry.npmjs.org/@types%2frange-parser 701ms (cache revalidated)
3463 silly packumentCache full:https://registry.npmjs.org/@types%2frange-parser set size:15278 disposed:false
3464 silly fetch manifest send@~0.19.0
3465 silly packumentCache full:https://registry.npmjs.org/send cache-miss
3466 http fetch GET 200 https://registry.npmjs.org/on-headers 503ms (cache revalidated)
3467 silly packumentCache full:https://registry.npmjs.org/on-headers set size:13226 disposed:false
3468 silly fetch manifest debug@2.6.9
3469 silly packumentCache full:https://registry.npmjs.org/debug cache-miss
3470 http fetch GET 200 https://registry.npmjs.org/debug 611ms (cache revalidated)
3471 silly packumentCache full:https://registry.npmjs.org/debug set size:195840 disposed:false
3472 silly fetch manifest fresh@~0.5.2
3473 silly packumentCache full:https://registry.npmjs.org/fresh cache-miss
3474 http fetch GET 200 https://registry.npmjs.org/send 489ms (cache revalidated)
3475 silly packumentCache full:https://registry.npmjs.org/send set size:152810 disposed:false
3476 silly fetch manifest methods@~1.1.2
3477 silly packumentCache full:https://registry.npmjs.org/methods cache-miss
3478 http fetch GET 200 https://registry.npmjs.org/compressible 669ms (cache revalidated)
3479 silly packumentCache full:https://registry.npmjs.org/compressible set size:61733 disposed:false
3480 silly fetch manifest statuses@~2.0.1
3481 silly packumentCache full:https://registry.npmjs.org/statuses cache-miss
3482 http fetch GET 200 https://registry.npmjs.org/qs 603ms (cache revalidated)
3483 silly packumentCache full:https://registry.npmjs.org/qs set size:356906 disposed:false
3484 silly fetch manifest encodeurl@~2.0.0
3485 silly packumentCache full:https://registry.npmjs.org/encodeurl cache-miss
3486 http fetch GET 200 https://registry.npmjs.org/multicast-dns 985ms (cache revalidated)
3487 silly packumentCache full:https://registry.npmjs.org/multicast-dns set size:79279 disposed:false
3488 silly fetch manifest proxy-addr@~2.0.7
3489 silly packumentCache full:https://registry.npmjs.org/proxy-addr cache-miss
3490 http fetch GET 200 https://registry.npmjs.org/etag 884ms (cache revalidated)
3491 silly packumentCache full:https://registry.npmjs.org/etag set size:30032 disposed:false
3492 silly fetch manifest body-parser@~1.20.5
3493 silly packumentCache full:https://registry.npmjs.org/body-parser cache-miss
3494 http cache https://registry.npmjs.org/debug 676ms (cache hit)
3495 silly packumentCache full:https://registry.npmjs.org/debug set size:195840 disposed:false
3496 silly packumentCache full:https://registry.npmjs.org/debug dispose
3497 silly fetch manifest finalhandler@~1.3.1
3498 silly packumentCache full:https://registry.npmjs.org/finalhandler cache-miss
3499 http fetch GET 200 https://registry.npmjs.org/methods 779ms (cache revalidated)
3500 silly packumentCache full:https://registry.npmjs.org/methods set size:12600 disposed:false
3501 silly fetch manifest serve-static@~1.16.2
3502 silly packumentCache full:https://registry.npmjs.org/serve-static cache-miss
3503 http fetch GET 200 https://registry.npmjs.org/statuses 774ms (cache revalidated)
3504 silly packumentCache full:https://registry.npmjs.org/statuses set size:37117 disposed:false
3505 silly fetch manifest array-flatten@1.1.1
3506 silly packumentCache full:https://registry.npmjs.org/array-flatten cache-miss
3507 http fetch GET 200 https://registry.npmjs.org/proxy-addr 698ms (cache revalidated)
3508 silly packumentCache full:https://registry.npmjs.org/proxy-addr set size:61619 disposed:false
3509 silly fetch manifest path-to-regexp@~0.1.12
3510 silly packumentCache full:https://registry.npmjs.org/path-to-regexp cache-miss
3511 http fetch GET 200 https://registry.npmjs.org/fresh 938ms (cache revalidated)
3512 silly packumentCache full:https://registry.npmjs.org/fresh set size:25427 disposed:false
3513 silly fetch manifest cookie-signature@~1.0.6
3514 silly packumentCache full:https://registry.npmjs.org/cookie-signature cache-miss
3515 http fetch GET 200 https://registry.npmjs.org/encodeurl 815ms (cache revalidated)
3516 silly packumentCache full:https://registry.npmjs.org/encodeurl set size:12296 disposed:false
3517 silly fetch manifest merge-descriptors@1.0.3
3518 silly packumentCache full:https://registry.npmjs.org/merge-descriptors cache-miss
3519 http fetch GET 200 https://registry.npmjs.org/body-parser 622ms (cache revalidated)
3520 silly packumentCache full:https://registry.npmjs.org/body-parser set size:199299 disposed:false
3521 silly fetch manifest content-disposition@~0.5.4
3522 silly packumentCache full:https://registry.npmjs.org/content-disposition cache-miss
3523 http fetch GET 200 https://registry.npmjs.org/finalhandler 522ms (cache revalidated)
3524 silly packumentCache full:https://registry.npmjs.org/finalhandler set size:79291 disposed:false
3525 silly fetch manifest is-plain-obj@^3.0.0
3526 silly packumentCache full:https://registry.npmjs.org/is-plain-obj cache-miss
3527 http fetch GET 200 https://registry.npmjs.org/merge-descriptors 297ms (cache revalidated)
3528 silly packumentCache full:https://registry.npmjs.org/merge-descriptors set size:16527 disposed:false
3529 silly fetch manifest shell-quote@^1.8.4
3530 silly packumentCache full:https://registry.npmjs.org/shell-quote cache-miss
3531 http fetch GET 200 https://registry.npmjs.org/serve-static 466ms (cache revalidated)
3532 silly packumentCache full:https://registry.npmjs.org/serve-static set size:150391 disposed:false
3533 silly fetch manifest retry@^0.13.1
3534 silly packumentCache full:https://registry.npmjs.org/retry cache-hit
3535 silly fetch manifest @types/retry@0.12.2
3536 silly packumentCache full:https://registry.npmjs.org/@types%2fretry cache-miss
3537 http fetch GET 200 https://registry.npmjs.org/cookie-signature 406ms (cache revalidated)
3538 silly packumentCache full:https://registry.npmjs.org/cookie-signature set size:21777 disposed:false
3539 silly fetch manifest is-network-error@^1.0.0
3540 silly packumentCache full:https://registry.npmjs.org/is-network-error cache-miss
3541 http fetch GET 200 https://registry.npmjs.org/path-to-regexp 445ms (cache revalidated)
3542 silly packumentCache full:https://registry.npmjs.org/path-to-regexp set size:216334 disposed:false
3543 silly fetch manifest node-forge@^1
3544 silly packumentCache full:https://registry.npmjs.org/node-forge cache-miss
3545 http fetch GET 200 https://registry.npmjs.org/array-flatten 606ms (cache revalidated)
3546 silly packumentCache full:https://registry.npmjs.org/array-flatten set size:24005 disposed:false
3547 silly fetch manifest @types/node-forge@^1.3.0
3548 silly packumentCache full:https://registry.npmjs.org/@types%2fnode-forge cache-miss
3549 http fetch GET 200 https://registry.npmjs.org/content-disposition 508ms (cache revalidated)
3550 silly packumentCache full:https://registry.npmjs.org/content-disposition set size:42862 disposed:false
3551 silly fetch manifest batch@0.6.1
3552 silly packumentCache full:https://registry.npmjs.org/batch cache-miss
3553 http fetch GET 200 https://registry.npmjs.org/is-plain-obj 960ms (cache revalidated)
3554 silly packumentCache full:https://registry.npmjs.org/is-plain-obj set size:17899 disposed:false
3555 silly fetch manifest http-errors@~1.8.0
3556 silly packumentCache full:https://registry.npmjs.org/http-errors cache-miss
3557 http fetch GET 200 https://registry.npmjs.org/@types%2fretry 830ms (cache revalidated)
3558 silly packumentCache full:https://registry.npmjs.org/@types%2fretry set size:17008 disposed:false
3559 silly fetch manifest faye-websocket@^0.11.3
3560 silly packumentCache full:https://registry.npmjs.org/faye-websocket cache-miss
3561 http fetch GET 200 https://registry.npmjs.org/is-network-error 850ms (cache revalidated)
3562 silly packumentCache full:https://registry.npmjs.org/is-network-error set size:14699 disposed:false
3563 silly fetch manifest uuid@^8.3.2
3564 silly packumentCache full:https://registry.npmjs.org/uuid cache-miss
3565 http fetch GET 200 https://registry.npmjs.org/node-forge 785ms (cache revalidated)
3566 silly packumentCache full:https://registry.npmjs.org/node-forge set size:394631 disposed:false
3567 silly fetch manifest websocket-driver@^0.7.4
3568 silly packumentCache full:https://registry.npmjs.org/websocket-driver cache-miss
3569 http fetch GET 200 https://registry.npmjs.org/shell-quote 1141ms (cache revalidated)
3570 silly packumentCache full:https://registry.npmjs.org/shell-quote set size:65011 disposed:false
3571 silly fetch manifest handle-thing@^2.0.0
3572 silly packumentCache full:https://registry.npmjs.org/handle-thing cache-miss
3573 http fetch GET 200 https://registry.npmjs.org/@types%2fnode-forge 1063ms (cache revalidated)
3574 silly packumentCache full:https://registry.npmjs.org/@types%2fnode-forge set size:228988 disposed:false
3575 silly fetch manifest http-deceiver@^1.2.7
3576 silly packumentCache full:https://registry.npmjs.org/http-deceiver cache-miss
3577 http fetch GET 200 https://registry.npmjs.org/batch 6521ms (cache revalidated)
3578 silly packumentCache full:https://registry.npmjs.org/batch set size:18505 disposed:false
3579 silly fetch manifest select-hose@^2.0.0
3580 silly packumentCache full:https://registry.npmjs.org/select-hose cache-miss
3581 http fetch GET 200 https://registry.npmjs.org/uuid 6485ms (cache revalidated)
3582 silly packumentCache full:https://registry.npmjs.org/uuid set size:234700 disposed:false
3583 silly fetch manifest spdy-transport@^3.0.0
3584 silly packumentCache full:https://registry.npmjs.org/spdy-transport cache-miss
3585 http fetch GET 200 https://registry.npmjs.org/faye-websocket 6820ms (cache revalidated)
3586 silly packumentCache full:https://registry.npmjs.org/faye-websocket set size:45682 disposed:false
3587 http fetch GET 200 https://registry.npmjs.org/websocket-driver 6728ms (cache revalidated)
3588 silly packumentCache full:https://registry.npmjs.org/websocket-driver set size:57610 disposed:false
3589 http fetch GET 200 https://registry.npmjs.org/http-errors 6942ms (cache revalidated)
3590 silly packumentCache full:https://registry.npmjs.org/http-errors set size:71987 disposed:false
3591 http fetch GET 200 https://registry.npmjs.org/handle-thing 6718ms (cache revalidated)
3592 silly packumentCache full:https://registry.npmjs.org/handle-thing set size:20817 disposed:false
3593 http fetch GET 200 https://registry.npmjs.org/http-deceiver 1870ms (cache revalidated)
3594 silly packumentCache full:https://registry.npmjs.org/http-deceiver set size:16525 disposed:false
3595 http fetch GET 200 https://registry.npmjs.org/select-hose 8873ms (cache revalidated)
3596 silly packumentCache full:https://registry.npmjs.org/select-hose set size:5125 disposed:false
3597 http fetch GET 200 https://registry.npmjs.org/spdy-transport 14751ms (cache revalidated)
3598 silly packumentCache full:https://registry.npmjs.org/spdy-transport set size:89673 disposed:false
3599 silly placeDep ROOT @types/body-parser@1.19.6 OK for: @types/express@4.17.25 want: *
3600 silly placeDep ROOT @types/qs@6.15.1 OK for: @types/express@4.17.25 want: *
3601 silly fetch manifest @types/connect@*
3602 silly packumentCache full:https://registry.npmjs.org/@types%2fconnect cache-miss
3603 http fetch GET 200 https://registry.npmjs.org/@types%2fconnect 264ms (cache revalidated)
3604 silly packumentCache full:https://registry.npmjs.org/@types%2fconnect set size:31512 disposed:false
3605 silly placeDep ROOT @types/connect@3.4.38 OK for: @types/body-parser@1.19.6 want: *
3606 silly placeDep ROOT @types/range-parser@1.2.7 OK for: @types/express-serve-static-core@4.19.8 want: *
3607 silly placeDep ROOT @types/send@1.2.1 OK for: @types/express-serve-static-core@4.19.8 want: *
3608 silly placeDep ROOT @types/http-errors@2.0.5 OK for: @types/serve-static@1.15.10 want: *
3609 silly placeDep node_modules/@types/serve-static @types/send@0.17.6 OK for: @types/serve-static@1.15.10 want: <1
3610 silly fetch manifest @types/mime@^1
3611 silly packumentCache full:https://registry.npmjs.org/@types%2fmime cache-miss
3612 http fetch GET 200 https://registry.npmjs.org/@types%2fmime 192ms (cache revalidated)
3613 silly packumentCache full:https://registry.npmjs.org/@types%2fmime set size:43242 disposed:false
3614 silly placeDep ROOT multicast-dns@7.2.5 OK for: bonjour-service@1.4.1 want: ^7.2.5
3615 silly fetch manifest thunky@^1.0.2
3616 silly packumentCache full:https://registry.npmjs.org/thunky cache-miss
3617 silly fetch manifest dns-packet@^5.2.2
3618 silly packumentCache full:https://registry.npmjs.org/dns-packet cache-miss
3619 http fetch GET 200 https://registry.npmjs.org/dns-packet 112ms (cache revalidated)
3620 silly packumentCache full:https://registry.npmjs.org/dns-packet set size:96184 disposed:false
3621 http fetch GET 200 https://registry.npmjs.org/thunky 126ms (cache revalidated)
3622 silly packumentCache full:https://registry.npmjs.org/thunky set size:14018 disposed:false
3623 silly placeDep ROOT compressible@2.0.18 OK for: compression@1.8.1 want: ~2.0.18
3624 silly placeDep node_modules/compression debug@2.6.9 OK for: compression@1.8.1 want: 2.6.9
3625 silly placeDep node_modules/compression negotiator@0.6.4 OK for: compression@1.8.1 want: ~0.6.4
3626 silly placeDep ROOT on-headers@1.1.0 OK for: compression@1.8.1 want: ~1.1.0
3627 silly fetch manifest ms@2.0.0
3628 silly packumentCache full:https://registry.npmjs.org/ms cache-miss
3629 http fetch GET 200 https://registry.npmjs.org/ms 110ms (cache revalidated)
3630 silly packumentCache full:https://registry.npmjs.org/ms set size:92208 disposed:false
3631 silly placeDep ROOT array-flatten@1.1.1 OK for: express@4.22.2 want: 1.1.1
3632 silly placeDep ROOT body-parser@1.20.5 REPLACE for: express@4.22.2 want: ~1.20.5
3633 silly placeDep ROOT content-disposition@0.5.4 OK for: express@4.22.2 want: ~0.5.4
3634 silly placeDep ROOT cookie-signature@1.0.7 OK for: express@4.22.2 want: ~1.0.6
3635 silly placeDep node_modules/express debug@2.6.9 OK for: express@4.22.2 want: 2.6.9
3636 silly placeDep node_modules/express encodeurl@2.0.0 OK for: express@4.22.2 want: ~2.0.0
3637 silly placeDep ROOT etag@1.8.1 OK for: express@4.22.2 want: ~1.8.1
3638 silly placeDep node_modules/express finalhandler@1.3.2 OK for: express@4.22.2 want: ~1.3.1
3639 silly placeDep ROOT fresh@0.5.2 OK for: express@4.22.2 want: ~0.5.2
3640 silly placeDep ROOT merge-descriptors@1.0.3 OK for: express@4.22.2 want: 1.0.3
3641 silly placeDep ROOT methods@1.1.2 OK for: express@4.22.2 want: ~1.1.2
3642 silly placeDep ROOT path-to-regexp@0.1.13 OK for: express@4.22.2 want: ~0.1.12
3643 silly placeDep ROOT proxy-addr@2.0.7 OK for: express@4.22.2 want: ~2.0.7
3644 silly placeDep ROOT qs@6.15.2 OK for: express@4.22.2 want: ~6.15.1
3645 silly placeDep ROOT send@0.19.2 OK for: express@4.22.2 want: ~0.19.0
3646 silly placeDep ROOT serve-static@1.16.3 OK for: express@4.22.2 want: ~1.16.2
3647 silly placeDep node_modules/express statuses@2.0.2 OK for: express@4.22.2 want: ~2.0.1
3648 silly fetch manifest http-errors@~2.0.1
3649 silly packumentCache full:https://registry.npmjs.org/http-errors cache-hit
3650 silly fetch manifest iconv-lite@~0.4.24
3651 silly packumentCache full:https://registry.npmjs.org/iconv-lite cache-hit
3652 silly fetch manifest raw-body@~2.5.3
3653 silly packumentCache full:https://registry.npmjs.org/raw-body cache-miss
3654 silly fetch manifest statuses@~2.0.2
3655 silly packumentCache full:https://registry.npmjs.org/statuses cache-hit
3656 silly fetch manifest forwarded@0.2.0
3657 silly packumentCache full:https://registry.npmjs.org/forwarded cache-miss
3658 silly fetch manifest ipaddr.js@1.9.1
3659 silly packumentCache full:https://registry.npmjs.org/ipaddr.js cache-hit
3660 silly fetch manifest side-channel@^1.1.0
3661 silly packumentCache full:https://registry.npmjs.org/side-channel cache-miss
3662 silly fetch manifest mime@1.6.0
3663 silly packumentCache full:https://registry.npmjs.org/mime cache-hit
3664 http fetch GET 200 https://registry.npmjs.org/raw-body 194ms (cache revalidated)
3665 silly packumentCache full:https://registry.npmjs.org/raw-body set size:117822 disposed:false
3666 http fetch GET 200 https://registry.npmjs.org/forwarded 204ms (cache revalidated)
3667 silly packumentCache full:https://registry.npmjs.org/forwarded set size:11229 disposed:false
3668 http fetch GET 200 https://registry.npmjs.org/side-channel 199ms (cache revalidated)
3669 silly packumentCache full:https://registry.npmjs.org/side-channel set size:27650 disposed:false
3670 silly placeDep node_modules/body-parser http-errors@2.0.1 OK for: body-parser@1.20.5 want: ~2.0.1
3671 silly placeDep ROOT iconv-lite@0.4.24 OK for: body-parser@1.20.5 want: ~0.4.24
3672 silly placeDep ROOT raw-body@2.5.3 OK for: body-parser@1.20.5 want: ~2.5.3
3673 silly placeDep ROOT shell-quote@1.8.4 OK for: launch-editor@2.14.1 want: ^1.8.4
3674 silly placeDep ROOT dns-packet@5.6.1 OK for: multicast-dns@7.2.5 want: ^5.2.2
3675 silly placeDep ROOT thunky@1.1.0 OK for: multicast-dns@7.2.5 want: ^1.0.2
3676 silly fetch manifest @leichtgewicht/ip-codec@^2.0.1
3677 silly packumentCache full:https://registry.npmjs.org/@leichtgewicht%2fip-codec cache-miss
3678 http fetch GET 200 https://registry.npmjs.org/@leichtgewicht%2fip-codec 147ms (cache revalidated)
3679 silly packumentCache full:https://registry.npmjs.org/@leichtgewicht%2fip-codec set size:20495 disposed:false
3680 silly placeDep ROOT @leichtgewicht/ip-codec@2.0.5 OK for: dns-packet@5.6.1 want: ^2.0.1
3681 silly placeDep ROOT @types/retry@0.12.2 OK for: p-retry@6.2.1 want: 0.12.2
3682 silly placeDep ROOT is-network-error@1.3.2 OK for: p-retry@6.2.1 want: ^1.0.0
3683 silly placeDep node_modules/p-retry retry@0.13.1 OK for: p-retry@6.2.1 want: ^0.13.1
3684 silly placeDep ROOT forwarded@0.2.0 OK for: proxy-addr@2.0.7 want: 0.2.0
3685 silly placeDep node_modules/proxy-addr ipaddr.js@1.9.1 OK for: proxy-addr@2.0.7 want: 1.9.1
3686 silly placeDep ROOT side-channel@1.1.1 OK for: qs@6.15.2 want: ^1.1.0
3687 silly fetch manifest object-inspect@^1.13.4
3688 silly packumentCache full:https://registry.npmjs.org/object-inspect cache-miss
3689 silly fetch manifest side-channel-list@^1.0.1
3690 silly packumentCache full:https://registry.npmjs.org/side-channel-list cache-miss
3691 silly fetch manifest side-channel-map@^1.0.1
3692 silly packumentCache full:https://registry.npmjs.org/side-channel-map cache-miss
3693 silly fetch manifest side-channel-weakmap@^1.0.2
3694 silly packumentCache full:https://registry.npmjs.org/side-channel-weakmap cache-miss
3695 http fetch GET 200 https://registry.npmjs.org/side-channel-map 185ms (cache revalidated)
3696 silly packumentCache full:https://registry.npmjs.org/side-channel-map set size:9126 disposed:false
3697 http fetch GET 200 https://registry.npmjs.org/side-channel-list 194ms (cache revalidated)
3698 silly packumentCache full:https://registry.npmjs.org/side-channel-list set size:9021 disposed:false
3699 http fetch GET 200 https://registry.npmjs.org/object-inspect 201ms (cache revalidated)
3700 silly packumentCache full:https://registry.npmjs.org/object-inspect set size:101912 disposed:false
3701 http fetch GET 200 https://registry.npmjs.org/side-channel-weakmap 206ms (cache revalidated)
3702 silly packumentCache full:https://registry.npmjs.org/side-channel-weakmap set size:12620 disposed:false
3703 silly placeDep node_modules/raw-body http-errors@2.0.1 OK for: raw-body@2.5.3 want: ~2.0.1
3704 silly placeDep ROOT @types/node-forge@1.3.14 OK for: selfsigned@2.4.1 want: ^1.3.0
3705 silly placeDep ROOT node-forge@1.4.0 OK for: selfsigned@2.4.1 want: ^1
3706 silly placeDep node_modules/send debug@2.6.9 OK for: send@0.19.2 want: 2.6.9
3707 silly placeDep node_modules/send encodeurl@2.0.0 OK for: send@0.19.2 want: ~2.0.0
3708 silly placeDep node_modules/send http-errors@2.0.1 OK for: send@0.19.2 want: ~2.0.1
3709 silly placeDep node_modules/send mime@1.6.0 OK for: send@0.19.2 want: 1.6.0
3710 silly placeDep node_modules/send statuses@2.0.2 OK for: send@0.19.2 want: ~2.0.2
3711 silly placeDep ROOT batch@0.6.1 OK for: serve-index@1.9.2 want: 0.6.1
3712 silly placeDep node_modules/serve-index debug@2.6.9 OK for: serve-index@1.9.2 want: 2.6.9
3713 silly placeDep node_modules/serve-index http-errors@1.8.1 OK for: serve-index@1.9.2 want: ~1.8.0
3714 silly fetch manifest depd@~1.1.2
3715 silly packumentCache full:https://registry.npmjs.org/depd cache-miss
3716 http fetch GET 200 https://registry.npmjs.org/depd 117ms (cache revalidated)
3717 silly packumentCache full:https://registry.npmjs.org/depd set size:40182 disposed:false
3718 silly placeDep node_modules/serve-static encodeurl@2.0.0 OK for: serve-static@1.16.3 want: ~2.0.0
3719 silly placeDep ROOT object-inspect@1.13.4 OK for: side-channel@1.1.1 want: ^1.13.4
3720 silly placeDep ROOT side-channel-list@1.0.1 OK for: side-channel@1.1.1 want: ^1.0.1
3721 silly placeDep ROOT side-channel-map@1.0.1 OK for: side-channel@1.1.1 want: ^1.0.1
3722 silly placeDep ROOT side-channel-weakmap@1.0.2 OK for: side-channel@1.1.1 want: ^1.0.2
3723 silly placeDep ROOT faye-websocket@0.11.4 OK for: sockjs@0.3.24 want: ^0.11.3
3724 silly placeDep ROOT uuid@8.3.2 OK for: sockjs@0.3.24 want: ^8.3.2
3725 silly placeDep ROOT websocket-driver@0.7.5 OK for: sockjs@0.3.24 want: ^0.7.4
3726 silly fetch manifest websocket-driver@>=0.5.1
3727 silly packumentCache full:https://registry.npmjs.org/websocket-driver cache-hit
3728 silly fetch manifest http-parser-js@>=0.5.1
3729 silly packumentCache full:https://registry.npmjs.org/http-parser-js cache-miss
3730 silly fetch manifest websocket-extensions@>=0.1.1
3731 silly packumentCache full:https://registry.npmjs.org/websocket-extensions cache-miss
3732 http fetch GET 200 https://registry.npmjs.org/websocket-extensions 133ms (cache revalidated)
3733 silly packumentCache full:https://registry.npmjs.org/websocket-extensions set size:22792 disposed:false
3734 http fetch GET 200 https://registry.npmjs.org/http-parser-js 153ms (cache revalidated)
3735 silly packumentCache full:https://registry.npmjs.org/http-parser-js set size:68161 disposed:false
3736 silly placeDep ROOT handle-thing@2.0.1 OK for: spdy@4.0.2 want: ^2.0.0
3737 silly placeDep ROOT http-deceiver@1.2.7 OK for: spdy@4.0.2 want: ^1.2.7
3738 silly placeDep ROOT select-hose@2.0.0 OK for: spdy@4.0.2 want: ^2.0.0
3739 silly placeDep ROOT spdy-transport@3.0.0 OK for: spdy@4.0.2 want: ^3.0.0
3740 silly fetch manifest detect-node@^2.0.4
3741 silly packumentCache full:https://registry.npmjs.org/detect-node cache-miss
3742 silly fetch manifest hpack.js@^2.1.6
3743 silly packumentCache full:https://registry.npmjs.org/hpack.js cache-miss
3744 silly fetch manifest obuf@^1.1.2
3745 silly packumentCache full:https://registry.npmjs.org/obuf cache-miss
3746 silly fetch manifest wbuf@^1.7.3
3747 silly packumentCache full:https://registry.npmjs.org/wbuf cache-miss
3748 http fetch GET 200 https://registry.npmjs.org/wbuf 184ms (cache revalidated)
3749 silly packumentCache full:https://registry.npmjs.org/wbuf set size:20540 disposed:false
3750 http fetch GET 200 https://registry.npmjs.org/detect-node 198ms (cache revalidated)
3751 silly packumentCache full:https://registry.npmjs.org/detect-node set size:14548 disposed:false
3752 http fetch GET 200 https://registry.npmjs.org/hpack.js 205ms (cache revalidated)
3753 silly packumentCache full:https://registry.npmjs.org/hpack.js set size:15353 disposed:false
3754 http fetch GET 200 https://registry.npmjs.org/obuf 212ms (cache revalidated)
3755 silly packumentCache full:https://registry.npmjs.org/obuf set size:14024 disposed:false
3756 silly placeDep ROOT detect-node@2.1.0 OK for: spdy-transport@3.0.0 want: ^2.0.4
3757 silly placeDep ROOT hpack.js@2.1.6 OK for: spdy-transport@3.0.0 want: ^2.1.6
3758 silly placeDep ROOT obuf@1.1.2 OK for: spdy-transport@3.0.0 want: ^1.1.2
3759 silly placeDep ROOT wbuf@1.7.3 OK for: spdy-transport@3.0.0 want: ^1.7.3
3760 silly fetch manifest obuf@^1.0.0
3761 silly packumentCache full:https://registry.npmjs.org/obuf cache-hit
3762 silly fetch manifest readable-stream@^2.0.1
3763 silly packumentCache full:https://registry.npmjs.org/readable-stream cache-miss
3764 silly fetch manifest wbuf@^1.1.0
3765 silly packumentCache full:https://registry.npmjs.org/wbuf cache-hit
3766 silly fetch manifest minimalistic-assert@^1.0.0
3767 silly packumentCache full:https://registry.npmjs.org/minimalistic-assert cache-miss
3768 http fetch GET 200 https://registry.npmjs.org/readable-stream 2117ms (cache revalidated)
3769 silly packumentCache full:https://registry.npmjs.org/readable-stream set size:261096 disposed:false
3770 http fetch GET 200 https://registry.npmjs.org/minimalistic-assert 2649ms (cache revalidated)
3771 silly packumentCache full:https://registry.npmjs.org/minimalistic-assert set size:3465 disposed:false
3772 silly placeDep node_modules/hpack.js readable-stream@2.3.8 OK for: hpack.js@2.1.6 want: ^2.0.1
3773 silly fetch manifest isarray@~1.0.0
3774 silly packumentCache full:https://registry.npmjs.org/isarray cache-miss
3775 silly fetch manifest safe-buffer@~5.1.1
3776 silly packumentCache full:https://registry.npmjs.org/safe-buffer cache-miss
3777 silly fetch manifest core-util-is@~1.0.0
3778 silly packumentCache full:https://registry.npmjs.org/core-util-is cache-miss
3779 silly fetch manifest string_decoder@~1.1.1
3780 silly packumentCache full:https://registry.npmjs.org/string_decoder cache-miss
3781 silly fetch manifest process-nextick-args@~2.0.0
3782 silly packumentCache full:https://registry.npmjs.org/process-nextick-args cache-miss
3783 http fetch GET 200 https://registry.npmjs.org/process-nextick-args 2454ms (cache revalidated)
3784 silly packumentCache full:https://registry.npmjs.org/process-nextick-args set size:15428 disposed:false
3785 http fetch GET 200 https://registry.npmjs.org/string_decoder 2462ms (cache revalidated)
3786 silly packumentCache full:https://registry.npmjs.org/string_decoder set size:28441 disposed:false
3787 http fetch GET 200 https://registry.npmjs.org/isarray 2494ms (cache revalidated)
3788 silly packumentCache full:https://registry.npmjs.org/isarray set size:17392 disposed:false
3789 http fetch GET 200 https://registry.npmjs.org/safe-buffer 2493ms (cache revalidated)
3790 silly packumentCache full:https://registry.npmjs.org/safe-buffer set size:41183 disposed:false
3791 http fetch GET 200 https://registry.npmjs.org/core-util-is 2489ms (cache revalidated)
3792 silly packumentCache full:https://registry.npmjs.org/core-util-is set size:7163 disposed:false
3793 silly placeDep ROOT minimalistic-assert@1.0.1 OK for: wbuf@1.7.3 want: ^1.0.0
3794 silly placeDep ROOT clone-deep@4.0.1 OK for: webpack-merge@6.0.1 want: ^4.0.1
3795 silly placeDep ROOT flat@5.0.2 OK for: webpack-merge@6.0.1 want: ^5.0.2
3796 silly placeDep ROOT wildcard@2.0.1 OK for: webpack-merge@6.0.1 want: ^2.0.1
3797 silly fetch manifest is-plain-object@^2.0.4
3798 silly packumentCache full:https://registry.npmjs.org/is-plain-object cache-hit
3799 silly fetch manifest kind-of@^6.0.2
3800 silly packumentCache full:https://registry.npmjs.org/kind-of cache-miss
3801 silly fetch manifest shallow-clone@^3.0.0
3802 silly packumentCache full:https://registry.npmjs.org/shallow-clone cache-miss
3803 http fetch GET 200 https://registry.npmjs.org/kind-of 136ms (cache revalidated)
3804 silly packumentCache full:https://registry.npmjs.org/kind-of set size:70901 disposed:false
3805 http fetch GET 200 https://registry.npmjs.org/shallow-clone 146ms (cache revalidated)
3806 silly packumentCache full:https://registry.npmjs.org/shallow-clone set size:24716 disposed:false
3807 silly placeDep node_modules/clone-deep is-plain-object@2.0.4 OK for: clone-deep@4.0.1 want: ^2.0.4
3808 silly placeDep ROOT kind-of@6.0.3 OK for: clone-deep@4.0.1 want: ^6.0.2
3809 silly placeDep ROOT shallow-clone@3.0.1 OK for: clone-deep@4.0.1 want: ^3.0.0
3810 silly fetch manifest isobject@^3.0.1
3811 silly packumentCache full:https://registry.npmjs.org/isobject cache-miss
3812 http fetch GET 200 https://registry.npmjs.org/isobject 367ms (cache revalidated)
3813 silly packumentCache full:https://registry.npmjs.org/isobject set size:26140 disposed:false
3814 silly placeDep ROOT http-parser-js@0.5.10 OK for: websocket-driver@0.7.5 want: >=0.5.1
3815 silly placeDep ROOT websocket-extensions@0.1.4 OK for: websocket-driver@0.7.5 want: >=0.1.1
3816 silly placeDep node_modules/@angular-devkit/build-angular convert-source-map@2.0.0 OK for: @babel/core@7.26.10 want: ^2.0.0
3817 silly placeDep node_modules/@angular-devkit/build-angular/node_modules/@babel/core semver@6.3.1 OK for: @babel/core@7.26.10 want: ^6.3.1
3818 silly placeDep node_modules/@angular/build convert-source-map@2.0.0 OK for: @babel/core@7.26.10 want: ^2.0.0
3819 silly placeDep node_modules/@angular/build/node_modules/@babel/core semver@6.3.1 OK for: @babel/core@7.26.10 want: ^6.3.1
3820 silly placeDep node_modules/@angular/compiler-cli readdirp@4.1.2 OK for: chokidar@4.0.3 want: ^4.0.1
3821 silly placeDep node_modules/@jsonjoy.com/fs-snapshot @jsonjoy.com/base64@17.67.0 OK for: @jsonjoy.com/json-pack@17.67.0 want: 17.67.0
3822 silly placeDep node_modules/@jsonjoy.com/fs-snapshot @jsonjoy.com/codegen@17.67.0 OK for: @jsonjoy.com/json-pack@17.67.0 want: 17.67.0
3823 silly placeDep node_modules/@jsonjoy.com/fs-snapshot @jsonjoy.com/json-pointer@17.67.0 OK for: @jsonjoy.com/json-pack@17.67.0 want: 17.67.0
3824 silly placeDep node_modules/@listr2/prompt-adapter-inquirer mute-stream@1.0.0 OK for: @inquirer/type@1.5.5 want: ^1.0.0
3825 silly placeDep node_modules/@npmcli/git isexe@3.1.5 OK for: which@5.0.0 want: ^3.1.1
3826 silly placeDep ROOT foreground-child@3.3.1 OK for: glob@10.5.0 want: ^3.1.0
3827 silly placeDep ROOT jackspeak@3.4.3 OK for: glob@10.5.0 want: ^3.1.2
3828 silly placeDep node_modules/@npmcli/package-json minimatch@9.0.9 OK for: glob@10.5.0 want: ^9.0.4
3829 silly placeDep ROOT package-json-from-dist@1.0.1 OK for: glob@10.5.0 want: ^1.0.0
3830 silly placeDep ROOT path-scurry@1.11.1 OK for: glob@10.5.0 want: ^1.11.1
3831 silly fetch manifest cross-spawn@^7.0.6
3832 silly packumentCache full:https://registry.npmjs.org/cross-spawn cache-miss
3833 silly fetch manifest signal-exit@^4.0.1
3834 silly packumentCache full:https://registry.npmjs.org/signal-exit cache-hit
3835 silly fetch manifest @isaacs/cliui@^8.0.2
3836 silly packumentCache full:https://registry.npmjs.org/@isaacs%2fcliui cache-miss
3837 silly fetch manifest @pkgjs/parseargs@^0.11.0
3838 silly packumentCache full:https://registry.npmjs.org/@pkgjs%2fparseargs cache-miss
3839 silly fetch manifest lru-cache@^10.2.0
3840 silly packumentCache full:https://registry.npmjs.org/lru-cache cache-hit
3841 http fetch GET 200 https://registry.npmjs.org/@isaacs%2fcliui 151ms (cache revalidated)
3842 silly packumentCache full:https://registry.npmjs.org/@isaacs%2fcliui set size:12263 disposed:false
3843 http fetch GET 200 https://registry.npmjs.org/@pkgjs%2fparseargs 210ms (cache revalidated)
3844 silly packumentCache full:https://registry.npmjs.org/@pkgjs%2fparseargs set size:51085 disposed:false
3845 http fetch GET 200 https://registry.npmjs.org/cross-spawn 253ms (cache revalidated)
3846 silly packumentCache full:https://registry.npmjs.org/cross-spawn set size:109066 disposed:false
3847 silly placeDep ROOT cross-spawn@7.0.6 OK for: foreground-child@3.3.1 want: ^7.0.6
3848 silly placeDep node_modules/foreground-child signal-exit@4.1.0 OK for: foreground-child@3.3.1 want: ^4.0.1
3849 silly fetch manifest which@^2.0.1
3850 silly packumentCache full:https://registry.npmjs.org/which cache-hit
3851 silly fetch manifest path-key@^3.1.0
3852 silly packumentCache full:https://registry.npmjs.org/path-key cache-miss
3853 silly fetch manifest shebang-command@^2.0.0
3854 silly packumentCache full:https://registry.npmjs.org/shebang-command cache-miss
3855 http fetch GET 200 https://registry.npmjs.org/path-key 309ms (cache revalidated)
3856 silly packumentCache full:https://registry.npmjs.org/path-key set size:16975 disposed:false
3857 http fetch GET 200 https://registry.npmjs.org/shebang-command 317ms (cache revalidated)
3858 silly packumentCache full:https://registry.npmjs.org/shebang-command set size:8525 disposed:false
3859 silly placeDep ROOT path-key@3.1.1 OK for: cross-spawn@7.0.6 want: ^3.1.0
3860 silly placeDep ROOT shebang-command@2.0.0 OK for: cross-spawn@7.0.6 want: ^2.0.0
3861 silly placeDep node_modules/cross-spawn which@2.0.2 OK for: cross-spawn@7.0.6 want: ^2.0.1
3862 silly fetch manifest shebang-regex@^3.0.0
3863 silly packumentCache full:https://registry.npmjs.org/shebang-regex cache-miss
3864 http fetch GET 200 https://registry.npmjs.org/shebang-regex 174ms (cache revalidated)
3865 silly packumentCache full:https://registry.npmjs.org/shebang-regex set size:9763 disposed:false
3866 silly placeDep ROOT @isaacs/cliui@8.0.2 OK for: jackspeak@3.4.3 want: ^8.0.2
3867 silly placeDep ROOT @pkgjs/parseargs@0.11.0 OK for: jackspeak@3.4.3 want: ^0.11.0
3868 silly fetch manifest wrap-ansi@^8.1.0
3869 silly packumentCache full:https://registry.npmjs.org/wrap-ansi cache-hit
3870 silly fetch manifest strip-ansi@^7.0.1
3871 silly packumentCache full:https://registry.npmjs.org/strip-ansi cache-hit
3872 silly fetch manifest string-width@^5.1.2
3873 silly packumentCache full:https://registry.npmjs.org/string-width cache-hit
3874 silly fetch manifest wrap-ansi-cjs@npm:wrap-ansi@^7.0.0
3875 silly packumentCache full:https://registry.npmjs.org/wrap-ansi cache-hit
3876 silly fetch manifest strip-ansi-cjs@npm:strip-ansi@^6.0.1
3877 silly packumentCache full:https://registry.npmjs.org/strip-ansi cache-hit
3878 silly fetch manifest string-width-cjs@npm:string-width@^4.2.0
3879 silly packumentCache full:https://registry.npmjs.org/string-width cache-hit
3880 silly placeDep node_modules/@isaacs/cliui string-width@5.1.2 OK for: @isaacs/cliui@8.0.2 want: ^5.1.2
3881 silly placeDep ROOT string-width-cjs@4.2.3 OK for: @isaacs/cliui@8.0.2 want: npm:string-width@^4.2.0
3882 silly placeDep node_modules/@isaacs/cliui strip-ansi@7.2.0 OK for: @isaacs/cliui@8.0.2 want: ^7.0.1
3883 silly placeDep ROOT strip-ansi-cjs@6.0.1 OK for: @isaacs/cliui@8.0.2 want: npm:strip-ansi@^6.0.1
3884 silly placeDep node_modules/@isaacs/cliui wrap-ansi@8.1.0 OK for: @isaacs/cliui@8.0.2 want: ^8.1.0
3885 silly placeDep ROOT wrap-ansi-cjs@7.0.0 OK for: @isaacs/cliui@8.0.2 want: npm:wrap-ansi@^7.0.0
3886 silly fetch manifest emoji-regex@^9.2.2
3887 silly packumentCache full:https://registry.npmjs.org/emoji-regex cache-hit
3888 silly fetch manifest eastasianwidth@^0.2.0
3889 silly packumentCache full:https://registry.npmjs.org/eastasianwidth cache-miss
3890 silly fetch manifest ansi-styles@^6.1.0
3891 silly packumentCache full:https://registry.npmjs.org/ansi-styles cache-hit
3892 http fetch GET 200 https://registry.npmjs.org/eastasianwidth 131ms (cache revalidated)
3893 silly packumentCache full:https://registry.npmjs.org/eastasianwidth set size:7890 disposed:false
3894 silly placeDep node_modules/path-scurry lru-cache@10.4.3 OK for: path-scurry@1.11.1 want: ^10.2.0
3895 silly placeDep ROOT shebang-regex@3.0.0 OK for: shebang-command@2.0.0 want: ^3.0.0
3896 silly placeDep ROOT eastasianwidth@0.2.0 OK for: string-width@5.1.2 want: ^0.2.0
3897 silly placeDep node_modules/@isaacs/cliui emoji-regex@9.2.2 OK for: string-width@5.1.2 want: ^9.2.2
3898 silly placeDep node_modules/@isaacs/cliui ansi-regex@6.2.2 OK for: strip-ansi@7.2.0 want: ^6.2.2
3899 silly placeDep node_modules/@isaacs/cliui ansi-styles@6.2.3 OK for: wrap-ansi@8.1.0 want: ^6.1.0
3900 silly placeDep node_modules/@npmcli/package-json brace-expansion@2.1.1 OK for: minimatch@9.0.9 want: ^2.0.2
3901 silly placeDep node_modules/@npmcli/promise-spawn isexe@3.1.5 OK for: which@5.0.0 want: ^3.1.1
3902 silly placeDep node_modules/@npmcli/run-script isexe@3.1.5 OK for: which@5.0.0 want: ^3.1.1
3903 silly placeDep node_modules/@tufjs/models brace-expansion@2.1.1 OK for: minimatch@9.0.9 want: ^2.0.2
3904 silly placeDep ROOT @types/mime@1.3.5 OK for: @types/send@0.17.6 want: ^1
3905 silly placeDep node_modules/body-parser statuses@2.0.2 OK for: http-errors@2.0.1 want: ~2.0.2
3906 silly placeDep node_modules/cacache minimatch@9.0.9 OK for: glob@10.5.0 want: ^9.0.4
3907 silly placeDep node_modules/cacache brace-expansion@2.1.1 OK for: minimatch@9.0.9 want: ^2.0.2
3908 silly placeDep ROOT @isaacs/fs-minipass@4.0.1 OK for: tar@7.5.16 want: ^4.0.0
3909 silly placeDep node_modules/cacache chownr@3.0.0 OK for: tar@7.5.16 want: ^3.0.0
3910 silly placeDep node_modules/cacache yallist@5.0.0 OK for: tar@7.5.16 want: ^5.0.0
3911 silly placeDep node_modules/cli-truncate emoji-regex@10.6.0 OK for: string-width@7.2.0 want: ^10.3.0
3912 silly placeDep ROOT get-east-asian-width@1.6.0 OK for: string-width@7.2.0 want: ^1.0.0
3913 silly placeDep node_modules/cli-truncate strip-ansi@7.2.0 OK for: string-width@7.2.0 want: ^7.1.0
3914 silly placeDep node_modules/cli-truncate ansi-regex@6.2.2 OK for: strip-ansi@7.2.0 want: ^6.2.2
3915 silly placeDep ROOT isobject@3.0.1 OK for: is-plain-object@2.0.4 want: ^3.0.1
3916 silly placeDep node_modules/compression ms@2.0.0 OK for: debug@2.6.9 want: 2.0.0
3917 silly placeDep node_modules/express ms@2.0.0 OK for: debug@2.6.9 want: 2.0.0
3918 silly placeDep ROOT core-util-is@1.0.3 OK for: readable-stream@2.3.8 want: ~1.0.0
3919 silly placeDep ROOT isarray@1.0.0 OK for: readable-stream@2.3.8 want: ~1.0.0
3920 silly placeDep ROOT process-nextick-args@2.0.1 OK for: readable-stream@2.3.8 want: ~2.0.0
3921 silly placeDep node_modules/hpack.js safe-buffer@5.1.2 OK for: readable-stream@2.3.8 want: ~5.1.1
3922 silly placeDep node_modules/hpack.js string_decoder@1.1.1 OK for: readable-stream@2.3.8 want: ~1.1.1
3923 silly placeDep node_modules/ignore-walk brace-expansion@2.1.1 OK for: minimatch@9.0.9 want: ^2.0.2
3924 silly placeDep ROOT pify@4.0.1 OK for: make-dir@2.1.0 want: ^4.0.1
3925 silly placeDep node_modules/less semver@5.7.2 OK for: make-dir@2.1.0 want: ^5.6.0
3926 silly placeDep node_modules/listr2 ansi-styles@6.2.3 OK for: wrap-ansi@9.0.2 want: ^6.2.1
3927 silly placeDep node_modules/listr2 string-width@7.2.0 OK for: wrap-ansi@9.0.2 want: ^7.0.0
3928 silly placeDep node_modules/listr2 strip-ansi@7.2.0 OK for: wrap-ansi@9.0.2 want: ^7.1.0
3929 silly placeDep node_modules/listr2 emoji-regex@10.6.0 OK for: string-width@7.2.0 want: ^10.3.0
3930 silly placeDep node_modules/listr2 ansi-regex@6.2.2 OK for: strip-ansi@7.2.0 want: ^6.2.2
3931 silly placeDep node_modules/log-update restore-cursor@5.1.0 OK for: cli-cursor@5.0.0 want: ^5.0.0
3932 silly fetch manifest onetime@^7.0.0
3933 silly packumentCache full:https://registry.npmjs.org/onetime cache-miss
3934 http fetch GET 200 https://registry.npmjs.org/onetime 110ms (cache revalidated)
3935 silly packumentCache full:https://registry.npmjs.org/onetime set size:32314 disposed:false
3936 silly placeDep node_modules/log-update onetime@7.0.0 OK for: restore-cursor@5.1.0 want: ^7.0.0
3937 silly placeDep node_modules/log-update signal-exit@4.1.0 OK for: restore-cursor@5.1.0 want: ^4.1.0
3938 silly fetch manifest mimic-function@^5.0.0
3939 silly packumentCache full:https://registry.npmjs.org/mimic-function cache-miss
3940 http fetch GET 200 https://registry.npmjs.org/mimic-function 84ms (cache revalidated)
3941 silly packumentCache full:https://registry.npmjs.org/mimic-function set size:6356 disposed:false
3942 silly placeDep ROOT mimic-function@5.0.1 OK for: onetime@7.0.0 want: ^5.0.0
3943 silly placeDep node_modules/log-update ansi-styles@6.2.3 OK for: slice-ansi@7.1.2 want: ^6.2.1
3944 silly placeDep node_modules/log-update is-fullwidth-code-point@5.1.0 OK for: slice-ansi@7.1.2 want: ^5.0.0
3945 silly placeDep node_modules/log-update ansi-regex@6.2.2 OK for: strip-ansi@7.2.0 want: ^6.2.2
3946 silly placeDep node_modules/log-update string-width@7.2.0 OK for: wrap-ansi@9.0.2 want: ^7.0.0
3947 silly placeDep node_modules/log-update emoji-regex@10.6.0 OK for: string-width@7.2.0 want: ^10.3.0
3948 silly placeDep node_modules/minipass-flush yallist@4.0.0 OK for: minipass@3.3.6 want: ^4.0.0
3949 silly placeDep node_modules/minipass-pipeline yallist@4.0.0 OK for: minipass@3.3.6 want: ^4.0.0
3950 silly placeDep node_modules/minipass-sized yallist@4.0.0 OK for: minipass@3.3.6 want: ^4.0.0
3951 silly placeDep node_modules/node-gyp chownr@3.0.0 OK for: tar@7.5.16 want: ^3.0.0
3952 silly placeDep node_modules/node-gyp yallist@5.0.0 OK for: tar@7.5.16 want: ^5.0.0
3953 silly placeDep node_modules/node-gyp isexe@3.1.5 OK for: which@5.0.0 want: ^3.1.1
3954 silly placeDep node_modules/raw-body statuses@2.0.2 OK for: http-errors@2.0.1 want: ~2.0.2
3955 silly placeDep node_modules/sass readdirp@4.1.2 OK for: chokidar@4.0.3 want: ^4.0.1
3956 silly placeDep node_modules/send/node_modules/debug ms@2.0.0 OK for: debug@2.6.9 want: 2.0.0
3957 silly placeDep node_modules/serve-index ms@2.0.0 OK for: debug@2.6.9 want: 2.0.0
3958 silly placeDep node_modules/serve-index depd@1.1.2 OK for: http-errors@1.8.1 want: ~1.1.2
3959 silly placeDep node_modules/tar/node_modules/fs-minipass minipass@3.3.6 OK for: fs-minipass@2.1.0 want: ^3.0.0
3960 silly placeDep node_modules/tar/node_modules/minizlib minipass@3.3.6 OK for: minizlib@2.1.2 want: ^3.0.0
3961 silly placeDep node_modules/vite @esbuild/aix-ppc64@0.25.12 OK for: esbuild@0.25.12 want: 0.25.12
3962 silly placeDep node_modules/vite @esbuild/android-arm@0.25.12 OK for: esbuild@0.25.12 want: 0.25.12
3963 silly placeDep node_modules/vite @esbuild/android-arm64@0.25.12 OK for: esbuild@0.25.12 want: 0.25.12
3964 silly placeDep node_modules/vite @esbuild/android-x64@0.25.12 OK for: esbuild@0.25.12 want: 0.25.12
3965 silly placeDep node_modules/vite @esbuild/darwin-arm64@0.25.12 OK for: esbuild@0.25.12 want: 0.25.12
3966 silly placeDep node_modules/vite @esbuild/darwin-x64@0.25.12 OK for: esbuild@0.25.12 want: 0.25.12
3967 silly placeDep node_modules/vite @esbuild/freebsd-arm64@0.25.12 OK for: esbuild@0.25.12 want: 0.25.12
3968 silly placeDep node_modules/vite @esbuild/freebsd-x64@0.25.12 OK for: esbuild@0.25.12 want: 0.25.12
3969 silly placeDep node_modules/vite @esbuild/linux-arm@0.25.12 OK for: esbuild@0.25.12 want: 0.25.12
3970 silly placeDep node_modules/vite @esbuild/linux-arm64@0.25.12 OK for: esbuild@0.25.12 want: 0.25.12
3971 silly placeDep node_modules/vite @esbuild/linux-ia32@0.25.12 OK for: esbuild@0.25.12 want: 0.25.12
3972 silly placeDep node_modules/vite @esbuild/linux-loong64@0.25.12 OK for: esbuild@0.25.12 want: 0.25.12
3973 silly placeDep node_modules/vite @esbuild/linux-mips64el@0.25.12 OK for: esbuild@0.25.12 want: 0.25.12
3974 silly placeDep node_modules/vite @esbuild/linux-ppc64@0.25.12 OK for: esbuild@0.25.12 want: 0.25.12
3975 silly placeDep node_modules/vite @esbuild/linux-riscv64@0.25.12 OK for: esbuild@0.25.12 want: 0.25.12
3976 silly placeDep node_modules/vite @esbuild/linux-s390x@0.25.12 OK for: esbuild@0.25.12 want: 0.25.12
3977 silly placeDep node_modules/vite @esbuild/linux-x64@0.25.12 OK for: esbuild@0.25.12 want: 0.25.12
3978 silly placeDep node_modules/vite @esbuild/netbsd-arm64@0.25.12 OK for: esbuild@0.25.12 want: 0.25.12
3979 silly placeDep node_modules/vite @esbuild/netbsd-x64@0.25.12 OK for: esbuild@0.25.12 want: 0.25.12
3980 silly placeDep node_modules/vite @esbuild/openbsd-arm64@0.25.12 OK for: esbuild@0.25.12 want: 0.25.12
3981 silly placeDep node_modules/vite @esbuild/openbsd-x64@0.25.12 OK for: esbuild@0.25.12 want: 0.25.12
3982 silly placeDep node_modules/vite @esbuild/openharmony-arm64@0.25.12 OK for: esbuild@0.25.12 want: 0.25.12
3983 silly placeDep node_modules/vite @esbuild/sunos-x64@0.25.12 OK for: esbuild@0.25.12 want: 0.25.12
3984 silly placeDep node_modules/vite @esbuild/win32-arm64@0.25.12 OK for: esbuild@0.25.12 want: 0.25.12
3985 silly placeDep node_modules/vite @esbuild/win32-ia32@0.25.12 OK for: esbuild@0.25.12 want: 0.25.12
3986 silly placeDep node_modules/vite @esbuild/win32-x64@0.25.12 OK for: esbuild@0.25.12 want: 0.25.12
3987 silly placeDep ROOT is-plain-obj@3.0.0 OK for: http-proxy-middleware@2.0.9 want: ^3.0.0
3988 silly reify mark retired [
3988 silly reify   'C:\\Users\\tupai\\OneDrive\\Área de Trabalho\\amigo_pet\\projeto-amigopet\\front\\node_modules\\accepts'
3988 silly reify ]
3989 silly reify mark retired [
3989 silly reify   'C:\\Users\\tupai\\OneDrive\\Área de Trabalho\\amigo_pet\\projeto-amigopet\\front\\node_modules\\ajv'
3989 silly reify ]
3990 silly reify mark retired [
3990 silly reify   'C:\\Users\\tupai\\OneDrive\\Área de Trabalho\\amigo_pet\\projeto-amigopet\\front\\node_modules\\ajv-keywords'
3990 silly reify ]
3991 silly reify mark retired [
3991 silly reify   'C:\\Users\\tupai\\OneDrive\\Área de Trabalho\\amigo_pet\\projeto-amigopet\\front\\node_modules\\ansi-colors'
3991 silly reify ]
3992 silly reify mark retired [
3992 silly reify   'C:\\Users\\tupai\\OneDrive\\Área de Trabalho\\amigo_pet\\projeto-amigopet\\front\\node_modules\\ansi-regex'
3992 silly reify ]
3993 silly reify mark retired [
3993 silly reify   'C:\\Users\\tupai\\OneDrive\\Área de Trabalho\\amigo_pet\\projeto-amigopet\\front\\node_modules\\ansi-styles'
3993 silly reify ]
3994 silly reify mark retired [
3994 silly reify   'C:\\Users\\tupai\\OneDrive\\Área de Trabalho\\amigo_pet\\projeto-amigopet\\front\\node_modules\\anymatch'
3994 silly reify ]
3995 silly reify mark retired [
3995 silly reify   'C:\\Users\\tupai\\OneDrive\\Área de Trabalho\\amigo_pet\\projeto-amigopet\\front\\node_modules\\autoprefixer'
3995 silly reify ]
3996 silly reify mark retired [
3996 silly reify   'C:\\Users\\tupai\\OneDrive\\Área de Trabalho\\amigo_pet\\projeto-amigopet\\front\\node_modules\\babel-loader'
3996 silly reify ]
3997 silly reify mark retired [
3997 silly reify   'C:\\Users\\tupai\\OneDrive\\Área de Trabalho\\amigo_pet\\projeto-amigopet\\front\\node_modules\\babel-plugin-polyfill-corejs3'
3997 silly reify ]
3998 silly reify mark retired [
3998 silly reify   'C:\\Users\\tupai\\OneDrive\\Área de Trabalho\\amigo_pet\\projeto-amigopet\\front\\node_modules\\babel-plugin-polyfill-corejs2'
3998 silly reify ]
3999 silly reify mark retired [
3999 silly reify   'C:\\Users\\tupai\\OneDrive\\Área de Trabalho\\amigo_pet\\projeto-amigopet\\front\\node_modules\\base64-js'
3999 silly reify ]
4000 silly reify mark retired [
4000 silly reify   'C:\\Users\\tupai\\OneDrive\\Área de Trabalho\\amigo_pet\\projeto-amigopet\\front\\node_modules\\binary-extensions'
4000 silly reify ]
4001 silly reify mark retired [
4001 silly reify   'C:\\Users\\tupai\\OneDrive\\Área de Trabalho\\amigo_pet\\projeto-amigopet\\front\\node_modules\\bl'
4001 silly reify ]
4002 silly reify mark retired [
4002 silly reify   'C:\\Users\\tupai\\OneDrive\\Área de Trabalho\\amigo_pet\\projeto-amigopet\\front\\node_modules\\brace-expansion'
4002 silly reify ]
4003 silly reify mark retired [
4003 silly reify   'C:\\Users\\tupai\\OneDrive\\Área de Trabalho\\amigo_pet\\projeto-amigopet\\front\\node_modules\\braces'
4003 silly reify ]
4004 silly reify mark retired [
4004 silly reify   'C:\\Users\\tupai\\OneDrive\\Área de Trabalho\\amigo_pet\\projeto-amigopet\\front\\node_modules\\bonjour-service'
4004 silly reify ]
4005 silly reify mark retired [
4005 silly reify   'C:\\Users\\tupai\\OneDrive\\Área de Trabalho\\amigo_pet\\projeto-amigopet\\front\\node_modules\\buffer-from'
4005 silly reify ]
4006 silly reify mark retired [
4006 silly reify   'C:\\Users\\tupai\\OneDrive\\Área de Trabalho\\amigo_pet\\projeto-amigopet\\front\\node_modules\\buffer'
4006 silly reify ]
4007 silly reify mark retired [
4007 silly reify   'C:\\Users\\tupai\\OneDrive\\Área de Trabalho\\amigo_pet\\projeto-amigopet\\front\\node_modules\\bytes'
4007 silly reify ]
4008 silly reify mark retired [
4008 silly reify   'C:\\Users\\tupai\\OneDrive\\Área de Trabalho\\amigo_pet\\projeto-amigopet\\front\\node_modules\\cacache'
4008 silly reify ]
4009 silly reify mark retired [
4009 silly reify   'C:\\Users\\tupai\\OneDrive\\Área de Trabalho\\amigo_pet\\projeto-amigopet\\front\\node_modules\\call-bind-apply-helpers'
4009 silly reify ]
4010 silly reify mark retired [
4010 silly reify   'C:\\Users\\tupai\\OneDrive\\Área de Trabalho\\amigo_pet\\projeto-amigopet\\front\\node_modules\\call-bound'
4010 silly reify ]
4011 silly reify mark retired [
4011 silly reify   'C:\\Users\\tupai\\OneDrive\\Área de Trabalho\\amigo_pet\\projeto-amigopet\\front\\node_modules\\chalk'
4011 silly reify ]
4012 silly reify mark retired [
4012 silly reify   'C:\\Users\\tupai\\OneDrive\\Área de Trabalho\\amigo_pet\\projeto-amigopet\\front\\node_modules\\chardet'
4012 silly reify ]
4013 silly reify mark retired [
4013 silly reify   'C:\\Users\\tupai\\OneDrive\\Área de Trabalho\\amigo_pet\\projeto-amigopet\\front\\node_modules\\caniuse-lite'
4013 silly reify ]
4014 silly reify mark retired [
4014 silly reify   'C:\\Users\\tupai\\OneDrive\\Área de Trabalho\\amigo_pet\\projeto-amigopet\\front\\node_modules\\cliui'
4014 silly reify ]
4015 silly reify mark retired [
4015 silly reify   'C:\\Users\\tupai\\OneDrive\\Área de Trabalho\\amigo_pet\\projeto-amigopet\\front\\node_modules\\cli-spinners'
4015 silly reify ]
4016 silly reify mark retired [
4016 silly reify   'C:\\Users\\tupai\\OneDrive\\Área de Trabalho\\amigo_pet\\projeto-amigopet\\front\\node_modules\\content-type'
4016 silly reify ]
4017 silly reify mark retired [
4017 silly reify   'C:\\Users\\tupai\\OneDrive\\Área de Trabalho\\amigo_pet\\projeto-amigopet\\front\\node_modules\\convert-source-map'
4017 silly reify ]
4018 silly reify mark retired [
4018 silly reify   'C:\\Users\\tupai\\OneDrive\\Área de Trabalho\\amigo_pet\\projeto-amigopet\\front\\node_modules\\cookie'
4018 silly reify ]
4019 silly reify mark retired [
4019 silly reify   'C:\\Users\\tupai\\OneDrive\\Área de Trabalho\\amigo_pet\\projeto-amigopet\\front\\node_modules\\core-js-compat'
4019 silly reify ]
4020 silly reify mark retired [
4020 silly reify   'C:\\Users\\tupai\\OneDrive\\Área de Trabalho\\amigo_pet\\projeto-amigopet\\front\\node_modules\\cosmiconfig'
4020 silly reify ]
4021 silly reify mark retired [
4021 silly reify   'C:\\Users\\tupai\\OneDrive\\Área de Trabalho\\amigo_pet\\projeto-amigopet\\front\\node_modules\\css-loader'
4021 silly reify ]
4022 silly reify mark retired [
4022 silly reify   'C:\\Users\\tupai\\OneDrive\\Área de Trabalho\\amigo_pet\\projeto-amigopet\\front\\node_modules\\css-select'
4022 silly reify ]
4023 silly reify mark retired [
4023 silly reify   'C:\\Users\\tupai\\OneDrive\\Área de Trabalho\\amigo_pet\\projeto-amigopet\\front\\node_modules\\css-what'
4023 silly reify ]
4024 silly reify mark retired [
4024 silly reify   'C:\\Users\\tupai\\OneDrive\\Área de Trabalho\\amigo_pet\\projeto-amigopet\\front\\node_modules\\date-format'
4024 silly reify ]
4025 silly reify mark retired [
4025 silly reify   'C:\\Users\\tupai\\OneDrive\\Área de Trabalho\\amigo_pet\\projeto-amigopet\\front\\node_modules\\debug'
4025 silly reify ]
4026 silly reify mark retired [
4026 silly reify   'C:\\Users\\tupai\\OneDrive\\Área de Trabalho\\amigo_pet\\projeto-amigopet\\front\\node_modules\\defaults'
4026 silly reify ]
4027 silly reify mark retired [
4027 silly reify   'C:\\Users\\tupai\\OneDrive\\Área de Trabalho\\amigo_pet\\projeto-amigopet\\front\\node_modules\\destroy'
4027 silly reify ]
4028 silly reify mark retired [
4028 silly reify   'C:\\Users\\tupai\\OneDrive\\Área de Trabalho\\amigo_pet\\projeto-amigopet\\front\\node_modules\\domutils'
4028 silly reify ]
4029 silly reify mark retired [
4029 silly reify   'C:\\Users\\tupai\\OneDrive\\Área de Trabalho\\amigo_pet\\projeto-amigopet\\front\\node_modules\\dunder-proto'
4029 silly reify ]
4030 silly reify mark retired [
4030 silly reify   'C:\\Users\\tupai\\OneDrive\\Área de Trabalho\\amigo_pet\\projeto-amigopet\\front\\node_modules\\engine.io'
4030 silly reify ]
4031 silly reify mark retired [
4031 silly reify   'C:\\Users\\tupai\\OneDrive\\Área de Trabalho\\amigo_pet\\projeto-amigopet\\front\\node_modules\\enhanced-resolve'
4031 silly reify ]
4032 silly reify mark retired [
4032 silly reify   'C:\\Users\\tupai\\OneDrive\\Área de Trabalho\\amigo_pet\\projeto-amigopet\\front\\node_modules\\ent'
4032 silly reify ]
4033 silly reify mark retired [
4033 silly reify   'C:\\Users\\tupai\\OneDrive\\Área de Trabalho\\amigo_pet\\projeto-amigopet\\front\\node_modules\\engine.io-parser'
4033 silly reify ]
4034 silly reify mark retired [
4034 silly reify   'C:\\Users\\tupai\\OneDrive\\Área de Trabalho\\amigo_pet\\projeto-amigopet\\front\\node_modules\\entities'
4034 silly reify ]
4035 silly reify mark retired [
4035 silly reify   'C:\\Users\\tupai\\OneDrive\\Área de Trabalho\\amigo_pet\\projeto-amigopet\\front\\node_modules\\es-define-property'
4035 silly reify ]
4036 silly reify mark retired [
4036 silly reify   'C:\\Users\\tupai\\OneDrive\\Área de Trabalho\\amigo_pet\\projeto-amigopet\\front\\node_modules\\es-errors'
4036 silly reify ]
4037 silly reify mark retired [
4037 silly reify   'C:\\Users\\tupai\\OneDrive\\Área de Trabalho\\amigo_pet\\projeto-amigopet\\front\\node_modules\\esbuild-wasm'
4037 silly reify ]
4038 silly reify mark retired [
4038 silly reify   'C:\\Users\\tupai\\OneDrive\\Área de Trabalho\\amigo_pet\\projeto-amigopet\\front\\node_modules\\escalade'
4038 silly reify ]
4039 silly reify mark retired [
4039 silly reify   'C:\\Users\\tupai\\OneDrive\\Área de Trabalho\\amigo_pet\\projeto-amigopet\\front\\node_modules\\es-object-atoms'
4039 silly reify ]
4040 silly reify mark retired [
4040 silly reify   'C:\\Users\\tupai\\OneDrive\\Área de Trabalho\\amigo_pet\\projeto-amigopet\\front\\node_modules\\eventemitter3'
4040 silly reify ]
4041 silly reify mark retired [
4041 silly reify   'C:\\Users\\tupai\\OneDrive\\Área de Trabalho\\amigo_pet\\projeto-amigopet\\front\\node_modules\\events'
4041 silly reify ]
4042 silly reify mark retired [
4042 silly reify   'C:\\Users\\tupai\\OneDrive\\Área de Trabalho\\amigo_pet\\projeto-amigopet\\front\\node_modules\\express'
4042 silly reify ]
4043 silly reify mark retired [
4043 silly reify   'C:\\Users\\tupai\\OneDrive\\Área de Trabalho\\amigo_pet\\projeto-amigopet\\front\\node_modules\\fast-glob'
4043 silly reify ]
4044 silly reify mark retired [
4044 silly reify   'C:\\Users\\tupai\\OneDrive\\Área de Trabalho\\amigo_pet\\projeto-amigopet\\front\\node_modules\\exponential-backoff'
4044 silly reify ]
4045 silly reify mark retired [
4045 silly reify   'C:\\Users\\tupai\\OneDrive\\Área de Trabalho\\amigo_pet\\projeto-amigopet\\front\\node_modules\\fast-uri'
4045 silly reify ]
4046 silly reify mark retired [
4046 silly reify   'C:\\Users\\tupai\\OneDrive\\Área de Trabalho\\amigo_pet\\projeto-amigopet\\front\\node_modules\\flatted'
4046 silly reify ]
4047 silly reify mark retired [
4047 silly reify   'C:\\Users\\tupai\\OneDrive\\Área de Trabalho\\amigo_pet\\projeto-amigopet\\front\\node_modules\\foreground-child'
4047 silly reify ]
4048 silly reify mark retired [
4048 silly reify   'C:\\Users\\tupai\\OneDrive\\Área de Trabalho\\amigo_pet\\projeto-amigopet\\front\\node_modules\\follow-redirects'
4048 silly reify ]
4049 silly reify mark retired [
4049 silly reify   'C:\\Users\\tupai\\OneDrive\\Área de Trabalho\\amigo_pet\\projeto-amigopet\\front\\node_modules\\gensync'
4049 silly reify ]
4050 silly reify mark retired [
4050 silly reify   'C:\\Users\\tupai\\OneDrive\\Área de Trabalho\\amigo_pet\\projeto-amigopet\\front\\node_modules\\function-bind'
4050 silly reify ]
4051 silly reify mark retired [
4051 silly reify   'C:\\Users\\tupai\\OneDrive\\Área de Trabalho\\amigo_pet\\projeto-amigopet\\front\\node_modules\\get-proto'
4051 silly reify ]
4052 silly reify mark retired [
4052 silly reify   'C:\\Users\\tupai\\OneDrive\\Área de Trabalho\\amigo_pet\\projeto-amigopet\\front\\node_modules\\glob'
4052 silly reify ]
4053 silly reify mark retired [
4053 silly reify   'C:\\Users\\tupai\\OneDrive\\Área de Trabalho\\amigo_pet\\projeto-amigopet\\front\\node_modules\\get-intrinsic'
4053 silly reify ]
4054 silly reify mark retired [
4054 silly reify   'C:\\Users\\tupai\\OneDrive\\Área de Trabalho\\amigo_pet\\projeto-amigopet\\front\\node_modules\\gopd'
4054 silly reify ]
4055 silly reify mark retired [
4055 silly reify   'C:\\Users\\tupai\\OneDrive\\Área de Trabalho\\amigo_pet\\projeto-amigopet\\front\\node_modules\\graceful-fs'
4055 silly reify ]
4056 silly reify mark retired [
4056 silly reify   'C:\\Users\\tupai\\OneDrive\\Área de Trabalho\\amigo_pet\\projeto-amigopet\\front\\node_modules\\has-symbols'
4056 silly reify ]
4057 silly reify mark retired [
4057 silly reify   'C:\\Users\\tupai\\OneDrive\\Área de Trabalho\\amigo_pet\\projeto-amigopet\\front\\node_modules\\htmlparser2'
4057 silly reify ]
4058 silly reify mark retired [
4058 silly reify   'C:\\Users\\tupai\\OneDrive\\Área de Trabalho\\amigo_pet\\projeto-amigopet\\front\\node_modules\\has-tostringtag'
4058 silly reify ]
4059 silly reify mark retired [
4059 silly reify   'C:\\Users\\tupai\\OneDrive\\Área de Trabalho\\amigo_pet\\projeto-amigopet\\front\\node_modules\\html-escaper'
4059 silly reify ]
4060 silly reify mark retired [
4060 silly reify   'C:\\Users\\tupai\\OneDrive\\Área de Trabalho\\amigo_pet\\projeto-amigopet\\front\\node_modules\\http-proxy-middleware'
4060 silly reify ]
4061 silly reify mark retired [
4061 silly reify   'C:\\Users\\tupai\\OneDrive\\Área de Trabalho\\amigo_pet\\projeto-amigopet\\front\\node_modules\\hyperdyperid'
4061 silly reify ]
4062 silly reify mark retired [
4062 silly reify   'C:\\Users\\tupai\\OneDrive\\Área de Trabalho\\amigo_pet\\projeto-amigopet\\front\\node_modules\\ip-address'
4062 silly reify ]
4063 silly reify mark retired [
4063 silly reify   'C:\\Users\\tupai\\OneDrive\\Área de Trabalho\\amigo_pet\\projeto-amigopet\\front\\node_modules\\is-regex'
4063 silly reify ]
4064 silly reify mark retired [
4064 silly reify   'C:\\Users\\tupai\\OneDrive\\Área de Trabalho\\amigo_pet\\projeto-amigopet\\front\\node_modules\\istanbul-lib-coverage'
4064 silly reify ]
4065 silly reify mark retired [
4065 silly reify   'C:\\Users\\tupai\\OneDrive\\Área de Trabalho\\amigo_pet\\projeto-amigopet\\front\\node_modules\\istanbul-lib-instrument'
4065 silly reify ]
4066 silly reify mark retired [
4066 silly reify   'C:\\Users\\tupai\\OneDrive\\Área de Trabalho\\amigo_pet\\projeto-amigopet\\front\\node_modules\\istanbul-lib-source-maps'
4066 silly reify ]
4067 silly reify mark retired [
4067 silly reify   'C:\\Users\\tupai\\OneDrive\\Área de Trabalho\\amigo_pet\\projeto-amigopet\\front\\node_modules\\istanbul-reports'
4067 silly reify ]
4068 silly reify mark retired [
4068 silly reify   'C:\\Users\\tupai\\OneDrive\\Área de Trabalho\\amigo_pet\\projeto-amigopet\\front\\node_modules\\istanbul-lib-report'
4068 silly reify ]
4069 silly reify mark retired [
4069 silly reify   'C:\\Users\\tupai\\OneDrive\\Área de Trabalho\\amigo_pet\\projeto-amigopet\\front\\node_modules\\jest-worker'
4069 silly reify ]
4070 silly reify mark retired [
4070 silly reify   'C:\\Users\\tupai\\OneDrive\\Área de Trabalho\\amigo_pet\\projeto-amigopet\\front\\node_modules\\jiti'
4070 silly reify ]
4071 silly reify mark retired [
4071 silly reify   'C:\\Users\\tupai\\OneDrive\\Área de Trabalho\\amigo_pet\\projeto-amigopet\\front\\node_modules\\js-yaml'
4071 silly reify ]
4072 silly reify mark retired [
4072 silly reify   'C:\\Users\\tupai\\OneDrive\\Área de Trabalho\\amigo_pet\\projeto-amigopet\\front\\node_modules\\jasmine-core'
4072 silly reify ]
4073 silly reify mark retired [
4073 silly reify   'C:\\Users\\tupai\\OneDrive\\Área de Trabalho\\amigo_pet\\projeto-amigopet\\front\\node_modules\\json5'
4073 silly reify ]
4074 silly reify mark retired [
4074 silly reify   'C:\\Users\\tupai\\OneDrive\\Área de Trabalho\\amigo_pet\\projeto-amigopet\\front\\node_modules\\karma'
4074 silly reify ]
4075 silly reify mark retired [
4075 silly reify   'C:\\Users\\tupai\\OneDrive\\Área de Trabalho\\amigo_pet\\projeto-amigopet\\front\\node_modules\\jsonc-parser'
4075 silly reify ]
4076 silly reify mark retired [
4076 silly reify   'C:\\Users\\tupai\\OneDrive\\Área de Trabalho\\amigo_pet\\projeto-amigopet\\front\\node_modules\\karma-chrome-launcher'
4076 silly reify ]
4077 silly reify mark retired [
4077 silly reify   'C:\\Users\\tupai\\OneDrive\\Área de Trabalho\\amigo_pet\\projeto-amigopet\\front\\node_modules\\karma-coverage'
4077 silly reify ]
4078 silly reify mark retired [
4078 silly reify   'C:\\Users\\tupai\\OneDrive\\Área de Trabalho\\amigo_pet\\projeto-amigopet\\front\\node_modules\\karma-jasmine-html-reporter'
4078 silly reify ]
4079 silly reify mark retired [
4079 silly reify   'C:\\Users\\tupai\\OneDrive\\Área de Trabalho\\amigo_pet\\projeto-amigopet\\front\\node_modules\\karma-jasmine'
4079 silly reify ]
4080 silly reify mark retired [
4080 silly reify   'C:\\Users\\tupai\\OneDrive\\Área de Trabalho\\amigo_pet\\projeto-amigopet\\front\\node_modules\\less'
4080 silly reify ]
4081 silly reify mark retired [
4081 silly reify   'C:\\Users\\tupai\\OneDrive\\Área de Trabalho\\amigo_pet\\projeto-amigopet\\front\\node_modules\\license-webpack-plugin'
4081 silly reify ]
4082 silly reify mark retired [
4082 silly reify   'C:\\Users\\tupai\\OneDrive\\Área de Trabalho\\amigo_pet\\projeto-amigopet\\front\\node_modules\\listr2'
4082 silly reify ]
4083 silly reify mark retired [
4083 silly reify   'C:\\Users\\tupai\\OneDrive\\Área de Trabalho\\amigo_pet\\projeto-amigopet\\front\\node_modules\\loader-utils'
4083 silly reify ]
4084 silly reify mark retired [
4084 silly reify   'C:\\Users\\tupai\\OneDrive\\Área de Trabalho\\amigo_pet\\projeto-amigopet\\front\\node_modules\\lmdb'
4084 silly reify ]
4085 silly reify mark retired [
4085 silly reify   'C:\\Users\\tupai\\OneDrive\\Área de Trabalho\\amigo_pet\\projeto-amigopet\\front\\node_modules\\log4js'
4085 silly reify ]
4086 silly reify mark retired [
4086 silly reify   'C:\\Users\\tupai\\OneDrive\\Área de Trabalho\\amigo_pet\\projeto-amigopet\\front\\node_modules\\lodash'
4086 silly reify ]
4087 silly reify mark retired [
4087 silly reify   'C:\\Users\\tupai\\OneDrive\\Área de Trabalho\\amigo_pet\\projeto-amigopet\\front\\node_modules\\make-fetch-happen'
4087 silly reify ]
4088 silly reify mark retired [
4088 silly reify   'C:\\Users\\tupai\\OneDrive\\Área de Trabalho\\amigo_pet\\projeto-amigopet\\front\\node_modules\\math-intrinsics'
4088 silly reify ]
4089 silly reify mark retired [
4089 silly reify   'C:\\Users\\tupai\\OneDrive\\Área de Trabalho\\amigo_pet\\projeto-amigopet\\front\\node_modules\\memfs'
4089 silly reify ]
4090 silly reify mark retired [
4090 silly reify   'C:\\Users\\tupai\\OneDrive\\Área de Trabalho\\amigo_pet\\projeto-amigopet\\front\\node_modules\\mime'
4090 silly reify ]
4091 silly reify mark retired [
4091 silly reify   'C:\\Users\\tupai\\OneDrive\\Área de Trabalho\\amigo_pet\\projeto-amigopet\\front\\node_modules\\mime-db'
4091 silly reify ]
4092 silly reify mark retired [
4092 silly reify   'C:\\Users\\tupai\\OneDrive\\Área de Trabalho\\amigo_pet\\projeto-amigopet\\front\\node_modules\\mini-css-extract-plugin'
4092 silly reify ]
4093 silly reify mark retired [
4093 silly reify   'C:\\Users\\tupai\\OneDrive\\Área de Trabalho\\amigo_pet\\projeto-amigopet\\front\\node_modules\\minimist'
4093 silly reify ]
4094 silly reify mark retired [
4094 silly reify   'C:\\Users\\tupai\\OneDrive\\Área de Trabalho\\amigo_pet\\projeto-amigopet\\front\\node_modules\\msgpackr'
4094 silly reify ]
4095 silly reify mark retired [
4095 silly reify   'C:\\Users\\tupai\\OneDrive\\Área de Trabalho\\amigo_pet\\projeto-amigopet\\front\\node_modules\\needle'
4095 silly reify ]
4096 silly reify mark retired [
4096 silly reify   'C:\\Users\\tupai\\OneDrive\\Área de Trabalho\\amigo_pet\\projeto-amigopet\\front\\node_modules\\nanoid'
4096 silly reify ]
4097 silly reify mark retired [
4097 silly reify   'C:\\Users\\tupai\\OneDrive\\Área de Trabalho\\amigo_pet\\projeto-amigopet\\front\\node_modules\\node-forge'
4097 silly reify ]
4098 silly reify mark retired [
4098 silly reify   'C:\\Users\\tupai\\OneDrive\\Área de Trabalho\\amigo_pet\\projeto-amigopet\\front\\node_modules\\node-addon-api'
4098 silly reify ]
4099 silly reify mark retired [
4099 silly reify   'C:\\Users\\tupai\\OneDrive\\Área de Trabalho\\amigo_pet\\projeto-amigopet\\front\\node_modules\\node-gyp'
4099 silly reify ]
4100 silly reify mark retired [
4100 silly reify   'C:\\Users\\tupai\\OneDrive\\Área de Trabalho\\amigo_pet\\projeto-amigopet\\front\\node_modules\\neo-async'
4100 silly reify ]
4101 silly reify mark retired [
4101 silly reify   'C:\\Users\\tupai\\OneDrive\\Área de Trabalho\\amigo_pet\\projeto-amigopet\\front\\node_modules\\nth-check'
4101 silly reify ]
4102 silly reify mark retired [
4102 silly reify   'C:\\Users\\tupai\\OneDrive\\Área de Trabalho\\amigo_pet\\projeto-amigopet\\front\\node_modules\\object-inspect'
4102 silly reify ]
4103 silly reify mark retired [
4103 silly reify   'C:\\Users\\tupai\\OneDrive\\Área de Trabalho\\amigo_pet\\projeto-amigopet\\front\\node_modules\\pacote'
4103 silly reify ]
4104 silly reify mark retired [
4104 silly reify   'C:\\Users\\tupai\\OneDrive\\Área de Trabalho\\amigo_pet\\projeto-amigopet\\front\\node_modules\\parse5'
4104 silly reify ]
4105 silly reify mark retired [
4105 silly reify   'C:\\Users\\tupai\\OneDrive\\Área de Trabalho\\amigo_pet\\projeto-amigopet\\front\\node_modules\\picomatch'
4105 silly reify ]
4106 silly reify mark retired [
4106 silly reify   'C:\\Users\\tupai\\OneDrive\\Área de Trabalho\\amigo_pet\\projeto-amigopet\\front\\node_modules\\postcss'
4106 silly reify ]
4107 silly reify mark retired [
4107 silly reify   'C:\\Users\\tupai\\OneDrive\\Área de Trabalho\\amigo_pet\\projeto-amigopet\\front\\node_modules\\postcss-selector-parser'
4107 silly reify ]
4108 silly reify mark retired [
4108 silly reify   'C:\\Users\\tupai\\OneDrive\\Área de Trabalho\\amigo_pet\\projeto-amigopet\\front\\node_modules\\primeflex'
4108 silly reify ]
4109 silly reify mark retired [
4109 silly reify   'C:\\Users\\tupai\\OneDrive\\Área de Trabalho\\amigo_pet\\projeto-amigopet\\front\\node_modules\\qs'
4109 silly reify ]
4110 silly reify mark retired [
4110 silly reify   'C:\\Users\\tupai\\OneDrive\\Área de Trabalho\\amigo_pet\\projeto-amigopet\\front\\node_modules\\readable-stream'
4110 silly reify ]
4111 silly reify mark retired [
4111 silly reify   'C:\\Users\\tupai\\OneDrive\\Área de Trabalho\\amigo_pet\\projeto-amigopet\\front\\node_modules\\regenerate-unicode-properties'
4111 silly reify ]
4112 silly reify mark retired [
4112 silly reify   'C:\\Users\\tupai\\OneDrive\\Área de Trabalho\\amigo_pet\\projeto-amigopet\\front\\node_modules\\resolve'
4112 silly reify ]
4113 silly reify mark retired [
4113 silly reify   'C:\\Users\\tupai\\OneDrive\\Área de Trabalho\\amigo_pet\\projeto-amigopet\\front\\node_modules\\resolve-url-loader'
4113 silly reify ]
4114 silly reify mark retired [
4114 silly reify   'C:\\Users\\tupai\\OneDrive\\Área de Trabalho\\amigo_pet\\projeto-amigopet\\front\\node_modules\\rollup'
4114 silly reify ]
4115 silly reify mark retired [
4115 silly reify   'C:\\Users\\tupai\\OneDrive\\Área de Trabalho\\amigo_pet\\projeto-amigopet\\front\\node_modules\\rxjs'
4115 silly reify ]
4116 silly reify mark retired [
4116 silly reify   'C:\\Users\\tupai\\OneDrive\\Área de Trabalho\\amigo_pet\\projeto-amigopet\\front\\node_modules\\sass'
4116 silly reify ]
4117 silly reify mark retired [
4117 silly reify   'C:\\Users\\tupai\\OneDrive\\Área de Trabalho\\amigo_pet\\projeto-amigopet\\front\\node_modules\\safe-regex-test'
4117 silly reify ]
4118 silly reify mark retired [
4118 silly reify   'C:\\Users\\tupai\\OneDrive\\Área de Trabalho\\amigo_pet\\projeto-amigopet\\front\\node_modules\\schema-utils'
4118 silly reify ]
4119 silly reify mark retired [
4119 silly reify   'C:\\Users\\tupai\\OneDrive\\Área de Trabalho\\amigo_pet\\projeto-amigopet\\front\\node_modules\\semver'
4119 silly reify ]
4120 silly reify mark retired [
4120 silly reify   'C:\\Users\\tupai\\OneDrive\\Área de Trabalho\\amigo_pet\\projeto-amigopet\\front\\node_modules\\socket.io-adapter'
4120 silly reify ]
4121 silly reify mark retired [
4121 silly reify   'C:\\Users\\tupai\\OneDrive\\Área de Trabalho\\amigo_pet\\projeto-amigopet\\front\\node_modules\\socket.io'
4121 silly reify ]
4122 silly reify mark retired [
4122 silly reify   'C:\\Users\\tupai\\OneDrive\\Área de Trabalho\\amigo_pet\\projeto-amigopet\\front\\node_modules\\sockjs'
4122 silly reify ]
4123 silly reify mark retired [
4123 silly reify   'C:\\Users\\tupai\\OneDrive\\Área de Trabalho\\amigo_pet\\projeto-amigopet\\front\\node_modules\\source-map'
4123 silly reify ]
4124 silly reify mark retired [
4124 silly reify   'C:\\Users\\tupai\\OneDrive\\Área de Trabalho\\amigo_pet\\projeto-amigopet\\front\\node_modules\\socket.io-parser'
4124 silly reify ]
4125 silly reify mark retired [
4125 silly reify   'C:\\Users\\tupai\\OneDrive\\Área de Trabalho\\amigo_pet\\projeto-amigopet\\front\\node_modules\\source-map-js'
4125 silly reify ]
4126 silly reify mark retired [
4126 silly reify   'C:\\Users\\tupai\\OneDrive\\Área de Trabalho\\amigo_pet\\projeto-amigopet\\front\\node_modules\\source-map-support'
4126 silly reify ]
4127 silly reify mark retired [
4127 silly reify   'C:\\Users\\tupai\\OneDrive\\Área de Trabalho\\amigo_pet\\projeto-amigopet\\front\\node_modules\\source-map-loader'
4127 silly reify ]
4128 silly reify mark retired [
4128 silly reify   'C:\\Users\\tupai\\OneDrive\\Área de Trabalho\\amigo_pet\\projeto-amigopet\\front\\node_modules\\piscina'
4128 silly reify ]
4129 silly reify mark retired [
4129 silly reify   'C:\\Users\\tupai\\OneDrive\\Área de Trabalho\\amigo_pet\\projeto-amigopet\\front\\node_modules\\spdy'
4129 silly reify ]
4130 silly reify mark retired [
4130 silly reify   'C:\\Users\\tupai\\OneDrive\\Área de Trabalho\\amigo_pet\\projeto-amigopet\\front\\node_modules\\streamroller'
4130 silly reify ]
4131 silly reify mark retired [
4131 silly reify   'C:\\Users\\tupai\\OneDrive\\Área de Trabalho\\amigo_pet\\projeto-amigopet\\front\\node_modules\\tapable'
4131 silly reify ]
4132 silly reify mark retired [
4132 silly reify   'C:\\Users\\tupai\\OneDrive\\Área de Trabalho\\amigo_pet\\projeto-amigopet\\front\\node_modules\\terser'
4132 silly reify ]
4133 silly reify mark retired [
4133 silly reify   'C:\\Users\\tupai\\OneDrive\\Área de Trabalho\\amigo_pet\\projeto-amigopet\\front\\node_modules\\tar'
4133 silly reify ]
4134 silly reify mark retired [
4134 silly reify   'C:\\Users\\tupai\\OneDrive\\Área de Trabalho\\amigo_pet\\projeto-amigopet\\front\\node_modules\\symbol-observable'
4134 silly reify ]
4135 silly reify mark retired [
4135 silly reify   'C:\\Users\\tupai\\OneDrive\\Área de Trabalho\\amigo_pet\\projeto-amigopet\\front\\node_modules\\thingies'
4135 silly reify ]
4136 silly reify mark retired [
4136 silly reify   'C:\\Users\\tupai\\OneDrive\\Área de Trabalho\\amigo_pet\\projeto-amigopet\\front\\node_modules\\tslib'
4136 silly reify ]
4137 silly reify mark retired [
4137 silly reify   'C:\\Users\\tupai\\OneDrive\\Área de Trabalho\\amigo_pet\\projeto-amigopet\\front\\node_modules\\typed-assert'
4137 silly reify ]
4138 silly reify mark retired [
4138 silly reify   'C:\\Users\\tupai\\OneDrive\\Área de Trabalho\\amigo_pet\\projeto-amigopet\\front\\node_modules\\ua-parser-js'
4138 silly reify ]
4139 silly reify mark retired [
4139 silly reify   'C:\\Users\\tupai\\OneDrive\\Área de Trabalho\\amigo_pet\\projeto-amigopet\\front\\node_modules\\typescript'
4139 silly reify ]
4140 silly reify mark retired [
4140 silly reify   'C:\\Users\\tupai\\OneDrive\\Área de Trabalho\\amigo_pet\\projeto-amigopet\\front\\node_modules\\uuid'
4140 silly reify ]
4141 silly reify mark retired [
4141 silly reify   'C:\\Users\\tupai\\OneDrive\\Área de Trabalho\\amigo_pet\\projeto-amigopet\\front\\node_modules\\vite'
4141 silly reify ]
4142 silly reify mark retired [
4142 silly reify   'C:\\Users\\tupai\\OneDrive\\Área de Trabalho\\amigo_pet\\projeto-amigopet\\front\\node_modules\\webpack-dev-middleware'
4142 silly reify ]
4143 silly reify mark retired [
4143 silly reify   'C:\\Users\\tupai\\OneDrive\\Área de Trabalho\\amigo_pet\\projeto-amigopet\\front\\node_modules\\watchpack'
4143 silly reify ]
4144 silly reify mark retired [
4144 silly reify   'C:\\Users\\tupai\\OneDrive\\Área de Trabalho\\amigo_pet\\projeto-amigopet\\front\\node_modules\\webpack'
4144 silly reify ]
4145 silly reify mark retired [
4145 silly reify   'C:\\Users\\tupai\\OneDrive\\Área de Trabalho\\amigo_pet\\projeto-amigopet\\front\\node_modules\\webpack-merge'
4145 silly reify ]
4146 silly reify mark retired [
4146 silly reify   'C:\\Users\\tupai\\OneDrive\\Área de Trabalho\\amigo_pet\\projeto-amigopet\\front\\node_modules\\websocket-driver'
4146 silly reify ]
4147 silly reify mark retired [
4147 silly reify   'C:\\Users\\tupai\\OneDrive\\Área de Trabalho\\amigo_pet\\projeto-amigopet\\front\\node_modules\\webpack-sources'
4147 silly reify ]
4148 silly reify mark retired [
4148 silly reify   'C:\\Users\\tupai\\OneDrive\\Área de Trabalho\\amigo_pet\\projeto-amigopet\\front\\node_modules\\webpack-dev-server'
4148 silly reify ]
4149 silly reify mark retired [
4149 silly reify   'C:\\Users\\tupai\\OneDrive\\Área de Trabalho\\amigo_pet\\projeto-amigopet\\front\\node_modules\\yargs'
4149 silly reify ]
4150 silly reify mark retired [
4150 silly reify   'C:\\Users\\tupai\\OneDrive\\Área de Trabalho\\amigo_pet\\projeto-amigopet\\front\\node_modules\\ws'
4150 silly reify ]
4151 silly reify mark retired [
4151 silly reify   'C:\\Users\\tupai\\OneDrive\\Área de Trabalho\\amigo_pet\\projeto-amigopet\\front\\node_modules\\yargs-parser'
4151 silly reify ]
4152 silly reify mark retired [
4152 silly reify   'C:\\Users\\tupai\\OneDrive\\Área de Trabalho\\amigo_pet\\projeto-amigopet\\front\\node_modules\\y18n'
4152 silly reify ]
4153 silly reify mark retired [
4153 silly reify   'C:\\Users\\tupai\\OneDrive\\Área de Trabalho\\amigo_pet\\projeto-amigopet\\front\\node_modules\\zone.js'
4153 silly reify ]
4154 silly reify mark retired [
4154 silly reify   'C:\\Users\\tupai\\OneDrive\\Área de Trabalho\\amigo_pet\\projeto-amigopet\\front\\node_modules\\@angular\\cli'
4154 silly reify ]
4155 silly reify mark retired [
4155 silly reify   'C:\\Users\\tupai\\OneDrive\\Área de Trabalho\\amigo_pet\\projeto-amigopet\\front\\node_modules\\@angular\\build'
4155 silly reify ]
4156 silly reify mark retired [
4156 silly reify   'C:\\Users\\tupai\\OneDrive\\Área de Trabalho\\amigo_pet\\projeto-amigopet\\front\\node_modules\\@angular\\common'
4156 silly reify ]
4157 silly reify mark retired [
4157 silly reify   'C:\\Users\\tupai\\OneDrive\\Área de Trabalho\\amigo_pet\\projeto-amigopet\\front\\node_modules\\@angular\\animations'
4157 silly reify ]
4158 silly reify mark retired [
4158 silly reify   'C:\\Users\\tupai\\OneDrive\\Área de Trabalho\\amigo_pet\\projeto-amigopet\\front\\node_modules\\@angular\\compiler-cli'
4158 silly reify ]
4159 silly reify mark retired [
4159 silly reify   'C:\\Users\\tupai\\OneDrive\\Área de Trabalho\\amigo_pet\\projeto-amigopet\\front\\node_modules\\@angular-devkit\\build-angular'
4159 silly reify ]
4160 silly reify mark retired [
4160 silly reify   'C:\\Users\\tupai\\OneDrive\\Área de Trabalho\\amigo_pet\\projeto-amigopet\\front\\node_modules\\@angular-devkit\\architect'
4160 silly reify ]
4161 silly reify mark retired [
4161 silly reify   'C:\\Users\\tupai\\OneDrive\\Área de Trabalho\\amigo_pet\\projeto-amigopet\\front\\node_modules\\@angular-devkit\\core'
4161 silly reify ]
4162 silly reify mark retired [
4162 silly reify   'C:\\Users\\tupai\\OneDrive\\Área de Trabalho\\amigo_pet\\projeto-amigopet\\front\\node_modules\\@angular-devkit\\build-webpack'
4162 silly reify ]
4163 silly reify mark retired [
4163 silly reify   'C:\\Users\\tupai\\OneDrive\\Área de Trabalho\\amigo_pet\\projeto-amigopet\\front\\node_modules\\@angular-devkit\\schematics'
4163 silly reify ]
4164 silly reify mark retired [
4164 silly reify   'C:\\Users\\tupai\\OneDrive\\Área de Trabalho\\amigo_pet\\projeto-amigopet\\front\\node_modules\\@angular\\core'
4164 silly reify ]
4165 silly reify mark retired [
4165 silly reify   'C:\\Users\\tupai\\OneDrive\\Área de Trabalho\\amigo_pet\\projeto-amigopet\\front\\node_modules\\@babel\\compat-data'
4165 silly reify ]
4166 silly reify mark retired [
4166 silly reify   'C:\\Users\\tupai\\OneDrive\\Área de Trabalho\\amigo_pet\\projeto-amigopet\\front\\node_modules\\@babel\\generator'
4166 silly reify ]
4167 silly reify mark retired [
4167 silly reify   'C:\\Users\\tupai\\OneDrive\\Área de Trabalho\\amigo_pet\\projeto-amigopet\\front\\node_modules\\@babel\\helper-compilation-targets'
4167 silly reify ]
4168 silly reify mark retired [
4168 silly reify   'C:\\Users\\tupai\\OneDrive\\Área de Trabalho\\amigo_pet\\projeto-amigopet\\front\\node_modules\\@babel\\core'
4168 silly reify ]
4169 silly reify mark retired [
4169 silly reify   'C:\\Users\\tupai\\OneDrive\\Área de Trabalho\\amigo_pet\\projeto-amigopet\\front\\node_modules\\@babel\\helper-module-imports'
4169 silly reify ]
4170 silly reify mark retired [
4170 silly reify   'C:\\Users\\tupai\\OneDrive\\Área de Trabalho\\amigo_pet\\projeto-amigopet\\front\\node_modules\\@babel\\helper-create-class-features-plugin'
4170 silly reify ]
4171 silly reify mark retired [
4171 silly reify   'C:\\Users\\tupai\\OneDrive\\Área de Trabalho\\amigo_pet\\projeto-amigopet\\front\\node_modules\\@babel\\helper-module-transforms'
4171 silly reify ]
4172 silly reify mark retired [
4172 silly reify   'C:\\Users\\tupai\\OneDrive\\Área de Trabalho\\amigo_pet\\projeto-amigopet\\front\\node_modules\\@babel\\helper-define-polyfill-provider'
4172 silly reify ]
4173 silly reify mark retired [
4173 silly reify   'C:\\Users\\tupai\\OneDrive\\Área de Trabalho\\amigo_pet\\projeto-amigopet\\front\\node_modules\\@babel\\helper-create-regexp-features-plugin'
4173 silly reify ]
4174 silly reify mark retired [
4174 silly reify   'C:\\Users\\tupai\\OneDrive\\Área de Trabalho\\amigo_pet\\projeto-amigopet\\front\\node_modules\\@babel\\helper-validator-option'
4174 silly reify ]
4175 silly reify mark retired [
4175 silly reify   'C:\\Users\\tupai\\OneDrive\\Área de Trabalho\\amigo_pet\\projeto-amigopet\\front\\node_modules\\@babel\\helpers'
4175 silly reify ]
4176 silly reify mark retired [
4176 silly reify   'C:\\Users\\tupai\\OneDrive\\Área de Trabalho\\amigo_pet\\projeto-amigopet\\front\\node_modules\\@babel\\parser'
4176 silly reify ]
4177 silly reify mark retired [
4177 silly reify   'C:\\Users\\tupai\\OneDrive\\Área de Trabalho\\amigo_pet\\projeto-amigopet\\front\\node_modules\\@babel\\helper-validator-identifier'
4177 silly reify ]
4178 silly reify mark retired [
4178 silly reify   'C:\\Users\\tupai\\OneDrive\\Área de Trabalho\\amigo_pet\\projeto-amigopet\\front\\node_modules\\@babel\\plugin-transform-async-generator-functions'
4178 silly reify ]
4179 silly reify mark retired [
4179 silly reify   'C:\\Users\\tupai\\OneDrive\\Área de Trabalho\\amigo_pet\\projeto-amigopet\\front\\node_modules\\@babel\\plugin-transform-block-scoping'
4179 silly reify ]
4180 silly reify mark retired [
4180 silly reify   'C:\\Users\\tupai\\OneDrive\\Área de Trabalho\\amigo_pet\\projeto-amigopet\\front\\node_modules\\@babel\\plugin-transform-classes'
4180 silly reify ]
4181 silly reify mark retired [
4181 silly reify   'C:\\Users\\tupai\\OneDrive\\Área de Trabalho\\amigo_pet\\projeto-amigopet\\front\\node_modules\\@babel\\plugin-transform-modules-commonjs'
4181 silly reify ]
4182 silly reify mark retired [
4182 silly reify   'C:\\Users\\tupai\\OneDrive\\Área de Trabalho\\amigo_pet\\projeto-amigopet\\front\\node_modules\\@babel\\plugin-transform-parameters'
4182 silly reify ]
4183 silly reify mark retired [
4183 silly reify   'C:\\Users\\tupai\\OneDrive\\Área de Trabalho\\amigo_pet\\projeto-amigopet\\front\\node_modules\\@babel\\plugin-transform-regenerator'
4183 silly reify ]
4184 silly reify mark retired [
4184 silly reify   'C:\\Users\\tupai\\OneDrive\\Área de Trabalho\\amigo_pet\\projeto-amigopet\\front\\node_modules\\@babel\\plugin-transform-runtime'
4184 silly reify ]
4185 silly reify mark retired [
4185 silly reify   'C:\\Users\\tupai\\OneDrive\\Área de Trabalho\\amigo_pet\\projeto-amigopet\\front\\node_modules\\@babel\\runtime'
4185 silly reify ]
4186 silly reify mark retired [
4186 silly reify   'C:\\Users\\tupai\\OneDrive\\Área de Trabalho\\amigo_pet\\projeto-amigopet\\front\\node_modules\\@babel\\template'
4186 silly reify ]
4187 silly reify mark retired [
4187 silly reify   'C:\\Users\\tupai\\OneDrive\\Área de Trabalho\\amigo_pet\\projeto-amigopet\\front\\node_modules\\@babel\\preset-env'
4187 silly reify ]
4188 silly reify mark retired [
4188 silly reify   'C:\\Users\\tupai\\OneDrive\\Área de Trabalho\\amigo_pet\\projeto-amigopet\\front\\node_modules\\@babel\\types'
4188 silly reify ]
4189 silly reify mark retired [
4189 silly reify   'C:\\Users\\tupai\\OneDrive\\Área de Trabalho\\amigo_pet\\projeto-amigopet\\front\\node_modules\\@discoveryjs\\json-ext'
4189 silly reify ]
4190 silly reify mark retired [
4190 silly reify   'C:\\Users\\tupai\\OneDrive\\Área de Trabalho\\amigo_pet\\projeto-amigopet\\front\\node_modules\\@babel\\preset-modules'
4190 silly reify ]
4191 silly reify mark retired [
4191 silly reify   'C:\\Users\\tupai\\OneDrive\\Área de Trabalho\\amigo_pet\\projeto-amigopet\\front\\node_modules\\@babel\\traverse'
4191 silly reify ]
4192 silly reify mark retired [
4192 silly reify   'C:\\Users\\tupai\\OneDrive\\Área de Trabalho\\amigo_pet\\projeto-amigopet\\front\\node_modules\\@colors\\colors'
4192 silly reify ]
4193 silly reify mark retired [
4193 silly reify   'C:\\Users\\tupai\\OneDrive\\Área de Trabalho\\amigo_pet\\projeto-amigopet\\front\\node_modules\\@esbuild\\win32-x64'
4193 silly reify ]
4194 silly reify mark retired [
4194 silly reify   'C:\\Users\\tupai\\OneDrive\\Área de Trabalho\\amigo_pet\\projeto-amigopet\\front\\node_modules\\@inquirer\\core'
4194 silly reify ]
4195 silly reify mark retired [
4195 silly reify   'C:\\Users\\tupai\\OneDrive\\Área de Trabalho\\amigo_pet\\projeto-amigopet\\front\\node_modules\\@inquirer\\external-editor'
4195 silly reify ]
4196 silly reify mark retired [
4196 silly reify   'C:\\Users\\tupai\\OneDrive\\Área de Trabalho\\amigo_pet\\projeto-amigopet\\front\\node_modules\\@inquirer\\type'
4196 silly reify ]
4197 silly reify mark retired [
4197 silly reify   'C:\\Users\\tupai\\OneDrive\\Área de Trabalho\\amigo_pet\\projeto-amigopet\\front\\node_modules\\@jridgewell\\gen-mapping'
4197 silly reify ]
4198 silly reify mark retired [
4198 silly reify   'C:\\Users\\tupai\\OneDrive\\Área de Trabalho\\amigo_pet\\projeto-amigopet\\front\\node_modules\\@jridgewell\\resolve-uri'
4198 silly reify ]
4199 silly reify mark retired [
4199 silly reify   'C:\\Users\\tupai\\OneDrive\\Área de Trabalho\\amigo_pet\\projeto-amigopet\\front\\node_modules\\@jridgewell\\sourcemap-codec'
4199 silly reify ]
4200 silly reify mark retired [
4200 silly reify   'C:\\Users\\tupai\\OneDrive\\Área de Trabalho\\amigo_pet\\projeto-amigopet\\front\\node_modules\\@istanbuljs\\schema'
4200 silly reify ]
4201 silly reify mark retired [
4201 silly reify   'C:\\Users\\tupai\\OneDrive\\Área de Trabalho\\amigo_pet\\projeto-amigopet\\front\\node_modules\\@jridgewell\\trace-mapping'
4201 silly reify ]
4202 silly reify mark retired [
4202 silly reify   'C:\\Users\\tupai\\OneDrive\\Área de Trabalho\\amigo_pet\\projeto-amigopet\\front\\node_modules\\@jsonjoy.com\\buffers'
4202 silly reify ]
4203 silly reify mark retired [
4203 silly reify   'C:\\Users\\tupai\\OneDrive\\Área de Trabalho\\amigo_pet\\projeto-amigopet\\front\\node_modules\\@jsonjoy.com\\base64'
4203 silly reify ]
4204 silly reify mark retired [
4204 silly reify   'C:\\Users\\tupai\\OneDrive\\Área de Trabalho\\amigo_pet\\projeto-amigopet\\front\\node_modules\\@jsonjoy.com\\fs-core'
4204 silly reify ]
4205 silly reify mark retired [
4205 silly reify   'C:\\Users\\tupai\\OneDrive\\Área de Trabalho\\amigo_pet\\projeto-amigopet\\front\\node_modules\\@jsonjoy.com\\fs-fsa'
4205 silly reify ]
4206 silly reify mark retired [
4206 silly reify   'C:\\Users\\tupai\\OneDrive\\Área de Trabalho\\amigo_pet\\projeto-amigopet\\front\\node_modules\\@jsonjoy.com\\fs-node-builtins'
4206 silly reify ]
4207 silly reify mark retired [
4207 silly reify   'C:\\Users\\tupai\\OneDrive\\Área de Trabalho\\amigo_pet\\projeto-amigopet\\front\\node_modules\\@jsonjoy.com\\fs-node'
4207 silly reify ]
4208 silly reify mark retired [
4208 silly reify   'C:\\Users\\tupai\\OneDrive\\Área de Trabalho\\amigo_pet\\projeto-amigopet\\front\\node_modules\\@jsonjoy.com\\fs-node-to-fsa'
4208 silly reify ]
4209 silly reify mark retired [
4209 silly reify   'C:\\Users\\tupai\\OneDrive\\Área de Trabalho\\amigo_pet\\projeto-amigopet\\front\\node_modules\\@jsonjoy.com\\fs-node-utils'
4209 silly reify ]
4210 silly reify mark retired [
4210 silly reify   'C:\\Users\\tupai\\OneDrive\\Área de Trabalho\\amigo_pet\\projeto-amigopet\\front\\node_modules\\@jsonjoy.com\\fs-snapshot'
4210 silly reify ]
4211 silly reify mark retired [
4211 silly reify   'C:\\Users\\tupai\\OneDrive\\Área de Trabalho\\amigo_pet\\projeto-amigopet\\front\\node_modules\\@jsonjoy.com\\json-pack'
4211 silly reify ]
4212 silly reify mark retired [
4212 silly reify   'C:\\Users\\tupai\\OneDrive\\Área de Trabalho\\amigo_pet\\projeto-amigopet\\front\\node_modules\\@jsonjoy.com\\json-pointer'
4212 silly reify ]
4213 silly reify mark retired [
4213 silly reify   'C:\\Users\\tupai\\OneDrive\\Área de Trabalho\\amigo_pet\\projeto-amigopet\\front\\node_modules\\@jsonjoy.com\\util'
4213 silly reify ]
4214 silly reify mark retired [
4214 silly reify   'C:\\Users\\tupai\\OneDrive\\Área de Trabalho\\amigo_pet\\projeto-amigopet\\front\\node_modules\\@ngtools\\webpack'
4214 silly reify ]
4215 silly reify mark retired [
4215 silly reify   'C:\\Users\\tupai\\OneDrive\\Área de Trabalho\\amigo_pet\\projeto-amigopet\\front\\node_modules\\@nodelib\\fs.scandir'
4215 silly reify ]
4216 silly reify mark retired [
4216 silly reify   'C:\\Users\\tupai\\OneDrive\\Área de Trabalho\\amigo_pet\\projeto-amigopet\\front\\node_modules\\@npmcli\\fs'
4216 silly reify ]
4217 silly reify mark retired [
4217 silly reify   'C:\\Users\\tupai\\OneDrive\\Área de Trabalho\\amigo_pet\\projeto-amigopet\\front\\node_modules\\@npmcli\\git'
4217 silly reify ]
4218 silly reify mark retired [
4218 silly reify   'C:\\Users\\tupai\\OneDrive\\Área de Trabalho\\amigo_pet\\projeto-amigopet\\front\\node_modules\\@npmcli\\run-script'
4218 silly reify ]
4219 silly reify mark retired [
4219 silly reify   'C:\\Users\\tupai\\OneDrive\\Área de Trabalho\\amigo_pet\\projeto-amigopet\\front\\node_modules\\@parcel\\watcher'
4219 silly reify ]
4220 silly reify mark retired [
4220 silly reify   'C:\\Users\\tupai\\OneDrive\\Área de Trabalho\\amigo_pet\\projeto-amigopet\\front\\node_modules\\@schematics\\angular'
4220 silly reify ]
4221 silly reify mark retired [
4221 silly reify   'C:\\Users\\tupai\\OneDrive\\Área de Trabalho\\amigo_pet\\projeto-amigopet\\front\\node_modules\\@sigstore\\core'
4221 silly reify ]
4222 silly reify mark retired [
4222 silly reify   'C:\\Users\\tupai\\OneDrive\\Área de Trabalho\\amigo_pet\\projeto-amigopet\\front\\node_modules\\@sigstore\\protobuf-specs'
4222 silly reify ]
4223 silly reify mark retired [
4223 silly reify   'C:\\Users\\tupai\\OneDrive\\Área de Trabalho\\amigo_pet\\projeto-amigopet\\front\\node_modules\\@sigstore\\sign'
4223 silly reify ]
4224 silly reify mark retired [
4224 silly reify   'C:\\Users\\tupai\\OneDrive\\Área de Trabalho\\amigo_pet\\projeto-amigopet\\front\\node_modules\\@sigstore\\verify'
4224 silly reify ]
4225 silly reify mark retired [
4225 silly reify   'C:\\Users\\tupai\\OneDrive\\Área de Trabalho\\amigo_pet\\projeto-amigopet\\front\\node_modules\\@tufjs\\models'
4225 silly reify ]
4226 silly reify mark retired [
4226 silly reify   'C:\\Users\\tupai\\OneDrive\\Área de Trabalho\\amigo_pet\\projeto-amigopet\\front\\node_modules\\@socket.io\\component-emitter'
4226 silly reify ]
4227 silly reify mark retired [
4227 silly reify   'C:\\Users\\tupai\\OneDrive\\Área de Trabalho\\amigo_pet\\projeto-amigopet\\front\\node_modules\\@types\\cors'
4227 silly reify ]
4228 silly reify mark retired [
4228 silly reify   'C:\\Users\\tupai\\OneDrive\\Área de Trabalho\\amigo_pet\\projeto-amigopet\\front\\node_modules\\@types\\node'
4228 silly reify ]
4229 silly reify mark retired [
4229 silly reify   'C:\\Users\\tupai\\OneDrive\\Área de Trabalho\\amigo_pet\\projeto-amigopet\\front\\node_modules\\@vitejs\\plugin-basic-ssl'
4229 silly reify ]
4230 silly reify mark retired [
4230 silly reify   'C:\\Users\\tupai\\OneDrive\\Área de Trabalho\\amigo_pet\\projeto-amigopet\\front\\node_modules\\@webassemblyjs\\ast'
4230 silly reify ]
4231 silly reify mark retired [
4231 silly reify   'C:\\Users\\tupai\\OneDrive\\Área de Trabalho\\amigo_pet\\projeto-amigopet\\front\\node_modules\\@yarnpkg\\lockfile'
4231 silly reify ]
4232 silly reify mark retired [
4232 silly reify   'C:\\Users\\tupai\\OneDrive\\Área de Trabalho\\amigo_pet\\projeto-amigopet\\front\\node_modules\\@nodelib\\fs.walk'
4232 silly reify ]
4233 silly reify mark retired [
4233 silly reify   'C:\\Users\\tupai\\OneDrive\\Área de Trabalho\\amigo_pet\\projeto-amigopet\\front\\node_modules\\abbrev'
4233 silly reify ]
4234 silly reify mark retired [
4234 silly reify   'C:\\Users\\tupai\\OneDrive\\Área de Trabalho\\amigo_pet\\projeto-amigopet\\front\\node_modules\\acorn-import-phases'
4234 silly reify ]
4235 silly reify mark retired [
4235 silly reify   'C:\\Users\\tupai\\OneDrive\\Área de Trabalho\\amigo_pet\\projeto-amigopet\\front\\node_modules\\agent-base'
4235 silly reify ]
4236 silly reify mark retired [
4236 silly reify   'C:\\Users\\tupai\\OneDrive\\Área de Trabalho\\amigo_pet\\projeto-amigopet\\front\\node_modules\\acorn',
4236 silly reify   'C:\\Users\\tupai\\OneDrive\\Área de Trabalho\\amigo_pet\\projeto-amigopet\\front\\node_modules\\.bin\\acorn',
4236 silly reify   'C:\\Users\\tupai\\OneDrive\\Área de Trabalho\\amigo_pet\\projeto-amigopet\\front\\node_modules\\.bin\\acorn.cmd',
4236 silly reify   'C:\\Users\\tupai\\OneDrive\\Área de Trabalho\\amigo_pet\\projeto-amigopet\\front\\node_modules\\.bin\\acorn.ps1'
4236 silly reify ]
4237 silly reify mark retired [
4237 silly reify   'C:\\Users\\tupai\\OneDrive\\Área de Trabalho\\amigo_pet\\projeto-amigopet\\front\\node_modules\\adjust-sourcemap-loader\\node_modules\\loader-utils'
4237 silly reify ]
4238 silly reify mark retired [
4238 silly reify   'C:\\Users\\tupai\\OneDrive\\Área de Trabalho\\amigo_pet\\projeto-amigopet\\front\\node_modules\\ajv-formats'
4238 silly reify ]
4239 silly reify mark retired [
4239 silly reify   'C:\\Users\\tupai\\OneDrive\\Área de Trabalho\\amigo_pet\\projeto-amigopet\\front\\node_modules\\ansi-escapes'
4239 silly reify ]
4240 silly reify mark retired [
4240 silly reify   'C:\\Users\\tupai\\OneDrive\\Área de Trabalho\\amigo_pet\\projeto-amigopet\\front\\node_modules\\ansi-html-community',
4240 silly reify   'C:\\Users\\tupai\\OneDrive\\Área de Trabalho\\amigo_pet\\projeto-amigopet\\front\\node_modules\\.bin\\ansi-html',
4240 silly reify   'C:\\Users\\tupai\\OneDrive\\Área de Trabalho\\amigo_pet\\projeto-amigopet\\front\\node_modules\\.bin\\ansi-html.cmd',
4240 silly reify   'C:\\Users\\tupai\\OneDrive\\Área de Trabalho\\amigo_pet\\projeto-amigopet\\front\\node_modules\\.bin\\ansi-html.ps1'
4240 silly reify ]
4241 silly reify mark retired [
4241 silly reify   'C:\\Users\\tupai\\OneDrive\\Área de Trabalho\\amigo_pet\\projeto-amigopet\\front\\node_modules\\argparse'
4241 silly reify ]
4242 silly reify mark retired [
4242 silly reify   'C:\\Users\\tupai\\OneDrive\\Área de Trabalho\\amigo_pet\\projeto-amigopet\\front\\node_modules\\babel-plugin-polyfill-regenerator'
4242 silly reify ]
4243 silly reify mark retired [
4243 silly reify   'C:\\Users\\tupai\\OneDrive\\Área de Trabalho\\amigo_pet\\projeto-amigopet\\front\\node_modules\\baseline-browser-mapping',
4243 silly reify   'C:\\Users\\tupai\\OneDrive\\Área de Trabalho\\amigo_pet\\projeto-amigopet\\front\\node_modules\\.bin\\baseline-browser-mapping',
4243 silly reify   'C:\\Users\\tupai\\OneDrive\\Área de Trabalho\\amigo_pet\\projeto-amigopet\\front\\node_modules\\.bin\\baseline-browser-mapping.cmd',
4243 silly reify   'C:\\Users\\tupai\\OneDrive\\Área de Trabalho\\amigo_pet\\projeto-amigopet\\front\\node_modules\\.bin\\baseline-browser-mapping.ps1'
4243 silly reify ]
4244 silly reify mark retired [
4244 silly reify   'C:\\Users\\tupai\\OneDrive\\Área de Trabalho\\amigo_pet\\projeto-amigopet\\front\\node_modules\\beasties'
4244 silly reify ]
4245 silly reify mark retired [
4245 silly reify   'C:\\Users\\tupai\\OneDrive\\Área de Trabalho\\amigo_pet\\projeto-amigopet\\front\\node_modules\\body-parser'
4245 silly reify ]
4246 silly reify mark retired [
4246 silly reify   'C:\\Users\\tupai\\OneDrive\\Área de Trabalho\\amigo_pet\\projeto-amigopet\\front\\node_modules\\browserslist',
4246 silly reify   'C:\\Users\\tupai\\OneDrive\\Área de Trabalho\\amigo_pet\\projeto-amigopet\\front\\node_modules\\.bin\\browserslist',
4246 silly reify   'C:\\Users\\tupai\\OneDrive\\Área de Trabalho\\amigo_pet\\projeto-amigopet\\front\\node_modules\\.bin\\browserslist.cmd',
4246 silly reify   'C:\\Users\\tupai\\OneDrive\\Área de Trabalho\\amigo_pet\\projeto-amigopet\\front\\node_modules\\.bin\\browserslist.ps1'
4246 silly reify ]
4247 silly reify mark retired [
4247 silly reify   'C:\\Users\\tupai\\OneDrive\\Área de Trabalho\\amigo_pet\\projeto-amigopet\\front\\node_modules\\bundle-name'
4247 silly reify ]
4248 silly reify mark retired [
4248 silly reify   'C:\\Users\\tupai\\OneDrive\\Área de Trabalho\\amigo_pet\\projeto-amigopet\\front\\node_modules\\cli-width'
4248 silly reify ]
4249 silly reify mark retired [
4249 silly reify   'C:\\Users\\tupai\\OneDrive\\Área de Trabalho\\amigo_pet\\projeto-amigopet\\front\\node_modules\\cli-truncate'
4249 silly reify ]
4250 silly reify mark retired [
4250 silly reify   'C:\\Users\\tupai\\OneDrive\\Área de Trabalho\\amigo_pet\\projeto-amigopet\\front\\node_modules\\chokidar'
4250 silly reify ]
4251 silly reify mark retired [
4251 silly reify   'C:\\Users\\tupai\\OneDrive\\Área de Trabalho\\amigo_pet\\projeto-amigopet\\front\\node_modules\\clone-deep\\node_modules\\is-plain-object'
4251 silly reify ]
4252 silly reify mark retired [
4252 silly reify   'C:\\Users\\tupai\\OneDrive\\Área de Trabalho\\amigo_pet\\projeto-amigopet\\front\\node_modules\\connect\\node_modules\\ms'
4252 silly reify ]
4253 silly reify mark retired [
4253 silly reify   'C:\\Users\\tupai\\OneDrive\\Área de Trabalho\\amigo_pet\\projeto-amigopet\\front\\node_modules\\connect\\node_modules\\debug'
4253 silly reify ]
4254 silly reify mark retired [
4254 silly reify   'C:\\Users\\tupai\\OneDrive\\Área de Trabalho\\amigo_pet\\projeto-amigopet\\front\\node_modules\\cookie-signature'
4254 silly reify ]
4255 silly reify mark retired [
4255 silly reify   'C:\\Users\\tupai\\OneDrive\\Área de Trabalho\\amigo_pet\\projeto-amigopet\\front\\node_modules\\compression\\node_modules\\negotiator'
4255 silly reify ]
4256 silly reify mark retired [
4256 silly reify   'C:\\Users\\tupai\\OneDrive\\Área de Trabalho\\amigo_pet\\projeto-amigopet\\front\\node_modules\\compression\\node_modules\\ms'
4256 silly reify ]
4257 silly reify mark retired [
4257 silly reify   'C:\\Users\\tupai\\OneDrive\\Área de Trabalho\\amigo_pet\\projeto-amigopet\\front\\node_modules\\compression\\node_modules\\debug'
4257 silly reify ]
4258 silly reify mark retired [
4258 silly reify   'C:\\Users\\tupai\\OneDrive\\Área de Trabalho\\amigo_pet\\projeto-amigopet\\front\\node_modules\\copy-webpack-plugin'
4258 silly reify ]
4259 silly reify mark retired [
4259 silly reify   'C:\\Users\\tupai\\OneDrive\\Área de Trabalho\\amigo_pet\\projeto-amigopet\\front\\node_modules\\cross-spawn\\node_modules\\which'
4259 silly reify ]
4260 silly reify mark retired [
4260 silly reify   'C:\\Users\\tupai\\OneDrive\\Área de Trabalho\\amigo_pet\\projeto-amigopet\\front\\node_modules\\cssesc',
4260 silly reify   'C:\\Users\\tupai\\OneDrive\\Área de Trabalho\\amigo_pet\\projeto-amigopet\\front\\node_modules\\.bin\\cssesc',
4260 silly reify   'C:\\Users\\tupai\\OneDrive\\Área de Trabalho\\amigo_pet\\projeto-amigopet\\front\\node_modules\\.bin\\cssesc.cmd',
4260 silly reify   'C:\\Users\\tupai\\OneDrive\\Área de Trabalho\\amigo_pet\\projeto-amigopet\\front\\node_modules\\.bin\\cssesc.ps1'
4260 silly reify ]
4261 silly reify mark retired [
4261 silly reify   'C:\\Users\\tupai\\OneDrive\\Área de Trabalho\\amigo_pet\\projeto-amigopet\\front\\node_modules\\default-browser'
4261 silly reify ]
4262 silly reify mark retired [
4262 silly reify   'C:\\Users\\tupai\\OneDrive\\Área de Trabalho\\amigo_pet\\projeto-amigopet\\front\\node_modules\\default-browser-id'
4262 silly reify ]
4263 silly reify mark retired [
4263 silly reify   'C:\\Users\\tupai\\OneDrive\\Área de Trabalho\\amigo_pet\\projeto-amigopet\\front\\node_modules\\define-lazy-prop'
4263 silly reify ]
4264 silly reify mark retired [
4264 silly reify   'C:\\Users\\tupai\\OneDrive\\Área de Trabalho\\amigo_pet\\projeto-amigopet\\front\\node_modules\\detect-libc'
4264 silly reify ]
4265 silly reify mark retired [
4265 silly reify   'C:\\Users\\tupai\\OneDrive\\Área de Trabalho\\amigo_pet\\projeto-amigopet\\front\\node_modules\\encoding\\node_modules\\iconv-lite'
4265 silly reify ]
4266 silly reify mark retired [
4266 silly reify   'C:\\Users\\tupai\\OneDrive\\Área de Trabalho\\amigo_pet\\projeto-amigopet\\front\\node_modules\\electron-to-chromium'
4266 silly reify ]
4267 silly reify mark retired [
4267 silly reify   'C:\\Users\\tupai\\OneDrive\\Área de Trabalho\\amigo_pet\\projeto-amigopet\\front\\node_modules\\environment'
4267 silly reify ]
4268 silly reify mark retired [
4268 silly reify   'C:\\Users\\tupai\\OneDrive\\Área de Trabalho\\amigo_pet\\projeto-amigopet\\front\\node_modules\\errno',
4268 silly reify   'C:\\Users\\tupai\\OneDrive\\Área de Trabalho\\amigo_pet\\projeto-amigopet\\front\\node_modules\\.bin\\errno',
4268 silly reify   'C:\\Users\\tupai\\OneDrive\\Área de Trabalho\\amigo_pet\\projeto-amigopet\\front\\node_modules\\.bin\\errno.cmd',
4268 silly reify   'C:\\Users\\tupai\\OneDrive\\Área de Trabalho\\amigo_pet\\projeto-amigopet\\front\\node_modules\\.bin\\errno.ps1'
4268 silly reify ]
4269 silly reify mark retired [
4269 silly reify   'C:\\Users\\tupai\\OneDrive\\Área de Trabalho\\amigo_pet\\projeto-amigopet\\front\\node_modules\\es-module-lexer'
4269 silly reify ]
4270 silly reify mark retired [
4270 silly reify   'C:\\Users\\tupai\\OneDrive\\Área de Trabalho\\amigo_pet\\projeto-amigopet\\front\\node_modules\\esbuild',
4270 silly reify   'C:\\Users\\tupai\\OneDrive\\Área de Trabalho\\amigo_pet\\projeto-amigopet\\front\\node_modules\\.bin\\esbuild',
4270 silly reify   'C:\\Users\\tupai\\OneDrive\\Área de Trabalho\\amigo_pet\\projeto-amigopet\\front\\node_modules\\.bin\\esbuild.cmd',
4270 silly reify   'C:\\Users\\tupai\\OneDrive\\Área de Trabalho\\amigo_pet\\projeto-amigopet\\front\\node_modules\\.bin\\esbuild.ps1'
4270 silly reify ]
4271 silly reify mark retired [
4271 silly reify   'C:\\Users\\tupai\\OneDrive\\Área de Trabalho\\amigo_pet\\projeto-amigopet\\front\\node_modules\\estraverse'
4271 silly reify ]
4272 silly reify mark retired [
4272 silly reify   'C:\\Users\\tupai\\OneDrive\\Área de Trabalho\\amigo_pet\\projeto-amigopet\\front\\node_modules\\esrecurse\\node_modules\\estraverse'
4272 silly reify ]
4273 silly reify mark retired [
4273 silly reify   'C:\\Users\\tupai\\OneDrive\\Área de Trabalho\\amigo_pet\\projeto-amigopet\\front\\node_modules\\fastq'
4273 silly reify ]
4274 silly reify mark retired [
4274 silly reify   'C:\\Users\\tupai\\OneDrive\\Área de Trabalho\\amigo_pet\\projeto-amigopet\\front\\node_modules\\finalhandler\\node_modules\\ms'
4274 silly reify ]
4275 silly reify mark retired [
4275 silly reify   'C:\\Users\\tupai\\OneDrive\\Área de Trabalho\\amigo_pet\\projeto-amigopet\\front\\node_modules\\finalhandler\\node_modules\\debug'
4275 silly reify ]
4276 silly reify mark retired [
4276 silly reify   'C:\\Users\\tupai\\OneDrive\\Área de Trabalho\\amigo_pet\\projeto-amigopet\\front\\node_modules\\finalhandler\\node_modules\\on-finished'
4276 silly reify ]
4277 silly reify mark retired [
4277 silly reify   'C:\\Users\\tupai\\OneDrive\\Área de Trabalho\\amigo_pet\\projeto-amigopet\\front\\node_modules\\fdir'
4277 silly reify ]
4278 silly reify mark retired [
4278 silly reify   'C:\\Users\\tupai\\OneDrive\\Área de Trabalho\\amigo_pet\\projeto-amigopet\\front\\node_modules\\find-up'
4278 silly reify ]
4279 silly reify mark retired [
4279 silly reify   'C:\\Users\\tupai\\OneDrive\\Área de Trabalho\\amigo_pet\\projeto-amigopet\\front\\node_modules\\flat',
4279 silly reify   'C:\\Users\\tupai\\OneDrive\\Área de Trabalho\\amigo_pet\\projeto-amigopet\\front\\node_modules\\.bin\\flat',
4279 silly reify   'C:\\Users\\tupai\\OneDrive\\Área de Trabalho\\amigo_pet\\projeto-amigopet\\front\\node_modules\\.bin\\flat.cmd',
4279 silly reify   'C:\\Users\\tupai\\OneDrive\\Área de Trabalho\\amigo_pet\\projeto-amigopet\\front\\node_modules\\.bin\\flat.ps1'
4279 silly reify ]
4280 silly reify mark retired [
4280 silly reify   'C:\\Users\\tupai\\OneDrive\\Área de Trabalho\\amigo_pet\\projeto-amigopet\\front\\node_modules\\get-east-asian-width'
4280 silly reify ]
4281 silly reify mark retired [
4281 silly reify   'C:\\Users\\tupai\\OneDrive\\Área de Trabalho\\amigo_pet\\projeto-amigopet\\front\\node_modules\\glob-to-regex.js'
4281 silly reify ]
4282 silly reify mark retired [
4282 silly reify   'C:\\Users\\tupai\\OneDrive\\Área de Trabalho\\amigo_pet\\projeto-amigopet\\front\\node_modules\\globby'
4282 silly reify ]
4283 silly reify mark retired [
4283 silly reify   'C:\\Users\\tupai\\OneDrive\\Área de Trabalho\\amigo_pet\\projeto-amigopet\\front\\node_modules\\hasown'
4283 silly reify ]
4284 silly reify mark retired [
4284 silly reify   'C:\\Users\\tupai\\OneDrive\\Área de Trabalho\\amigo_pet\\projeto-amigopet\\front\\node_modules\\hpack.js\\node_modules\\readable-stream'
4284 silly reify ]
4285 silly reify mark retired [
4285 silly reify   'C:\\Users\\tupai\\OneDrive\\Área de Trabalho\\amigo_pet\\projeto-amigopet\\front\\node_modules\\hosted-git-info'
4285 silly reify ]
4286 silly reify mark retired [
4286 silly reify   'C:\\Users\\tupai\\OneDrive\\Área de Trabalho\\amigo_pet\\projeto-amigopet\\front\\node_modules\\http-errors\\node_modules\\statuses'
4286 silly reify ]
4287 silly reify mark retired [
4287 silly reify   'C:\\Users\\tupai\\OneDrive\\Área de Trabalho\\amigo_pet\\projeto-amigopet\\front\\node_modules\\http-proxy-agent'
4287 silly reify ]
4288 silly reify mark retired [
4288 silly reify   'C:\\Users\\tupai\\OneDrive\\Área de Trabalho\\amigo_pet\\projeto-amigopet\\front\\node_modules\\https-proxy-agent'
4288 silly reify ]
4289 silly reify mark retired [
4289 silly reify   'C:\\Users\\tupai\\OneDrive\\Área de Trabalho\\amigo_pet\\projeto-amigopet\\front\\node_modules\\ignore-walk'
4289 silly reify ]
4290 silly reify mark retired [
4290 silly reify   'C:\\Users\\tupai\\OneDrive\\Área de Trabalho\\amigo_pet\\projeto-amigopet\\front\\node_modules\\ignore'
4290 silly reify ]
4291 silly reify mark retired [
4291 silly reify   'C:\\Users\\tupai\\OneDrive\\Área de Trabalho\\amigo_pet\\projeto-amigopet\\front\\node_modules\\image-size',
4291 silly reify   'C:\\Users\\tupai\\OneDrive\\Área de Trabalho\\amigo_pet\\projeto-amigopet\\front\\node_modules\\.bin\\image-size',
4291 silly reify   'C:\\Users\\tupai\\OneDrive\\Área de Trabalho\\amigo_pet\\projeto-amigopet\\front\\node_modules\\.bin\\image-size.cmd',
4291 silly reify   'C:\\Users\\tupai\\OneDrive\\Área de Trabalho\\amigo_pet\\projeto-amigopet\\front\\node_modules\\.bin\\image-size.ps1'
4291 silly reify ]
4292 silly reify mark retired [
4292 silly reify   'C:\\Users\\tupai\\OneDrive\\Área de Trabalho\\amigo_pet\\projeto-amigopet\\front\\node_modules\\immutable'
4292 silly reify ]
4293 silly reify mark retired [
4293 silly reify   'C:\\Users\\tupai\\OneDrive\\Área de Trabalho\\amigo_pet\\projeto-amigopet\\front\\node_modules\\ipaddr.js'
4293 silly reify ]
4294 silly reify mark retired [
4294 silly reify   'C:\\Users\\tupai\\OneDrive\\Área de Trabalho\\amigo_pet\\projeto-amigopet\\front\\node_modules\\ini'
4294 silly reify ]
4295 silly reify mark retired [
4295 silly reify   'C:\\Users\\tupai\\OneDrive\\Área de Trabalho\\amigo_pet\\projeto-amigopet\\front\\node_modules\\is-core-module'
4295 silly reify ]
4296 silly reify mark retired [
4296 silly reify   'C:\\Users\\tupai\\OneDrive\\Área de Trabalho\\amigo_pet\\projeto-amigopet\\front\\node_modules\\is-docker',
4296 silly reify   'C:\\Users\\tupai\\OneDrive\\Área de Trabalho\\amigo_pet\\projeto-amigopet\\front\\node_modules\\.bin\\is-docker',
4296 silly reify   'C:\\Users\\tupai\\OneDrive\\Área de Trabalho\\amigo_pet\\projeto-amigopet\\front\\node_modules\\.bin\\is-docker.cmd',
4296 silly reify   'C:\\Users\\tupai\\OneDrive\\Área de Trabalho\\amigo_pet\\projeto-amigopet\\front\\node_modules\\.bin\\is-docker.ps1'
4296 silly reify ]
4297 silly reify mark retired [
4297 silly reify   'C:\\Users\\tupai\\OneDrive\\Área de Trabalho\\amigo_pet\\projeto-amigopet\\front\\node_modules\\is-inside-container',
4297 silly reify   'C:\\Users\\tupai\\OneDrive\\Área de Trabalho\\amigo_pet\\projeto-amigopet\\front\\node_modules\\.bin\\is-inside-container',
4297 silly reify   'C:\\Users\\tupai\\OneDrive\\Área de Trabalho\\amigo_pet\\projeto-amigopet\\front\\node_modules\\.bin\\is-inside-container.cmd',
4297 silly reify   'C:\\Users\\tupai\\OneDrive\\Área de Trabalho\\amigo_pet\\projeto-amigopet\\front\\node_modules\\.bin\\is-inside-container.ps1'
4297 silly reify ]
4298 silly reify mark retired [
4298 silly reify   'C:\\Users\\tupai\\OneDrive\\Área de Trabalho\\amigo_pet\\projeto-amigopet\\front\\node_modules\\is-network-error'
4298 silly reify ]
4299 silly reify mark retired [
4299 silly reify   'C:\\Users\\tupai\\OneDrive\\Área de Trabalho\\amigo_pet\\projeto-amigopet\\front\\node_modules\\is-plain-object'
4299 silly reify ]
4300 silly reify mark retired [
4300 silly reify   'C:\\Users\\tupai\\OneDrive\\Área de Trabalho\\amigo_pet\\projeto-amigopet\\front\\node_modules\\is-wsl'
4300 silly reify ]
4301 silly reify mark retired [
4301 silly reify   'C:\\Users\\tupai\\OneDrive\\Área de Trabalho\\amigo_pet\\projeto-amigopet\\front\\node_modules\\json-parse-even-better-errors'
4301 silly reify ]
4302 silly reify mark retired [
4302 silly reify   'C:\\Users\\tupai\\OneDrive\\Área de Trabalho\\amigo_pet\\projeto-amigopet\\front\\node_modules\\jsesc',
4302 silly reify   'C:\\Users\\tupai\\OneDrive\\Área de Trabalho\\amigo_pet\\projeto-amigopet\\front\\node_modules\\.bin\\jsesc',
4302 silly reify   'C:\\Users\\tupai\\OneDrive\\Área de Trabalho\\amigo_pet\\projeto-amigopet\\front\\node_modules\\.bin\\jsesc.cmd',
4302 silly reify   'C:\\Users\\tupai\\OneDrive\\Área de Trabalho\\amigo_pet\\projeto-amigopet\\front\\node_modules\\.bin\\jsesc.ps1'
4302 silly reify ]
4303 silly reify mark retired [
4303 silly reify   'C:\\Users\\tupai\\OneDrive\\Área de Trabalho\\amigo_pet\\projeto-amigopet\\front\\node_modules\\launch-editor'
4303 silly reify ]
4304 silly reify mark retired [
4304 silly reify   'C:\\Users\\tupai\\OneDrive\\Área de Trabalho\\amigo_pet\\projeto-amigopet\\front\\node_modules\\less-loader'
4304 silly reify ]
4305 silly reify mark retired [
4305 silly reify   'C:\\Users\\tupai\\OneDrive\\Área de Trabalho\\amigo_pet\\projeto-amigopet\\front\\node_modules\\locate-path'
4305 silly reify ]
4306 silly reify mark retired [
4306 silly reify   'C:\\Users\\tupai\\OneDrive\\Área de Trabalho\\amigo_pet\\projeto-amigopet\\front\\node_modules\\loader-runner'
4306 silly reify ]
4307 silly reify mark retired [
4307 silly reify   'C:\\Users\\tupai\\OneDrive\\Área de Trabalho\\amigo_pet\\projeto-amigopet\\front\\node_modules\\log-update'
4307 silly reify ]
4308 silly reify mark retired [
4308 silly reify   'C:\\Users\\tupai\\OneDrive\\Área de Trabalho\\amigo_pet\\projeto-amigopet\\front\\node_modules\\magic-string'
4308 silly reify ]
4309 silly reify mark retired [
4309 silly reify   'C:\\Users\\tupai\\OneDrive\\Área de Trabalho\\amigo_pet\\projeto-amigopet\\front\\node_modules\\mimic-function'
4309 silly reify ]
4310 silly reify mark retired [
4310 silly reify   'C:\\Users\\tupai\\OneDrive\\Área de Trabalho\\amigo_pet\\projeto-amigopet\\front\\node_modules\\minipass-collect'
4310 silly reify ]
4311 silly reify mark retired [
4311 silly reify   'C:\\Users\\tupai\\OneDrive\\Área de Trabalho\\amigo_pet\\projeto-amigopet\\front\\node_modules\\minipass'
4311 silly reify ]
4312 silly reify mark retired [
4312 silly reify   'C:\\Users\\tupai\\OneDrive\\Área de Trabalho\\amigo_pet\\projeto-amigopet\\front\\node_modules\\minipass-pipeline\\node_modules\\yallist'
4312 silly reify ]
4313 silly reify mark retired [
4313 silly reify   'C:\\Users\\tupai\\OneDrive\\Área de Trabalho\\amigo_pet\\projeto-amigopet\\front\\node_modules\\minipass-pipeline\\node_modules\\minipass'
4313 silly reify ]
4314 silly reify mark retired [
4314 silly reify   'C:\\Users\\tupai\\OneDrive\\Área de Trabalho\\amigo_pet\\projeto-amigopet\\front\\node_modules\\minipass-fetch'
4314 silly reify ]
4315 silly reify mark retired [
4315 silly reify   'C:\\Users\\tupai\\OneDrive\\Área de Trabalho\\amigo_pet\\projeto-amigopet\\front\\node_modules\\minizlib'
4315 silly reify ]
4316 silly reify mark retired [
4316 silly reify   'C:\\Users\\tupai\\OneDrive\\Área de Trabalho\\amigo_pet\\projeto-amigopet\\front\\node_modules\\mrmime'
4316 silly reify ]
4317 silly reify mark retired [
4317 silly reify   'C:\\Users\\tupai\\OneDrive\\Área de Trabalho\\amigo_pet\\projeto-amigopet\\front\\node_modules\\minipass-flush'
4317 silly reify ]
4318 silly reify mark retired [
4318 silly reify   'C:\\Users\\tupai\\OneDrive\\Área de Trabalho\\amigo_pet\\projeto-amigopet\\front\\node_modules\\minipass-sized\\node_modules\\minipass'
4318 silly reify ]
4319 silly reify mark retired [
4319 silly reify   'C:\\Users\\tupai\\OneDrive\\Área de Trabalho\\amigo_pet\\projeto-amigopet\\front\\node_modules\\minipass-sized\\node_modules\\yallist'
4319 silly reify ]
4320 silly reify mark retired [
4320 silly reify   'C:\\Users\\tupai\\OneDrive\\Área de Trabalho\\amigo_pet\\projeto-amigopet\\front\\node_modules\\mute-stream'
4320 silly reify ]
4321 silly reify mark retired [
4321 silly reify   'C:\\Users\\tupai\\OneDrive\\Área de Trabalho\\amigo_pet\\projeto-amigopet\\front\\node_modules\\node-releases'
4321 silly reify ]
4322 silly reify mark retired [
4322 silly reify   'C:\\Users\\tupai\\OneDrive\\Área de Trabalho\\amigo_pet\\projeto-amigopet\\front\\node_modules\\msgpackr-extract',
4322 silly reify   'C:\\Users\\tupai\\OneDrive\\Área de Trabalho\\amigo_pet\\projeto-amigopet\\front\\node_modules\\.bin\\download-msgpackr-prebuilds',
4322 silly reify   'C:\\Users\\tupai\\OneDrive\\Área de Trabalho\\amigo_pet\\projeto-amigopet\\front\\node_modules\\.bin\\download-msgpackr-prebuilds.cmd',
4322 silly reify   'C:\\Users\\tupai\\OneDrive\\Área de Trabalho\\amigo_pet\\projeto-amigopet\\front\\node_modules\\.bin\\download-msgpackr-prebuilds.ps1'
4322 silly reify ]
4323 silly reify mark retired [
4323 silly reify   'C:\\Users\\tupai\\OneDrive\\Área de Trabalho\\amigo_pet\\projeto-amigopet\\front\\node_modules\\mkdirp',
4323 silly reify   'C:\\Users\\tupai\\OneDrive\\Área de Trabalho\\amigo_pet\\projeto-amigopet\\front\\node_modules\\.bin\\mkdirp',
4323 silly reify   'C:\\Users\\tupai\\OneDrive\\Área de Trabalho\\amigo_pet\\projeto-amigopet\\front\\node_modules\\.bin\\mkdirp.cmd',
4323 silly reify   'C:\\Users\\tupai\\OneDrive\\Área de Trabalho\\amigo_pet\\projeto-amigopet\\front\\node_modules\\.bin\\mkdirp.ps1'
4323 silly reify ]
4324 silly reify mark retired [
4324 silly reify   'C:\\Users\\tupai\\OneDrive\\Área de Trabalho\\amigo_pet\\projeto-amigopet\\front\\node_modules\\negotiator'
4324 silly reify ]
4325 silly reify mark retired [
4325 silly reify   'C:\\Users\\tupai\\OneDrive\\Área de Trabalho\\amigo_pet\\projeto-amigopet\\front\\node_modules\\nopt',
4325 silly reify   'C:\\Users\\tupai\\OneDrive\\Área de Trabalho\\amigo_pet\\projeto-amigopet\\front\\node_modules\\.bin\\nopt',
4325 silly reify   'C:\\Users\\tupai\\OneDrive\\Área de Trabalho\\amigo_pet\\projeto-amigopet\\front\\node_modules\\.bin\\nopt.cmd',
4325 silly reify   'C:\\Users\\tupai\\OneDrive\\Área de Trabalho\\amigo_pet\\projeto-amigopet\\front\\node_modules\\.bin\\nopt.ps1'
4325 silly reify ]
4326 silly reify mark retired [
4326 silly reify   'C:\\Users\\tupai\\OneDrive\\Área de Trabalho\\amigo_pet\\projeto-amigopet\\front\\node_modules\\multicast-dns',
4326 silly reify   'C:\\Users\\tupai\\OneDrive\\Área de Trabalho\\amigo_pet\\projeto-amigopet\\front\\node_modules\\.bin\\multicast-dns',
4326 silly reify   'C:\\Users\\tupai\\OneDrive\\Área de Trabalho\\amigo_pet\\projeto-amigopet\\front\\node_modules\\.bin\\multicast-dns.cmd',
4326 silly reify   'C:\\Users\\tupai\\OneDrive\\Área de Trabalho\\amigo_pet\\projeto-amigopet\\front\\node_modules\\.bin\\multicast-dns.ps1'
4326 silly reify ]
4327 silly reify mark retired [
4327 silly reify   'C:\\Users\\tupai\\OneDrive\\Área de Trabalho\\amigo_pet\\projeto-amigopet\\front\\node_modules\\node-gyp-build-optional-packages',
4327 silly reify   'C:\\Users\\tupai\\OneDrive\\Área de Trabalho\\amigo_pet\\projeto-amigopet\\front\\node_modules\\.bin\\node-gyp-build-optional-packages',
4327 silly reify   'C:\\Users\\tupai\\OneDrive\\Área de Trabalho\\amigo_pet\\projeto-amigopet\\front\\node_modules\\.bin\\node-gyp-build-optional-packages.cmd',
4327 silly reify   'C:\\Users\\tupai\\OneDrive\\Área de Trabalho\\amigo_pet\\projeto-amigopet\\front\\node_modules\\.bin\\node-gyp-build-optional-packages.ps1',
4327 silly reify   'C:\\Users\\tupai\\OneDrive\\Área de Trabalho\\amigo_pet\\projeto-amigopet\\front\\node_modules\\.bin\\node-gyp-build-optional-packages-optional',
4327 silly reify   'C:\\Users\\tupai\\OneDrive\\Área de Trabalho\\amigo_pet\\projeto-amigopet\\front\\node_modules\\.bin\\node-gyp-build-optional-packages-optional.cmd',
4327 silly reify   'C:\\Users\\tupai\\OneDrive\\Área de Trabalho\\amigo_pet\\projeto-amigopet\\front\\node_modules\\.bin\\node-gyp-build-optional-packages-optional.ps1',
4327 silly reify   'C:\\Users\\tupai\\OneDrive\\Área de Trabalho\\amigo_pet\\projeto-amigopet\\front\\node_modules\\.bin\\node-gyp-build-optional-packages-test',
4327 silly reify   'C:\\Users\\tupai\\OneDrive\\Área de Trabalho\\amigo_pet\\projeto-amigopet\\front\\node_modules\\.bin\\node-gyp-build-optional-packages-test.cmd',
4327 silly reify   'C:\\Users\\tupai\\OneDrive\\Área de Trabalho\\amigo_pet\\projeto-amigopet\\front\\node_modules\\.bin\\node-gyp-build-optional-packages-test.ps1'
4327 silly reify ]
4328 silly reify mark retired [
4328 silly reify   'C:\\Users\\tupai\\OneDrive\\Área de Trabalho\\amigo_pet\\projeto-amigopet\\front\\node_modules\\npm-bundled'
4328 silly reify ]
4329 silly reify mark retired [
4329 silly reify   'C:\\Users\\tupai\\OneDrive\\Área de Trabalho\\amigo_pet\\projeto-amigopet\\front\\node_modules\\npm-registry-fetch'
4329 silly reify ]
4330 silly reify mark retired [
4330 silly reify   'C:\\Users\\tupai\\OneDrive\\Área de Trabalho\\amigo_pet\\projeto-amigopet\\front\\node_modules\\npm-normalize-package-bin'
4330 silly reify ]
4331 silly reify mark retired [
4331 silly reify   'C:\\Users\\tupai\\OneDrive\\Área de Trabalho\\amigo_pet\\projeto-amigopet\\front\\node_modules\\npm-install-checks'
4331 silly reify ]
4332 silly reify mark retired [
4332 silly reify   'C:\\Users\\tupai\\OneDrive\\Área de Trabalho\\amigo_pet\\projeto-amigopet\\front\\node_modules\\npm-packlist'
4332 silly reify ]
4333 silly reify mark retired [
4333 silly reify   'C:\\Users\\tupai\\OneDrive\\Área de Trabalho\\amigo_pet\\projeto-amigopet\\front\\node_modules\\npm-package-arg'
4333 silly reify ]
4334 silly reify mark retired [
4334 silly reify   'C:\\Users\\tupai\\OneDrive\\Área de Trabalho\\amigo_pet\\projeto-amigopet\\front\\node_modules\\npm-pick-manifest'
4334 silly reify ]
4335 silly reify mark retired [
4335 silly reify   'C:\\Users\\tupai\\OneDrive\\Área de Trabalho\\amigo_pet\\projeto-amigopet\\front\\node_modules\\ordered-binary'
4335 silly reify ]
4336 silly reify mark retired [
4336 silly reify   'C:\\Users\\tupai\\OneDrive\\Área de Trabalho\\amigo_pet\\projeto-amigopet\\front\\node_modules\\p-limit'
4336 silly reify ]
4337 silly reify mark retired [
4337 silly reify   'C:\\Users\\tupai\\OneDrive\\Área de Trabalho\\amigo_pet\\projeto-amigopet\\front\\node_modules\\p-locate'
4337 silly reify ]
4338 silly reify mark retired [
4338 silly reify   'C:\\Users\\tupai\\OneDrive\\Área de Trabalho\\amigo_pet\\projeto-amigopet\\front\\node_modules\\p-map'
4338 silly reify ]
4339 silly reify mark retired [
4339 silly reify   'C:\\Users\\tupai\\OneDrive\\Área de Trabalho\\amigo_pet\\projeto-amigopet\\front\\node_modules\\open'
4339 silly reify ]
4340 silly reify mark retired [
4340 silly reify   'C:\\Users\\tupai\\OneDrive\\Área de Trabalho\\amigo_pet\\projeto-amigopet\\front\\node_modules\\p-retry'
4340 silly reify ]
4341 silly reify mark retired [
4341 silly reify   'C:\\Users\\tupai\\OneDrive\\Área de Trabalho\\amigo_pet\\projeto-amigopet\\front\\node_modules\\parse-json\\node_modules\\json-parse-even-better-errors'
4341 silly reify ]
4342 silly reify mark retired [
4342 silly reify   'C:\\Users\\tupai\\OneDrive\\Área de Trabalho\\amigo_pet\\projeto-amigopet\\front\\node_modules\\path-to-regexp'
4342 silly reify ]
4343 silly reify mark retired [
4343 silly reify   'C:\\Users\\tupai\\OneDrive\\Área de Trabalho\\amigo_pet\\projeto-amigopet\\front\\node_modules\\path-scurry\\node_modules\\lru-cache'
4343 silly reify ]
4344 silly reify mark retired [
4344 silly reify   'C:\\Users\\tupai\\OneDrive\\Área de Trabalho\\amigo_pet\\projeto-amigopet\\front\\node_modules\\path-exists'
4344 silly reify ]
4345 silly reify mark retired [
4345 silly reify   'C:\\Users\\tupai\\OneDrive\\Área de Trabalho\\amigo_pet\\projeto-amigopet\\front\\node_modules\\path-type'
4345 silly reify ]
4346 silly reify mark retired [
4346 silly reify   'C:\\Users\\tupai\\OneDrive\\Área de Trabalho\\amigo_pet\\projeto-amigopet\\front\\node_modules\\postcss-media-query-parser'
4346 silly reify ]
4347 silly reify mark retired [
4347 silly reify   'C:\\Users\\tupai\\OneDrive\\Área de Trabalho\\amigo_pet\\projeto-amigopet\\front\\node_modules\\postcss-loader'
4347 silly reify ]
4348 silly reify mark retired [
4348 silly reify   'C:\\Users\\tupai\\OneDrive\\Área de Trabalho\\amigo_pet\\projeto-amigopet\\front\\node_modules\\proc-log'
4348 silly reify ]
4349 silly reify mark retired [
4349 silly reify   'C:\\Users\\tupai\\OneDrive\\Área de Trabalho\\amigo_pet\\projeto-amigopet\\front\\node_modules\\primeicons'
4349 silly reify ]
4350 silly reify mark retired [
4350 silly reify   'C:\\Users\\tupai\\OneDrive\\Área de Trabalho\\amigo_pet\\projeto-amigopet\\front\\node_modules\\raw-body'
4350 silly reify ]
4351 silly reify mark retired [
4351 silly reify   'C:\\Users\\tupai\\OneDrive\\Área de Trabalho\\amigo_pet\\projeto-amigopet\\front\\node_modules\\regenerator-runtime'
4351 silly reify ]
4352 silly reify mark retired [
4352 silly reify   'C:\\Users\\tupai\\OneDrive\\Área de Trabalho\\amigo_pet\\projeto-amigopet\\front\\node_modules\\regexpu-core'
4352 silly reify ]
4353 silly reify mark retired [
4353 silly reify   'C:\\Users\\tupai\\OneDrive\\Área de Trabalho\\amigo_pet\\projeto-amigopet\\front\\node_modules\\resolve-from'
4353 silly reify ]
4354 silly reify mark retired [
4354 silly reify   'C:\\Users\\tupai\\OneDrive\\Área de Trabalho\\amigo_pet\\projeto-amigopet\\front\\node_modules\\primeng'
4354 silly reify ]
4355 silly reify mark retired [
4355 silly reify   'C:\\Users\\tupai\\OneDrive\\Área de Trabalho\\amigo_pet\\projeto-amigopet\\front\\node_modules\\reflect-metadata'
4355 silly reify ]
4356 silly reify mark retired [
4356 silly reify   'C:\\Users\\tupai\\OneDrive\\Área de Trabalho\\amigo_pet\\projeto-amigopet\\front\\node_modules\\rfdc'
4356 silly reify ]
4357 silly reify mark retired [
4357 silly reify   'C:\\Users\\tupai\\OneDrive\\Área de Trabalho\\amigo_pet\\projeto-amigopet\\front\\node_modules\\regjsparser',
4357 silly reify   'C:\\Users\\tupai\\OneDrive\\Área de Trabalho\\amigo_pet\\projeto-amigopet\\front\\node_modules\\.bin\\regjsparser',
4357 silly reify   'C:\\Users\\tupai\\OneDrive\\Área de Trabalho\\amigo_pet\\projeto-amigopet\\front\\node_modules\\.bin\\regjsparser.cmd',
4357 silly reify   'C:\\Users\\tupai\\OneDrive\\Área de Trabalho\\amigo_pet\\projeto-amigopet\\front\\node_modules\\.bin\\regjsparser.ps1'
4357 silly reify ]
4358 silly reify mark retired [
4358 silly reify   'C:\\Users\\tupai\\OneDrive\\Área de Trabalho\\amigo_pet\\projeto-amigopet\\front\\node_modules\\run-applescript'
4358 silly reify ]
4359 silly reify mark retired [
4359 silly reify   'C:\\Users\\tupai\\OneDrive\\Área de Trabalho\\amigo_pet\\projeto-amigopet\\front\\node_modules\\rimraf',
4359 silly reify   'C:\\Users\\tupai\\OneDrive\\Área de Trabalho\\amigo_pet\\projeto-amigopet\\front\\node_modules\\.bin\\rimraf',
4359 silly reify   'C:\\Users\\tupai\\OneDrive\\Área de Trabalho\\amigo_pet\\projeto-amigopet\\front\\node_modules\\.bin\\rimraf.cmd',
4359 silly reify   'C:\\Users\\tupai\\OneDrive\\Área de Trabalho\\amigo_pet\\projeto-amigopet\\front\\node_modules\\.bin\\rimraf.ps1'
4359 silly reify ]
4360 silly reify mark retired [
4360 silly reify   'C:\\Users\\tupai\\OneDrive\\Área de Trabalho\\amigo_pet\\projeto-amigopet\\front\\node_modules\\sass-loader'
4360 silly reify ]
4361 silly reify mark retired [
4361 silly reify   'C:\\Users\\tupai\\OneDrive\\Área de Trabalho\\amigo_pet\\projeto-amigopet\\front\\node_modules\\sax'
4361 silly reify ]
4362 silly reify mark retired [
4362 silly reify   'C:\\Users\\tupai\\OneDrive\\Área de Trabalho\\amigo_pet\\projeto-amigopet\\front\\node_modules\\serve-index'
4362 silly reify ]
4363 silly reify mark retired [
4363 silly reify   'C:\\Users\\tupai\\OneDrive\\Área de Trabalho\\amigo_pet\\projeto-amigopet\\front\\node_modules\\serve-static'
4363 silly reify ]
4364 silly reify mark retired [
4364 silly reify   'C:\\Users\\tupai\\OneDrive\\Área de Trabalho\\amigo_pet\\projeto-amigopet\\front\\node_modules\\send'
4364 silly reify ]
4365 silly reify mark retired [
4365 silly reify   'C:\\Users\\tupai\\OneDrive\\Área de Trabalho\\amigo_pet\\projeto-amigopet\\front\\node_modules\\shell-quote'
4365 silly reify ]
4366 silly reify mark retired [
4366 silly reify   'C:\\Users\\tupai\\OneDrive\\Área de Trabalho\\amigo_pet\\projeto-amigopet\\front\\node_modules\\side-channel'
4366 silly reify ]
4367 silly reify mark retired [
4367 silly reify   'C:\\Users\\tupai\\OneDrive\\Área de Trabalho\\amigo_pet\\projeto-amigopet\\front\\node_modules\\slash'
4367 silly reify ]
4368 silly reify mark retired [
4368 silly reify   'C:\\Users\\tupai\\OneDrive\\Área de Trabalho\\amigo_pet\\projeto-amigopet\\front\\node_modules\\side-channel-list'
4368 silly reify ]
4369 silly reify mark retired [
4369 silly reify   'C:\\Users\\tupai\\OneDrive\\Área de Trabalho\\amigo_pet\\projeto-amigopet\\front\\node_modules\\slice-ansi'
4369 silly reify ]
4370 silly reify mark retired [
4370 silly reify   'C:\\Users\\tupai\\OneDrive\\Área de Trabalho\\amigo_pet\\projeto-amigopet\\front\\node_modules\\sigstore'
4370 silly reify ]
4371 silly reify mark retired [
4371 silly reify   'C:\\Users\\tupai\\OneDrive\\Área de Trabalho\\amigo_pet\\projeto-amigopet\\front\\node_modules\\socks'
4371 silly reify ]
4372 silly reify mark retired [
4372 silly reify   'C:\\Users\\tupai\\OneDrive\\Área de Trabalho\\amigo_pet\\projeto-amigopet\\front\\node_modules\\spdx-license-ids'
4372 silly reify ]
4373 silly reify mark retired [
4373 silly reify   'C:\\Users\\tupai\\OneDrive\\Área de Trabalho\\amigo_pet\\projeto-amigopet\\front\\node_modules\\ssri'
4373 silly reify ]
4374 silly reify mark retired [
4374 silly reify   'C:\\Users\\tupai\\OneDrive\\Área de Trabalho\\amigo_pet\\projeto-amigopet\\front\\node_modules\\tinyglobby'
4374 silly reify ]
4375 silly reify mark retired [
4375 silly reify   'C:\\Users\\tupai\\OneDrive\\Área de Trabalho\\amigo_pet\\projeto-amigopet\\front\\node_modules\\tree-kill',
4375 silly reify   'C:\\Users\\tupai\\OneDrive\\Área de Trabalho\\amigo_pet\\projeto-amigopet\\front\\node_modules\\.bin\\tree-kill',
4375 silly reify   'C:\\Users\\tupai\\OneDrive\\Área de Trabalho\\amigo_pet\\projeto-amigopet\\front\\node_modules\\.bin\\tree-kill.cmd',
4375 silly reify   'C:\\Users\\tupai\\OneDrive\\Área de Trabalho\\amigo_pet\\projeto-amigopet\\front\\node_modules\\.bin\\tree-kill.ps1'
4375 silly reify ]
4376 silly reify mark retired [
4376 silly reify   'C:\\Users\\tupai\\OneDrive\\Área de Trabalho\\amigo_pet\\projeto-amigopet\\front\\node_modules\\tuf-js'
4376 silly reify ]
4377 silly reify mark retired [
4377 silly reify   'C:\\Users\\tupai\\OneDrive\\Área de Trabalho\\amigo_pet\\projeto-amigopet\\front\\node_modules\\tree-dump'
4377 silly reify ]
4378 silly reify mark retired [
4378 silly reify   'C:\\Users\\tupai\\OneDrive\\Área de Trabalho\\amigo_pet\\projeto-amigopet\\front\\node_modules\\unique-slug'
4378 silly reify ]
4379 silly reify mark retired [
4379 silly reify   'C:\\Users\\tupai\\OneDrive\\Área de Trabalho\\amigo_pet\\projeto-amigopet\\front\\node_modules\\unicorn-magic'
4379 silly reify ]
4380 silly reify mark retired [
4380 silly reify   'C:\\Users\\tupai\\OneDrive\\Área de Trabalho\\amigo_pet\\projeto-amigopet\\front\\node_modules\\unique-filename'
4380 silly reify ]
4381 silly reify mark retired [
4381 silly reify   'C:\\Users\\tupai\\OneDrive\\Área de Trabalho\\amigo_pet\\projeto-amigopet\\front\\node_modules\\terser-webpack-plugin'
4381 silly reify ]
4382 silly reify mark retired [
4382 silly reify   'C:\\Users\\tupai\\OneDrive\\Área de Trabalho\\amigo_pet\\projeto-amigopet\\front\\node_modules\\update-browserslist-db',
4382 silly reify   'C:\\Users\\tupai\\OneDrive\\Área de Trabalho\\amigo_pet\\projeto-amigopet\\front\\node_modules\\.bin\\update-browserslist-db',
4382 silly reify   'C:\\Users\\tupai\\OneDrive\\Área de Trabalho\\amigo_pet\\projeto-amigopet\\front\\node_modules\\.bin\\update-browserslist-db.cmd',
4382 silly reify   'C:\\Users\\tupai\\OneDrive\\Área de Trabalho\\amigo_pet\\projeto-amigopet\\front\\node_modules\\.bin\\update-browserslist-db.ps1'
4382 silly reify ]
4383 silly reify mark retired [
4383 silly reify   'C:\\Users\\tupai\\OneDrive\\Área de Trabalho\\amigo_pet\\projeto-amigopet\\front\\node_modules\\validate-npm-package-name'
4383 silly reify ]
4384 silly reify mark retired [
4384 silly reify   'C:\\Users\\tupai\\OneDrive\\Área de Trabalho\\amigo_pet\\projeto-amigopet\\front\\node_modules\\weak-lru-cache'
4384 silly reify ]
4385 silly reify mark retired [
4385 silly reify   'C:\\Users\\tupai\\OneDrive\\Área de Trabalho\\amigo_pet\\projeto-amigopet\\front\\node_modules\\which',
4385 silly reify   'C:\\Users\\tupai\\OneDrive\\Área de Trabalho\\amigo_pet\\projeto-amigopet\\front\\node_modules\\.bin\\which',
4385 silly reify   'C:\\Users\\tupai\\OneDrive\\Área de Trabalho\\amigo_pet\\projeto-amigopet\\front\\node_modules\\.bin\\which.cmd',
4385 silly reify   'C:\\Users\\tupai\\OneDrive\\Área de Trabalho\\amigo_pet\\projeto-amigopet\\front\\node_modules\\.bin\\which.ps1'
4385 silly reify ]
4386 silly reify mark retired [
4386 silly reify   'C:\\Users\\tupai\\OneDrive\\Área de Trabalho\\amigo_pet\\projeto-amigopet\\front\\node_modules\\@angular\\compiler'
4386 silly reify ]
4387 silly reify mark retired [
4387 silly reify   'C:\\Users\\tupai\\OneDrive\\Área de Trabalho\\amigo_pet\\projeto-amigopet\\front\\node_modules\\@angular\\forms'
4387 silly reify ]
4388 silly reify mark retired [
4388 silly reify   'C:\\Users\\tupai\\OneDrive\\Área de Trabalho\\amigo_pet\\projeto-amigopet\\front\\node_modules\\@angular\\platform-browser-dynamic'
4388 silly reify ]
4389 silly reify mark retired [
4389 silly reify   'C:\\Users\\tupai\\OneDrive\\Área de Trabalho\\amigo_pet\\projeto-amigopet\\front\\node_modules\\@angular\\platform-browser'
4389 silly reify ]
4390 silly reify mark retired [
4390 silly reify   'C:\\Users\\tupai\\OneDrive\\Área de Trabalho\\amigo_pet\\projeto-amigopet\\front\\node_modules\\@angular\\router'
4390 silly reify ]
4391 silly reify mark retired [
4391 silly reify   'C:\\Users\\tupai\\OneDrive\\Área de Trabalho\\amigo_pet\\projeto-amigopet\\front\\node_modules\\@ampproject\\remapping'
4391 silly reify ]
4392 silly reify mark retired [
4392 silly reify   'C:\\Users\\tupai\\OneDrive\\Área de Trabalho\\amigo_pet\\projeto-amigopet\\front\\node_modules\\@babel\\helper-annotate-as-pure'
4392 silly reify ]
4393 silly reify mark retired [
4393 silly reify   'C:\\Users\\tupai\\OneDrive\\Área de Trabalho\\amigo_pet\\projeto-amigopet\\front\\node_modules\\@babel\\helper-globals'
4393 silly reify ]
4394 silly reify mark retired [
4394 silly reify   'C:\\Users\\tupai\\OneDrive\\Área de Trabalho\\amigo_pet\\projeto-amigopet\\front\\node_modules\\yoctocolors-cjs'
4394 silly reify ]
4395 silly reify mark retired [
4395 silly reify   'C:\\Users\\tupai\\OneDrive\\Área de Trabalho\\amigo_pet\\projeto-amigopet\\front\\node_modules\\@babel\\code-frame'
4395 silly reify ]
4396 silly reify mark retired [
4396 silly reify   'C:\\Users\\tupai\\OneDrive\\Área de Trabalho\\amigo_pet\\projeto-amigopet\\front\\node_modules\\@babel\\helper-member-expression-to-functions'
4396 silly reify ]
4397 silly reify mark retired [
4397 silly reify   'C:\\Users\\tupai\\OneDrive\\Área de Trabalho\\amigo_pet\\projeto-amigopet\\front\\node_modules\\@babel\\helper-optimise-call-expression'
4397 silly reify ]
4398 silly reify mark retired [
4398 silly reify   'C:\\Users\\tupai\\OneDrive\\Área de Trabalho\\amigo_pet\\projeto-amigopet\\front\\node_modules\\@babel\\helper-remap-async-to-generator'
4398 silly reify ]
4399 silly reify mark retired [
4399 silly reify   'C:\\Users\\tupai\\OneDrive\\Área de Trabalho\\amigo_pet\\projeto-amigopet\\front\\node_modules\\@babel\\helper-split-export-declaration'
4399 silly reify ]
4400 silly reify mark retired [
4400 silly reify   'C:\\Users\\tupai\\OneDrive\\Área de Trabalho\\amigo_pet\\projeto-amigopet\\front\\node_modules\\@babel\\helper-string-parser'
4400 silly reify ]
4401 silly reify mark retired [
4401 silly reify   'C:\\Users\\tupai\\OneDrive\\Área de Trabalho\\amigo_pet\\projeto-amigopet\\front\\node_modules\\@babel\\helper-plugin-utils'
4401 silly reify ]
4402 silly reify mark retired [
4402 silly reify   'C:\\Users\\tupai\\OneDrive\\Área de Trabalho\\amigo_pet\\projeto-amigopet\\front\\node_modules\\@babel\\helper-wrap-function'
4402 silly reify ]
4403 silly reify mark retired [
4403 silly reify   'C:\\Users\\tupai\\OneDrive\\Área de Trabalho\\amigo_pet\\projeto-amigopet\\front\\node_modules\\@babel\\plugin-bugfix-firefox-class-in-computed-class-key'
4403 silly reify ]
4404 silly reify mark retired [
4404 silly reify   'C:\\Users\\tupai\\OneDrive\\Área de Trabalho\\amigo_pet\\projeto-amigopet\\front\\node_modules\\@babel\\helper-replace-supers'
4404 silly reify ]
4405 silly reify mark retired [
4405 silly reify   'C:\\Users\\tupai\\OneDrive\\Área de Trabalho\\amigo_pet\\projeto-amigopet\\front\\node_modules\\@babel\\plugin-bugfix-v8-static-class-fields-redefine-readonly'
4405 silly reify ]
4406 silly reify mark retired [
4406 silly reify   'C:\\Users\\tupai\\OneDrive\\Área de Trabalho\\amigo_pet\\projeto-amigopet\\front\\node_modules\\@babel\\plugin-bugfix-v8-spread-parameters-in-optional-chaining'
4406 silly reify ]
4407 silly reify mark retired [
4407 silly reify   'C:\\Users\\tupai\\OneDrive\\Área de Trabalho\\amigo_pet\\projeto-amigopet\\front\\node_modules\\@babel\\plugin-bugfix-safari-class-field-initializer-scope'
4407 silly reify ]
4408 silly reify mark retired [
4408 silly reify   'C:\\Users\\tupai\\OneDrive\\Área de Trabalho\\amigo_pet\\projeto-amigopet\\front\\node_modules\\@babel\\helper-skip-transparent-expression-wrappers'
4408 silly reify ]
4409 silly reify mark retired [
4409 silly reify   'C:\\Users\\tupai\\OneDrive\\Área de Trabalho\\amigo_pet\\projeto-amigopet\\front\\node_modules\\@babel\\plugin-bugfix-safari-id-destructuring-collision-in-function-expression'
4409 silly reify ]
4410 silly reify mark retired [
4410 silly reify   'C:\\Users\\tupai\\OneDrive\\Área de Trabalho\\amigo_pet\\projeto-amigopet\\front\\node_modules\\@babel\\plugin-syntax-import-assertions'
4410 silly reify ]
4411 silly reify mark retired [
4411 silly reify   'C:\\Users\\tupai\\OneDrive\\Área de Trabalho\\amigo_pet\\projeto-amigopet\\front\\node_modules\\@babel\\plugin-transform-arrow-functions'
4411 silly reify ]
4412 silly reify mark retired [
4412 silly reify   'C:\\Users\\tupai\\OneDrive\\Área de Trabalho\\amigo_pet\\projeto-amigopet\\front\\node_modules\\@babel\\plugin-transform-async-to-generator'
4412 silly reify ]
4413 silly reify mark retired [
4413 silly reify   'C:\\Users\\tupai\\OneDrive\\Área de Trabalho\\amigo_pet\\projeto-amigopet\\front\\node_modules\\@babel\\plugin-syntax-import-attributes'
4413 silly reify ]
4414 silly reify mark retired [
4414 silly reify   'C:\\Users\\tupai\\OneDrive\\Área de Trabalho\\amigo_pet\\projeto-amigopet\\front\\node_modules\\@babel\\plugin-transform-class-properties'
4414 silly reify ]
4415 silly reify mark retired [
4415 silly reify   'C:\\Users\\tupai\\OneDrive\\Área de Trabalho\\amigo_pet\\projeto-amigopet\\front\\node_modules\\@babel\\plugin-transform-destructuring'
4415 silly reify ]
4416 silly reify mark retired [
4416 silly reify   'C:\\Users\\tupai\\OneDrive\\Área de Trabalho\\amigo_pet\\projeto-amigopet\\front\\node_modules\\@babel\\plugin-transform-block-scoped-functions'
4416 silly reify ]
4417 silly reify mark retired [
4417 silly reify   'C:\\Users\\tupai\\OneDrive\\Área de Trabalho\\amigo_pet\\projeto-amigopet\\front\\node_modules\\@babel\\plugin-transform-class-static-block'
4417 silly reify ]
4418 silly reify mark retired [
4418 silly reify   'C:\\Users\\tupai\\OneDrive\\Área de Trabalho\\amigo_pet\\projeto-amigopet\\front\\node_modules\\@babel\\plugin-transform-duplicate-keys'
4418 silly reify ]
4419 silly reify mark retired [
4419 silly reify   'C:\\Users\\tupai\\OneDrive\\Área de Trabalho\\amigo_pet\\projeto-amigopet\\front\\node_modules\\@babel\\plugin-transform-dotall-regex'
4419 silly reify ]
4420 silly reify mark retired [
4420 silly reify   'C:\\Users\\tupai\\OneDrive\\Área de Trabalho\\amigo_pet\\projeto-amigopet\\front\\node_modules\\@babel\\plugin-transform-duplicate-named-capturing-groups-regex'
4420 silly reify ]
4421 silly reify mark retired [
4421 silly reify   'C:\\Users\\tupai\\OneDrive\\Área de Trabalho\\amigo_pet\\projeto-amigopet\\front\\node_modules\\@babel\\plugin-transform-exponentiation-operator'
4421 silly reify ]
4422 silly reify mark retired [
4422 silly reify   'C:\\Users\\tupai\\OneDrive\\Área de Trabalho\\amigo_pet\\projeto-amigopet\\front\\node_modules\\@babel\\plugin-transform-computed-properties'
4422 silly reify ]
4423 silly reify mark retired [
4423 silly reify   'C:\\Users\\tupai\\OneDrive\\Área de Trabalho\\amigo_pet\\projeto-amigopet\\front\\node_modules\\@babel\\plugin-transform-for-of'
4423 silly reify ]
4424 silly reify mark retired [
4424 silly reify   'C:\\Users\\tupai\\OneDrive\\Área de Trabalho\\amigo_pet\\projeto-amigopet\\front\\node_modules\\@babel\\plugin-transform-function-name'
4424 silly reify ]
4425 silly reify mark retired [
4425 silly reify   'C:\\Users\\tupai\\OneDrive\\Área de Trabalho\\amigo_pet\\projeto-amigopet\\front\\node_modules\\@babel\\plugin-transform-dynamic-import'
4425 silly reify ]
4426 silly reify mark retired [
4426 silly reify   'C:\\Users\\tupai\\OneDrive\\Área de Trabalho\\amigo_pet\\projeto-amigopet\\front\\node_modules\\@babel\\plugin-transform-export-namespace-from'
4426 silly reify ]
4427 silly reify mark retired [
4427 silly reify   'C:\\Users\\tupai\\OneDrive\\Área de Trabalho\\amigo_pet\\projeto-amigopet\\front\\node_modules\\@babel\\plugin-transform-json-strings'
4427 silly reify ]
4428 silly reify mark retired [
4428 silly reify   'C:\\Users\\tupai\\OneDrive\\Área de Trabalho\\amigo_pet\\projeto-amigopet\\front\\node_modules\\@babel\\plugin-transform-literals'
4428 silly reify ]
4429 silly reify mark retired [
4429 silly reify   'C:\\Users\\tupai\\OneDrive\\Área de Trabalho\\amigo_pet\\projeto-amigopet\\front\\node_modules\\@babel\\plugin-transform-modules-systemjs'
4429 silly reify ]
4430 silly reify mark retired [
4430 silly reify   'C:\\Users\\tupai\\OneDrive\\Área de Trabalho\\amigo_pet\\projeto-amigopet\\front\\node_modules\\@babel\\plugin-transform-modules-amd'
4430 silly reify ]
4431 silly reify mark retired [
4431 silly reify   'C:\\Users\\tupai\\OneDrive\\Área de Trabalho\\amigo_pet\\projeto-amigopet\\front\\node_modules\\@babel\\plugin-transform-modules-umd'
4431 silly reify ]
4432 silly reify mark retired [
4432 silly reify   'C:\\Users\\tupai\\OneDrive\\Área de Trabalho\\amigo_pet\\projeto-amigopet\\front\\node_modules\\@babel\\plugin-transform-nullish-coalescing-operator'
4432 silly reify ]
4433 silly reify mark retired [
4433 silly reify   'C:\\Users\\tupai\\OneDrive\\Área de Trabalho\\amigo_pet\\projeto-amigopet\\front\\node_modules\\@babel\\plugin-transform-logical-assignment-operators'
4433 silly reify ]
4434 silly reify mark retired [
4434 silly reify   'C:\\Users\\tupai\\OneDrive\\Área de Trabalho\\amigo_pet\\projeto-amigopet\\front\\node_modules\\@babel\\plugin-transform-member-expression-literals'
4434 silly reify ]
4435 silly reify mark retired [
4435 silly reify   'C:\\Users\\tupai\\OneDrive\\Área de Trabalho\\amigo_pet\\projeto-amigopet\\front\\node_modules\\@babel\\plugin-transform-named-capturing-groups-regex'
4435 silly reify ]
4436 silly reify mark retired [
4436 silly reify   'C:\\Users\\tupai\\OneDrive\\Área de Trabalho\\amigo_pet\\projeto-amigopet\\front\\node_modules\\@babel\\plugin-transform-numeric-separator'
4436 silly reify ]
4437 silly reify mark retired [
4437 silly reify   'C:\\Users\\tupai\\OneDrive\\Área de Trabalho\\amigo_pet\\projeto-amigopet\\front\\node_modules\\@babel\\plugin-transform-optional-catch-binding'
4437 silly reify ]
4438 silly reify mark retired [
4438 silly reify   'C:\\Users\\tupai\\OneDrive\\Área de Trabalho\\amigo_pet\\projeto-amigopet\\front\\node_modules\\@babel\\plugin-transform-object-super'
4438 silly reify ]
4439 silly reify mark retired [
4439 silly reify   'C:\\Users\\tupai\\OneDrive\\Área de Trabalho\\amigo_pet\\projeto-amigopet\\front\\node_modules\\@babel\\plugin-transform-new-target'
4439 silly reify ]
4440 silly reify mark retired [
4440 silly reify   'C:\\Users\\tupai\\OneDrive\\Área de Trabalho\\amigo_pet\\projeto-amigopet\\front\\node_modules\\@babel\\plugin-transform-private-methods'
4440 silly reify ]
4441 silly reify mark retired [
4441 silly reify   'C:\\Users\\tupai\\OneDrive\\Área de Trabalho\\amigo_pet\\projeto-amigopet\\front\\node_modules\\@babel\\plugin-transform-optional-chaining'
4441 silly reify ]
4442 silly reify mark retired [
4442 silly reify   'C:\\Users\\tupai\\OneDrive\\Área de Trabalho\\amigo_pet\\projeto-amigopet\\front\\node_modules\\@babel\\plugin-transform-property-literals'
4442 silly reify ]
4443 silly reify mark retired [
4443 silly reify   'C:\\Users\\tupai\\OneDrive\\Área de Trabalho\\amigo_pet\\projeto-amigopet\\front\\node_modules\\@babel\\plugin-transform-private-property-in-object'
4443 silly reify ]
4444 silly reify mark retired [
4444 silly reify   'C:\\Users\\tupai\\OneDrive\\Área de Trabalho\\amigo_pet\\projeto-amigopet\\front\\node_modules\\@babel\\plugin-transform-reserved-words'
4444 silly reify ]
4445 silly reify mark retired [
4445 silly reify   'C:\\Users\\tupai\\OneDrive\\Área de Trabalho\\amigo_pet\\projeto-amigopet\\front\\node_modules\\@babel\\plugin-transform-regexp-modifiers'
4445 silly reify ]
4446 silly reify mark retired [
4446 silly reify   'C:\\Users\\tupai\\OneDrive\\Área de Trabalho\\amigo_pet\\projeto-amigopet\\front\\node_modules\\@babel\\plugin-transform-object-rest-spread'
4446 silly reify ]
4447 silly reify mark retired [
4447 silly reify   'C:\\Users\\tupai\\OneDrive\\Área de Trabalho\\amigo_pet\\projeto-amigopet\\front\\node_modules\\@babel\\plugin-transform-spread'
4447 silly reify ]
4448 silly reify mark retired [
4448 silly reify   'C:\\Users\\tupai\\OneDrive\\Área de Trabalho\\amigo_pet\\projeto-amigopet\\front\\node_modules\\@babel\\plugin-transform-template-literals'
4448 silly reify ]
4449 silly reify mark retired [
4449 silly reify   'C:\\Users\\tupai\\OneDrive\\Área de Trabalho\\amigo_pet\\projeto-amigopet\\front\\node_modules\\@babel\\plugin-transform-typeof-symbol'
4449 silly reify ]
4450 silly reify mark retired [
4450 silly reify   'C:\\Users\\tupai\\OneDrive\\Área de Trabalho\\amigo_pet\\projeto-amigopet\\front\\node_modules\\@babel\\plugin-transform-sticky-regex'
4450 silly reify ]
4451 silly reify mark retired [
4451 silly reify   'C:\\Users\\tupai\\OneDrive\\Área de Trabalho\\amigo_pet\\projeto-amigopet\\front\\node_modules\\@babel\\plugin-transform-shorthand-properties'
4451 silly reify ]
4452 silly reify mark retired [
4452 silly reify   'C:\\Users\\tupai\\OneDrive\\Área de Trabalho\\amigo_pet\\projeto-amigopet\\front\\node_modules\\@babel\\plugin-transform-unicode-escapes'
4452 silly reify ]
4453 silly reify mark retired [
4453 silly reify   'C:\\Users\\tupai\\OneDrive\\Área de Trabalho\\amigo_pet\\projeto-amigopet\\front\\node_modules\\@babel\\plugin-transform-unicode-regex'
4453 silly reify ]
4454 silly reify mark retired [
4454 silly reify   'C:\\Users\\tupai\\OneDrive\\Área de Trabalho\\amigo_pet\\projeto-amigopet\\front\\node_modules\\@babel\\plugin-transform-unicode-property-regex'
4454 silly reify ]
4455 silly reify mark retired [
4455 silly reify   'C:\\Users\\tupai\\OneDrive\\Área de Trabalho\\amigo_pet\\projeto-amigopet\\front\\node_modules\\@inquirer\\ansi'
4455 silly reify ]
4456 silly reify mark retired [
4456 silly reify   'C:\\Users\\tupai\\OneDrive\\Área de Trabalho\\amigo_pet\\projeto-amigopet\\front\\node_modules\\@babel\\plugin-transform-unicode-sets-regex'
4456 silly reify ]
4457 silly reify mark retired [
4457 silly reify   'C:\\Users\\tupai\\OneDrive\\Área de Trabalho\\amigo_pet\\projeto-amigopet\\front\\node_modules\\@inquirer\\confirm'
4457 silly reify ]
4458 silly reify mark retired [
4458 silly reify   'C:\\Users\\tupai\\OneDrive\\Área de Trabalho\\amigo_pet\\projeto-amigopet\\front\\node_modules\\@inquirer\\password'
4458 silly reify ]
4459 silly reify mark retired [
4459 silly reify   'C:\\Users\\tupai\\OneDrive\\Área de Trabalho\\amigo_pet\\projeto-amigopet\\front\\node_modules\\@inquirer\\editor'
4459 silly reify ]
4460 silly reify mark retired [
4460 silly reify   'C:\\Users\\tupai\\OneDrive\\Área de Trabalho\\amigo_pet\\projeto-amigopet\\front\\node_modules\\@inquirer\\search'
4460 silly reify ]
4461 silly reify mark retired [
4461 silly reify   'C:\\Users\\tupai\\OneDrive\\Área de Trabalho\\amigo_pet\\projeto-amigopet\\front\\node_modules\\@inquirer\\checkbox'
4461 silly reify ]
4462 silly reify mark retired [
4462 silly reify   'C:\\Users\\tupai\\OneDrive\\Área de Trabalho\\amigo_pet\\projeto-amigopet\\front\\node_modules\\@inquirer\\number'
4462 silly reify ]
4463 silly reify mark retired [
4463 silly reify   'C:\\Users\\tupai\\OneDrive\\Área de Trabalho\\amigo_pet\\projeto-amigopet\\front\\node_modules\\@inquirer\\expand'
4463 silly reify ]
4464 silly reify mark retired [
4464 silly reify   'C:\\Users\\tupai\\OneDrive\\Área de Trabalho\\amigo_pet\\projeto-amigopet\\front\\node_modules\\@inquirer\\prompts'
4464 silly reify ]
4465 silly reify mark retired [
4465 silly reify   'C:\\Users\\tupai\\OneDrive\\Área de Trabalho\\amigo_pet\\projeto-amigopet\\front\\node_modules\\@inquirer\\input'
4465 silly reify ]
4466 silly reify mark retired [
4466 silly reify   'C:\\Users\\tupai\\OneDrive\\Área de Trabalho\\amigo_pet\\projeto-amigopet\\front\\node_modules\\@inquirer\\select'
4466 silly reify ]
4467 silly reify mark retired [
4467 silly reify   'C:\\Users\\tupai\\OneDrive\\Área de Trabalho\\amigo_pet\\projeto-amigopet\\front\\node_modules\\@isaacs\\fs-minipass'
4467 silly reify ]
4468 silly reify mark retired [
4468 silly reify   'C:\\Users\\tupai\\OneDrive\\Área de Trabalho\\amigo_pet\\projeto-amigopet\\front\\node_modules\\@isaacs\\cliui\\node_modules\\ansi-styles'
4468 silly reify ]
4469 silly reify mark retired [
4469 silly reify   'C:\\Users\\tupai\\OneDrive\\Área de Trabalho\\amigo_pet\\projeto-amigopet\\front\\node_modules\\@isaacs\\cliui\\node_modules\\emoji-regex'
4469 silly reify ]
4470 silly reify mark retired [
4470 silly reify   'C:\\Users\\tupai\\OneDrive\\Área de Trabalho\\amigo_pet\\projeto-amigopet\\front\\node_modules\\@isaacs\\cliui\\node_modules\\ansi-regex'
4470 silly reify ]
4471 silly reify mark retired [
4471 silly reify   'C:\\Users\\tupai\\OneDrive\\Área de Trabalho\\amigo_pet\\projeto-amigopet\\front\\node_modules\\@isaacs\\cliui\\node_modules\\string-width'
4471 silly reify ]
4472 silly reify mark retired [
4472 silly reify   'C:\\Users\\tupai\\OneDrive\\Área de Trabalho\\amigo_pet\\projeto-amigopet\\front\\node_modules\\@isaacs\\cliui\\node_modules\\wrap-ansi'
4472 silly reify ]
4473 silly reify mark retired [
4473 silly reify   'C:\\Users\\tupai\\OneDrive\\Área de Trabalho\\amigo_pet\\projeto-amigopet\\front\\node_modules\\@isaacs\\cliui\\node_modules\\strip-ansi'
4473 silly reify ]
4474 silly reify mark retired [
4474 silly reify   'C:\\Users\\tupai\\OneDrive\\Área de Trabalho\\amigo_pet\\projeto-amigopet\\front\\node_modules\\@jsonjoy.com\\codegen'
4474 silly reify ]
4475 silly reify mark retired [
4475 silly reify   'C:\\Users\\tupai\\OneDrive\\Área de Trabalho\\amigo_pet\\projeto-amigopet\\front\\node_modules\\@inquirer\\figures'
4475 silly reify ]
4476 silly reify mark retired [
4476 silly reify   'C:\\Users\\tupai\\OneDrive\\Área de Trabalho\\amigo_pet\\projeto-amigopet\\front\\node_modules\\@jsonjoy.com\\fs-print'
4476 silly reify ]
4477 silly reify mark retired [
4477 silly reify   'C:\\Users\\tupai\\OneDrive\\Área de Trabalho\\amigo_pet\\projeto-amigopet\\front\\node_modules\\@listr2\\prompt-adapter-inquirer'
4477 silly reify ]
4478 silly reify mark retired [
4478 silly reify   'C:\\Users\\tupai\\OneDrive\\Área de Trabalho\\amigo_pet\\projeto-amigopet\\front\\node_modules\\@napi-rs\\nice-win32-x64-msvc'
4478 silly reify ]
4479 silly reify mark retired [
4479 silly reify   'C:\\Users\\tupai\\OneDrive\\Área de Trabalho\\amigo_pet\\projeto-amigopet\\front\\node_modules\\@msgpackr-extract\\msgpackr-extract-win32-x64'
4479 silly reify ]
4480 silly reify mark retired [
4480 silly reify   'C:\\Users\\tupai\\OneDrive\\Área de Trabalho\\amigo_pet\\projeto-amigopet\\front\\node_modules\\@inquirer\\rawlist'
4480 silly reify ]
4481 silly reify mark retired [
4481 silly reify   'C:\\Users\\tupai\\OneDrive\\Área de Trabalho\\amigo_pet\\projeto-amigopet\\front\\node_modules\\@napi-rs\\nice'
4481 silly reify ]
4482 silly reify mark retired [
4482 silly reify   'C:\\Users\\tupai\\OneDrive\\Área de Trabalho\\amigo_pet\\projeto-amigopet\\front\\node_modules\\@npmcli\\agent'
4482 silly reify ]
4483 silly reify mark retired [
4483 silly reify   'C:\\Users\\tupai\\OneDrive\\Área de Trabalho\\amigo_pet\\projeto-amigopet\\front\\node_modules\\@lmdb\\lmdb-win32-x64'
4483 silly reify ]
4484 silly reify mark retired [
4484 silly reify   'C:\\Users\\tupai\\OneDrive\\Área de Trabalho\\amigo_pet\\projeto-amigopet\\front\\node_modules\\@npmcli\\package-json'
4484 silly reify ]
4485 silly reify mark retired [
4485 silly reify   'C:\\Users\\tupai\\OneDrive\\Área de Trabalho\\amigo_pet\\projeto-amigopet\\front\\node_modules\\@npmcli\\redact'
4485 silly reify ]
4486 silly reify mark retired [
4486 silly reify   'C:\\Users\\tupai\\OneDrive\\Área de Trabalho\\amigo_pet\\projeto-amigopet\\front\\node_modules\\@npmcli\\installed-package-contents',
4486 silly reify   'C:\\Users\\tupai\\OneDrive\\Área de Trabalho\\amigo_pet\\projeto-amigopet\\front\\node_modules\\.bin\\installed-package-contents',
4486 silly reify   'C:\\Users\\tupai\\OneDrive\\Área de Trabalho\\amigo_pet\\projeto-amigopet\\front\\node_modules\\.bin\\installed-package-contents.cmd',
4486 silly reify   'C:\\Users\\tupai\\OneDrive\\Área de Trabalho\\amigo_pet\\projeto-amigopet\\front\\node_modules\\.bin\\installed-package-contents.ps1'
4486 silly reify ]
4487 silly reify mark retired [
4487 silly reify   'C:\\Users\\tupai\\OneDrive\\Área de Trabalho\\amigo_pet\\projeto-amigopet\\front\\node_modules\\@parcel\\watcher-win32-x64'
4487 silly reify ]
4488 silly reify mark retired [
4488 silly reify   'C:\\Users\\tupai\\OneDrive\\Área de Trabalho\\amigo_pet\\projeto-amigopet\\front\\node_modules\\@npmcli\\node-gyp'
4488 silly reify ]
4489 silly reify mark retired [
4489 silly reify   'C:\\Users\\tupai\\OneDrive\\Área de Trabalho\\amigo_pet\\projeto-amigopet\\front\\node_modules\\@primeng\\themes'
4489 silly reify ]
4490 silly reify mark retired [
4490 silly reify   'C:\\Users\\tupai\\OneDrive\\Área de Trabalho\\amigo_pet\\projeto-amigopet\\front\\node_modules\\@rollup\\rollup-win32-x64-gnu'
4490 silly reify ]
4491 silly reify mark retired [
4491 silly reify   'C:\\Users\\tupai\\OneDrive\\Área de Trabalho\\amigo_pet\\projeto-amigopet\\front\\node_modules\\@npmcli\\promise-spawn'
4491 silly reify ]
4492 silly reify mark retired [
4492 silly reify   'C:\\Users\\tupai\\OneDrive\\Área de Trabalho\\amigo_pet\\projeto-amigopet\\front\\node_modules\\@rollup\\rollup-win32-x64-msvc'
4492 silly reify ]
4493 silly reify mark retired [
4493 silly reify   'C:\\Users\\tupai\\OneDrive\\Área de Trabalho\\amigo_pet\\projeto-amigopet\\front\\node_modules\\@tufjs\\canonical-json'
4493 silly reify ]
4494 silly reify mark retired [
4494 silly reify   'C:\\Users\\tupai\\OneDrive\\Área de Trabalho\\amigo_pet\\projeto-amigopet\\front\\node_modules\\@primeuix\\utils'
4494 silly reify ]
4495 silly reify mark retired [
4495 silly reify   'C:\\Users\\tupai\\OneDrive\\Área de Trabalho\\amigo_pet\\projeto-amigopet\\front\\node_modules\\@sigstore\\bundle'
4495 silly reify ]
4496 silly reify mark retired [
4496 silly reify   'C:\\Users\\tupai\\OneDrive\\Área de Trabalho\\amigo_pet\\projeto-amigopet\\front\\node_modules\\@primeuix\\styled'
4496 silly reify ]
4497 silly reify mark retired [
4497 silly reify   'C:\\Users\\tupai\\OneDrive\\Área de Trabalho\\amigo_pet\\projeto-amigopet\\front\\node_modules\\@sigstore\\tuf'
4497 silly reify ]
4498 silly reify mark retired [
4498 silly reify   'C:\\Users\\tupai\\OneDrive\\Área de Trabalho\\amigo_pet\\projeto-amigopet\\front\\node_modules\\@sindresorhus\\merge-streams'
4498 silly reify ]
4499 silly reify mark retired [
4499 silly reify   'C:\\Users\\tupai\\OneDrive\\Área de Trabalho\\amigo_pet\\projeto-amigopet\\front\\node_modules\\@types\\eslint'
4499 silly reify ]
4500 silly reify mark retired [
4500 silly reify   'C:\\Users\\tupai\\OneDrive\\Área de Trabalho\\amigo_pet\\projeto-amigopet\\front\\node_modules\\@types\\eslint-scope'
4500 silly reify ]
4501 silly reify mark retired [
4501 silly reify   'C:\\Users\\tupai\\OneDrive\\Área de Trabalho\\amigo_pet\\projeto-amigopet\\front\\node_modules\\socks-proxy-agent'
4501 silly reify ]
4502 silly reify mark retired [
4502 silly reify   'C:\\Users\\tupai\\OneDrive\\Área de Trabalho\\amigo_pet\\projeto-amigopet\\front\\node_modules\\@types\\express-serve-static-core'
4502 silly reify ]
4503 silly reify mark retired [
4503 silly reify   'C:\\Users\\tupai\\OneDrive\\Área de Trabalho\\amigo_pet\\projeto-amigopet\\front\\node_modules\\@types\\jasmine'
4503 silly reify ]
4504 silly reify mark retired [
4504 silly reify   'C:\\Users\\tupai\\OneDrive\\Área de Trabalho\\amigo_pet\\projeto-amigopet\\front\\node_modules\\@types\\qs'
4504 silly reify ]
4505 silly reify mark retired [
4505 silly reify   'C:\\Users\\tupai\\OneDrive\\Área de Trabalho\\amigo_pet\\projeto-amigopet\\front\\node_modules\\@types\\retry'
4505 silly reify ]
4506 silly reify mark retired [
4506 silly reify   'C:\\Users\\tupai\\OneDrive\\Área de Trabalho\\amigo_pet\\projeto-amigopet\\front\\node_modules\\@types\\serve-static\\node_modules\\@types\\send'
4506 silly reify ]
4507 silly reify moves {
4507 silly reify   'C:\\Users\\tupai\\OneDrive\\Área de Trabalho\\amigo_pet\\projeto-amigopet\\front\\node_modules\\accepts': 'C:\\Users\\tupai\\OneDrive\\Área de Trabalho\\amigo_pet\\projeto-amigopet\\front\\node_modules\\.accepts-ZUObfjgd',
4507 silly reify   'C:\\Users\\tupai\\OneDrive\\Área de Trabalho\\amigo_pet\\projeto-amigopet\\front\\node_modules\\ajv': 'C:\\Users\\tupai\\OneDrive\\Área de Trabalho\\amigo_pet\\projeto-amigopet\\front\\node_modules\\.ajv-f52nR1HL',
4507 silly reify   'C:\\Users\\tupai\\OneDrive\\Área de Trabalho\\amigo_pet\\projeto-amigopet\\front\\node_modules\\ajv-keywords': 'C:\\Users\\tupai\\OneDrive\\Área de Trabalho\\amigo_pet\\projeto-amigopet\\front\\node_modules\\.ajv-keywords-PruiILVE',
4507 silly reify   'C:\\Users\\tupai\\OneDrive\\Área de Trabalho\\amigo_pet\\projeto-amigopet\\front\\node_modules\\ansi-colors': 'C:\\Users\\tupai\\OneDrive\\Área de Trabalho\\amigo_pet\\projeto-amigopet\\front\\node_modules\\.ansi-colors-8h1wEAlc',
4507 silly reify   'C:\\Users\\tupai\\OneDrive\\Área de Trabalho\\amigo_pet\\projeto-amigopet\\front\\node_modules\\ansi-regex': 'C:\\Users\\tupai\\OneDrive\\Área de Trabalho\\amigo_pet\\projeto-amigopet\\front\\node_modules\\.ansi-regex-LJkNAWYZ',
4507 silly reify   'C:\\Users\\tupai\\OneDrive\\Área de Trabalho\\amigo_pet\\projeto-amigopet\\front\\node_modules\\ansi-styles': 'C:\\Users\\tupai\\OneDrive\\Área de Trabalho\\amigo_pet\\projeto-amigopet\\front\\node_modules\\.ansi-styles-50g9vurS',
4507 silly reify   'C:\\Users\\tupai\\OneDrive\\Área de Trabalho\\amigo_pet\\projeto-amigopet\\front\\node_modules\\anymatch': 'C:\\Users\\tupai\\OneDrive\\Área de Trabalho\\amigo_pet\\projeto-amigopet\\front\\node_modules\\.anymatch-Mv7QU8jB',
4507 silly reify   'C:\\Users\\tupai\\OneDrive\\Área de Trabalho\\amigo_pet\\projeto-amigopet\\front\\node_modules\\autoprefixer': 'C:\\Users\\tupai\\OneDrive\\Área de Trabalho\\amigo_pet\\projeto-amigopet\\front\\node_modules\\.autoprefixer-I6vsDkYG',
4507 silly reify   'C:\\Users\\tupai\\OneDrive\\Área de Trabalho\\amigo_pet\\projeto-amigopet\\front\\node_modules\\babel-loader': 'C:\\Users\\tupai\\OneDrive\\Área de Trabalho\\amigo_pet\\projeto-amigopet\\front\\node_modules\\.babel-loader-JQJmU6rh',
4507 silly reify   'C:\\Users\\tupai\\OneDrive\\Área de Trabalho\\amigo_pet\\projeto-amigopet\\front\\node_modules\\babel-plugin-polyfill-corejs3': 'C:\\Users\\tupai\\OneDrive\\Área de Trabalho\\amigo_pet\\projeto-amigopet\\front\\node_modules\\.babel-plugin-polyfill-corejs3-RevhIelz',
4507 silly reify   'C:\\Users\\tupai\\OneDrive\\Área de Trabalho\\amigo_pet\\projeto-amigopet\\front\\node_modules\\babel-plugin-polyfill-corejs2': 'C:\\Users\\tupai\\OneDrive\\Área de Trabalho\\amigo_pet\\projeto-amigopet\\front\\node_modules\\.babel-plugin-polyfill-corejs2-v2JDJzwx',
4507 silly reify   'C:\\Users\\tupai\\OneDrive\\Área de Trabalho\\amigo_pet\\projeto-amigopet\\front\\node_modules\\base64-js': 'C:\\Users\\tupai\\OneDrive\\Área de Trabalho\\amigo_pet\\projeto-amigopet\\front\\node_modules\\.base64-js-OI2qZIie',
4507 silly reify   'C:\\Users\\tupai\\OneDrive\\Área de Trabalho\\amigo_pet\\projeto-amigopet\\front\\node_modules\\binary-extensions': 'C:\\Users\\tupai\\OneDrive\\Área de Trabalho\\amigo_pet\\projeto-amigopet\\front\\node_modules\\.binary-extensions-pxKshjEi',
4507 silly reify   'C:\\Users\\tupai\\OneDrive\\Área de Trabalho\\amigo_pet\\projeto-amigopet\\front\\node_modules\\bl': 'C:\\Users\\tupai\\OneDrive\\Área de Trabalho\\amigo_pet\\projeto-amigopet\\front\\node_modules\\.bl-gfHHG7My',
4507 silly reify   'C:\\Users\\tupai\\OneDrive\\Área de Trabalho\\amigo_pet\\projeto-amigopet\\front\\node_modules\\brace-expansion': 'C:\\Users\\tupai\\OneDrive\\Área de Trabalho\\amigo_pet\\projeto-amigopet\\front\\node_modules\\.brace-expansion-af8BWf7y',
4507 silly reify   'C:\\Users\\tupai\\OneDrive\\Área de Trabalho\\amigo_pet\\projeto-amigopet\\front\\node_modules\\braces': 'C:\\Users\\tupai\\OneDrive\\Área de Trabalho\\amigo_pet\\projeto-amigopet\\front\\node_modules\\.braces-4DPEEBZE',
4507 silly reify   'C:\\Users\\tupai\\OneDrive\\Área de Trabalho\\amigo_pet\\projeto-amigopet\\front\\node_modules\\bonjour-service': 'C:\\Users\\tupai\\OneDrive\\Área de Trabalho\\amigo_pet\\projeto-amigopet\\front\\node_modules\\.bonjour-service-Ubc2KfDD',
4507 silly reify   'C:\\Users\\tupai\\OneDrive\\Área de Trabalho\\amigo_pet\\projeto-amigopet\\front\\node_modules\\buffer-from': 'C:\\Users\\tupai\\OneDrive\\Área de Trabalho\\amigo_pet\\projeto-amigopet\\front\\node_modules\\.buffer-from-fsZlaQkz',
4507 silly reify   'C:\\Users\\tupai\\OneDrive\\Área de Trabalho\\amigo_pet\\projeto-amigopet\\front\\node_modules\\buffer': 'C:\\Users\\tupai\\OneDrive\\Área de Trabalho\\amigo_pet\\projeto-amigopet\\front\\node_modules\\.buffer-irFOZAQn',
4507 silly reify   'C:\\Users\\tupai\\OneDrive\\Área de Trabalho\\amigo_pet\\projeto-amigopet\\front\\node_modules\\bytes': 'C:\\Users\\tupai\\OneDrive\\Área de Trabalho\\amigo_pet\\projeto-amigopet\\front\\node_modules\\.bytes-bUu79XKP',
4507 silly reify   'C:\\Users\\tupai\\OneDrive\\Área de Trabalho\\amigo_pet\\projeto-amigopet\\front\\node_modules\\cacache': 'C:\\Users\\tupai\\OneDrive\\Área de Trabalho\\amigo_pet\\projeto-amigopet\\front\\node_modules\\.cacache-z7sXKQbu',
4507 silly reify   'C:\\Users\\tupai\\OneDrive\\Área de Trabalho\\amigo_pet\\projeto-amigopet\\front\\node_modules\\call-bind-apply-helpers': 'C:\\Users\\tupai\\OneDrive\\Área de Trabalho\\amigo_pet\\projeto-amigopet\\front\\node_modules\\.call-bind-apply-helpers-bfgqRSo3',
4507 silly reify   'C:\\Users\\tupai\\OneDrive\\Área de Trabalho\\amigo_pet\\projeto-amigopet\\front\\node_modules\\call-bound': 'C:\\Users\\tupai\\OneDrive\\Área de Trabalho\\amigo_pet\\projeto-amigopet\\front\\node_modules\\.call-bound-NLaqcvdC',
4507 silly reify   'C:\\Users\\tupai\\OneDrive\\Área de Trabalho\\amigo_pet\\projeto-amigopet\\front\\node_modules\\chalk': 'C:\\Users\\tupai\\OneDrive\\Área de Trabalho\\amigo_pet\\projeto-amigopet\\front\\node_modules\\.chalk-bnz2ylbL',
4507 silly reify   'C:\\Users\\tupai\\OneDrive\\Área de Trabalho\\amigo_pet\\projeto-amigopet\\front\\node_modules\\chardet': 'C:\\Users\\tupai\\OneDrive\\Área de Trabalho\\amigo_pet\\projeto-amigopet\\front\\node_modules\\.chardet-fA2vNGF8',
4507 silly reify   'C:\\Users\\tupai\\OneDrive\\Área de Trabalho\\amigo_pet\\projeto-amigopet\\front\\node_modules\\caniuse-lite': 'C:\\Users\\tupai\\OneDrive\\Área de Trabalho\\amigo_pet\\projeto-amigopet\\front\\node_modules\\.caniuse-lite-9V9vpvDm',
4507 silly reify   'C:\\Users\\tupai\\OneDrive\\Área de Trabalho\\amigo_pet\\projeto-amigopet\\front\\node_modules\\cliui': 'C:\\Users\\tupai\\OneDrive\\Área de Trabalho\\amigo_pet\\projeto-amigopet\\front\\node_modules\\.cliui-rrCHowjf',
4507 silly reify   'C:\\Users\\tupai\\OneDrive\\Área de Trabalho\\amigo_pet\\projeto-amigopet\\front\\node_modules\\cli-spinners': 'C:\\Users\\tupai\\OneDrive\\Área de Trabalho\\amigo_pet\\projeto-amigopet\\front\\node_modules\\.cli-spinners-IHcqv5WC',
4507 silly reify   'C:\\Users\\tupai\\OneDrive\\Área de Trabalho\\amigo_pet\\projeto-amigopet\\front\\node_modules\\content-type': 'C:\\Users\\tupai\\OneDrive\\Área de Trabalho\\amigo_pet\\projeto-amigopet\\front\\node_modules\\.content-type-rnfvok0f',
4507 silly reify   'C:\\Users\\tupai\\OneDrive\\Área de Trabalho\\amigo_pet\\projeto-amigopet\\front\\node_modules\\convert-source-map': 'C:\\Users\\tupai\\OneDrive\\Área de Trabalho\\amigo_pet\\projeto-amigopet\\front\\node_modules\\.convert-source-map-1WB59051',
4507 silly reify   'C:\\Users\\tupai\\OneDrive\\Área de Trabalho\\amigo_pet\\projeto-amigopet\\front\\node_modules\\cookie': 'C:\\Users\\tupai\\OneDrive\\Área de Trabalho\\amigo_pet\\projeto-amigopet\\front\\node_modules\\.cookie-ehrQ4J6v',
4507 silly reify   'C:\\Users\\tupai\\OneDrive\\Área de Trabalho\\amigo_pet\\projeto-amigopet\\front\\node_modules\\core-js-compat': 'C:\\Users\\tupai\\OneDrive\\Área de Trabalho\\amigo_pet\\projeto-amigopet\\front\\node_modules\\.core-js-compat-GlljZHte',
4507 silly reify   'C:\\Users\\tupai\\OneDrive\\Área de Trabalho\\amigo_pet\\projeto-amigopet\\front\\node_modules\\cosmiconfig': 'C:\\Users\\tupai\\OneDrive\\Área de Trabalho\\amigo_pet\\projeto-amigopet\\front\\node_modules\\.cosmiconfig-RLRFyG2H',
4507 silly reify   'C:\\Users\\tupai\\OneDrive\\Área de Trabalho\\amigo_pet\\projeto-amigopet\\front\\node_modules\\css-loader': 'C:\\Users\\tupai\\OneDrive\\Área de Trabalho\\amigo_pet\\projeto-amigopet\\front\\node_modules\\.css-loader-TRg478vC',
4507 silly reify   'C:\\Users\\tupai\\OneDrive\\Área de Trabalho\\amigo_pet\\projeto-amigopet\\front\\node_modules\\css-select': 'C:\\Users\\tupai\\OneDrive\\Área de Trabalho\\amigo_pet\\projeto-amigopet\\front\\node_modules\\.css-select-UXA0htVP',
4507 silly reify   'C:\\Users\\tupai\\OneDrive\\Área de Trabalho\\amigo_pet\\projeto-amigopet\\front\\node_modules\\css-what': 'C:\\Users\\tupai\\OneDrive\\Área de Trabalho\\amigo_pet\\projeto-amigopet\\front\\node_modules\\.css-what-8zvwbxC2',
4507 silly reify   'C:\\Users\\tupai\\OneDrive\\Área de Trabalho\\amigo_pet\\projeto-amigopet\\front\\node_modules\\date-format': 'C:\\Users\\tupai\\OneDrive\\Área de Trabalho\\amigo_pet\\projeto-amigopet\\front\\node_modules\\.date-format-oe3zyjdL',
4507 silly reify   'C:\\Users\\tupai\\OneDrive\\Área de Trabalho\\amigo_pet\\projeto-amigopet\\front\\node_modules\\debug': 'C:\\Users\\tupai\\OneDrive\\Área de Trabalho\\amigo_pet\\projeto-amigopet\\front\\node_modules\\.debug-CBfWb4T8',
4507 silly reify   'C:\\Users\\tupai\\OneDrive\\Área de Trabalho\\amigo_pet\\projeto-amigopet\\front\\node_modules\\defaults': 'C:\\Users\\tupai\\OneDrive\\Área de Trabalho\\amigo_pet\\projeto-amigopet\\front\\node_modules\\.defaults-qRzczvTs',
4507 silly reify   'C:\\Users\\tupai\\OneDrive\\Área de Trabalho\\amigo_pet\\projeto-amigopet\\front\\node_modules\\destroy': 'C:\\Users\\tupai\\OneDrive\\Área de Trabalho\\amigo_pet\\projeto-amigopet\\front\\node_modules\\.destroy-gfPI3Bbe',
4507 silly reify   'C:\\Users\\tupai\\OneDrive\\Área de Trabalho\\amigo_pet\\projeto-amigopet\\front\\node_modules\\domutils': 'C:\\Users\\tupai\\OneDrive\\Área de Trabalho\\amigo_pet\\projeto-amigopet\\front\\node_modules\\.domutils-0ML5bbHj',
4507 silly reify   'C:\\Users\\tupai\\OneDrive\\Área de Trabalho\\amigo_pet\\projeto-amigopet\\front\\node_modules\\dunder-proto': 'C:\\Users\\tupai\\OneDrive\\Área de Trabalho\\amigo_pet\\projeto-amigopet\\front\\node_modules\\.dunder-proto-celoHFl7',
4507 silly reify   'C:\\Users\\tupai\\OneDrive\\Área de Trabalho\\amigo_pet\\projeto-amigopet\\front\\node_modules\\engine.io': 'C:\\Users\\tupai\\OneDrive\\Área de Trabalho\\amigo_pet\\projeto-amigopet\\front\\node_modules\\.engine.io-URLZzJKg',
4507 silly reify   'C:\\Users\\tupai\\OneDrive\\Área de Trabalho\\amigo_pet\\projeto-amigopet\\front\\node_modules\\enhanced-resolve': 'C:\\Users\\tupai\\OneDrive\\Área de Trabalho\\amigo_pet\\projeto-amigopet\\front\\node_modules\\.enhanced-resolve-h9sdgGLP',
4507 silly reify   'C:\\Users\\tupai\\OneDrive\\Área de Trabalho\\amigo_pet\\projeto-amigopet\\front\\node_modules\\ent': 'C:\\Users\\tupai\\OneDrive\\Área de Trabalho\\amigo_pet\\projeto-amigopet\\front\\node_modules\\.ent-Jl0679Op',
4507 silly reify   'C:\\Users\\tupai\\OneDrive\\Área de Trabalho\\amigo_pet\\projeto-amigopet\\front\\node_modules\\engine.io-parser': 'C:\\Users\\tupai\\OneDrive\\Área de Trabalho\\amigo_pet\\projeto-amigopet\\front\\node_modules\\.engine.io-parser-Rk424xLr',
4507 silly reify   'C:\\Users\\tupai\\OneDrive\\Área de Trabalho\\amigo_pet\\projeto-amigopet\\front\\node_modules\\entities': 'C:\\Users\\tupai\\OneDrive\\Área de Trabalho\\amigo_pet\\projeto-amigopet\\front\\node_modules\\.entities-T363QpjF',
4507 silly reify   'C:\\Users\\tupai\\OneDrive\\Área de Trabalho\\amigo_pet\\projeto-amigopet\\front\\node_modules\\es-define-property': 'C:\\Users\\tupai\\OneDrive\\Área de Trabalho\\amigo_pet\\projeto-amigopet\\front\\node_modules\\.es-define-property-Ctnan01Z',
4507 silly reify   'C:\\Users\\tupai\\OneDrive\\Área de Trabalho\\amigo_pet\\projeto-amigopet\\front\\node_modules\\es-errors': 'C:\\Users\\tupai\\OneDrive\\Área de Trabalho\\amigo_pet\\projeto-amigopet\\front\\node_modules\\.es-errors-yGbHKNNO',
4507 silly reify   'C:\\Users\\tupai\\OneDrive\\Área de Trabalho\\amigo_pet\\projeto-amigopet\\front\\node_modules\\esbuild-wasm': 'C:\\Users\\tupai\\OneDrive\\Área de Trabalho\\amigo_pet\\projeto-amigopet\\front\\node_modules\\.esbuild-wasm-68ykF9hW',
4507 silly reify   'C:\\Users\\tupai\\OneDrive\\Área de Trabalho\\amigo_pet\\projeto-amigopet\\front\\node_modules\\escalade': 'C:\\Users\\tupai\\OneDrive\\Área de Trabalho\\amigo_pet\\projeto-amigopet\\front\\node_modules\\.escalade-ovyD28i2',
4507 silly reify   'C:\\Users\\tupai\\OneDrive\\Área de Trabalho\\amigo_pet\\projeto-amigopet\\front\\node_modules\\es-object-atoms': 'C:\\Users\\tupai\\OneDrive\\Área de Trabalho\\amigo_pet\\projeto-amigopet\\front\\node_modules\\.es-object-atoms-nIWIgJI7',
4507 silly reify   'C:\\Users\\tupai\\OneDrive\\Área de Trabalho\\amigo_pet\\projeto-amigopet\\front\\node_modules\\eventemitter3': 'C:\\Users\\tupai\\OneDrive\\Área de Trabalho\\amigo_pet\\projeto-amigopet\\front\\node_modules\\.eventemitter3-4wcY4qaK',
4507 silly reify   'C:\\Users\\tupai\\OneDrive\\Área de Trabalho\\amigo_pet\\projeto-amigopet\\front\\node_modules\\events': 'C:\\Users\\tupai\\OneDrive\\Área de Trabalho\\amigo_pet\\projeto-amigopet\\front\\node_modules\\.events-LLK67pIW',
4507 silly reify   'C:\\Users\\tupai\\OneDrive\\Área de Trabalho\\amigo_pet\\projeto-amigopet\\front\\node_modules\\express': 'C:\\Users\\tupai\\OneDrive\\Área de Trabalho\\amigo_pet\\projeto-amigopet\\front\\node_modules\\.express-zuH71gfh',
4507 silly reify   'C:\\Users\\tupai\\OneDrive\\Área de Trabalho\\amigo_pet\\projeto-amigopet\\front\\node_modules\\fast-glob': 'C:\\Users\\tupai\\OneDrive\\Área de Trabalho\\amigo_pet\\projeto-amigopet\\front\\node_modules\\.fast-glob-uwkk6pqY',
4507 silly reify   'C:\\Users\\tupai\\OneDrive\\Área de Trabalho\\amigo_pet\\projeto-amigopet\\front\\node_modules\\exponential-backoff': 'C:\\Users\\tupai\\OneDrive\\Área de Trabalho\\amigo_pet\\projeto-amigopet\\front\\node_modules\\.exponential-backoff-aZq6V0C5',
4507 silly reify   'C:\\Users\\tupai\\OneDrive\\Área de Trabalho\\amigo_pet\\projeto-amigopet\\front\\node_modules\\fast-uri': 'C:\\Users\\tupai\\OneDrive\\Área de Trabalho\\amigo_pet\\projeto-amigopet\\front\\node_modules\\.fast-uri-WSAK2wL9',
4507 silly reify   'C:\\Users\\tupai\\OneDrive\\Área de Trabalho\\amigo_pet\\projeto-amigopet\\front\\node_modules\\flatted': 'C:\\Users\\tupai\\OneDrive\\Área de Trabalho\\amigo_pet\\projeto-amigopet\\front\\node_modules\\.flatted-1aqlLKAm',
4507 silly reify   'C:\\Users\\tupai\\OneDrive\\Área de Trabalho\\amigo_pet\\projeto-amigopet\\front\\node_modules\\foreground-child': 'C:\\Users\\tupai\\OneDrive\\Área de Trabalho\\amigo_pet\\projeto-amigopet\\front\\node_modules\\.foreground-child-5buC0scP',
4507 silly reify   'C:\\Users\\tupai\\OneDrive\\Área de Trabalho\\amigo_pet\\projeto-amigopet\\front\\node_modules\\follow-redirects': 'C:\\Users\\tupai\\OneDrive\\Área de Trabalho\\amigo_pet\\projeto-amigopet\\front\\node_modules\\.follow-redirects-AaeD1Nwn',
4507 silly reify   'C:\\Users\\tupai\\OneDrive\\Área de Trabalho\\amigo_pet\\projeto-amigopet\\front\\node_modules\\gensync': 'C:\\Users\\tupai\\OneDrive\\Área de Trabalho\\amigo_pet\\projeto-amigopet\\front\\node_modules\\.gensync-tr5XMjbl',
4507 silly reify   'C:\\Users\\tupai\\OneDrive\\Área de Trabalho\\amigo_pet\\projeto-amigopet\\front\\node_modules\\function-bind': 'C:\\Users\\tupai\\OneDrive\\Área de Trabalho\\amigo_pet\\projeto-amigopet\\front\\node_modules\\.function-bind-3jDvEz0c',
4507 silly reify   'C:\\Users\\tupai\\OneDrive\\Área de Trabalho\\amigo_pet\\projeto-amigopet\\front\\node_modules\\get-proto': 'C:\\Users\\tupai\\OneDrive\\Área de Trabalho\\amigo_pet\\projeto-amigopet\\front\\node_modules\\.get-proto-UG7y0CdZ',
4507 silly reify   'C:\\Users\\tupai\\OneDrive\\Área de Trabalho\\amigo_pet\\projeto-amigopet\\front\\node_modules\\glob': 'C:\\Users\\tupai\\OneDrive\\Área de Trabalho\\amigo_pet\\projeto-amigopet\\front\\node_modules\\.glob-kqnQiQ2f',
4507 silly reify   'C:\\Users\\tupai\\OneDrive\\Área de Trabalho\\amigo_pet\\projeto-amigopet\\front\\node_modules\\get-intrinsic': 'C:\\Users\\tupai\\OneDrive\\Área de Trabalho\\amigo_pet\\projeto-amigopet\\front\\node_modules\\.get-intrinsic-NULVIayC',
4507 silly reify   'C:\\Users\\tupai\\OneDrive\\Área de Trabalho\\amigo_pet\\projeto-amigopet\\front\\node_modules\\gopd': 'C:\\Users\\tupai\\OneDrive\\Área de Trabalho\\amigo_pet\\projeto-amigopet\\front\\node_modules\\.gopd-ygkozR8Z',
4507 silly reify   'C:\\Users\\tupai\\OneDrive\\Área de Trabalho\\amigo_pet\\projeto-amigopet\\front\\node_modules\\graceful-fs': 'C:\\Users\\tupai\\OneDrive\\Área de Trabalho\\amigo_pet\\projeto-amigopet\\front\\node_modules\\.graceful-fs-TETurylq',
4507 silly reify   'C:\\Users\\tupai\\OneDrive\\Área de Trabalho\\amigo_pet\\projeto-amigopet\\front\\node_modules\\has-symbols': 'C:\\Users\\tupai\\OneDrive\\Área de Trabalho\\amigo_pet\\projeto-amigopet\\front\\node_modules\\.has-symbols-nBkr6mVc',
4507 silly reify   'C:\\Users\\tupai\\OneDrive\\Área de Trabalho\\amigo_pet\\projeto-amigopet\\front\\node_modules\\htmlparser2': 'C:\\Users\\tupai\\OneDrive\\Área de Trabalho\\amigo_pet\\projeto-amigopet\\front\\node_modules\\.htmlparser2-cN5YL3i4',
4507 silly reify   'C:\\Users\\tupai\\OneDrive\\Área de Trabalho\\amigo_pet\\projeto-amigopet\\front\\node_modules\\has-tostringtag': 'C:\\Users\\tupai\\OneDrive\\Área de Trabalho\\amigo_pet\\projeto-amigopet\\front\\node_modules\\.has-tostringtag-EJpl1a2N',
4507 silly reify   'C:\\Users\\tupai\\OneDrive\\Área de Trabalho\\amigo_pet\\projeto-amigopet\\front\\node_modules\\html-escaper': 'C:\\Users\\tupai\\OneDrive\\Área de Trabalho\\amigo_pet\\projeto-amigopet\\front\\node_modules\\.html-escaper-12m4YF4W',
4507 silly reify   'C:\\Users\\tupai\\OneDrive\\Área de Trabalho\\amigo_pet\\projeto-amigopet\\front\\node_modules\\http-proxy-middleware': 'C:\\Users\\tupai\\OneDrive\\Área de Trabalho\\amigo_pet\\projeto-amigopet\\front\\node_modules\\.http-proxy-middleware-srab8rrP',
4507 silly reify   'C:\\Users\\tupai\\OneDrive\\Área de Trabalho\\amigo_pet\\projeto-amigopet\\front\\node_modules\\hyperdyperid': 'C:\\Users\\tupai\\OneDrive\\Área de Trabalho\\amigo_pet\\projeto-amigopet\\front\\node_modules\\.hyperdyperid-c9aiTUQk',
4507 silly reify   'C:\\Users\\tupai\\OneDrive\\Área de Trabalho\\amigo_pet\\projeto-amigopet\\front\\node_modules\\ip-address': 'C:\\Users\\tupai\\OneDrive\\Área de Trabalho\\amigo_pet\\projeto-amigopet\\front\\node_modules\\.ip-address-NNkQ0ECy',
4507 silly reify   'C:\\Users\\tupai\\OneDrive\\Área de Trabalho\\amigo_pet\\projeto-amigopet\\front\\node_modules\\is-regex': 'C:\\Users\\tupai\\OneDrive\\Área de Trabalho\\amigo_pet\\projeto-amigopet\\front\\node_modules\\.is-regex-xDEYSc4N',
4507 silly reify   'C:\\Users\\tupai\\OneDrive\\Área de Trabalho\\amigo_pet\\projeto-amigopet\\front\\node_modules\\istanbul-lib-coverage': 'C:\\Users\\tupai\\OneDrive\\Área de Trabalho\\amigo_pet\\projeto-amigopet\\front\\node_modules\\.istanbul-lib-coverage-uiyrRVRC',
4507 silly reify   'C:\\Users\\tupai\\OneDrive\\Área de Trabalho\\amigo_pet\\projeto-amigopet\\front\\node_modules\\istanbul-lib-instrument': 'C:\\Users\\tupai\\OneDrive\\Área de Trabalho\\amigo_pet\\projeto-amigopet\\front\\node_modules\\.istanbul-lib-instrument-1VcKIDAY',
4507 silly reify   'C:\\Users\\tupai\\OneDrive\\Área de Trabalho\\amigo_pet\\projeto-amigopet\\front\\node_modules\\istanbul-lib-source-maps': 'C:\\Users\\tupai\\OneDrive\\Área de Trabalho\\amigo_pet\\projeto-amigopet\\front\\node_modules\\.istanbul-lib-source-maps-i2wMLHwq',
4507 silly reify   'C:\\Users\\tupai\\OneDrive\\Área de Trabalho\\amigo_pet\\projeto-amigopet\\front\\node_modules\\istanbul-reports': 'C:\\Users\\tupai\\OneDrive\\Área de Trabalho\\amigo_pet\\projeto-amigopet\\front\\node_modules\\.istanbul-reports-jPsP7PcS',
4507 silly reify   'C:\\Users\\tupai\\OneDrive\\Área de Trabalho\\amigo_pet\\projeto-amigopet\\front\\node_modules\\istanbul-lib-report': 'C:\\Users\\tupai\\OneDrive\\Área de Trabalho\\amigo_pet\\projeto-amigopet\\front\\node_modules\\.istanbul-lib-report-dL8BBHoZ',
4507 silly reify   'C:\\Users\\tupai\\OneDrive\\Área de Trabalho\\amigo_pet\\projeto-amigopet\\front\\node_modules\\jest-worker': 'C:\\Users\\tupai\\OneDrive\\Área de Trabalho\\amigo_pet\\projeto-amigopet\\front\\node_modules\\.jest-worker-Go6YUXVo',
4507 silly reify   'C:\\Users\\tupai\\OneDrive\\Área de Trabalho\\amigo_pet\\projeto-amigopet\\front\\node_modules\\jiti': 'C:\\Users\\tupai\\OneDrive\\Área de Trabalho\\amigo_pet\\projeto-amigopet\\front\\node_modules\\.jiti-ssFKfTkd',
4507 silly reify   'C:\\Users\\tupai\\OneDrive\\Área de Trabalho\\amigo_pet\\projeto-amigopet\\front\\node_modules\\js-yaml': 'C:\\Users\\tupai\\OneDrive\\Área de Trabalho\\amigo_pet\\projeto-amigopet\\front\\node_modules\\.js-yaml-tWw9pHhW',
4507 silly reify   'C:\\Users\\tupai\\OneDrive\\Área de Trabalho\\amigo_pet\\projeto-amigopet\\front\\node_modules\\jasmine-core': 'C:\\Users\\tupai\\OneDrive\\Área de Trabalho\\amigo_pet\\projeto-amigopet\\front\\node_modules\\.jasmine-core-2dpGgWBE',
4507 silly reify   'C:\\Users\\tupai\\OneDrive\\Área de Trabalho\\amigo_pet\\projeto-amigopet\\front\\node_modules\\json5': 'C:\\Users\\tupai\\OneDrive\\Área de Trabalho\\amigo_pet\\projeto-amigopet\\front\\node_modules\\.json5-WqHw0MK4',
4507 silly reify   'C:\\Users\\tupai\\OneDrive\\Área de Trabalho\\amigo_pet\\projeto-amigopet\\front\\node_modules\\karma': 'C:\\Users\\tupai\\OneDrive\\Área de Trabalho\\amigo_pet\\projeto-amigopet\\front\\node_modules\\.karma-MBcUjZEE',
4507 silly reify   'C:\\Users\\tupai\\OneDrive\\Área de Trabalho\\amigo_pet\\projeto-amigopet\\front\\node_modules\\jsonc-parser': 'C:\\Users\\tupai\\OneDrive\\Área de Trabalho\\amigo_pet\\projeto-amigopet\\front\\node_modules\\.jsonc-parser-d6oSeDUj',
4507 silly reify   'C:\\Users\\tupai\\OneDrive\\Área de Trabalho\\amigo_pet\\projeto-amigopet\\front\\node_modules\\karma-chrome-launcher': 'C:\\Users\\tupai\\OneDrive\\Área de Trabalho\\amigo_pet\\projeto-amigopet\\front\\node_modules\\.karma-chrome-launcher-pLypLAiY',
4507 silly reify   'C:\\Users\\tupai\\OneDrive\\Área de Trabalho\\amigo_pet\\projeto-amigopet\\front\\node_modules\\karma-coverage': 'C:\\Users\\tupai\\OneDrive\\Área de Trabalho\\amigo_pet\\projeto-amigopet\\front\\node_modules\\.karma-coverage-3WyvEUZz',
4507 silly reify   'C:\\Users\\tupai\\OneDrive\\Área de Trabalho\\amigo_pet\\projeto-amigopet\\front\\node_modules\\karma-jasmine-html-reporter': 'C:\\Users\\tupai\\OneDrive\\Área de Trabalho\\amigo_pet\\projeto-amigopet\\front\\node_modules\\.karma-jasmine-html-reporter-v44N2l99',
4507 silly reify   'C:\\Users\\tupai\\OneDrive\\Área de Trabalho\\amigo_pet\\projeto-amigopet\\front\\node_modules\\karma-jasmine': 'C:\\Users\\tupai\\OneDrive\\Área de Trabalho\\amigo_pet\\projeto-amigopet\\front\\node_modules\\.karma-jasmine-vSPzBgxU',
4507 silly reify   'C:\\Users\\tupai\\OneDrive\\Área de Trabalho\\amigo_pet\\projeto-amigopet\\front\\node_modules\\less': 'C:\\Users\\tupai\\OneDrive\\Área de Trabalho\\amigo_pet\\projeto-amigopet\\front\\node_modules\\.less-RQd09dC8',
4507 silly reify   'C:\\Users\\tupai\\OneDrive\\Área de Trabalho\\amigo_pet\\projeto-amigopet\\front\\node_modules\\license-webpack-plugin': 'C:\\Users\\tupai\\OneDrive\\Área de Trabalho\\amigo_pet\\projeto-amigopet\\front\\node_modules\\.license-webpack-plugin-ZUjpkDk7',
4507 silly reify   'C:\\Users\\tupai\\OneDrive\\Área de Trabalho\\amigo_pet\\projeto-amigopet\\front\\node_modules\\listr2': 'C:\\Users\\tupai\\OneDrive\\Área de Trabalho\\amigo_pet\\projeto-amigopet\\front\\node_modules\\.listr2-0QFV7XJy',
4507 silly reify   'C:\\Users\\tupai\\OneDrive\\Área de Trabalho\\amigo_pet\\projeto-amigopet\\front\\node_modules\\loader-utils': 'C:\\Users\\tupai\\OneDrive\\Área de Trabalho\\amigo_pet\\projeto-amigopet\\front\\node_modules\\.loader-utils-OOyC82nQ',
4507 silly reify   'C:\\Users\\tupai\\OneDrive\\Área de Trabalho\\amigo_pet\\projeto-amigopet\\front\\node_modules\\lmdb': 'C:\\Users\\tupai\\OneDrive\\Área de Trabalho\\amigo_pet\\projeto-amigopet\\front\\node_modules\\.lmdb-85dadOB1',
4507 silly reify   'C:\\Users\\tupai\\OneDrive\\Área de Trabalho\\amigo_pet\\projeto-amigopet\\front\\node_modules\\log4js': 'C:\\Users\\tupai\\OneDrive\\Área de Trabalho\\amigo_pet\\projeto-amigopet\\front\\node_modules\\.log4js-ycuCtUKS',
4507 silly reify   'C:\\Users\\tupai\\OneDrive\\Área de Trabalho\\amigo_pet\\projeto-amigopet\\front\\node_modules\\lodash': 'C:\\Users\\tupai\\OneDrive\\Área de Trabalho\\amigo_pet\\projeto-amigopet\\front\\node_modules\\.lodash-llyda9QE',
4507 silly reify   'C:\\Users\\tupai\\OneDrive\\Área de Trabalho\\amigo_pet\\projeto-amigopet\\front\\node_modules\\make-fetch-happen': 'C:\\Users\\tupai\\OneDrive\\Área de Trabalho\\amigo_pet\\projeto-amigopet\\front\\node_modules\\.make-fetch-happen-dIC23SPR',
4507 silly reify   'C:\\Users\\tupai\\OneDrive\\Área de Trabalho\\amigo_pet\\projeto-amigopet\\front\\node_modules\\math-intrinsics': 'C:\\Users\\tupai\\OneDrive\\Área de Trabalho\\amigo_pet\\projeto-amigopet\\front\\node_modules\\.math-intrinsics-o0x9mc4W',
4507 silly reify   'C:\\Users\\tupai\\OneDrive\\Área de Trabalho\\amigo_pet\\projeto-amigopet\\front\\node_modules\\memfs': 'C:\\Users\\tupai\\OneDrive\\Área de Trabalho\\amigo_pet\\projeto-amigopet\\front\\node_modules\\.memfs-960V3wM2',
4507 silly reify   'C:\\Users\\tupai\\OneDrive\\Área de Trabalho\\amigo_pet\\projeto-amigopet\\front\\node_modules\\mime': 'C:\\Users\\tupai\\OneDrive\\Área de Trabalho\\amigo_pet\\projeto-amigopet\\front\\node_modules\\.mime-Cd9XXg08',
4507 silly reify   'C:\\Users\\tupai\\OneDrive\\Área de Trabalho\\amigo_pet\\projeto-amigopet\\front\\node_modules\\mime-db': 'C:\\Users\\tupai\\OneDrive\\Área de Trabalho\\amigo_pet\\projeto-amigopet\\front\\node_modules\\.mime-db-oSEE78g5',
4507 silly reify   'C:\\Users\\tupai\\OneDrive\\Área de Trabalho\\amigo_pet\\projeto-amigopet\\front\\node_modules\\mini-css-extract-plugin': 'C:\\Users\\tupai\\OneDrive\\Área de Trabalho\\amigo_pet\\projeto-amigopet\\front\\node_modules\\.mini-css-extract-plugin-pOZE3roZ',
4507 silly reify   'C:\\Users\\tupai\\OneDrive\\Área de Trabalho\\amigo_pet\\projeto-amigopet\\front\\node_modules\\minimist': 'C:\\Users\\tupai\\OneDrive\\Área de Trabalho\\amigo_pet\\projeto-amigopet\\front\\node_modules\\.minimist-7e4JH0uv',
4507 silly reify   'C:\\Users\\tupai\\OneDrive\\Área de Trabalho\\amigo_pet\\projeto-amigopet\\front\\node_modules\\msgpackr': 'C:\\Users\\tupai\\OneDrive\\Área de Trabalho\\amigo_pet\\projeto-amigopet\\front\\node_modules\\.msgpackr-iiOUgQgC',
4507 silly reify   'C:\\Users\\tupai\\OneDrive\\Área de Trabalho\\amigo_pet\\projeto-amigopet\\front\\node_modules\\needle': 'C:\\Users\\tupai\\OneDrive\\Área de Trabalho\\amigo_pet\\projeto-amigopet\\front\\node_modules\\.needle-J5o3uP3v',
4507 silly reify   'C:\\Users\\tupai\\OneDrive\\Área de Trabalho\\amigo_pet\\projeto-amigopet\\front\\node_modules\\nanoid': 'C:\\Users\\tupai\\OneDrive\\Área de Trabalho\\amigo_pet\\projeto-amigopet\\front\\node_modules\\.nanoid-Sp7bSqL1',
4507 silly reify   'C:\\Users\\tupai\\OneDrive\\Área de Trabalho\\amigo_pet\\projeto-amigopet\\front\\node_modules\\node-forge': 'C:\\Users\\tupai\\OneDrive\\Área de Trabalho\\amigo_pet\\projeto-amigopet\\front\\node_modules\\.node-forge-9x9McUyR',
4507 silly reify   'C:\\Users\\tupai\\OneDrive\\Área de Trabalho\\amigo_pet\\projeto-amigopet\\front\\node_modules\\node-addon-api': 'C:\\Users\\tupai\\OneDrive\\Área de Trabalho\\amigo_pet\\projeto-amigopet\\front\\node_modules\\.node-addon-api-ih8BPYHw',
4507 silly reify   'C:\\Users\\tupai\\OneDrive\\Área de Trabalho\\amigo_pet\\projeto-amigopet\\front\\node_modules\\node-gyp': 'C:\\Users\\tupai\\OneDrive\\Área de Trabalho\\amigo_pet\\projeto-amigopet\\front\\node_modules\\.node-gyp-ojTjEnaf',
4507 silly reify   'C:\\Users\\tupai\\OneDrive\\Área de Trabalho\\amigo_pet\\projeto-amigopet\\front\\node_modules\\neo-async': 'C:\\Users\\tupai\\OneDrive\\Área de Trabalho\\amigo_pet\\projeto-amigopet\\front\\node_modules\\.neo-async-9JMGov0H',
4507 silly reify   'C:\\Users\\tupai\\OneDrive\\Área de Trabalho\\amigo_pet\\projeto-amigopet\\front\\node_modules\\nth-check': 'C:\\Users\\tupai\\OneDrive\\Área de Trabalho\\amigo_pet\\projeto-amigopet\\front\\node_modules\\.nth-check-jIDv7JHV',
4507 silly reify   'C:\\Users\\tupai\\OneDrive\\Área de Trabalho\\amigo_pet\\projeto-amigopet\\front\\node_modules\\object-inspect': 'C:\\Users\\tupai\\OneDrive\\Área de Trabalho\\amigo_pet\\projeto-amigopet\\front\\node_modules\\.object-inspect-t6aPQSq8',
4507 silly reify   'C:\\Users\\tupai\\OneDrive\\Área de Trabalho\\amigo_pet\\projeto-amigopet\\front\\node_modules\\pacote': 'C:\\Users\\tupai\\OneDrive\\Área de Trabalho\\amigo_pet\\projeto-amigopet\\front\\node_modules\\.pacote-gtt8GHeV',
4507 silly reify   'C:\\Users\\tupai\\OneDrive\\Área de Trabalho\\amigo_pet\\projeto-amigopet\\front\\node_modules\\parse5': 'C:\\Users\\tupai\\OneDrive\\Área de Trabalho\\amigo_pet\\projeto-amigopet\\front\\node_modules\\.parse5-ijE3VywI',
4507 silly reify   'C:\\Users\\tupai\\OneDrive\\Área de Trabalho\\amigo_pet\\projeto-amigopet\\front\\node_modules\\picomatch': 'C:\\Users\\tupai\\OneDrive\\Área de Trabalho\\amigo_pet\\projeto-amigopet\\front\\node_modules\\.picomatch-QNKN5L0R',
4507 silly reify   'C:\\Users\\tupai\\OneDrive\\Área de Trabalho\\amigo_pet\\projeto-amigopet\\front\\node_modules\\postcss': 'C:\\Users\\tupai\\OneDrive\\Área de Trabalho\\amigo_pet\\projeto-amigopet\\front\\node_modules\\.postcss-Om36jeSY',
4507 silly reify   'C:\\Users\\tupai\\OneDrive\\Área de Trabalho\\amigo_pet\\projeto-amigopet\\front\\node_modules\\postcss-selector-parser': 'C:\\Users\\tupai\\OneDrive\\Área de Trabalho\\amigo_pet\\projeto-amigopet\\front\\node_modules\\.postcss-selector-parser-wwKS2wvs',
4507 silly reify   'C:\\Users\\tupai\\OneDrive\\Área de Trabalho\\amigo_pet\\projeto-amigopet\\front\\node_modules\\primeflex': 'C:\\Users\\tupai\\OneDrive\\Área de Trabalho\\amigo_pet\\projeto-amigopet\\front\\node_modules\\.primeflex-jYLrZvKE',
4507 silly reify   'C:\\Users\\tupai\\OneDrive\\Área de Trabalho\\amigo_pet\\projeto-amigopet\\front\\node_modules\\qs': 'C:\\Users\\tupai\\OneDrive\\Área de Trabalho\\amigo_pet\\projeto-amigopet\\front\\node_modules\\.qs-Eoc8WlnH',
4507 silly reify   'C:\\Users\\tupai\\OneDrive\\Área de Trabalho\\amigo_pet\\projeto-amigopet\\front\\node_modules\\readable-stream': 'C:\\Users\\tupai\\OneDrive\\Área de Trabalho\\amigo_pet\\projeto-amigopet\\front\\node_modules\\.readable-stream-kgTfUOo7',
4507 silly reify   'C:\\Users\\tupai\\OneDrive\\Área de Trabalho\\amigo_pet\\projeto-amigopet\\front\\node_modules\\regenerate-unicode-properties': 'C:\\Users\\tupai\\OneDrive\\Área de Trabalho\\amigo_pet\\projeto-amigopet\\front\\node_modules\\.regenerate-unicode-properties-DvD733Hk',
4507 silly reify   'C:\\Users\\tupai\\OneDrive\\Área de Trabalho\\amigo_pet\\projeto-amigopet\\front\\node_modules\\resolve': 'C:\\Users\\tupai\\OneDrive\\Área de Trabalho\\amigo_pet\\projeto-amigopet\\front\\node_modules\\.resolve-LyK5To2c',
4507 silly reify   'C:\\Users\\tupai\\OneDrive\\Área de Trabalho\\amigo_pet\\projeto-amigopet\\front\\node_modules\\resolve-url-loader': 'C:\\Users\\tupai\\OneDrive\\Área de Trabalho\\amigo_pet\\projeto-amigopet\\front\\node_modules\\.resolve-url-loader-hxtT5zpR',
4507 silly reify   'C:\\Users\\tupai\\OneDrive\\Área de Trabalho\\amigo_pet\\projeto-amigopet\\front\\node_modules\\rollup': 'C:\\Users\\tupai\\OneDrive\\Área de Trabalho\\amigo_pet\\projeto-amigopet\\front\\node_modules\\.rollup-0tuUlqR9',
4507 silly reify   'C:\\Users\\tupai\\OneDrive\\Área de Trabalho\\amigo_pet\\projeto-amigopet\\front\\node_modules\\rxjs': 'C:\\Users\\tupai\\OneDrive\\Área de Trabalho\\amigo_pet\\projeto-amigopet\\front\\node_modules\\.rxjs-jOfrimjl',
4507 silly reify   'C:\\Users\\tupai\\OneDrive\\Área de Trabalho\\amigo_pet\\projeto-amigopet\\front\\node_modules\\sass': 'C:\\Users\\tupai\\OneDrive\\Área de Trabalho\\amigo_pet\\projeto-amigopet\\front\\node_modules\\.sass-idlQxw8H',
4507 silly reify   'C:\\Users\\tupai\\OneDrive\\Área de Trabalho\\amigo_pet\\projeto-amigopet\\front\\node_modules\\safe-regex-test': 'C:\\Users\\tupai\\OneDrive\\Área de Trabalho\\amigo_pet\\projeto-amigopet\\front\\node_modules\\.safe-regex-test-tYWpz6QL',
4507 silly reify   'C:\\Users\\tupai\\OneDrive\\Área de Trabalho\\amigo_pet\\projeto-amigopet\\front\\node_modules\\schema-utils': 'C:\\Users\\tupai\\OneDrive\\Área de Trabalho\\amigo_pet\\projeto-amigopet\\front\\node_modules\\.schema-utils-iakitnCZ',
4507 silly reify   'C:\\Users\\tupai\\OneDrive\\Área de Trabalho\\amigo_pet\\projeto-amigopet\\front\\node_modules\\semver': 'C:\\Users\\tupai\\OneDrive\\Área de Trabalho\\amigo_pet\\projeto-amigopet\\front\\node_modules\\.semver-zMz0b45o',
4507 silly reify   'C:\\Users\\tupai\\OneDrive\\Área de Trabalho\\amigo_pet\\projeto-amigopet\\front\\node_modules\\socket.io-adapter': 'C:\\Users\\tupai\\OneDrive\\Área de Trabalho\\amigo_pet\\projeto-amigopet\\front\\node_modules\\.socket.io-adapter-Ax666ziw',
4507 silly reify   'C:\\Users\\tupai\\OneDrive\\Área de Trabalho\\amigo_pet\\projeto-amigopet\\front\\node_modules\\socket.io': 'C:\\Users\\tupai\\OneDrive\\Área de Trabalho\\amigo_pet\\projeto-amigopet\\front\\node_modules\\.socket.io-NeSsms18',
4507 silly reify   'C:\\Users\\tupai\\OneDrive\\Área de Trabalho\\amigo_pet\\projeto-amigopet\\front\\node_modules\\sockjs': 'C:\\Users\\tupai\\OneDrive\\Área de Trabalho\\amigo_pet\\projeto-amigopet\\front\\node_modules\\.sockjs-ih5pizs1',
4507 silly reify   'C:\\Users\\tupai\\OneDrive\\Área de Trabalho\\amigo_pet\\projeto-amigopet\\front\\node_modules\\source-map': 'C:\\Users\\tupai\\OneDrive\\Área de Trabalho\\amigo_pet\\projeto-amigopet\\front\\node_modules\\.source-map-iz7LV92M',
4507 silly reify   'C:\\Users\\tupai\\OneDrive\\Área de Trabalho\\amigo_pet\\projeto-amigopet\\front\\node_modules\\socket.io-parser': 'C:\\Users\\tupai\\OneDrive\\Área de Trabalho\\amigo_pet\\projeto-amigopet\\front\\node_modules\\.socket.io-parser-b9HQFPhn',
4507 silly reify   'C:\\Users\\tupai\\OneDrive\\Área de Trabalho\\amigo_pet\\projeto-amigopet\\front\\node_modules\\source-map-js': 'C:\\Users\\tupai\\OneDrive\\Área de Trabalho\\amigo_pet\\projeto-amigopet\\front\\node_modules\\.source-map-js-Dhk59eH1',
4507 silly reify   'C:\\Users\\tupai\\OneDrive\\Área de Trabalho\\amigo_pet\\projeto-amigopet\\front\\node_modules\\source-map-support': 'C:\\Users\\tupai\\OneDrive\\Área de Trabalho\\amigo_pet\\projeto-amigopet\\front\\node_modules\\.source-map-support-XYXYwy6H',
4507 silly reify   'C:\\Users\\tupai\\OneDrive\\Área de Trabalho\\amigo_pet\\projeto-amigopet\\front\\node_modules\\source-map-loader': 'C:\\Users\\tupai\\OneDrive\\Área de Trabalho\\amigo_pet\\projeto-amigopet\\front\\node_modules\\.source-map-loader-rcICSDpu',
4507 silly reify   'C:\\Users\\tupai\\OneDrive\\Área de Trabalho\\amigo_pet\\projeto-amigopet\\front\\node_modules\\piscina': 'C:\\Users\\tupai\\OneDrive\\Área de Trabalho\\amigo_pet\\projeto-amigopet\\front\\node_modules\\.piscina-P153fF0z',
4507 silly reify   'C:\\Users\\tupai\\OneDrive\\Área de Trabalho\\amigo_pet\\projeto-amigopet\\front\\node_modules\\spdy': 'C:\\Users\\tupai\\OneDrive\\Área de Trabalho\\amigo_pet\\projeto-amigopet\\front\\node_modules\\.spdy-Hf5eBlnF',
4507 silly reify   'C:\\Users\\tupai\\OneDrive\\Área de Trabalho\\amigo_pet\\projeto-amigopet\\front\\node_modules\\streamroller': 'C:\\Users\\tupai\\OneDrive\\Área de Trabalho\\amigo_pet\\projeto-amigopet\\front\\node_modules\\.streamroller-I2sppgZo',
4507 silly reify   'C:\\Users\\tupai\\OneDrive\\Área de Trabalho\\amigo_pet\\projeto-amigopet\\front\\node_modules\\tapable': 'C:\\Users\\tupai\\OneDrive\\Área de Trabalho\\amigo_pet\\projeto-amigopet\\front\\node_modules\\.tapable-yb8ycsrW',
4507 silly reify   'C:\\Users\\tupai\\OneDrive\\Área de Trabalho\\amigo_pet\\projeto-amigopet\\front\\node_modules\\terser': 'C:\\Users\\tupai\\OneDrive\\Área de Trabalho\\amigo_pet\\projeto-amigopet\\front\\node_modules\\.terser-Cueuy4Z3',
4507 silly reify   'C:\\Users\\tupai\\OneDrive\\Área de Trabalho\\amigo_pet\\projeto-amigopet\\front\\node_modules\\tar': 'C:\\Users\\tupai\\OneDrive\\Área de Trabalho\\amigo_pet\\projeto-amigopet\\front\\node_modules\\.tar-Szz2ivdQ',
4507 silly reify   'C:\\Users\\tupai\\OneDrive\\Área de Trabalho\\amigo_pet\\projeto-amigopet\\front\\node_modules\\symbol-observable': 'C:\\Users\\tupai\\OneDrive\\Área de Trabalho\\amigo_pet\\projeto-amigopet\\front\\node_modules\\.symbol-observable-CCw9RFbm',
4507 silly reify   'C:\\Users\\tupai\\OneDrive\\Área de Trabalho\\amigo_pet\\projeto-amigopet\\front\\node_modules\\thingies': 'C:\\Users\\tupai\\OneDrive\\Área de Trabalho\\amigo_pet\\projeto-amigopet\\front\\node_modules\\.thingies-0pHUQJNH',
4507 silly reify   'C:\\Users\\tupai\\OneDrive\\Área de Trabalho\\amigo_pet\\projeto-amigopet\\front\\node_modules\\tslib': 'C:\\Users\\tupai\\OneDrive\\Área de Trabalho\\amigo_pet\\projeto-amigopet\\front\\node_modules\\.tslib-NrC4lZIB',
4507 silly reify   'C:\\Users\\tupai\\OneDrive\\Área de Trabalho\\amigo_pet\\projeto-amigopet\\front\\node_modules\\typed-assert': 'C:\\Users\\tupai\\OneDrive\\Área de Trabalho\\amigo_pet\\projeto-amigopet\\front\\node_modules\\.typed-assert-iowQvIp1',
4507 silly reify   'C:\\Users\\tupai\\OneDrive\\Área de Trabalho\\amigo_pet\\projeto-amigopet\\front\\node_modules\\ua-parser-js': 'C:\\Users\\tupai\\OneDrive\\Área de Trabalho\\amigo_pet\\projeto-amigopet\\front\\node_modules\\.ua-parser-js-12lK4Qy6',
4507 silly reify   'C:\\Users\\tupai\\OneDrive\\Área de Trabalho\\amigo_pet\\projeto-amigopet\\front\\node_modules\\typescript': 'C:\\Users\\tupai\\OneDrive\\Área de Trabalho\\amigo_pet\\projeto-amigopet\\front\\node_modules\\.typescript-0OIvrJX8',
4507 silly reify   'C:\\Users\\tupai\\OneDrive\\Área de Trabalho\\amigo_pet\\projeto-amigopet\\front\\node_modules\\uuid': 'C:\\Users\\tupai\\OneDrive\\Área de Trabalho\\amigo_pet\\projeto-amigopet\\front\\node_modules\\.uuid-lH3dK8oe',
4507 silly reify   'C:\\Users\\tupai\\OneDrive\\Área de Trabalho\\amigo_pet\\projeto-amigopet\\front\\node_modules\\vite': 'C:\\Users\\tupai\\OneDrive\\Área de Trabalho\\amigo_pet\\projeto-amigopet\\front\\node_modules\\.vite-Qikrk6zm',
4507 silly reify   'C:\\Users\\tupai\\OneDrive\\Área de Trabalho\\amigo_pet\\projeto-amigopet\\front\\node_modules\\webpack-dev-middleware': 'C:\\Users\\tupai\\OneDrive\\Área de Trabalho\\amigo_pet\\projeto-amigopet\\front\\node_modules\\.webpack-dev-middleware-qbmoW5ua',
4507 silly reify   'C:\\Users\\tupai\\OneDrive\\Área de Trabalho\\amigo_pet\\projeto-amigopet\\front\\node_modules\\watchpack': 'C:\\Users\\tupai\\OneDrive\\Área de Trabalho\\amigo_pet\\projeto-amigopet\\front\\node_modules\\.watchpack-aHRY71Jj',
4507 silly reify   'C:\\Users\\tupai\\OneDrive\\Área de Trabalho\\amigo_pet\\projeto-amigopet\\front\\node_modules\\webpack': 'C:\\Users\\tupai\\OneDrive\\Área de Trabalho\\amigo_pet\\projeto-amigopet\\front\\node_modules\\.webpack-zx8OO6rR',
4507 silly reify   'C:\\Users\\tupai\\OneDrive\\Área de Trabalho\\amigo_pet\\projeto-amigopet\\front\\node_modules\\webpack-merge': 'C:\\Users\\tupai\\OneDrive\\Área de Trabalho\\amigo_pet\\projeto-amigopet\\front\\node_modules\\.webpack-merge-PXvTfB2h',
4507 silly reify   'C:\\Users\\tupai\\OneDrive\\Área de Trabalho\\amigo_pet\\projeto-amigopet\\front\\node_modules\\websocket-driver': 'C:\\Users\\tupai\\OneDrive\\Área de Trabalho\\amigo_pet\\projeto-amigopet\\front\\node_modules\\.websocket-driver-YRqSxbGP',
4507 silly reify   'C:\\Users\\tupai\\OneDrive\\Área de Trabalho\\amigo_pet\\projeto-amigopet\\front\\node_modules\\webpack-sources': 'C:\\Users\\tupai\\OneDrive\\Área de Trabalho\\amigo_pet\\projeto-amigopet\\front\\node_modules\\.webpack-sources-1dmrxATb',
4507 silly reify   'C:\\Users\\tupai\\OneDrive\\Área de Trabalho\\amigo_pet\\projeto-amigopet\\front\\node_modules\\webpack-dev-server': 'C:\\Users\\tupai\\OneDrive\\Área de Trabalho\\amigo_pet\\projeto-amigopet\\front\\node_modules\\.webpack-dev-server-pml95SLj',
4507 silly reify   'C:\\Users\\tupai\\OneDrive\\Área de Trabalho\\amigo_pet\\projeto-amigopet\\front\\node_modules\\yargs': 'C:\\Users\\tupai\\OneDrive\\Área de Trabalho\\amigo_pet\\projeto-amigopet\\front\\node_modules\\.yargs-deM35SNU',
4507 silly reify   'C:\\Users\\tupai\\OneDrive\\Área de Trabalho\\amigo_pet\\projeto-amigopet\\front\\node_modules\\ws': 'C:\\Users\\tupai\\OneDrive\\Área de Trabalho\\amigo_pet\\projeto-amigopet\\front\\node_modules\\.ws-c86uevJs',
4507 silly reify   'C:\\Users\\tupai\\OneDrive\\Área de Trabalho\\amigo_pet\\projeto-amigopet\\front\\node_modules\\yargs-parser': 'C:\\Users\\tupai\\OneDrive\\Área de Trabalho\\amigo_pet\\projeto-amigopet\\front\\node_modules\\.yargs-parser-483asxv1',
4507 silly reify   'C:\\Users\\tupai\\OneDrive\\Área de Trabalho\\amigo_pet\\projeto-amigopet\\front\\node_modules\\y18n': 'C:\\Users\\tupai\\OneDrive\\Área de Trabalho\\amigo_pet\\projeto-amigopet\\front\\node_modules\\.y18n-kZ1BLXrd',
4507 silly reify   'C:\\Users\\tupai\\OneDrive\\Área de Trabalho\\amigo_pet\\projeto-amigopet\\front\\node_modules\\zone.js': 'C:\\Users\\tupai\\OneDrive\\Área de Trabalho\\amigo_pet\\projeto-amigopet\\front\\node_modules\\.zone.js-W008j8is',
4507 silly reify   'C:\\Users\\tupai\\OneDrive\\Área de Trabalho\\amigo_pet\\projeto-amigopet\\front\\node_modules\\@angular\\cli': 'C:\\Users\\tupai\\OneDrive\\Área de Trabalho\\amigo_pet\\projeto-amigopet\\front\\node_modules\\@angular\\.cli-8LYq1mOe',
4507 silly reify   'C:\\Users\\tupai\\OneDrive\\Área de Trabalho\\amigo_pet\\projeto-amigopet\\front\\node_modules\\@angular\\build': 'C:\\Users\\tupai\\OneDrive\\Área de Trabalho\\amigo_pet\\projeto-amigopet\\front\\node_modules\\@angular\\.build-5HRpCuEg',
4507 silly reify   'C:\\Users\\tupai\\OneDrive\\Área de Trabalho\\amigo_pet\\projeto-amigopet\\front\\node_modules\\@angular\\common': 'C:\\Users\\tupai\\OneDrive\\Área de Trabalho\\amigo_pet\\projeto-amigopet\\front\\node_modules\\@angular\\.common-XKL29OmM',
4507 silly reify   'C:\\Users\\tupai\\OneDrive\\Área de Trabalho\\amigo_pet\\projeto-amigopet\\front\\node_modules\\@angular\\animations': 'C:\\Users\\tupai\\OneDrive\\Área de Trabalho\\amigo_pet\\projeto-amigopet\\front\\node_modules\\@angular\\.animations-ICFeNkGS',
4507 silly reify   'C:\\Users\\tupai\\OneDrive\\Área de Trabalho\\amigo_pet\\projeto-amigopet\\front\\node_modules\\@angular\\compiler-cli': 'C:\\Users\\tupai\\OneDrive\\Área de Trabalho\\amigo_pet\\projeto-amigopet\\front\\node_modules\\@angular\\.compiler-cli-3T0PwEgc',
4507 silly reify   'C:\\Users\\tupai\\OneDrive\\Área de Trabalho\\amigo_pet\\projeto-amigopet\\front\\node_modules\\@angular-devkit\\build-angular': 'C:\\Users\\tupai\\OneDrive\\Área de Trabalho\\amigo_pet\\projeto-amigopet\\front\\node_modules\\@angular-devkit\\.build-angular-jcJMx3Uo',
4507 silly reify   'C:\\Users\\tupai\\OneDrive\\Área de Trabalho\\amigo_pet\\projeto-amigopet\\front\\node_modules\\@angular-devkit\\architect': 'C:\\Users\\tupai\\OneDrive\\Área de Trabalho\\amigo_pet\\projeto-amigopet\\front\\node_modules\\@angular-devkit\\.architect-gy2zi4e3',
4507 silly reify   'C:\\Users\\tupai\\OneDrive\\Área de Trabalho\\amigo_pet\\projeto-amigopet\\front\\node_modules\\@angular-devkit\\core': 'C:\\Users\\tupai\\OneDrive\\Área de Trabalho\\amigo_pet\\projeto-amigopet\\front\\node_modules\\@angular-devkit\\.core-fM5Kd23u',
4507 silly reify   'C:\\Users\\tupai\\OneDrive\\Área de Trabalho\\amigo_pet\\projeto-amigopet\\front\\node_modules\\@angular-devkit\\build-webpack': 'C:\\Users\\tupai\\OneDrive\\Área de Trabalho\\amigo_pet\\projeto-amigopet\\front\\node_modules\\@angular-devkit\\.build-webpack-XQKkynmR',
4507 silly reify   'C:\\Users\\tupai\\OneDrive\\Área de Trabalho\\amigo_pet\\projeto-amigopet\\front\\node_modules\\@angular-devkit\\schematics': 'C:\\Users\\tupai\\OneDrive\\Área de Trabalho\\amigo_pet\\projeto-amigopet\\front\\node_modules\\@angular-devkit\\.schematics-G3O5Pi2Z',
4507 silly reify   'C:\\Users\\tupai\\OneDrive\\Área de Trabalho\\amigo_pet\\projeto-amigopet\\front\\node_modules\\@angular\\core': 'C:\\Users\\tupai\\OneDrive\\Área de Trabalho\\amigo_pet\\projeto-amigopet\\front\\node_modules\\@angular\\.core-9B553cpr',
4507 silly reify   'C:\\Users\\tupai\\OneDrive\\Área de Trabalho\\amigo_pet\\projeto-amigopet\\front\\node_modules\\@babel\\compat-data': 'C:\\Users\\tupai\\OneDrive\\Área de Trabalho\\amigo_pet\\projeto-amigopet\\front\\node_modules\\@babel\\.compat-data-lpVT7Fgy',
4507 silly reify   'C:\\Users\\tupai\\OneDrive\\Área de Trabalho\\amigo_pet\\projeto-amigopet\\front\\node_modules\\@babel\\generator': 'C:\\Users\\tupai\\OneDrive\\Área de Trabalho\\amigo_pet\\projeto-amigopet\\front\\node_modules\\@babel\\.generator-EZTJrIAL',
4507 silly reify   'C:\\Users\\tupai\\OneDrive\\Área de Trabalho\\amigo_pet\\projeto-amigopet\\front\\node_modules\\@babel\\helper-compilation-targets': 'C:\\Users\\tupai\\OneDrive\\Área de Trabalho\\amigo_pet\\projeto-amigopet\\front\\node_modules\\@babel\\.helper-compilation-targets-Dz0HmvAB',
4507 silly reify   'C:\\Users\\tupai\\OneDrive\\Área de Trabalho\\amigo_pet\\projeto-amigopet\\front\\node_modules\\@babel\\core': 'C:\\Users\\tupai\\OneDrive\\Área de Trabalho\\amigo_pet\\projeto-amigopet\\front\\node_modules\\@babel\\.core-JO0WlsQv',
4507 silly reify   'C:\\Users\\tupai\\OneDrive\\Área de Trabalho\\amigo_pet\\projeto-amigopet\\front\\node_modules\\@babel\\helper-module-imports': 'C:\\Users\\tupai\\OneDrive\\Área de Trabalho\\amigo_pet\\projeto-amigopet\\front\\node_modules\\@babel\\.helper-module-imports-ePgyuAVD',
4507 silly reify   'C:\\Users\\tupai\\OneDrive\\Área de Trabalho\\amigo_pet\\projeto-amigopet\\front\\node_modules\\@babel\\helper-create-class-features-plugin': 'C:\\Users\\tupai\\OneDrive\\Área de Trabalho\\amigo_pet\\projeto-amigopet\\front\\node_modules\\@babel\\.helper-create-class-features-plugin-pQlEYQCZ',
4507 silly reify   'C:\\Users\\tupai\\OneDrive\\Área de Trabalho\\amigo_pet\\projeto-amigopet\\front\\node_modules\\@babel\\helper-module-transforms': 'C:\\Users\\tupai\\OneDrive\\Área de Trabalho\\amigo_pet\\projeto-amigopet\\front\\node_modules\\@babel\\.helper-module-transforms-sI6UbGrd',
4507 silly reify   'C:\\Users\\tupai\\OneDrive\\Área de Trabalho\\amigo_pet\\projeto-amigopet\\front\\node_modules\\@babel\\helper-define-polyfill-provider': 'C:\\Users\\tupai\\OneDrive\\Área de Trabalho\\amigo_pet\\projeto-amigopet\\front\\node_modules\\@babel\\.helper-define-polyfill-provider-2GFrAZHq',
4507 silly reify   'C:\\Users\\tupai\\OneDrive\\Área de Trabalho\\amigo_pet\\projeto-amigopet\\front\\node_modules\\@babel\\helper-create-regexp-features-plugin': 'C:\\Users\\tupai\\OneDrive\\Área de Trabalho\\amigo_pet\\projeto-amigopet\\front\\node_modules\\@babel\\.helper-create-regexp-features-plugin-40EggvS7',
4507 silly reify   'C:\\Users\\tupai\\OneDrive\\Área de Trabalho\\amigo_pet\\projeto-amigopet\\front\\node_modules\\@babel\\helper-validator-option': 'C:\\Users\\tupai\\OneDrive\\Área de Trabalho\\amigo_pet\\projeto-amigopet\\front\\node_modules\\@babel\\.helper-validator-option-Crl7G8xT',
4507 silly reify   'C:\\Users\\tupai\\OneDrive\\Área de Trabalho\\amigo_pet\\projeto-amigopet\\front\\node_modules\\@babel\\helpers': 'C:\\Users\\tupai\\OneDrive\\Área de Trabalho\\amigo_pet\\projeto-amigopet\\front\\node_modules\\@babel\\.helpers-Py6tE30p',
4507 silly reify   'C:\\Users\\tupai\\OneDrive\\Área de Trabalho\\amigo_pet\\projeto-amigopet\\front\\node_modules\\@babel\\parser': 'C:\\Users\\tupai\\OneDrive\\Área de Trabalho\\amigo_pet\\projeto-amigopet\\front\\node_modules\\@babel\\.parser-h60Mv1Ep',
4507 silly reify   'C:\\Users\\tupai\\OneDrive\\Área de Trabalho\\amigo_pet\\projeto-amigopet\\front\\node_modules\\@babel\\helper-validator-identifier': 'C:\\Users\\tupai\\OneDrive\\Área de Trabalho\\amigo_pet\\projeto-amigopet\\front\\node_modules\\@babel\\.helper-validator-identifier-f7Ld8VAj',
4507 silly reify   'C:\\Users\\tupai\\OneDrive\\Área de Trabalho\\amigo_pet\\projeto-amigopet\\front\\node_modules\\@babel\\plugin-transform-async-generator-functions': 'C:\\Users\\tupai\\OneDrive\\Área de Trabalho\\amigo_pet\\projeto-amigopet\\front\\node_modules\\@babel\\.plugin-transform-async-generator-functions-sJvGUTof',
4507 silly reify   'C:\\Users\\tupai\\OneDrive\\Área de Trabalho\\amigo_pet\\projeto-amigopet\\front\\node_modules\\@babel\\plugin-transform-block-scoping': 'C:\\Users\\tupai\\OneDrive\\Área de Trabalho\\amigo_pet\\projeto-amigopet\\front\\node_modules\\@babel\\.plugin-transform-block-scoping-8resltYU',
4507 silly reify   'C:\\Users\\tupai\\OneDrive\\Área de Trabalho\\amigo_pet\\projeto-amigopet\\front\\node_modules\\@babel\\plugin-transform-classes': 'C:\\Users\\tupai\\OneDrive\\Área de Trabalho\\amigo_pet\\projeto-amigopet\\front\\node_modules\\@babel\\.plugin-transform-classes-BdlplR4a',
4507 silly reify   'C:\\Users\\tupai\\OneDrive\\Área de Trabalho\\amigo_pet\\projeto-amigopet\\front\\node_modules\\@babel\\plugin-transform-modules-commonjs': 'C:\\Users\\tupai\\OneDrive\\Área de Trabalho\\amigo_pet\\projeto-amigopet\\front\\node_modules\\@babel\\.plugin-transform-modules-commonjs-ijTkO9Ky',
4507 silly reify   'C:\\Users\\tupai\\OneDrive\\Área de Trabalho\\amigo_pet\\projeto-amigopet\\front\\node_modules\\@babel\\plugin-transform-parameters': 'C:\\Users\\tupai\\OneDrive\\Área de Trabalho\\amigo_pet\\projeto-amigopet\\front\\node_modules\\@babel\\.plugin-transform-parameters-fxpc8rzc',
4507 silly reify   'C:\\Users\\tupai\\OneDrive\\Área de Trabalho\\amigo_pet\\projeto-amigopet\\front\\node_modules\\@babel\\plugin-transform-regenerator': 'C:\\Users\\tupai\\OneDrive\\Área de Trabalho\\amigo_pet\\projeto-amigopet\\front\\node_modules\\@babel\\.plugin-transform-regenerator-ySv2XZQs',
4507 silly reify   'C:\\Users\\tupai\\OneDrive\\Área de Trabalho\\amigo_pet\\projeto-amigopet\\front\\node_modules\\@babel\\plugin-transform-runtime': 'C:\\Users\\tupai\\OneDrive\\Área de Trabalho\\amigo_pet\\projeto-amigopet\\front\\node_modules\\@babel\\.plugin-transform-runtime-8xRshwDF',
4507 silly reify   'C:\\Users\\tupai\\OneDrive\\Área de Trabalho\\amigo_pet\\projeto-amigopet\\front\\node_modules\\@babel\\runtime': 'C:\\Users\\tupai\\OneDrive\\Área de Trabalho\\amigo_pet\\projeto-amigopet\\front\\node_modules\\@babel\\.runtime-H2OhJXBE',
4507 silly reify   'C:\\Users\\tupai\\OneDrive\\Área de Trabalho\\amigo_pet\\projeto-amigopet\\front\\node_modules\\@babel\\template': 'C:\\Users\\tupai\\OneDrive\\Área de Trabalho\\amigo_pet\\projeto-amigopet\\front\\node_modules\\@babel\\.template-rQPRtAl6',
4507 silly reify   'C:\\Users\\tupai\\OneDrive\\Área de Trabalho\\amigo_pet\\projeto-amigopet\\front\\node_modules\\@babel\\preset-env': 'C:\\Users\\tupai\\OneDrive\\Área de Trabalho\\amigo_pet\\projeto-amigopet\\front\\node_modules\\@babel\\.preset-env-N309USPa',
4507 silly reify   'C:\\Users\\tupai\\OneDrive\\Área de Trabalho\\amigo_pet\\projeto-amigopet\\front\\node_modules\\@babel\\types': 'C:\\Users\\tupai\\OneDrive\\Área de Trabalho\\amigo_pet\\projeto-amigopet\\front\\node_modules\\@babel\\.types-cloekRqE',
4507 silly reify   'C:\\Users\\tupai\\OneDrive\\Área de Trabalho\\amigo_pet\\projeto-amigopet\\front\\node_modules\\@discoveryjs\\json-ext': 'C:\\Users\\tupai\\OneDrive\\Área de Trabalho\\amigo_pet\\projeto-amigopet\\front\\node_modules\\@discoveryjs\\.json-ext-BgMdsWnZ',
4507 silly reify   'C:\\Users\\tupai\\OneDrive\\Área de Trabalho\\amigo_pet\\projeto-amigopet\\front\\node_modules\\@babel\\preset-modules': 'C:\\Users\\tupai\\OneDrive\\Área de Trabalho\\amigo_pet\\projeto-amigopet\\front\\node_modules\\@babel\\.preset-modules-qHYXyB5z',
4507 silly reify   'C:\\Users\\tupai\\OneDrive\\Área de Trabalho\\amigo_pet\\projeto-amigopet\\front\\node_modules\\@babel\\traverse': 'C:\\Users\\tupai\\OneDrive\\Área de Trabalho\\amigo_pet\\projeto-amigopet\\front\\node_modules\\@babel\\.traverse-VbCebDVY',
4507 silly reify   'C:\\Users\\tupai\\OneDrive\\Área de Trabalho\\amigo_pet\\projeto-amigopet\\front\\node_modules\\@colors\\colors': 'C:\\Users\\tupai\\OneDrive\\Área de Trabalho\\amigo_pet\\projeto-amigopet\\front\\node_modules\\@colors\\.colors-yzg53WAD',
4507 silly reify   'C:\\Users\\tupai\\OneDrive\\Área de Trabalho\\amigo_pet\\projeto-amigopet\\front\\node_modules\\@esbuild\\win32-x64': 'C:\\Users\\tupai\\OneDrive\\Área de Trabalho\\amigo_pet\\projeto-amigopet\\front\\node_modules\\@esbuild\\.win32-x64-rWMIeooa',
4507 silly reify   'C:\\Users\\tupai\\OneDrive\\Área de Trabalho\\amigo_pet\\projeto-amigopet\\front\\node_modules\\@inquirer\\core': 'C:\\Users\\tupai\\OneDrive\\Área de Trabalho\\amigo_pet\\projeto-amigopet\\front\\node_modules\\@inquirer\\.core-qQk0izyi',
4507 silly reify   'C:\\Users\\tupai\\OneDrive\\Área de Trabalho\\amigo_pet\\projeto-amigopet\\front\\node_modules\\@inquirer\\external-editor': 'C:\\Users\\tupai\\OneDrive\\Área de Trabalho\\amigo_pet\\projeto-amigopet\\front\\node_modules\\@inquirer\\.external-editor-fft3hXji',
4507 silly reify   'C:\\Users\\tupai\\OneDrive\\Área de Trabalho\\amigo_pet\\projeto-amigopet\\front\\node_modules\\@inquirer\\type': 'C:\\Users\\tupai\\OneDrive\\Área de Trabalho\\amigo_pet\\projeto-amigopet\\front\\node_modules\\@inquirer\\.type-hxUk0keQ',
4507 silly reify   'C:\\Users\\tupai\\OneDrive\\Área de Trabalho\\amigo_pet\\projeto-amigopet\\front\\node_modules\\@jridgewell\\gen-mapping': 'C:\\Users\\tupai\\OneDrive\\Área de Trabalho\\amigo_pet\\projeto-amigopet\\front\\node_modules\\@jridgewell\\.gen-mapping-2dJ7r0lG',
4507 silly reify   'C:\\Users\\tupai\\OneDrive\\Área de Trabalho\\amigo_pet\\projeto-amigopet\\front\\node_modules\\@jridgewell\\resolve-uri': 'C:\\Users\\tupai\\OneDrive\\Área de Trabalho\\amigo_pet\\projeto-amigopet\\front\\node_modules\\@jridgewell\\.resolve-uri-CeFsogAM',
4507 silly reify   'C:\\Users\\tupai\\OneDrive\\Área de Trabalho\\amigo_pet\\projeto-amigopet\\front\\node_modules\\@jridgewell\\sourcemap-codec': 'C:\\Users\\tupai\\OneDrive\\Área de Trabalho\\amigo_pet\\projeto-amigopet\\front\\node_modules\\@jridgewell\\.sourcemap-codec-mks1drfy',
4507 silly reify   'C:\\Users\\tupai\\OneDrive\\Área de Trabalho\\amigo_pet\\projeto-amigopet\\front\\node_modules\\@istanbuljs\\schema': 'C:\\Users\\tupai\\OneDrive\\Área de Trabalho\\amigo_pet\\projeto-amigopet\\front\\node_modules\\@istanbuljs\\.schema-PdxngWAN',
4507 silly reify   'C:\\Users\\tupai\\OneDrive\\Área de Trabalho\\amigo_pet\\projeto-amigopet\\front\\node_modules\\@jridgewell\\trace-mapping': 'C:\\Users\\tupai\\OneDrive\\Área de Trabalho\\amigo_pet\\projeto-amigopet\\front\\node_modules\\@jridgewell\\.trace-mapping-uGR9VsyX',
4507 silly reify   'C:\\Users\\tupai\\OneDrive\\Área de Trabalho\\amigo_pet\\projeto-amigopet\\front\\node_modules\\@jsonjoy.com\\buffers': 'C:\\Users\\tupai\\OneDrive\\Área de Trabalho\\amigo_pet\\projeto-amigopet\\front\\node_modules\\@jsonjoy.com\\.buffers-6uia32n4',
4507 silly reify   'C:\\Users\\tupai\\OneDrive\\Área de Trabalho\\amigo_pet\\projeto-amigopet\\front\\node_modules\\@jsonjoy.com\\base64': 'C:\\Users\\tupai\\OneDrive\\Área de Trabalho\\amigo_pet\\projeto-amigopet\\front\\node_modules\\@jsonjoy.com\\.base64-2p1umKPJ',
4507 silly reify   'C:\\Users\\tupai\\OneDrive\\Área de Trabalho\\amigo_pet\\projeto-amigopet\\front\\node_modules\\@jsonjoy.com\\fs-core': 'C:\\Users\\tupai\\OneDrive\\Área de Trabalho\\amigo_pet\\projeto-amigopet\\front\\node_modules\\@jsonjoy.com\\.fs-core-3O6a66EG',
4507 silly reify   'C:\\Users\\tupai\\OneDrive\\Área de Trabalho\\amigo_pet\\projeto-amigopet\\front\\node_modules\\@jsonjoy.com\\fs-fsa': 'C:\\Users\\tupai\\OneDrive\\Área de Trabalho\\amigo_pet\\projeto-amigopet\\front\\node_modules\\@jsonjoy.com\\.fs-fsa-vvllOUlL',
4507 silly reify   'C:\\Users\\tupai\\OneDrive\\Área de Trabalho\\amigo_pet\\projeto-amigopet\\front\\node_modules\\@jsonjoy.com\\fs-node-builtins': 'C:\\Users\\tupai\\OneDrive\\Área de Trabalho\\amigo_pet\\projeto-amigopet\\front\\node_modules\\@jsonjoy.com\\.fs-node-builtins-rtaQIdMN',
4507 silly reify   'C:\\Users\\tupai\\OneDrive\\Área de Trabalho\\amigo_pet\\projeto-amigopet\\front\\node_modules\\@jsonjoy.com\\fs-node': 'C:\\Users\\tupai\\OneDrive\\Área de Trabalho\\amigo_pet\\projeto-amigopet\\front\\node_modules\\@jsonjoy.com\\.fs-node-YmjlhRvu',
4507 silly reify   'C:\\Users\\tupai\\OneDrive\\Área de Trabalho\\amigo_pet\\projeto-amigopet\\front\\node_modules\\@jsonjoy.com\\fs-node-to-fsa': 'C:\\Users\\tupai\\OneDrive\\Área de Trabalho\\amigo_pet\\projeto-amigopet\\front\\node_modules\\@jsonjoy.com\\.fs-node-to-fsa-XftwOSDw',
4507 silly reify   'C:\\Users\\tupai\\OneDrive\\Área de Trabalho\\amigo_pet\\projeto-amigopet\\front\\node_modules\\@jsonjoy.com\\fs-node-utils': 'C:\\Users\\tupai\\OneDrive\\Área de Trabalho\\amigo_pet\\projeto-amigopet\\front\\node_modules\\@jsonjoy.com\\.fs-node-utils-Hx2rTqJT',
4507 silly reify   'C:\\Users\\tupai\\OneDrive\\Área de Trabalho\\amigo_pet\\projeto-amigopet\\front\\node_modules\\@jsonjoy.com\\fs-snapshot': 'C:\\Users\\tupai\\OneDrive\\Área de Trabalho\\amigo_pet\\projeto-amigopet\\front\\node_modules\\@jsonjoy.com\\.fs-snapshot-EJgl1NsJ',
4507 silly reify   'C:\\Users\\tupai\\OneDrive\\Área de Trabalho\\amigo_pet\\projeto-amigopet\\front\\node_modules\\@jsonjoy.com\\json-pack': 'C:\\Users\\tupai\\OneDrive\\Área de Trabalho\\amigo_pet\\projeto-amigopet\\front\\node_modules\\@jsonjoy.com\\.json-pack-2RrL8G4X',
4507 silly reify   'C:\\Users\\tupai\\OneDrive\\Área de Trabalho\\amigo_pet\\projeto-amigopet\\front\\node_modules\\@jsonjoy.com\\json-pointer': 'C:\\Users\\tupai\\OneDrive\\Área de Trabalho\\amigo_pet\\projeto-amigopet\\front\\node_modules\\@jsonjoy.com\\.json-pointer-BHfhzebf',
4507 silly reify   'C:\\Users\\tupai\\OneDrive\\Área de Trabalho\\amigo_pet\\projeto-amigopet\\front\\node_modules\\@jsonjoy.com\\util': 'C:\\Users\\tupai\\OneDrive\\Área de Trabalho\\amigo_pet\\projeto-amigopet\\front\\node_modules\\@jsonjoy.com\\.util-MTgVJ69B',
4507 silly reify   'C:\\Users\\tupai\\OneDrive\\Área de Trabalho\\amigo_pet\\projeto-amigopet\\front\\node_modules\\@ngtools\\webpack': 'C:\\Users\\tupai\\OneDrive\\Área de Trabalho\\amigo_pet\\projeto-amigopet\\front\\node_modules\\@ngtools\\.webpack-wcljslaW',
4507 silly reify   'C:\\Users\\tupai\\OneDrive\\Área de Trabalho\\amigo_pet\\projeto-amigopet\\front\\node_modules\\@nodelib\\fs.scandir': 'C:\\Users\\tupai\\OneDrive\\Área de Trabalho\\amigo_pet\\projeto-amigopet\\front\\node_modules\\@nodelib\\.fs.scandir-uUlEnO6l',
4507 silly reify   'C:\\Users\\tupai\\OneDrive\\Área de Trabalho\\amigo_pet\\projeto-amigopet\\front\\node_modules\\@npmcli\\fs': 'C:\\Users\\tupai\\OneDrive\\Área de Trabalho\\amigo_pet\\projeto-amigopet\\front\\node_modules\\@npmcli\\.fs-yQCEWh14',
4507 silly reify   'C:\\Users\\tupai\\OneDrive\\Área de Trabalho\\amigo_pet\\projeto-amigopet\\front\\node_modules\\@npmcli\\git': 'C:\\Users\\tupai\\OneDrive\\Área de Trabalho\\amigo_pet\\projeto-amigopet\\front\\node_modules\\@npmcli\\.git-YNPjR1aM',
4507 silly reify   'C:\\Users\\tupai\\OneDrive\\Área de Trabalho\\amigo_pet\\projeto-amigopet\\front\\node_modules\\@npmcli\\run-script': 'C:\\Users\\tupai\\OneDrive\\Área de Trabalho\\amigo_pet\\projeto-amigopet\\front\\node_modules\\@npmcli\\.run-script-FLnzkV4y',
4507 silly reify   'C:\\Users\\tupai\\OneDrive\\Área de Trabalho\\amigo_pet\\projeto-amigopet\\front\\node_modules\\@parcel\\watcher': 'C:\\Users\\tupai\\OneDrive\\Área de Trabalho\\amigo_pet\\projeto-amigopet\\front\\node_modules\\@parcel\\.watcher-fkROlXTc',
4507 silly reify   'C:\\Users\\tupai\\OneDrive\\Área de Trabalho\\amigo_pet\\projeto-amigopet\\front\\node_modules\\@schematics\\angular': 'C:\\Users\\tupai\\OneDrive\\Área de Trabalho\\amigo_pet\\projeto-amigopet\\front\\node_modules\\@schematics\\.angular-DDRetkWW',
4507 silly reify   'C:\\Users\\tupai\\OneDrive\\Área de Trabalho\\amigo_pet\\projeto-amigopet\\front\\node_modules\\@sigstore\\core': 'C:\\Users\\tupai\\OneDrive\\Área de Trabalho\\amigo_pet\\projeto-amigopet\\front\\node_modules\\@sigstore\\.core-oRubaAeP',
4507 silly reify   'C:\\Users\\tupai\\OneDrive\\Área de Trabalho\\amigo_pet\\projeto-amigopet\\front\\node_modules\\@sigstore\\protobuf-specs': 'C:\\Users\\tupai\\OneDrive\\Área de Trabalho\\amigo_pet\\projeto-amigopet\\front\\node_modules\\@sigstore\\.protobuf-specs-yYbQJz8E',
4507 silly reify   'C:\\Users\\tupai\\OneDrive\\Área de Trabalho\\amigo_pet\\projeto-amigopet\\front\\node_modules\\@sigstore\\sign': 'C:\\Users\\tupai\\OneDrive\\Área de Trabalho\\amigo_pet\\projeto-amigopet\\front\\node_modules\\@sigstore\\.sign-mTMa0wp1',
4507 silly reify   'C:\\Users\\tupai\\OneDrive\\Área de Trabalho\\amigo_pet\\projeto-amigopet\\front\\node_modules\\@sigstore\\verify': 'C:\\Users\\tupai\\OneDrive\\Área de Trabalho\\amigo_pet\\projeto-amigopet\\front\\node_modules\\@sigstore\\.verify-sUUcUP6P',
4507 silly reify   'C:\\Users\\tupai\\OneDrive\\Área de Trabalho\\amigo_pet\\projeto-amigopet\\front\\node_modules\\@tufjs\\models': 'C:\\Users\\tupai\\OneDrive\\Área de Trabalho\\amigo_pet\\projeto-amigopet\\front\\node_modules\\@tufjs\\.models-nXVEDNvz',
4507 silly reify   'C:\\Users\\tupai\\OneDrive\\Área de Trabalho\\amigo_pet\\projeto-amigopet\\front\\node_modules\\@socket.io\\component-emitter': 'C:\\Users\\tupai\\OneDrive\\Área de Trabalho\\amigo_pet\\projeto-amigopet\\front\\node_modules\\@socket.io\\.component-emitter-vWyEfWGv',
4507 silly reify   'C:\\Users\\tupai\\OneDrive\\Área de Trabalho\\amigo_pet\\projeto-amigopet\\front\\node_modules\\@types\\cors': 'C:\\Users\\tupai\\OneDrive\\Área de Trabalho\\amigo_pet\\projeto-amigopet\\front\\node_modules\\@types\\.cors-ASn8f3AA',
4507 silly reify   'C:\\Users\\tupai\\OneDrive\\Área de Trabalho\\amigo_pet\\projeto-amigopet\\front\\node_modules\\@types\\node': 'C:\\Users\\tupai\\OneDrive\\Área de Trabalho\\amigo_pet\\projeto-amigopet\\front\\node_modules\\@types\\.node-OIYcND31',
4507 silly reify   'C:\\Users\\tupai\\OneDrive\\Área de Trabalho\\amigo_pet\\projeto-amigopet\\front\\node_modules\\@vitejs\\plugin-basic-ssl': 'C:\\Users\\tupai\\OneDrive\\Área de Trabalho\\amigo_pet\\projeto-amigopet\\front\\node_modules\\@vitejs\\.plugin-basic-ssl-8HyPPH07',
4507 silly reify   'C:\\Users\\tupai\\OneDrive\\Área de Trabalho\\amigo_pet\\projeto-amigopet\\front\\node_modules\\@webassemblyjs\\ast': 'C:\\Users\\tupai\\OneDrive\\Área de Trabalho\\amigo_pet\\projeto-amigopet\\front\\node_modules\\@webassemblyjs\\.ast-Mvu234hf',
4507 silly reify   'C:\\Users\\tupai\\OneDrive\\Área de Trabalho\\amigo_pet\\projeto-amigopet\\front\\node_modules\\@yarnpkg\\lockfile': 'C:\\Users\\tupai\\OneDrive\\Área de Trabalho\\amigo_pet\\projeto-amigopet\\front\\node_modules\\@yarnpkg\\.lockfile-O735EJtx',
4507 silly reify   'C:\\Users\\tupai\\OneDrive\\Área de Trabalho\\amigo_pet\\projeto-amigopet\\front\\node_modules\\@nodelib\\fs.walk': 'C:\\Users\\tupai\\OneDrive\\Área de Trabalho\\amigo_pet\\projeto-amigopet\\front\\node_modules\\@nodelib\\.fs.walk-6vG4M8b2',
4507 silly reify   'C:\\Users\\tupai\\OneDrive\\Área de Trabalho\\amigo_pet\\projeto-amigopet\\front\\node_modules\\abbrev': 'C:\\Users\\tupai\\OneDrive\\Área de Trabalho\\amigo_pet\\projeto-amigopet\\front\\node_modules\\.abbrev-F0rgu1Im',
4507 silly reify   'C:\\Users\\tupai\\OneDrive\\Área de Trabalho\\amigo_pet\\projeto-amigopet\\front\\node_modules\\acorn-import-phases': 'C:\\Users\\tupai\\OneDrive\\Área de Trabalho\\amigo_pet\\projeto-amigopet\\front\\node_modules\\.acorn-import-phases-4ob9i42R',
4507 silly reify   'C:\\Users\\tupai\\OneDrive\\Área de Trabalho\\amigo_pet\\projeto-amigopet\\front\\node_modules\\agent-base': 'C:\\Users\\tupai\\OneDrive\\Área de Trabalho\\amigo_pet\\projeto-amigopet\\front\\node_modules\\.agent-base-VHA5kG7G',
4507 silly reify   'C:\\Users\\tupai\\OneDrive\\Área de Trabalho\\amigo_pet\\projeto-amigopet\\front\\node_modules\\acorn': 'C:\\Users\\tupai\\OneDrive\\Área de Trabalho\\amigo_pet\\projeto-amigopet\\front\\node_modules\\.acorn-LLpyfWPZ',
4507 silly reify   'C:\\Users\\tupai\\OneDrive\\Área de Trabalho\\amigo_pet\\projeto-amigopet\\front\\node_modules\\.bin\\acorn': 'C:\\Users\\tupai\\OneDrive\\Área de Trabalho\\amigo_pet\\projeto-amigopet\\front\\node_modules\\.bin\\.acorn-Mn5RFbP4',
4507 silly reify   'C:\\Users\\tupai\\OneDrive\\Área de Trabalho\\amigo_pet\\projeto-amigopet\\front\\node_modules\\.bin\\acorn.cmd': 'C:\\Users\\tupai\\OneDrive\\Área de Trabalho\\amigo_pet\\projeto-amigopet\\front\\node_modules\\.bin\\.acorn.cmd-HMeWbUoC',
4507 silly reify   'C:\\Users\\tupai\\OneDrive\\Área de Trabalho\\amigo_pet\\projeto-amigopet\\front\\node_modules\\.bin\\acorn.ps1': 'C:\\Users\\tupai\\OneDrive\\Área de Trabalho\\amigo_pet\\projeto-amigopet\\front\\node_modules\\.bin\\.acorn.ps1-qzOeVSBg',
4507 silly reify   'C:\\Users\\tupai\\OneDrive\\Área de Trabalho\\amigo_pet\\projeto-amigopet\\front\\node_modules\\adjust-sourcemap-loader\\node_modules\\loader-utils': 'C:\\Users\\tupai\\OneDrive\\Área de Trabalho\\amigo_pet\\projeto-amigopet\\front\\node_modules\\adjust-sourcemap-loader\\node_modules\\.loader-utils-YsYs9zKd',
4507 silly reify   'C:\\Users\\tupai\\OneDrive\\Área de Trabalho\\amigo_pet\\projeto-amigopet\\front\\node_modules\\ajv-formats': 'C:\\Users\\tupai\\OneDrive\\Área de Trabalho\\amigo_pet\\projeto-amigopet\\front\\node_modules\\.ajv-formats-znWLsh5Z',
4507 silly reify   'C:\\Users\\tupai\\OneDrive\\Área de Trabalho\\amigo_pet\\projeto-amigopet\\front\\node_modules\\ansi-escapes': 'C:\\Users\\tupai\\OneDrive\\Área de Trabalho\\amigo_pet\\projeto-amigopet\\front\\node_modules\\.ansi-escapes-odvEiNyp',
4507 silly reify   'C:\\Users\\tupai\\OneDrive\\Área de Trabalho\\amigo_pet\\projeto-amigopet\\front\\node_modules\\ansi-html-community': 'C:\\Users\\tupai\\OneDrive\\Área de Trabalho\\amigo_pet\\projeto-amigopet\\front\\node_modules\\.ansi-html-community-uEt3wWjw',
4507 silly reify   'C:\\Users\\tupai\\OneDrive\\Área de Trabalho\\amigo_pet\\projeto-amigopet\\front\\node_modules\\.bin\\ansi-html': 'C:\\Users\\tupai\\OneDrive\\Área de Trabalho\\amigo_pet\\projeto-amigopet\\front\\node_modules\\.bin\\.ansi-html-EiRj7fJL',
4507 silly reify   'C:\\Users\\tupai\\OneDrive\\Área de Trabalho\\amigo_pet\\projeto-amigopet\\front\\node_modules\\.bin\\ansi-html.cmd': 'C:\\Users\\tupai\\OneDrive\\Área de Trabalho\\amigo_pet\\projeto-amigopet\\front\\node_modules\\.bin\\.ansi-html.cmd-Wmh9GeC2',
4507 silly reify   'C:\\Users\\tupai\\OneDrive\\Área de Trabalho\\amigo_pet\\projeto-amigopet\\front\\node_modules\\.bin\\ansi-html.ps1': 'C:\\Users\\tupai\\OneDrive\\Área de Trabalho\\amigo_pet\\projeto-amigopet\\front\\node_modules\\.bin\\.ansi-html.ps1-ZY7hGxEE',
4507 silly reify   'C:\\Users\\tupai\\OneDrive\\Área de Trabalho\\amigo_pet\\projeto-amigopet\\front\\node_modules\\argparse': 'C:\\Users\\tupai\\OneDrive\\Área de Trabalho\\amigo_pet\\projeto-amigopet\\front\\node_modules\\.argparse-p2yeSau0',
4507 silly reify   'C:\\Users\\tupai\\OneDrive\\Área de Trabalho\\amigo_pet\\projeto-amigopet\\front\\node_modules\\babel-plugin-polyfill-regenerator': 'C:\\Users\\tupai\\OneDrive\\Área de Trabalho\\amigo_pet\\projeto-amigopet\\front\\node_modules\\.babel-plugin-polyfill-regenerator-N2QpYsK8',
4507 silly reify   'C:\\Users\\tupai\\OneDrive\\Área de Trabalho\\amigo_pet\\projeto-amigopet\\front\\node_modules\\baseline-browser-mapping': 'C:\\Users\\tupai\\OneDrive\\Área de Trabalho\\amigo_pet\\projeto-amigopet\\front\\node_modules\\.baseline-browser-mapping-PwyyDT8b',
4507 silly reify   'C:\\Users\\tupai\\OneDrive\\Área de Trabalho\\amigo_pet\\projeto-amigopet\\front\\node_modules\\.bin\\baseline-browser-mapping': 'C:\\Users\\tupai\\OneDrive\\Área de Trabalho\\amigo_pet\\projeto-amigopet\\front\\node_modules\\.bin\\.baseline-browser-mapping-R6AIqDYP',
4507 silly reify   'C:\\Users\\tupai\\OneDrive\\Área de Trabalho\\amigo_pet\\projeto-amigopet\\front\\node_modules\\.bin\\baseline-browser-mapping.cmd': 'C:\\Users\\tupai\\OneDrive\\Área de Trabalho\\amigo_pet\\projeto-amigopet\\front\\node_modules\\.bin\\.baseline-browser-mapping.cmd-FXrlDcsm',
4507 silly reify   'C:\\Users\\tupai\\OneDrive\\Área de Trabalho\\amigo_pet\\projeto-amigopet\\front\\node_modules\\.bin\\baseline-browser-mapping.ps1': 'C:\\Users\\tupai\\OneDrive\\Área de Trabalho\\amigo_pet\\projeto-amigopet\\front\\node_modules\\.bin\\.baseline-browser-mapping.ps1-nfd2Kqi3',
4507 silly reify   'C:\\Users\\tupai\\OneDrive\\Área de Trabalho\\amigo_pet\\projeto-amigopet\\front\\node_modules\\beasties': 'C:\\Users\\tupai\\OneDrive\\Área de Trabalho\\amigo_pet\\projeto-amigopet\\front\\node_modules\\.beasties-NWdbn16V',
4507 silly reify   'C:\\Users\\tupai\\OneDrive\\Área de Trabalho\\amigo_pet\\projeto-amigopet\\front\\node_modules\\body-parser': 'C:\\Users\\tupai\\OneDrive\\Área de Trabalho\\amigo_pet\\projeto-amigopet\\front\\node_modules\\.body-parser-NOxym5dk',
4507 silly reify   'C:\\Users\\tupai\\OneDrive\\Área de Trabalho\\amigo_pet\\projeto-amigopet\\front\\node_modules\\browserslist': 'C:\\Users\\tupai\\OneDrive\\Área de Trabalho\\amigo_pet\\projeto-amigopet\\front\\node_modules\\.browserslist-i8HKxFhs',
4507 silly reify   'C:\\Users\\tupai\\OneDrive\\Área de Trabalho\\amigo_pet\\projeto-amigopet\\front\\node_modules\\.bin\\browserslist': 'C:\\Users\\tupai\\OneDrive\\Área de Trabalho\\amigo_pet\\projeto-amigopet\\front\\node_modules\\.bin\\.browserslist-GLqizhd6',
4507 silly reify   'C:\\Users\\tupai\\OneDrive\\Área de Trabalho\\amigo_pet\\projeto-amigopet\\front\\node_modules\\.bin\\browserslist.cmd': 'C:\\Users\\tupai\\OneDrive\\Área de Trabalho\\amigo_pet\\projeto-amigopet\\front\\node_modules\\.bin\\.browserslist.cmd-W7MYkUoD',
4507 silly reify   'C:\\Users\\tupai\\OneDrive\\Área de Trabalho\\amigo_pet\\projeto-amigopet\\front\\node_modules\\.bin\\browserslist.ps1': 'C:\\Users\\tupai\\OneDrive\\Área de Trabalho\\amigo_pet\\projeto-amigopet\\front\\node_modules\\.bin\\.browserslist.ps1-J2ooPToK',
4507 silly reify   'C:\\Users\\tupai\\OneDrive\\Área de Trabalho\\amigo_pet\\projeto-amigopet\\front\\node_modules\\bundle-name': 'C:\\Users\\tupai\\OneDrive\\Área de Trabalho\\amigo_pet\\projeto-amigopet\\front\\node_modules\\.bundle-name-K4nRLqv9',
4507 silly reify   'C:\\Users\\tupai\\OneDrive\\Área de Trabalho\\amigo_pet\\projeto-amigopet\\front\\node_modules\\cli-width': 'C:\\Users\\tupai\\OneDrive\\Área de Trabalho\\amigo_pet\\projeto-amigopet\\front\\node_modules\\.cli-width-ogd7zjNP',
4507 silly reify   'C:\\Users\\tupai\\OneDrive\\Área de Trabalho\\amigo_pet\\projeto-amigopet\\front\\node_modules\\cli-truncate': 'C:\\Users\\tupai\\OneDrive\\Área de Trabalho\\amigo_pet\\projeto-amigopet\\front\\node_modules\\.cli-truncate-b4uIjQwM',
4507 silly reify   'C:\\Users\\tupai\\OneDrive\\Área de Trabalho\\amigo_pet\\projeto-amigopet\\front\\node_modules\\chokidar': 'C:\\Users\\tupai\\OneDrive\\Área de Trabalho\\amigo_pet\\projeto-amigopet\\front\\node_modules\\.chokidar-EnXgzcpO',
4507 silly reify   'C:\\Users\\tupai\\OneDrive\\Área de Trabalho\\amigo_pet\\projeto-amigopet\\front\\node_modules\\clone-deep\\node_modules\\is-plain-object': 'C:\\Users\\tupai\\OneDrive\\Área de Trabalho\\amigo_pet\\projeto-amigopet\\front\\node_modules\\clone-deep\\node_modules\\.is-plain-object-p5B6esBW',
4507 silly reify   'C:\\Users\\tupai\\OneDrive\\Área de Trabalho\\amigo_pet\\projeto-amigopet\\front\\node_modules\\connect\\node_modules\\ms': 'C:\\Users\\tupai\\OneDrive\\Área de Trabalho\\amigo_pet\\projeto-amigopet\\front\\node_modules\\connect\\node_modules\\.ms-vr8TNwKq',
4507 silly reify   'C:\\Users\\tupai\\OneDrive\\Área de Trabalho\\amigo_pet\\projeto-amigopet\\front\\node_modules\\connect\\node_modules\\debug': 'C:\\Users\\tupai\\OneDrive\\Área de Trabalho\\amigo_pet\\projeto-amigopet\\front\\node_modules\\connect\\node_modules\\.debug-NMRLPKz9',
4507 silly reify   'C:\\Users\\tupai\\OneDrive\\Área de Trabalho\\amigo_pet\\projeto-amigopet\\front\\node_modules\\cookie-signature': 'C:\\Users\\tupai\\OneDrive\\Área de Trabalho\\amigo_pet\\projeto-amigopet\\front\\node_modules\\.cookie-signature-n0sNvpWo',
4507 silly reify   'C:\\Users\\tupai\\OneDrive\\Área de Trabalho\\amigo_pet\\projeto-amigopet\\front\\node_modules\\compression\\node_modules\\negotiator': 'C:\\Users\\tupai\\OneDrive\\Área de Trabalho\\amigo_pet\\projeto-amigopet\\front\\node_modules\\compression\\node_modules\\.negotiator-IuhJfS5s',
4507 silly reify   'C:\\Users\\tupai\\OneDrive\\Área de Trabalho\\amigo_pet\\projeto-amigopet\\front\\node_modules\\compression\\node_modules\\ms': 'C:\\Users\\tupai\\OneDrive\\Área de Trabalho\\amigo_pet\\projeto-amigopet\\front\\node_modules\\compression\\node_modules\\.ms-miembEdl',
4507 silly reify   'C:\\Users\\tupai\\OneDrive\\Área de Trabalho\\amigo_pet\\projeto-amigopet\\front\\node_modules\\compression\\node_modules\\debug': 'C:\\Users\\tupai\\OneDrive\\Área de Trabalho\\amigo_pet\\projeto-amigopet\\front\\node_modules\\compression\\node_modules\\.debug-0fAnB2Ux',
4507 silly reify   'C:\\Users\\tupai\\OneDrive\\Área de Trabalho\\amigo_pet\\projeto-amigopet\\front\\node_modules\\copy-webpack-plugin': 'C:\\Users\\tupai\\OneDrive\\Área de Trabalho\\amigo_pet\\projeto-amigopet\\front\\node_modules\\.copy-webpack-plugin-ybzil5i1',
4507 silly reify   'C:\\Users\\tupai\\OneDrive\\Área de Trabalho\\amigo_pet\\projeto-amigopet\\front\\node_modules\\cross-spawn\\node_modules\\which': 'C:\\Users\\tupai\\OneDrive\\Área de Trabalho\\amigo_pet\\projeto-amigopet\\front\\node_modules\\cross-spawn\\node_modules\\.which-9CScVSqB',
4507 silly reify   'C:\\Users\\tupai\\OneDrive\\Área de Trabalho\\amigo_pet\\projeto-amigopet\\front\\node_modules\\cssesc': 'C:\\Users\\tupai\\OneDrive\\Área de Trabalho\\amigo_pet\\projeto-amigopet\\front\\node_modules\\.cssesc-DrnJS0UW',
4507 silly reify   'C:\\Users\\tupai\\OneDrive\\Área de Trabalho\\amigo_pet\\projeto-amigopet\\front\\node_modules\\.bin\\cssesc': 'C:\\Users\\tupai\\OneDrive\\Área de Trabalho\\amigo_pet\\projeto-amigopet\\front\\node_modules\\.bin\\.cssesc-JtlN5Cfw',
4507 silly reify   'C:\\Users\\tupai\\OneDrive\\Área de Trabalho\\amigo_pet\\projeto-amigopet\\front\\node_modules\\.bin\\cssesc.cmd': 'C:\\Users\\tupai\\OneDrive\\Área de Trabalho\\amigo_pet\\projeto-amigopet\\front\\node_modules\\.bin\\.cssesc.cmd-RVAP7KNF',
4507 silly reify   'C:\\Users\\tupai\\OneDrive\\Área de Trabalho\\amigo_pet\\projeto-amigopet\\front\\node_modules\\.bin\\cssesc.ps1': 'C:\\Users\\tupai\\OneDrive\\Área de Trabalho\\amigo_pet\\projeto-amigopet\\front\\node_modules\\.bin\\.cssesc.ps1-iB1kax92',
4507 silly reify   'C:\\Users\\tupai\\OneDrive\\Área de Trabalho\\amigo_pet\\projeto-amigopet\\front\\node_modules\\default-browser': 'C:\\Users\\tupai\\OneDrive\\Área de Trabalho\\amigo_pet\\projeto-amigopet\\front\\node_modules\\.default-browser-C1n34gXM',
4507 silly reify   'C:\\Users\\tupai\\OneDrive\\Área de Trabalho\\amigo_pet\\projeto-amigopet\\front\\node_modules\\default-browser-id': 'C:\\Users\\tupai\\OneDrive\\Área de Trabalho\\amigo_pet\\projeto-amigopet\\front\\node_modules\\.default-browser-id-fvqXUpVf',
4507 silly reify   'C:\\Users\\tupai\\OneDrive\\Área de Trabalho\\amigo_pet\\projeto-amigopet\\front\\node_modules\\define-lazy-prop': 'C:\\Users\\tupai\\OneDrive\\Área de Trabalho\\amigo_pet\\projeto-amigopet\\front\\node_modules\\.define-lazy-prop-VBwRhZqI',
4507 silly reify   'C:\\Users\\tupai\\OneDrive\\Área de Trabalho\\amigo_pet\\projeto-amigopet\\front\\node_modules\\detect-libc': 'C:\\Users\\tupai\\OneDrive\\Área de Trabalho\\amigo_pet\\projeto-amigopet\\front\\node_modules\\.detect-libc-3OqyMU4Q',
4507 silly reify   'C:\\Users\\tupai\\OneDrive\\Área de Trabalho\\amigo_pet\\projeto-amigopet\\front\\node_modules\\encoding\\node_modules\\iconv-lite': 'C:\\Users\\tupai\\OneDrive\\Área de Trabalho\\amigo_pet\\projeto-amigopet\\front\\node_modules\\encoding\\node_modules\\.iconv-lite-JuHYSfzy',
4507 silly reify   'C:\\Users\\tupai\\OneDrive\\Área de Trabalho\\amigo_pet\\projeto-amigopet\\front\\node_modules\\electron-to-chromium': 'C:\\Users\\tupai\\OneDrive\\Área de Trabalho\\amigo_pet\\projeto-amigopet\\front\\node_modules\\.electron-to-chromium-rmcntpWW',
4507 silly reify   'C:\\Users\\tupai\\OneDrive\\Área de Trabalho\\amigo_pet\\projeto-amigopet\\front\\node_modules\\environment': 'C:\\Users\\tupai\\OneDrive\\Área de Trabalho\\amigo_pet\\projeto-amigopet\\front\\node_modules\\.environment-fktx77Ag',
4507 silly reify   'C:\\Users\\tupai\\OneDrive\\Área de Trabalho\\amigo_pet\\projeto-amigopet\\front\\node_modules\\errno': 'C:\\Users\\tupai\\OneDrive\\Área de Trabalho\\amigo_pet\\projeto-amigopet\\front\\node_modules\\.errno-PG5LfAtp',
4507 silly reify   'C:\\Users\\tupai\\OneDrive\\Área de Trabalho\\amigo_pet\\projeto-amigopet\\front\\node_modules\\.bin\\errno': 'C:\\Users\\tupai\\OneDrive\\Área de Trabalho\\amigo_pet\\projeto-amigopet\\front\\node_modules\\.bin\\.errno-VNK6NKTG',
4507 silly reify   'C:\\Users\\tupai\\OneDrive\\Área de Trabalho\\amigo_pet\\projeto-amigopet\\front\\node_modules\\.bin\\errno.cmd': 'C:\\Users\\tupai\\OneDrive\\Área de Trabalho\\amigo_pet\\projeto-amigopet\\front\\node_modules\\.bin\\.errno.cmd-uKqWlvIF',
4507 silly reify   'C:\\Users\\tupai\\OneDrive\\Área de Trabalho\\amigo_pet\\projeto-amigopet\\front\\node_modules\\.bin\\errno.ps1': 'C:\\Users\\tupai\\OneDrive\\Área de Trabalho\\amigo_pet\\projeto-amigopet\\front\\node_modules\\.bin\\.errno.ps1-kMgYK0xu',
4507 silly reify   'C:\\Users\\tupai\\OneDrive\\Área de Trabalho\\amigo_pet\\projeto-amigopet\\front\\node_modules\\es-module-lexer': 'C:\\Users\\tupai\\OneDrive\\Área de Trabalho\\amigo_pet\\projeto-amigopet\\front\\node_modules\\.es-module-lexer-n1BvnCY4',
4507 silly reify   'C:\\Users\\tupai\\OneDrive\\Área de Trabalho\\amigo_pet\\projeto-amigopet\\front\\node_modules\\esbuild': 'C:\\Users\\tupai\\OneDrive\\Área de Trabalho\\amigo_pet\\projeto-amigopet\\front\\node_modules\\.esbuild-nGl2BvQ0',
4507 silly reify   'C:\\Users\\tupai\\OneDrive\\Área de Trabalho\\amigo_pet\\projeto-amigopet\\front\\node_modules\\.bin\\esbuild': 'C:\\Users\\tupai\\OneDrive\\Área de Trabalho\\amigo_pet\\projeto-amigopet\\front\\node_modules\\.bin\\.esbuild-4MiHaCRG',
4507 silly reify   'C:\\Users\\tupai\\OneDrive\\Área de Trabalho\\amigo_pet\\projeto-amigopet\\front\\node_modules\\.bin\\esbuild.cmd': 'C:\\Users\\tupai\\OneDrive\\Área de Trabalho\\amigo_pet\\projeto-amigopet\\front\\node_modules\\.bin\\.esbuild.cmd-QLAskLkz',
4507 silly reify   'C:\\Users\\tupai\\OneDrive\\Área de Trabalho\\amigo_pet\\projeto-amigopet\\front\\node_modules\\.bin\\esbuild.ps1': 'C:\\Users\\tupai\\OneDrive\\Área de Trabalho\\amigo_pet\\projeto-amigopet\\front\\node_modules\\.bin\\.esbuild.ps1-N8tgg3ru',
4507 silly reify   'C:\\Users\\tupai\\OneDrive\\Área de Trabalho\\amigo_pet\\projeto-amigopet\\front\\node_modules\\estraverse': 'C:\\Users\\tupai\\OneDrive\\Área de Trabalho\\amigo_pet\\projeto-amigopet\\front\\node_modules\\.estraverse-RpEWhEGX',
4507 silly reify   'C:\\Users\\tupai\\OneDrive\\Área de Trabalho\\amigo_pet\\projeto-amigopet\\front\\node_modules\\esrecurse\\node_modules\\estraverse': 'C:\\Users\\tupai\\OneDrive\\Área de Trabalho\\amigo_pet\\projeto-amigopet\\front\\node_modules\\esrecurse\\node_modules\\.estraverse-rWsALRCS',
4507 silly reify   'C:\\Users\\tupai\\OneDrive\\Área de Trabalho\\amigo_pet\\projeto-amigopet\\front\\node_modules\\fastq': 'C:\\Users\\tupai\\OneDrive\\Área de Trabalho\\amigo_pet\\projeto-amigopet\\front\\node_modules\\.fastq-xEXZVqzV',
4507 silly reify   'C:\\Users\\tupai\\OneDrive\\Área de Trabalho\\amigo_pet\\projeto-amigopet\\front\\node_modules\\finalhandler\\node_modules\\ms': 'C:\\Users\\tupai\\OneDrive\\Área de Trabalho\\amigo_pet\\projeto-amigopet\\front\\node_modules\\finalhandler\\node_modules\\.ms-0zR2hfjL',
4507 silly reify   'C:\\Users\\tupai\\OneDrive\\Área de Trabalho\\amigo_pet\\projeto-amigopet\\front\\node_modules\\finalhandler\\node_modules\\debug': 'C:\\Users\\tupai\\OneDrive\\Área de Trabalho\\amigo_pet\\projeto-amigopet\\front\\node_modules\\finalhandler\\node_modules\\.debug-JG2G2MYz',
4507 silly reify   'C:\\Users\\tupai\\OneDrive\\Área de Trabalho\\amigo_pet\\projeto-amigopet\\front\\node_modules\\finalhandler\\node_modules\\on-finished': 'C:\\Users\\tupai\\OneDrive\\Área de Trabalho\\amigo_pet\\projeto-amigopet\\front\\node_modules\\finalhandler\\node_modules\\.on-finished-izhX5B25',
4507 silly reify   'C:\\Users\\tupai\\OneDrive\\Área de Trabalho\\amigo_pet\\projeto-amigopet\\front\\node_modules\\fdir': 'C:\\Users\\tupai\\OneDrive\\Área de Trabalho\\amigo_pet\\projeto-amigopet\\front\\node_modules\\.fdir-5ZMgHavW',
4507 silly reify   'C:\\Users\\tupai\\OneDrive\\Área de Trabalho\\amigo_pet\\projeto-amigopet\\front\\node_modules\\find-up': 'C:\\Users\\tupai\\OneDrive\\Área de Trabalho\\amigo_pet\\projeto-amigopet\\front\\node_modules\\.find-up-cU2FaZG4',
4507 silly reify   'C:\\Users\\tupai\\OneDrive\\Área de Trabalho\\amigo_pet\\projeto-amigopet\\front\\node_modules\\flat': 'C:\\Users\\tupai\\OneDrive\\Área de Trabalho\\amigo_pet\\projeto-amigopet\\front\\node_modules\\.flat-ULr8flot',
4507 silly reify   'C:\\Users\\tupai\\OneDrive\\Área de Trabalho\\amigo_pet\\projeto-amigopet\\front\\node_modules\\.bin\\flat': 'C:\\Users\\tupai\\OneDrive\\Área de Trabalho\\amigo_pet\\projeto-amigopet\\front\\node_modules\\.bin\\.flat-aFVb0q9O',
4507 silly reify   'C:\\Users\\tupai\\OneDrive\\Área de Trabalho\\amigo_pet\\projeto-amigopet\\front\\node_modules\\.bin\\flat.cmd': 'C:\\Users\\tupai\\OneDrive\\Área de Trabalho\\amigo_pet\\projeto-amigopet\\front\\node_modules\\.bin\\.flat.cmd-IdC85o9w',
4507 silly reify   'C:\\Users\\tupai\\OneDrive\\Área de Trabalho\\amigo_pet\\projeto-amigopet\\front\\node_modules\\.bin\\flat.ps1': 'C:\\Users\\tupai\\OneDrive\\Área de Trabalho\\amigo_pet\\projeto-amigopet\\front\\node_modules\\.bin\\.flat.ps1-iRTrHKQZ',
4507 silly reify   'C:\\Users\\tupai\\OneDrive\\Área de Trabalho\\amigo_pet\\projeto-amigopet\\front\\node_modules\\get-east-asian-width': 'C:\\Users\\tupai\\OneDrive\\Área de Trabalho\\amigo_pet\\projeto-amigopet\\front\\node_modules\\.get-east-asian-width-gpu3SCnN',
4507 silly reify   'C:\\Users\\tupai\\OneDrive\\Área de Trabalho\\amigo_pet\\projeto-amigopet\\front\\node_modules\\glob-to-regex.js': 'C:\\Users\\tupai\\OneDrive\\Área de Trabalho\\amigo_pet\\projeto-amigopet\\front\\node_modules\\.glob-to-regex.js-53iBPsHH',
4507 silly reify   'C:\\Users\\tupai\\OneDrive\\Área de Trabalho\\amigo_pet\\projeto-amigopet\\front\\node_modules\\globby': 'C:\\Users\\tupai\\OneDrive\\Área de Trabalho\\amigo_pet\\projeto-amigopet\\front\\node_modules\\.globby-CJcRlJTb',
4507 silly reify   'C:\\Users\\tupai\\OneDrive\\Área de Trabalho\\amigo_pet\\projeto-amigopet\\front\\node_modules\\hasown': 'C:\\Users\\tupai\\OneDrive\\Área de Trabalho\\amigo_pet\\projeto-amigopet\\front\\node_modules\\.hasown-3EBls5qs',
4507 silly reify   'C:\\Users\\tupai\\OneDrive\\Área de Trabalho\\amigo_pet\\projeto-amigopet\\front\\node_modules\\hpack.js\\node_modules\\readable-stream': 'C:\\Users\\tupai\\OneDrive\\Área de Trabalho\\amigo_pet\\projeto-amigopet\\front\\node_modules\\hpack.js\\node_modules\\.readable-stream-zAFEDLbQ',
4507 silly reify   'C:\\Users\\tupai\\OneDrive\\Área de Trabalho\\amigo_pet\\projeto-amigopet\\front\\node_modules\\hosted-git-info': 'C:\\Users\\tupai\\OneDrive\\Área de Trabalho\\amigo_pet\\projeto-amigopet\\front\\node_modules\\.hosted-git-info-iOdVVDwG',
4507 silly reify   'C:\\Users\\tupai\\OneDrive\\Área de Trabalho\\amigo_pet\\projeto-amigopet\\front\\node_modules\\http-errors\\node_modules\\statuses': 'C:\\Users\\tupai\\OneDrive\\Área de Trabalho\\amigo_pet\\projeto-amigopet\\front\\node_modules\\http-errors\\node_modules\\.statuses-VwAVwdM8',
4507 silly reify   'C:\\Users\\tupai\\OneDrive\\Área de Trabalho\\amigo_pet\\projeto-amigopet\\front\\node_modules\\http-proxy-agent': 'C:\\Users\\tupai\\OneDrive\\Área de Trabalho\\amigo_pet\\projeto-amigopet\\front\\node_modules\\.http-proxy-agent-NbYmSVyO',
4507 silly reify   'C:\\Users\\tupai\\OneDrive\\Área de Trabalho\\amigo_pet\\projeto-amigopet\\front\\node_modules\\https-proxy-agent': 'C:\\Users\\tupai\\OneDrive\\Área de Trabalho\\amigo_pet\\projeto-amigopet\\front\\node_modules\\.https-proxy-agent-3LVSIXGq',
4507 silly reify   'C:\\Users\\tupai\\OneDrive\\Área de Trabalho\\amigo_pet\\projeto-amigopet\\front\\node_modules\\ignore-walk': 'C:\\Users\\tupai\\OneDrive\\Área de Trabalho\\amigo_pet\\projeto-amigopet\\front\\node_modules\\.ignore-walk-97246t6a',
4507 silly reify   'C:\\Users\\tupai\\OneDrive\\Área de Trabalho\\amigo_pet\\projeto-amigopet\\front\\node_modules\\ignore': 'C:\\Users\\tupai\\OneDrive\\Área de Trabalho\\amigo_pet\\projeto-amigopet\\front\\node_modules\\.ignore-2FosSOtP',
4507 silly reify   'C:\\Users\\tupai\\OneDrive\\Área de Trabalho\\amigo_pet\\projeto-amigopet\\front\\node_modules\\image-size': 'C:\\Users\\tupai\\OneDrive\\Área de Trabalho\\amigo_pet\\projeto-amigopet\\front\\node_modules\\.image-size-AeyohN9L',
4507 silly reify   'C:\\Users\\tupai\\OneDrive\\Área de Trabalho\\amigo_pet\\projeto-amigopet\\front\\node_modules\\.bin\\image-size': 'C:\\Users\\tupai\\OneDrive\\Área de Trabalho\\amigo_pet\\projeto-amigopet\\front\\node_modules\\.bin\\.image-size-V0Bd98kv',
4507 silly reify   'C:\\Users\\tupai\\OneDrive\\Área de Trabalho\\amigo_pet\\projeto-amigopet\\front\\node_modules\\.bin\\image-size.cmd': 'C:\\Users\\tupai\\OneDrive\\Área de Trabalho\\amigo_pet\\projeto-amigopet\\front\\node_modules\\.bin\\.image-size.cmd-Si0c3gza',
4507 silly reify   'C:\\Users\\tupai\\OneDrive\\Área de Trabalho\\amigo_pet\\projeto-amigopet\\front\\node_modules\\.bin\\image-size.ps1': 'C:\\Users\\tupai\\OneDrive\\Área de Trabalho\\amigo_pet\\projeto-amigopet\\front\\node_modules\\.bin\\.image-size.ps1-bi17E05W',
4507 silly reify   'C:\\Users\\tupai\\OneDrive\\Área de Trabalho\\amigo_pet\\projeto-amigopet\\front\\node_modules\\immutable': 'C:\\Users\\tupai\\OneDrive\\Área de Trabalho\\amigo_pet\\projeto-amigopet\\front\\node_modules\\.immutable-XzOEfBQP',
4507 silly reify   'C:\\Users\\tupai\\OneDrive\\Área de Trabalho\\amigo_pet\\projeto-amigopet\\front\\node_modules\\ipaddr.js': 'C:\\Users\\tupai\\OneDrive\\Área de Trabalho\\amigo_pet\\projeto-amigopet\\front\\node_modules\\.ipaddr.js-vwgyXOtj',
4507 silly reify   'C:\\Users\\tupai\\OneDrive\\Área de Trabalho\\amigo_pet\\projeto-amigopet\\front\\node_modules\\ini': 'C:\\Users\\tupai\\OneDrive\\Área de Trabalho\\amigo_pet\\projeto-amigopet\\front\\node_modules\\.ini-jQBWdwDC',
4507 silly reify   'C:\\Users\\tupai\\OneDrive\\Área de Trabalho\\amigo_pet\\projeto-amigopet\\front\\node_modules\\is-core-module': 'C:\\Users\\tupai\\OneDrive\\Área de Trabalho\\amigo_pet\\projeto-amigopet\\front\\node_modules\\.is-core-module-csti0fL0',
4507 silly reify   'C:\\Users\\tupai\\OneDrive\\Área de Trabalho\\amigo_pet\\projeto-amigopet\\front\\node_modules\\is-docker': 'C:\\Users\\tupai\\OneDrive\\Área de Trabalho\\amigo_pet\\projeto-amigopet\\front\\node_modules\\.is-docker-ipgp9Xka',
4507 silly reify   'C:\\Users\\tupai\\OneDrive\\Área de Trabalho\\amigo_pet\\projeto-amigopet\\front\\node_modules\\.bin\\is-docker': 'C:\\Users\\tupai\\OneDrive\\Área de Trabalho\\amigo_pet\\projeto-amigopet\\front\\node_modules\\.bin\\.is-docker-8vkBv1Fm',
4507 silly reify   'C:\\Users\\tupai\\OneDrive\\Área de Trabalho\\amigo_pet\\projeto-amigopet\\front\\node_modules\\.bin\\is-docker.cmd': 'C:\\Users\\tupai\\OneDrive\\Área de Trabalho\\amigo_pet\\projeto-amigopet\\front\\node_modules\\.bin\\.is-docker.cmd-sJBBUZOq',
4507 silly reify   'C:\\Users\\tupai\\OneDrive\\Área de Trabalho\\amigo_pet\\projeto-amigopet\\front\\node_modules\\.bin\\is-docker.ps1': 'C:\\Users\\tupai\\OneDrive\\Área de Trabalho\\amigo_pet\\projeto-amigopet\\front\\node_modules\\.bin\\.is-docker.ps1-T93UHXkn',
4507 silly reify   'C:\\Users\\tupai\\OneDrive\\Área de Trabalho\\amigo_pet\\projeto-amigopet\\front\\node_modules\\is-inside-container': 'C:\\Users\\tupai\\OneDrive\\Área de Trabalho\\amigo_pet\\projeto-amigopet\\front\\node_modules\\.is-inside-container-knISMANs',
4507 silly reify   'C:\\Users\\tupai\\OneDrive\\Área de Trabalho\\amigo_pet\\projeto-amigopet\\front\\node_modules\\.bin\\is-inside-container': 'C:\\Users\\tupai\\OneDrive\\Área de Trabalho\\amigo_pet\\projeto-amigopet\\front\\node_modules\\.bin\\.is-inside-container-gtsILvru',
4507 silly reify   'C:\\Users\\tupai\\OneDrive\\Área de Trabalho\\amigo_pet\\projeto-amigopet\\front\\node_modules\\.bin\\is-inside-container.cmd': 'C:\\Users\\tupai\\OneDrive\\Área de Trabalho\\amigo_pet\\projeto-amigopet\\front\\node_modules\\.bin\\.is-inside-container.cmd-9J95Jl5G',
4507 silly reify   'C:\\Users\\tupai\\OneDrive\\Área de Trabalho\\amigo_pet\\projeto-amigopet\\front\\node_modules\\.bin\\is-inside-container.ps1': 'C:\\Users\\tupai\\OneDrive\\Área de Trabalho\\amigo_pet\\projeto-amigopet\\front\\node_modules\\.bin\\.is-inside-container.ps1-qecXpEyi',
4507 silly reify   'C:\\Users\\tupai\\OneDrive\\Área de Trabalho\\amigo_pet\\projeto-amigopet\\front\\node_modules\\is-network-error': 'C:\\Users\\tupai\\OneDrive\\Área de Trabalho\\amigo_pet\\projeto-amigopet\\front\\node_modules\\.is-network-error-YWertsXJ',
4507 silly reify   'C:\\Users\\tupai\\OneDrive\\Área de Trabalho\\amigo_pet\\projeto-amigopet\\front\\node_modules\\is-plain-object': 'C:\\Users\\tupai\\OneDrive\\Área de Trabalho\\amigo_pet\\projeto-amigopet\\front\\node_modules\\.is-plain-object-dpMqQ0WS',
4507 silly reify   'C:\\Users\\tupai\\OneDrive\\Área de Trabalho\\amigo_pet\\projeto-amigopet\\front\\node_modules\\is-wsl': 'C:\\Users\\tupai\\OneDrive\\Área de Trabalho\\amigo_pet\\projeto-amigopet\\front\\node_modules\\.is-wsl-RaO5MNiR',
4507 silly reify   'C:\\Users\\tupai\\OneDrive\\Área de Trabalho\\amigo_pet\\projeto-amigopet\\front\\node_modules\\json-parse-even-better-errors': 'C:\\Users\\tupai\\OneDrive\\Área de Trabalho\\amigo_pet\\projeto-amigopet\\front\\node_modules\\.json-parse-even-better-errors-f2k8HnTk',
4507 silly reify   'C:\\Users\\tupai\\OneDrive\\Área de Trabalho\\amigo_pet\\projeto-amigopet\\front\\node_modules\\jsesc': 'C:\\Users\\tupai\\OneDrive\\Área de Trabalho\\amigo_pet\\projeto-amigopet\\front\\node_modules\\.jsesc-Vu6b5Ekp',
4507 silly reify   'C:\\Users\\tupai\\OneDrive\\Área de Trabalho\\amigo_pet\\projeto-amigopet\\front\\node_modules\\.bin\\jsesc': 'C:\\Users\\tupai\\OneDrive\\Área de Trabalho\\amigo_pet\\projeto-amigopet\\front\\node_modules\\.bin\\.jsesc-WdQVKbQb',
4507 silly reify   'C:\\Users\\tupai\\OneDrive\\Área de Trabalho\\amigo_pet\\projeto-amigopet\\front\\node_modules\\.bin\\jsesc.cmd': 'C:\\Users\\tupai\\OneDrive\\Área de Trabalho\\amigo_pet\\projeto-amigopet\\front\\node_modules\\.bin\\.jsesc.cmd-CBKYKaqp',
4507 silly reify   'C:\\Users\\tupai\\OneDrive\\Área de Trabalho\\amigo_pet\\projeto-amigopet\\front\\node_modules\\.bin\\jsesc.ps1': 'C:\\Users\\tupai\\OneDrive\\Área de Trabalho\\amigo_pet\\projeto-amigopet\\front\\node_modules\\.bin\\.jsesc.ps1-KeDo9w8d',
4507 silly reify   'C:\\Users\\tupai\\OneDrive\\Área de Trabalho\\amigo_pet\\projeto-amigopet\\front\\node_modules\\launch-editor': 'C:\\Users\\tupai\\OneDrive\\Área de Trabalho\\amigo_pet\\projeto-amigopet\\front\\node_modules\\.launch-editor-bx3qcDXX',
4507 silly reify   'C:\\Users\\tupai\\OneDrive\\Área de Trabalho\\amigo_pet\\projeto-amigopet\\front\\node_modules\\less-loader': 'C:\\Users\\tupai\\OneDrive\\Área de Trabalho\\amigo_pet\\projeto-amigopet\\front\\node_modules\\.less-loader-KDgSSaT3',
4507 silly reify   'C:\\Users\\tupai\\OneDrive\\Área de Trabalho\\amigo_pet\\projeto-amigopet\\front\\node_modules\\locate-path': 'C:\\Users\\tupai\\OneDrive\\Área de Trabalho\\amigo_pet\\projeto-amigopet\\front\\node_modules\\.locate-path-SRBrxi33',
4507 silly reify   'C:\\Users\\tupai\\OneDrive\\Área de Trabalho\\amigo_pet\\projeto-amigopet\\front\\node_modules\\loader-runner': 'C:\\Users\\tupai\\OneDrive\\Área de Trabalho\\amigo_pet\\projeto-amigopet\\front\\node_modules\\.loader-runner-pZJO6DAY',
4507 silly reify   'C:\\Users\\tupai\\OneDrive\\Área de Trabalho\\amigo_pet\\projeto-amigopet\\front\\node_modules\\log-update': 'C:\\Users\\tupai\\OneDrive\\Área de Trabalho\\amigo_pet\\projeto-amigopet\\front\\node_modules\\.log-update-Q1Q7viWY',
4507 silly reify   'C:\\Users\\tupai\\OneDrive\\Área de Trabalho\\amigo_pet\\projeto-amigopet\\front\\node_modules\\magic-string': 'C:\\Users\\tupai\\OneDrive\\Área de Trabalho\\amigo_pet\\projeto-amigopet\\front\\node_modules\\.magic-string-eI7KMYGB',
4507 silly reify   'C:\\Users\\tupai\\OneDrive\\Área de Trabalho\\amigo_pet\\projeto-amigopet\\front\\node_modules\\mimic-function': 'C:\\Users\\tupai\\OneDrive\\Área de Trabalho\\amigo_pet\\projeto-amigopet\\front\\node_modules\\.mimic-function-1O4YYzYj',
4507 silly reify   'C:\\Users\\tupai\\OneDrive\\Área de Trabalho\\amigo_pet\\projeto-amigopet\\front\\node_modules\\minipass-collect': 'C:\\Users\\tupai\\OneDrive\\Área de Trabalho\\amigo_pet\\projeto-amigopet\\front\\node_modules\\.minipass-collect-O4Y3liK2',
4507 silly reify   'C:\\Users\\tupai\\OneDrive\\Área de Trabalho\\amigo_pet\\projeto-amigopet\\front\\node_modules\\minipass': 'C:\\Users\\tupai\\OneDrive\\Área de Trabalho\\amigo_pet\\projeto-amigopet\\front\\node_modules\\.minipass-xtpEHUmf',
4507 silly reify   'C:\\Users\\tupai\\OneDrive\\Área de Trabalho\\amigo_pet\\projeto-amigopet\\front\\node_modules\\minipass-pipeline\\node_modules\\yallist': 'C:\\Users\\tupai\\OneDrive\\Área de Trabalho\\amigo_pet\\projeto-amigopet\\front\\node_modules\\minipass-pipeline\\node_modules\\.yallist-i3g9LMjH',
4507 silly reify   'C:\\Users\\tupai\\OneDrive\\Área de Trabalho\\amigo_pet\\projeto-amigopet\\front\\node_modules\\minipass-pipeline\\node_modules\\minipass': 'C:\\Users\\tupai\\OneDrive\\Área de Trabalho\\amigo_pet\\projeto-amigopet\\front\\node_modules\\minipass-pipeline\\node_modules\\.minipass-hVho7EFQ',
4507 silly reify   'C:\\Users\\tupai\\OneDrive\\Área de Trabalho\\amigo_pet\\projeto-amigopet\\front\\node_modules\\minipass-fetch': 'C:\\Users\\tupai\\OneDrive\\Área de Trabalho\\amigo_pet\\projeto-amigopet\\front\\node_modules\\.minipass-fetch-g96CkuVP',
4507 silly reify   'C:\\Users\\tupai\\OneDrive\\Área de Trabalho\\amigo_pet\\projeto-amigopet\\front\\node_modules\\minizlib': 'C:\\Users\\tupai\\OneDrive\\Área de Trabalho\\amigo_pet\\projeto-amigopet\\front\\node_modules\\.minizlib-zgXlLZBg',
4507 silly reify   'C:\\Users\\tupai\\OneDrive\\Área de Trabalho\\amigo_pet\\projeto-amigopet\\front\\node_modules\\mrmime': 'C:\\Users\\tupai\\OneDrive\\Área de Trabalho\\amigo_pet\\projeto-amigopet\\front\\node_modules\\.mrmime-vwwzDzjc',
4507 silly reify   'C:\\Users\\tupai\\OneDrive\\Área de Trabalho\\amigo_pet\\projeto-amigopet\\front\\node_modules\\minipass-flush': 'C:\\Users\\tupai\\OneDrive\\Área de Trabalho\\amigo_pet\\projeto-amigopet\\front\\node_modules\\.minipass-flush-tFTcrDkr',
4507 silly reify   'C:\\Users\\tupai\\OneDrive\\Área de Trabalho\\amigo_pet\\projeto-amigopet\\front\\node_modules\\minipass-sized\\node_modules\\minipass': 'C:\\Users\\tupai\\OneDrive\\Área de Trabalho\\amigo_pet\\projeto-amigopet\\front\\node_modules\\minipass-sized\\node_modules\\.minipass-kf41rZVo',
4507 silly reify   'C:\\Users\\tupai\\OneDrive\\Área de Trabalho\\amigo_pet\\projeto-amigopet\\front\\node_modules\\minipass-sized\\node_modules\\yallist': 'C:\\Users\\tupai\\OneDrive\\Área de Trabalho\\amigo_pet\\projeto-amigopet\\front\\node_modules\\minipass-sized\\node_modules\\.yallist-p5FiMg1b',
4507 silly reify   'C:\\Users\\tupai\\OneDrive\\Área de Trabalho\\amigo_pet\\projeto-amigopet\\front\\node_modules\\mute-stream': 'C:\\Users\\tupai\\OneDrive\\Área de Trabalho\\amigo_pet\\projeto-amigopet\\front\\node_modules\\.mute-stream-Xd21wUZO',
4507 silly reify   'C:\\Users\\tupai\\OneDrive\\Área de Trabalho\\amigo_pet\\projeto-amigopet\\front\\node_modules\\node-releases': 'C:\\Users\\tupai\\OneDrive\\Área de Trabalho\\amigo_pet\\projeto-amigopet\\front\\node_modules\\.node-releases-S5IhUVO5',
4507 silly reify   'C:\\Users\\tupai\\OneDrive\\Área de Trabalho\\amigo_pet\\projeto-amigopet\\front\\node_modules\\msgpackr-extract': 'C:\\Users\\tupai\\OneDrive\\Área de Trabalho\\amigo_pet\\projeto-amigopet\\front\\node_modules\\.msgpackr-extract-tmk45y5s',
4507 silly reify   'C:\\Users\\tupai\\OneDrive\\Área de Trabalho\\amigo_pet\\projeto-amigopet\\front\\node_modules\\.bin\\download-msgpackr-prebuilds': 'C:\\Users\\tupai\\OneDrive\\Área de Trabalho\\amigo_pet\\projeto-amigopet\\front\\node_modules\\.bin\\.download-msgpackr-prebuilds-xN85Yjd1',
4507 silly reify   'C:\\Users\\tupai\\OneDrive\\Área de Trabalho\\amigo_pet\\projeto-amigopet\\front\\node_modules\\.bin\\download-msgpackr-prebuilds.cmd': 'C:\\Users\\tupai\\OneDrive\\Área de Trabalho\\amigo_pet\\projeto-amigopet\\front\\node_modules\\.bin\\.download-msgpackr-prebuilds.cmd-PLqw9yaD',
4507 silly reify   'C:\\Users\\tupai\\OneDrive\\Área de Trabalho\\amigo_pet\\projeto-amigopet\\front\\node_modules\\.bin\\download-msgpackr-prebuilds.ps1': 'C:\\Users\\tupai\\OneDrive\\Área de Trabalho\\amigo_pet\\projeto-amigopet\\front\\node_modules\\.bin\\.download-msgpackr-prebuilds.ps1-8hKnbRwg',
4507 silly reify   'C:\\Users\\tupai\\OneDrive\\Área de Trabalho\\amigo_pet\\projeto-amigopet\\front\\node_modules\\mkdirp': 'C:\\Users\\tupai\\OneDrive\\Área de Trabalho\\amigo_pet\\projeto-amigopet\\front\\node_modules\\.mkdirp-w0nDDMRB',
4507 silly reify   'C:\\Users\\tupai\\OneDrive\\Área de Trabalho\\amigo_pet\\projeto-amigopet\\front\\node_modules\\.bin\\mkdirp': 'C:\\Users\\tupai\\OneDrive\\Área de Trabalho\\amigo_pet\\projeto-amigopet\\front\\node_modules\\.bin\\.mkdirp-d2pL1nh9',
4507 silly reify   'C:\\Users\\tupai\\OneDrive\\Área de Trabalho\\amigo_pet\\projeto-amigopet\\front\\node_modules\\.bin\\mkdirp.cmd': 'C:\\Users\\tupai\\OneDrive\\Área de Trabalho\\amigo_pet\\projeto-amigopet\\front\\node_modules\\.bin\\.mkdirp.cmd-tWOVxdYL',
4507 silly reify   'C:\\Users\\tupai\\OneDrive\\Área de Trabalho\\amigo_pet\\projeto-amigopet\\front\\node_modules\\.bin\\mkdirp.ps1': 'C:\\Users\\tupai\\OneDrive\\Área de Trabalho\\amigo_pet\\projeto-amigopet\\front\\node_modules\\.bin\\.mkdirp.ps1-8xdIXQPm',
4507 silly reify   'C:\\Users\\tupai\\OneDrive\\Área de Trabalho\\amigo_pet\\projeto-amigopet\\front\\node_modules\\negotiator': 'C:\\Users\\tupai\\OneDrive\\Área de Trabalho\\amigo_pet\\projeto-amigopet\\front\\node_modules\\.negotiator-R5JD8yaI',
4507 silly reify   'C:\\Users\\tupai\\OneDrive\\Área de Trabalho\\amigo_pet\\projeto-amigopet\\front\\node_modules\\nopt': 'C:\\Users\\tupai\\OneDrive\\Área de Trabalho\\amigo_pet\\projeto-amigopet\\front\\node_modules\\.nopt-WhGoAQTM',
4507 silly reify   'C:\\Users\\tupai\\OneDrive\\Área de Trabalho\\amigo_pet\\projeto-amigopet\\front\\node_modules\\.bin\\nopt': 'C:\\Users\\tupai\\OneDrive\\Área de Trabalho\\amigo_pet\\projeto-amigopet\\front\\node_modules\\.bin\\.nopt-iRvpp6qf',
4507 silly reify   'C:\\Users\\tupai\\OneDrive\\Área de Trabalho\\amigo_pet\\projeto-amigopet\\front\\node_modules\\.bin\\nopt.cmd': 'C:\\Users\\tupai\\OneDrive\\Área de Trabalho\\amigo_pet\\projeto-amigopet\\front\\node_modules\\.bin\\.nopt.cmd-M7GEZdf1',
4507 silly reify   'C:\\Users\\tupai\\OneDrive\\Área de Trabalho\\amigo_pet\\projeto-amigopet\\front\\node_modules\\.bin\\nopt.ps1': 'C:\\Users\\tupai\\OneDrive\\Área de Trabalho\\amigo_pet\\projeto-amigopet\\front\\node_modules\\.bin\\.nopt.ps1-NQvGlMni',
4507 silly reify   'C:\\Users\\tupai\\OneDrive\\Área de Trabalho\\amigo_pet\\projeto-amigopet\\front\\node_modules\\multicast-dns': 'C:\\Users\\tupai\\OneDrive\\Área de Trabalho\\amigo_pet\\projeto-amigopet\\front\\node_modules\\.multicast-dns-TcvbDbok',
4507 silly reify   'C:\\Users\\tupai\\OneDrive\\Área de Trabalho\\amigo_pet\\projeto-amigopet\\front\\node_modules\\.bin\\multicast-dns': 'C:\\Users\\tupai\\OneDrive\\Área de Trabalho\\amigo_pet\\projeto-amigopet\\front\\node_modules\\.bin\\.multicast-dns-6Ac0gaXr',
4507 silly reify   'C:\\Users\\tupai\\OneDrive\\Área de Trabalho\\amigo_pet\\projeto-amigopet\\front\\node_modules\\.bin\\multicast-dns.cmd': 'C:\\Users\\tupai\\OneDrive\\Área de Trabalho\\amigo_pet\\projeto-amigopet\\front\\node_modules\\.bin\\.multicast-dns.cmd-Pdik1YNg',
4507 silly reify   'C:\\Users\\tupai\\OneDrive\\Área de Trabalho\\amigo_pet\\projeto-amigopet\\front\\node_modules\\.bin\\multicast-dns.ps1': 'C:\\Users\\tupai\\OneDrive\\Área de Trabalho\\amigo_pet\\projeto-amigopet\\front\\node_modules\\.bin\\.multicast-dns.ps1-ixvAQtFW',
4507 silly reify   'C:\\Users\\tupai\\OneDrive\\Área de Trabalho\\amigo_pet\\projeto-amigopet\\front\\node_modules\\node-gyp-build-optional-packages': 'C:\\Users\\tupai\\OneDrive\\Área de Trabalho\\amigo_pet\\projeto-amigopet\\front\\node_modules\\.node-gyp-build-optional-packages-WqYHFI1J',
4507 silly reify   'C:\\Users\\tupai\\OneDrive\\Área de Trabalho\\amigo_pet\\projeto-amigopet\\front\\node_modules\\.bin\\node-gyp-build-optional-packages': 'C:\\Users\\tupai\\OneDrive\\Área de Trabalho\\amigo_pet\\projeto-amigopet\\front\\node_modules\\.bin\\.node-gyp-build-optional-packages-yNhe5MOu',
4507 silly reify   'C:\\Users\\tupai\\OneDrive\\Área de Trabalho\\amigo_pet\\projeto-amigopet\\front\\node_modules\\.bin\\node-gyp-build-optional-packages.cmd': 'C:\\Users\\tupai\\OneDrive\\Área de Trabalho\\amigo_pet\\projeto-amigopet\\front\\node_modules\\.bin\\.node-gyp-build-optional-packages.cmd-h7lCp7Ee',
4507 silly reify   'C:\\Users\\tupai\\OneDrive\\Área de Trabalho\\amigo_pet\\projeto-amigopet\\front\\node_modules\\.bin\\node-gyp-build-optional-packages.ps1': 'C:\\Users\\tupai\\OneDrive\\Área de Trabalho\\amigo_pet\\projeto-amigopet\\front\\node_modules\\.bin\\.node-gyp-build-optional-packages.ps1-BEoIGt73',
4507 silly reify   'C:\\Users\\tupai\\OneDrive\\Área de Trabalho\\amigo_pet\\projeto-amigopet\\front\\node_modules\\.bin\\node-gyp-build-optional-packages-optional': 'C:\\Users\\tupai\\OneDrive\\Área de Trabalho\\amigo_pet\\projeto-amigopet\\front\\node_modules\\.bin\\.node-gyp-build-optional-packages-optional-voKnG6Tl',
4507 silly reify   'C:\\Users\\tupai\\OneDrive\\Área de Trabalho\\amigo_pet\\projeto-amigopet\\front\\node_modules\\.bin\\node-gyp-build-optional-packages-optional.cmd': 'C:\\Users\\tupai\\OneDrive\\Área de Trabalho\\amigo_pet\\projeto-amigopet\\front\\node_modules\\.bin\\.node-gyp-build-optional-packages-optional.cmd-UVbUIgVf',
4507 silly reify   'C:\\Users\\tupai\\OneDrive\\Área de Trabalho\\amigo_pet\\projeto-amigopet\\front\\node_modules\\.bin\\node-gyp-build-optional-packages-optional.ps1': 'C:\\Users\\tupai\\OneDrive\\Área de Trabalho\\amigo_pet\\projeto-amigopet\\front\\node_modules\\.bin\\.node-gyp-build-optional-packages-optional.ps1-AotQmTbU',
4507 silly reify   'C:\\Users\\tupai\\OneDrive\\Área de Trabalho\\amigo_pet\\projeto-amigopet\\front\\node_modules\\.bin\\node-gyp-build-optional-packages-test': 'C:\\Users\\tupai\\OneDrive\\Área de Trabalho\\amigo_pet\\projeto-amigopet\\front\\node_modules\\.bin\\.node-gyp-build-optional-packages-test-jYHZy5he',
4507 silly reify   'C:\\Users\\tupai\\OneDrive\\Área de Trabalho\\amigo_pet\\projeto-amigopet\\front\\node_modules\\.bin\\node-gyp-build-optional-packages-test.cmd': 'C:\\Users\\tupai\\OneDrive\\Área de Trabalho\\amigo_pet\\projeto-amigopet\\front\\node_modules\\.bin\\.node-gyp-build-optional-packages-test.cmd-WlCBTPTu',
4507 silly reify   'C:\\Users\\tupai\\OneDrive\\Área de Trabalho\\amigo_pet\\projeto-amigopet\\front\\node_modules\\.bin\\node-gyp-build-optional-packages-test.ps1': 'C:\\Users\\tupai\\OneDrive\\Área de Trabalho\\amigo_pet\\projeto-amigopet\\front\\node_modules\\.bin\\.node-gyp-build-optional-packages-test.ps1-YFjIKgl8',
4507 silly reify   'C:\\Users\\tupai\\OneDrive\\Área de Trabalho\\amigo_pet\\projeto-amigopet\\front\\node_modules\\npm-bundled': 'C:\\Users\\tupai\\OneDrive\\Área de Trabalho\\amigo_pet\\projeto-amigopet\\front\\node_modules\\.npm-bundled-N6tSMzeF',
4507 silly reify   'C:\\Users\\tupai\\OneDrive\\Área de Trabalho\\amigo_pet\\projeto-amigopet\\front\\node_modules\\npm-registry-fetch': 'C:\\Users\\tupai\\OneDrive\\Área de Trabalho\\amigo_pet\\projeto-amigopet\\front\\node_modules\\.npm-registry-fetch-i5Xt0B2j',
4507 silly reify   'C:\\Users\\tupai\\OneDrive\\Área de Trabalho\\amigo_pet\\projeto-amigopet\\front\\node_modules\\npm-normalize-package-bin': 'C:\\Users\\tupai\\OneDrive\\Área de Trabalho\\amigo_pet\\projeto-amigopet\\front\\node_modules\\.npm-normalize-package-bin-dBiyfYpe',
4507 silly reify   'C:\\Users\\tupai\\OneDrive\\Área de Trabalho\\amigo_pet\\projeto-amigopet\\front\\node_modules\\npm-install-checks': 'C:\\Users\\tupai\\OneDrive\\Área de Trabalho\\amigo_pet\\projeto-amigopet\\front\\node_modules\\.npm-install-checks-5Rl3RFbu',
4507 silly reify   'C:\\Users\\tupai\\OneDrive\\Área de Trabalho\\amigo_pet\\projeto-amigopet\\front\\node_modules\\npm-packlist': 'C:\\Users\\tupai\\OneDrive\\Área de Trabalho\\amigo_pet\\projeto-amigopet\\front\\node_modules\\.npm-packlist-yc6fyEGk',
4507 silly reify   'C:\\Users\\tupai\\OneDrive\\Área de Trabalho\\amigo_pet\\projeto-amigopet\\front\\node_modules\\npm-package-arg': 'C:\\Users\\tupai\\OneDrive\\Área de Trabalho\\amigo_pet\\projeto-amigopet\\front\\node_modules\\.npm-package-arg-Ln1pTgFs',
4507 silly reify   'C:\\Users\\tupai\\OneDrive\\Área de Trabalho\\amigo_pet\\projeto-amigopet\\front\\node_modules\\npm-pick-manifest': 'C:\\Users\\tupai\\OneDrive\\Área de Trabalho\\amigo_pet\\projeto-amigopet\\front\\node_modules\\.npm-pick-manifest-w910Dqfm',
4507 silly reify   'C:\\Users\\tupai\\OneDrive\\Área de Trabalho\\amigo_pet\\projeto-amigopet\\front\\node_modules\\ordered-binary': 'C:\\Users\\tupai\\OneDrive\\Área de Trabalho\\amigo_pet\\projeto-amigopet\\front\\node_modules\\.ordered-binary-DppDi7MQ',
4507 silly reify   'C:\\Users\\tupai\\OneDrive\\Área de Trabalho\\amigo_pet\\projeto-amigopet\\front\\node_modules\\p-limit': 'C:\\Users\\tupai\\OneDrive\\Área de Trabalho\\amigo_pet\\projeto-amigopet\\front\\node_modules\\.p-limit-lvgt4UeV',
4507 silly reify   'C:\\Users\\tupai\\OneDrive\\Área de Trabalho\\amigo_pet\\projeto-amigopet\\front\\node_modules\\p-locate': 'C:\\Users\\tupai\\OneDrive\\Área de Trabalho\\amigo_pet\\projeto-amigopet\\front\\node_modules\\.p-locate-o8dB2JbA',
4507 silly reify   'C:\\Users\\tupai\\OneDrive\\Área de Trabalho\\amigo_pet\\projeto-amigopet\\front\\node_modules\\p-map': 'C:\\Users\\tupai\\OneDrive\\Área de Trabalho\\amigo_pet\\projeto-amigopet\\front\\node_modules\\.p-map-dHvPwtXt',
4507 silly reify   'C:\\Users\\tupai\\OneDrive\\Área de Trabalho\\amigo_pet\\projeto-amigopet\\front\\node_modules\\open': 'C:\\Users\\tupai\\OneDrive\\Área de Trabalho\\amigo_pet\\projeto-amigopet\\front\\node_modules\\.open-6P9TBvYe',
4507 silly reify   'C:\\Users\\tupai\\OneDrive\\Área de Trabalho\\amigo_pet\\projeto-amigopet\\front\\node_modules\\p-retry': 'C:\\Users\\tupai\\OneDrive\\Área de Trabalho\\amigo_pet\\projeto-amigopet\\front\\node_modules\\.p-retry-IotmAH0w',
4507 silly reify   'C:\\Users\\tupai\\OneDrive\\Área de Trabalho\\amigo_pet\\projeto-amigopet\\front\\node_modules\\parse-json\\node_modules\\json-parse-even-better-errors': 'C:\\Users\\tupai\\OneDrive\\Área de Trabalho\\amigo_pet\\projeto-amigopet\\front\\node_modules\\parse-json\\node_modules\\.json-parse-even-better-errors-j3yNY1Yc',
4507 silly reify   'C:\\Users\\tupai\\OneDrive\\Área de Trabalho\\amigo_pet\\projeto-amigopet\\front\\node_modules\\path-to-regexp': 'C:\\Users\\tupai\\OneDrive\\Área de Trabalho\\amigo_pet\\projeto-amigopet\\front\\node_modules\\.path-to-regexp-0uIm4iyS',
4507 silly reify   'C:\\Users\\tupai\\OneDrive\\Área de Trabalho\\amigo_pet\\projeto-amigopet\\front\\node_modules\\path-scurry\\node_modules\\lru-cache': 'C:\\Users\\tupai\\OneDrive\\Área de Trabalho\\amigo_pet\\projeto-amigopet\\front\\node_modules\\path-scurry\\node_modules\\.lru-cache-bx72EEkz',
4507 silly reify   'C:\\Users\\tupai\\OneDrive\\Área de Trabalho\\amigo_pet\\projeto-amigopet\\front\\node_modules\\path-exists': 'C:\\Users\\tupai\\OneDrive\\Área de Trabalho\\amigo_pet\\projeto-amigopet\\front\\node_modules\\.path-exists-TSUZKfbW',
4507 silly reify   'C:\\Users\\tupai\\OneDrive\\Área de Trabalho\\amigo_pet\\projeto-amigopet\\front\\node_modules\\path-type': 'C:\\Users\\tupai\\OneDrive\\Área de Trabalho\\amigo_pet\\projeto-amigopet\\front\\node_modules\\.path-type-S8226CHW',
4507 silly reify   'C:\\Users\\tupai\\OneDrive\\Área de Trabalho\\amigo_pet\\projeto-amigopet\\front\\node_modules\\postcss-media-query-parser': 'C:\\Users\\tupai\\OneDrive\\Área de Trabalho\\amigo_pet\\projeto-amigopet\\front\\node_modules\\.postcss-media-query-parser-1xv30AKk',
4507 silly reify   'C:\\Users\\tupai\\OneDrive\\Área de Trabalho\\amigo_pet\\projeto-amigopet\\front\\node_modules\\postcss-loader': 'C:\\Users\\tupai\\OneDrive\\Área de Trabalho\\amigo_pet\\projeto-amigopet\\front\\node_modules\\.postcss-loader-BU6FeoBW',
4507 silly reify   'C:\\Users\\tupai\\OneDrive\\Área de Trabalho\\amigo_pet\\projeto-amigopet\\front\\node_modules\\proc-log': 'C:\\Users\\tupai\\OneDrive\\Área de Trabalho\\amigo_pet\\projeto-amigopet\\front\\node_modules\\.proc-log-NMLqbmjD',
4507 silly reify   'C:\\Users\\tupai\\OneDrive\\Área de Trabalho\\amigo_pet\\projeto-amigopet\\front\\node_modules\\primeicons': 'C:\\Users\\tupai\\OneDrive\\Área de Trabalho\\amigo_pet\\projeto-amigopet\\front\\node_modules\\.primeicons-dzElagDZ',
4507 silly reify   'C:\\Users\\tupai\\OneDrive\\Área de Trabalho\\amigo_pet\\projeto-amigopet\\front\\node_modules\\raw-body': 'C:\\Users\\tupai\\OneDrive\\Área de Trabalho\\amigo_pet\\projeto-amigopet\\front\\node_modules\\.raw-body-T6uzEIRc',
4507 silly reify   'C:\\Users\\tupai\\OneDrive\\Área de Trabalho\\amigo_pet\\projeto-amigopet\\front\\node_modules\\regenerator-runtime': 'C:\\Users\\tupai\\OneDrive\\Área de Trabalho\\amigo_pet\\projeto-amigopet\\front\\node_modules\\.regenerator-runtime-aACb6WwG',
4507 silly reify   'C:\\Users\\tupai\\OneDrive\\Área de Trabalho\\amigo_pet\\projeto-amigopet\\front\\node_modules\\regexpu-core': 'C:\\Users\\tupai\\OneDrive\\Área de Trabalho\\amigo_pet\\projeto-amigopet\\front\\node_modules\\.regexpu-core-UZg8YaBS',
4507 silly reify   'C:\\Users\\tupai\\OneDrive\\Área de Trabalho\\amigo_pet\\projeto-amigopet\\front\\node_modules\\resolve-from': 'C:\\Users\\tupai\\OneDrive\\Área de Trabalho\\amigo_pet\\projeto-amigopet\\front\\node_modules\\.resolve-from-eeIJ04tP',
4507 silly reify   'C:\\Users\\tupai\\OneDrive\\Área de Trabalho\\amigo_pet\\projeto-amigopet\\front\\node_modules\\primeng': 'C:\\Users\\tupai\\OneDrive\\Área de Trabalho\\amigo_pet\\projeto-amigopet\\front\\node_modules\\.primeng-FnF9x9Kz',
4507 silly reify   'C:\\Users\\tupai\\OneDrive\\Área de Trabalho\\amigo_pet\\projeto-amigopet\\front\\node_modules\\reflect-metadata': 'C:\\Users\\tupai\\OneDrive\\Área de Trabalho\\amigo_pet\\projeto-amigopet\\front\\node_modules\\.reflect-metadata-r3vyyc3x',
4507 silly reify   'C:\\Users\\tupai\\OneDrive\\Área de Trabalho\\amigo_pet\\projeto-amigopet\\front\\node_modules\\rfdc': 'C:\\Users\\tupai\\OneDrive\\Área de Trabalho\\amigo_pet\\projeto-amigopet\\front\\node_modules\\.rfdc-QQ88PQSU',
4507 silly reify   'C:\\Users\\tupai\\OneDrive\\Área de Trabalho\\amigo_pet\\projeto-amigopet\\front\\node_modules\\regjsparser': 'C:\\Users\\tupai\\OneDrive\\Área de Trabalho\\amigo_pet\\projeto-amigopet\\front\\node_modules\\.regjsparser-1ZRTmiHU',
4507 silly reify   'C:\\Users\\tupai\\OneDrive\\Área de Trabalho\\amigo_pet\\projeto-amigopet\\front\\node_modules\\.bin\\regjsparser': 'C:\\Users\\tupai\\OneDrive\\Área de Trabalho\\amigo_pet\\projeto-amigopet\\front\\node_modules\\.bin\\.regjsparser-7JgqqOYw',
4507 silly reify   'C:\\Users\\tupai\\OneDrive\\Área de Trabalho\\amigo_pet\\projeto-amigopet\\front\\node_modules\\.bin\\regjsparser.cmd': 'C:\\Users\\tupai\\OneDrive\\Área de Trabalho\\amigo_pet\\projeto-amigopet\\front\\node_modules\\.bin\\.regjsparser.cmd-qif7fZee',
4507 silly reify   'C:\\Users\\tupai\\OneDrive\\Área de Trabalho\\amigo_pet\\projeto-amigopet\\front\\node_modules\\.bin\\regjsparser.ps1': 'C:\\Users\\tupai\\OneDrive\\Área de Trabalho\\amigo_pet\\projeto-amigopet\\front\\node_modules\\.bin\\.regjsparser.ps1-jfQ0UnGd',
4507 silly reify   'C:\\Users\\tupai\\OneDrive\\Área de Trabalho\\amigo_pet\\projeto-amigopet\\front\\node_modules\\run-applescript': 'C:\\Users\\tupai\\OneDrive\\Área de Trabalho\\amigo_pet\\projeto-amigopet\\front\\node_modules\\.run-applescript-73SVIPhi',
4507 silly reify   'C:\\Users\\tupai\\OneDrive\\Área de Trabalho\\amigo_pet\\projeto-amigopet\\front\\node_modules\\rimraf': 'C:\\Users\\tupai\\OneDrive\\Área de Trabalho\\amigo_pet\\projeto-amigopet\\front\\node_modules\\.rimraf-siwcJFZO',
4507 silly reify   'C:\\Users\\tupai\\OneDrive\\Área de Trabalho\\amigo_pet\\projeto-amigopet\\front\\node_modules\\.bin\\rimraf': 'C:\\Users\\tupai\\OneDrive\\Área de Trabalho\\amigo_pet\\projeto-amigopet\\front\\node_modules\\.bin\\.rimraf-iPVsGy6P',
4507 silly reify   'C:\\Users\\tupai\\OneDrive\\Área de Trabalho\\amigo_pet\\projeto-amigopet\\front\\node_modules\\.bin\\rimraf.cmd': 'C:\\Users\\tupai\\OneDrive\\Área de Trabalho\\amigo_pet\\projeto-amigopet\\front\\node_modules\\.bin\\.rimraf.cmd-V7NWOzgL',
4507 silly reify   'C:\\Users\\tupai\\OneDrive\\Área de Trabalho\\amigo_pet\\projeto-amigopet\\front\\node_modules\\.bin\\rimraf.ps1': 'C:\\Users\\tupai\\OneDrive\\Área de Trabalho\\amigo_pet\\projeto-amigopet\\front\\node_modules\\.bin\\.rimraf.ps1-0uMtgKFE',
4507 silly reify   'C:\\Users\\tupai\\OneDrive\\Área de Trabalho\\amigo_pet\\projeto-amigopet\\front\\node_modules\\sass-loader': 'C:\\Users\\tupai\\OneDrive\\Área de Trabalho\\amigo_pet\\projeto-amigopet\\front\\node_modules\\.sass-loader-56EqngJx',
4507 silly reify   'C:\\Users\\tupai\\OneDrive\\Área de Trabalho\\amigo_pet\\projeto-amigopet\\front\\node_modules\\sax': 'C:\\Users\\tupai\\OneDrive\\Área de Trabalho\\amigo_pet\\projeto-amigopet\\front\\node_modules\\.sax-hIAwNiKJ',
4507 silly reify   'C:\\Users\\tupai\\OneDrive\\Área de Trabalho\\amigo_pet\\projeto-amigopet\\front\\node_modules\\serve-index': 'C:\\Users\\tupai\\OneDrive\\Área de Trabalho\\amigo_pet\\projeto-amigopet\\front\\node_modules\\.serve-index-dTBCnYan',
4507 silly reify   'C:\\Users\\tupai\\OneDrive\\Área de Trabalho\\amigo_pet\\projeto-amigopet\\front\\node_modules\\serve-static': 'C:\\Users\\tupai\\OneDrive\\Área de Trabalho\\amigo_pet\\projeto-amigopet\\front\\node_modules\\.serve-static-0JNzSw9k',
4507 silly reify   'C:\\Users\\tupai\\OneDrive\\Área de Trabalho\\amigo_pet\\projeto-amigopet\\front\\node_modules\\send': 'C:\\Users\\tupai\\OneDrive\\Área de Trabalho\\amigo_pet\\projeto-amigopet\\front\\node_modules\\.send-CyWz2TQX',
4507 silly reify   'C:\\Users\\tupai\\OneDrive\\Área de Trabalho\\amigo_pet\\projeto-amigopet\\front\\node_modules\\shell-quote': 'C:\\Users\\tupai\\OneDrive\\Área de Trabalho\\amigo_pet\\projeto-amigopet\\front\\node_modules\\.shell-quote-GGikExmR',
4507 silly reify   'C:\\Users\\tupai\\OneDrive\\Área de Trabalho\\amigo_pet\\projeto-amigopet\\front\\node_modules\\side-channel': 'C:\\Users\\tupai\\OneDrive\\Área de Trabalho\\amigo_pet\\projeto-amigopet\\front\\node_modules\\.side-channel-N8n7F8qi',
4507 silly reify   'C:\\Users\\tupai\\OneDrive\\Área de Trabalho\\amigo_pet\\projeto-amigopet\\front\\node_modules\\slash': 'C:\\Users\\tupai\\OneDrive\\Área de Trabalho\\amigo_pet\\projeto-amigopet\\front\\node_modules\\.slash-HmserfNn',
4507 silly reify   'C:\\Users\\tupai\\OneDrive\\Área de Trabalho\\amigo_pet\\projeto-amigopet\\front\\node_modules\\side-channel-list': 'C:\\Users\\tupai\\OneDrive\\Área de Trabalho\\amigo_pet\\projeto-amigopet\\front\\node_modules\\.side-channel-list-rCQytEDK',
4507 silly reify   'C:\\Users\\tupai\\OneDrive\\Área de Trabalho\\amigo_pet\\projeto-amigopet\\front\\node_modules\\slice-ansi': 'C:\\Users\\tupai\\OneDrive\\Área de Trabalho\\amigo_pet\\projeto-amigopet\\front\\node_modules\\.slice-ansi-ZwmvWIGp',
4507 silly reify   'C:\\Users\\tupai\\OneDrive\\Área de Trabalho\\amigo_pet\\projeto-amigopet\\front\\node_modules\\sigstore': 'C:\\Users\\tupai\\OneDrive\\Área de Trabalho\\amigo_pet\\projeto-amigopet\\front\\node_modules\\.sigstore-6wMXNz3S',
4507 silly reify   'C:\\Users\\tupai\\OneDrive\\Área de Trabalho\\amigo_pet\\projeto-amigopet\\front\\node_modules\\socks': 'C:\\Users\\tupai\\OneDrive\\Área de Trabalho\\amigo_pet\\projeto-amigopet\\front\\node_modules\\.socks-fP8G6FPk',
4507 silly reify   'C:\\Users\\tupai\\OneDrive\\Área de Trabalho\\amigo_pet\\projeto-amigopet\\front\\node_modules\\spdx-license-ids': 'C:\\Users\\tupai\\OneDrive\\Área de Trabalho\\amigo_pet\\projeto-amigopet\\front\\node_modules\\.spdx-license-ids-11gfcluC',
4507 silly reify   'C:\\Users\\tupai\\OneDrive\\Área de Trabalho\\amigo_pet\\projeto-amigopet\\front\\node_modules\\ssri': 'C:\\Users\\tupai\\OneDrive\\Área de Trabalho\\amigo_pet\\projeto-amigopet\\front\\node_modules\\.ssri-udNj4RiE',
4507 silly reify   'C:\\Users\\tupai\\OneDrive\\Área de Trabalho\\amigo_pet\\projeto-amigopet\\front\\node_modules\\tinyglobby': 'C:\\Users\\tupai\\OneDrive\\Área de Trabalho\\amigo_pet\\projeto-amigopet\\front\\node_modules\\.tinyglobby-zX50Cl0k',
4507 silly reify   'C:\\Users\\tupai\\OneDrive\\Área de Trabalho\\amigo_pet\\projeto-amigopet\\front\\node_modules\\tree-kill': 'C:\\Users\\tupai\\OneDrive\\Área de Trabalho\\amigo_pet\\projeto-amigopet\\front\\node_modules\\.tree-kill-Rfey88zq',
4507 silly reify   'C:\\Users\\tupai\\OneDrive\\Área de Trabalho\\amigo_pet\\projeto-amigopet\\front\\node_modules\\.bin\\tree-kill': 'C:\\Users\\tupai\\OneDrive\\Área de Trabalho\\amigo_pet\\projeto-amigopet\\front\\node_modules\\.bin\\.tree-kill-8IO9Ld46',
4507 silly reify   'C:\\Users\\tupai\\OneDrive\\Área de Trabalho\\amigo_pet\\projeto-amigopet\\front\\node_modules\\.bin\\tree-kill.cmd': 'C:\\Users\\tupai\\OneDrive\\Área de Trabalho\\amigo_pet\\projeto-amigopet\\front\\node_modules\\.bin\\.tree-kill.cmd-CwTiJeHQ',
4507 silly reify   'C:\\Users\\tupai\\OneDrive\\Área de Trabalho\\amigo_pet\\projeto-amigopet\\front\\node_modules\\.bin\\tree-kill.ps1': 'C:\\Users\\tupai\\OneDrive\\Área de Trabalho\\amigo_pet\\projeto-amigopet\\front\\node_modules\\.bin\\.tree-kill.ps1-K5xbqRSN',
4507 silly reify   'C:\\Users\\tupai\\OneDrive\\Área de Trabalho\\amigo_pet\\projeto-amigopet\\front\\node_modules\\tuf-js': 'C:\\Users\\tupai\\OneDrive\\Área de Trabalho\\amigo_pet\\projeto-amigopet\\front\\node_modules\\.tuf-js-vCjdeEvB',
4507 silly reify   'C:\\Users\\tupai\\OneDrive\\Área de Trabalho\\amigo_pet\\projeto-amigopet\\front\\node_modules\\tree-dump': 'C:\\Users\\tupai\\OneDrive\\Área de Trabalho\\amigo_pet\\projeto-amigopet\\front\\node_modules\\.tree-dump-otxgl88c',
4507 silly reify   'C:\\Users\\tupai\\OneDrive\\Área de Trabalho\\amigo_pet\\projeto-amigopet\\front\\node_modules\\unique-slug': 'C:\\Users\\tupai\\OneDrive\\Área de Trabalho\\amigo_pet\\projeto-amigopet\\front\\node_modules\\.unique-slug-8PgAwIFn',
4507 silly reify   'C:\\Users\\tupai\\OneDrive\\Área de Trabalho\\amigo_pet\\projeto-amigopet\\front\\node_modules\\unicorn-magic': 'C:\\Users\\tupai\\OneDrive\\Área de Trabalho\\amigo_pet\\projeto-amigopet\\front\\node_modules\\.unicorn-magic-aZfh9j1C',
4507 silly reify   'C:\\Users\\tupai\\OneDrive\\Área de Trabalho\\amigo_pet\\projeto-amigopet\\front\\node_modules\\unique-filename': 'C:\\Users\\tupai\\OneDrive\\Área de Trabalho\\amigo_pet\\projeto-amigopet\\front\\node_modules\\.unique-filename-NqRm4dzy',
4507 silly reify   'C:\\Users\\tupai\\OneDrive\\Área de Trabalho\\amigo_pet\\projeto-amigopet\\front\\node_modules\\terser-webpack-plugin': 'C:\\Users\\tupai\\OneDrive\\Área de Trabalho\\amigo_pet\\projeto-amigopet\\front\\node_modules\\.terser-webpack-plugin-AhtysgLv',
4507 silly reify   'C:\\Users\\tupai\\OneDrive\\Área de Trabalho\\amigo_pet\\projeto-amigopet\\front\\node_modules\\update-browserslist-db': 'C:\\Users\\tupai\\OneDrive\\Área de Trabalho\\amigo_pet\\projeto-amigopet\\front\\node_modules\\.update-browserslist-db-DIbg8S5N',
4507 silly reify   'C:\\Users\\tupai\\OneDrive\\Área de Trabalho\\amigo_pet\\projeto-amigopet\\front\\node_modules\\.bin\\update-browserslist-db': 'C:\\Users\\tupai\\OneDrive\\Área de Trabalho\\amigo_pet\\projeto-amigopet\\front\\node_modules\\.bin\\.update-browserslist-db-EGFNSAJ0',
4507 silly reify   'C:\\Users\\tupai\\OneDrive\\Área de Trabalho\\amigo_pet\\projeto-amigopet\\front\\node_modules\\.bin\\update-browserslist-db.cmd': 'C:\\Users\\tupai\\OneDrive\\Área de Trabalho\\amigo_pet\\projeto-amigopet\\front\\node_modules\\.bin\\.update-browserslist-db.cmd-Tiv8eVJq',
4507 silly reify   'C:\\Users\\tupai\\OneDrive\\Área de Trabalho\\amigo_pet\\projeto-amigopet\\front\\node_modules\\.bin\\update-browserslist-db.ps1': 'C:\\Users\\tupai\\OneDrive\\Área de Trabalho\\amigo_pet\\projeto-amigopet\\front\\node_modules\\.bin\\.update-browserslist-db.ps1-LeoTY9m1',
4507 silly reify   'C:\\Users\\tupai\\OneDrive\\Área de Trabalho\\amigo_pet\\projeto-amigopet\\front\\node_modules\\validate-npm-package-name': 'C:\\Users\\tupai\\OneDrive\\Área de Trabalho\\amigo_pet\\projeto-amigopet\\front\\node_modules\\.validate-npm-package-name-1ZqxuAZD',
4507 silly reify   'C:\\Users\\tupai\\OneDrive\\Área de Trabalho\\amigo_pet\\projeto-amigopet\\front\\node_modules\\weak-lru-cache': 'C:\\Users\\tupai\\OneDrive\\Área de Trabalho\\amigo_pet\\projeto-amigopet\\front\\node_modules\\.weak-lru-cache-imgXrOo5',
4507 silly reify   'C:\\Users\\tupai\\OneDrive\\Área de Trabalho\\amigo_pet\\projeto-amigopet\\front\\node_modules\\which': 'C:\\Users\\tupai\\OneDrive\\Área de Trabalho\\amigo_pet\\projeto-amigopet\\front\\node_modules\\.which-7QQA9Q7g',
4507 silly reify   'C:\\Users\\tupai\\OneDrive\\Área de Trabalho\\amigo_pet\\projeto-amigopet\\front\\node_modules\\.bin\\which': 'C:\\Users\\tupai\\OneDrive\\Área de Trabalho\\amigo_pet\\projeto-amigopet\\front\\node_modules\\.bin\\.which-A4ThcsPR',
4507 silly reify   'C:\\Users\\tupai\\OneDrive\\Área de Trabalho\\amigo_pet\\projeto-amigopet\\front\\node_modules\\.bin\\which.cmd': 'C:\\Users\\tupai\\OneDrive\\Área de Trabalho\\amigo_pet\\projeto-amigopet\\front\\node_modules\\.bin\\.which.cmd-AxVRs0f1',
4507 silly reify   'C:\\Users\\tupai\\OneDrive\\Área de Trabalho\\amigo_pet\\projeto-amigopet\\front\\node_modules\\.bin\\which.ps1': 'C:\\Users\\tupai\\OneDrive\\Área de Trabalho\\amigo_pet\\projeto-amigopet\\front\\node_modules\\.bin\\.which.ps1-toBszW0n',
4507 silly reify   'C:\\Users\\tupai\\OneDrive\\Área de Trabalho\\amigo_pet\\projeto-amigopet\\front\\node_modules\\@angular\\compiler': 'C:\\Users\\tupai\\OneDrive\\Área de Trabalho\\amigo_pet\\projeto-amigopet\\front\\node_modules\\@angular\\.compiler-JLoNJagz',
4507 silly reify   'C:\\Users\\tupai\\OneDrive\\Área de Trabalho\\amigo_pet\\projeto-amigopet\\front\\node_modules\\@angular\\forms': 'C:\\Users\\tupai\\OneDrive\\Área de Trabalho\\amigo_pet\\projeto-amigopet\\front\\node_modules\\@angular\\.forms-f646t8Vm',
4507 silly reify   'C:\\Users\\tupai\\OneDrive\\Área de Trabalho\\amigo_pet\\projeto-amigopet\\front\\node_modules\\@angular\\platform-browser-dynamic': 'C:\\Users\\tupai\\OneDrive\\Área de Trabalho\\amigo_pet\\projeto-amigopet\\front\\node_modules\\@angular\\.platform-browser-dynamic-B3YGRZIG',
4507 silly reify   'C:\\Users\\tupai\\OneDrive\\Área de Trabalho\\amigo_pet\\projeto-amigopet\\front\\node_modules\\@angular\\platform-browser': 'C:\\Users\\tupai\\OneDrive\\Área de Trabalho\\amigo_pet\\projeto-amigopet\\front\\node_modules\\@angular\\.platform-browser-Tu19v7XV',
4507 silly reify   'C:\\Users\\tupai\\OneDrive\\Área de Trabalho\\amigo_pet\\projeto-amigopet\\front\\node_modules\\@angular\\router': 'C:\\Users\\tupai\\OneDrive\\Área de Trabalho\\amigo_pet\\projeto-amigopet\\front\\node_modules\\@angular\\.router-y3DVQdYo',
4507 silly reify   'C:\\Users\\tupai\\OneDrive\\Área de Trabalho\\amigo_pet\\projeto-amigopet\\front\\node_modules\\@ampproject\\remapping': 'C:\\Users\\tupai\\OneDrive\\Área de Trabalho\\amigo_pet\\projeto-amigopet\\front\\node_modules\\@ampproject\\.remapping-FYa18JJH',
4507 silly reify   'C:\\Users\\tupai\\OneDrive\\Área de Trabalho\\amigo_pet\\projeto-amigopet\\front\\node_modules\\@babel\\helper-annotate-as-pure': 'C:\\Users\\tupai\\OneDrive\\Área de Trabalho\\amigo_pet\\projeto-amigopet\\front\\node_modules\\@babel\\.helper-annotate-as-pure-zQfu5072',
4507 silly reify   'C:\\Users\\tupai\\OneDrive\\Área de Trabalho\\amigo_pet\\projeto-amigopet\\front\\node_modules\\@babel\\helper-globals': 'C:\\Users\\tupai\\OneDrive\\Área de Trabalho\\amigo_pet\\projeto-amigopet\\front\\node_modules\\@babel\\.helper-globals-KOQgdXPm',
4507 silly reify   'C:\\Users\\tupai\\OneDrive\\Área de Trabalho\\amigo_pet\\projeto-amigopet\\front\\node_modules\\yoctocolors-cjs': 'C:\\Users\\tupai\\OneDrive\\Área de Trabalho\\amigo_pet\\projeto-amigopet\\front\\node_modules\\.yoctocolors-cjs-shhX98Pq',
4507 silly reify   'C:\\Users\\tupai\\OneDrive\\Área de Trabalho\\amigo_pet\\projeto-amigopet\\front\\node_modules\\@babel\\code-frame': 'C:\\Users\\tupai\\OneDrive\\Área de Trabalho\\amigo_pet\\projeto-amigopet\\front\\node_modules\\@babel\\.code-frame-rVgSryXk',
4507 silly reify   'C:\\Users\\tupai\\OneDrive\\Área de Trabalho\\amigo_pet\\projeto-amigopet\\front\\node_modules\\@babel\\helper-member-expression-to-functions': 'C:\\Users\\tupai\\OneDrive\\Área de Trabalho\\amigo_pet\\projeto-amigopet\\front\\node_modules\\@babel\\.helper-member-expression-to-functions-YIQYnzR5',
4507 silly reify   'C:\\Users\\tupai\\OneDrive\\Área de Trabalho\\amigo_pet\\projeto-amigopet\\front\\node_modules\\@babel\\helper-optimise-call-expression': 'C:\\Users\\tupai\\OneDrive\\Área de Trabalho\\amigo_pet\\projeto-amigopet\\front\\node_modules\\@babel\\.helper-optimise-call-expression-Q76dFgKk',
4507 silly reify   'C:\\Users\\tupai\\OneDrive\\Área de Trabalho\\amigo_pet\\projeto-amigopet\\front\\node_modules\\@babel\\helper-remap-async-to-generator': 'C:\\Users\\tupai\\OneDrive\\Área de Trabalho\\amigo_pet\\projeto-amigopet\\front\\node_modules\\@babel\\.helper-remap-async-to-generator-H3cUPfPY',
4507 silly reify   'C:\\Users\\tupai\\OneDrive\\Área de Trabalho\\amigo_pet\\projeto-amigopet\\front\\node_modules\\@babel\\helper-split-export-declaration': 'C:\\Users\\tupai\\OneDrive\\Área de Trabalho\\amigo_pet\\projeto-amigopet\\front\\node_modules\\@babel\\.helper-split-export-declaration-3JYVJqo4',
4507 silly reify   'C:\\Users\\tupai\\OneDrive\\Área de Trabalho\\amigo_pet\\projeto-amigopet\\front\\node_modules\\@babel\\helper-string-parser': 'C:\\Users\\tupai\\OneDrive\\Área de Trabalho\\amigo_pet\\projeto-amigopet\\front\\node_modules\\@babel\\.helper-string-parser-Hq7wzCpK',
4507 silly reify   'C:\\Users\\tupai\\OneDrive\\Área de Trabalho\\amigo_pet\\projeto-amigopet\\front\\node_modules\\@babel\\helper-plugin-utils': 'C:\\Users\\tupai\\OneDrive\\Área de Trabalho\\amigo_pet\\projeto-amigopet\\front\\node_modules\\@babel\\.helper-plugin-utils-NsXYtKrW',
4507 silly reify   'C:\\Users\\tupai\\OneDrive\\Área de Trabalho\\amigo_pet\\projeto-amigopet\\front\\node_modules\\@babel\\helper-wrap-function': 'C:\\Users\\tupai\\OneDrive\\Área de Trabalho\\amigo_pet\\projeto-amigopet\\front\\node_modules\\@babel\\.helper-wrap-function-iReezy6V',
4507 silly reify   'C:\\Users\\tupai\\OneDrive\\Área de Trabalho\\amigo_pet\\projeto-amigopet\\front\\node_modules\\@babel\\plugin-bugfix-firefox-class-in-computed-class-key': 'C:\\Users\\tupai\\OneDrive\\Área de Trabalho\\amigo_pet\\projeto-amigopet\\front\\node_modules\\@babel\\.plugin-bugfix-firefox-class-in-computed-class-key-lPpJr6ak',
4507 silly reify   'C:\\Users\\tupai\\OneDrive\\Área de Trabalho\\amigo_pet\\projeto-amigopet\\front\\node_modules\\@babel\\helper-replace-supers': 'C:\\Users\\tupai\\OneDrive\\Área de Trabalho\\amigo_pet\\projeto-amigopet\\front\\node_modules\\@babel\\.helper-replace-supers-9kKQw8wn',
4507 silly reify   'C:\\Users\\tupai\\OneDrive\\Área de Trabalho\\amigo_pet\\projeto-amigopet\\front\\node_modules\\@babel\\plugin-bugfix-v8-static-class-fields-redefine-readonly': 'C:\\Users\\tupai\\OneDrive\\Área de Trabalho\\amigo_pet\\projeto-amigopet\\front\\node_modules\\@babel\\.plugin-bugfix-v8-static-class-fields-redefine-readonly-UIXwczNy',
4507 silly reify   'C:\\Users\\tupai\\OneDrive\\Área de Trabalho\\amigo_pet\\projeto-amigopet\\front\\node_modules\\@babel\\plugin-bugfix-v8-spread-parameters-in-optional-chaining': 'C:\\Users\\tupai\\OneDrive\\Área de Trabalho\\amigo_pet\\projeto-amigopet\\front\\node_modules\\@babel\\.plugin-bugfix-v8-spread-parameters-in-optional-chaining-nOI5TDRI',
4507 silly reify   'C:\\Users\\tupai\\OneDrive\\Área de Trabalho\\amigo_pet\\projeto-amigopet\\front\\node_modules\\@babel\\plugin-bugfix-safari-class-field-initializer-scope': 'C:\\Users\\tupai\\OneDrive\\Área de Trabalho\\amigo_pet\\projeto-amigopet\\front\\node_modules\\@babel\\.plugin-bugfix-safari-class-field-initializer-scope-2r0xprzm',
4507 silly reify   'C:\\Users\\tupai\\OneDrive\\Área de Trabalho\\amigo_pet\\projeto-amigopet\\front\\node_modules\\@babel\\helper-skip-transparent-expression-wrappers': 'C:\\Users\\tupai\\OneDrive\\Área de Trabalho\\amigo_pet\\projeto-amigopet\\front\\node_modules\\@babel\\.helper-skip-transparent-expression-wrappers-RUcnukhm',
4507 silly reify   'C:\\Users\\tupai\\OneDrive\\Área de Trabalho\\amigo_pet\\projeto-amigopet\\front\\node_modules\\@babel\\plugin-bugfix-safari-id-destructuring-collision-in-function-expression': 'C:\\Users\\tupai\\OneDrive\\Área de Trabalho\\amigo_pet\\projeto-amigopet\\front\\node_modules\\@babel\\.plugin-bugfix-safari-id-destructuring-collision-in-function-expression-Y2TdO3Dw',
4507 silly reify   'C:\\Users\\tupai\\OneDrive\\Área de Trabalho\\amigo_pet\\projeto-amigopet\\front\\node_modules\\@babel\\plugin-syntax-import-assertions': 'C:\\Users\\tupai\\OneDrive\\Área de Trabalho\\amigo_pet\\projeto-amigopet\\front\\node_modules\\@babel\\.plugin-syntax-import-assertions-OrmcDjCe',
4507 silly reify   'C:\\Users\\tupai\\OneDrive\\Área de Trabalho\\amigo_pet\\projeto-amigopet\\front\\node_modules\\@babel\\plugin-transform-arrow-functions': 'C:\\Users\\tupai\\OneDrive\\Área de Trabalho\\amigo_pet\\projeto-amigopet\\front\\node_modules\\@babel\\.plugin-transform-arrow-functions-0N1g9VXH',
4507 silly reify   'C:\\Users\\tupai\\OneDrive\\Área de Trabalho\\amigo_pet\\projeto-amigopet\\front\\node_modules\\@babel\\plugin-transform-async-to-generator': 'C:\\Users\\tupai\\OneDrive\\Área de Trabalho\\amigo_pet\\projeto-amigopet\\front\\node_modules\\@babel\\.plugin-transform-async-to-generator-qtW7IKKX',
4507 silly reify   'C:\\Users\\tupai\\OneDrive\\Área de Trabalho\\amigo_pet\\projeto-amigopet\\front\\node_modules\\@babel\\plugin-syntax-import-attributes': 'C:\\Users\\tupai\\OneDrive\\Área de Trabalho\\amigo_pet\\projeto-amigopet\\front\\node_modules\\@babel\\.plugin-syntax-import-attributes-Y49OrlLJ',
4507 silly reify   'C:\\Users\\tupai\\OneDrive\\Área de Trabalho\\amigo_pet\\projeto-amigopet\\front\\node_modules\\@babel\\plugin-transform-class-properties': 'C:\\Users\\tupai\\OneDrive\\Área de Trabalho\\amigo_pet\\projeto-amigopet\\front\\node_modules\\@babel\\.plugin-transform-class-properties-0uFhrCMm',
4507 silly reify   'C:\\Users\\tupai\\OneDrive\\Área de Trabalho\\amigo_pet\\projeto-amigopet\\front\\node_modules\\@babel\\plugin-transform-destructuring': 'C:\\Users\\tupai\\OneDrive\\Área de Trabalho\\amigo_pet\\projeto-amigopet\\front\\node_modules\\@babel\\.plugin-transform-destructuring-2vqfgL83',
4507 silly reify   'C:\\Users\\tupai\\OneDrive\\Área de Trabalho\\amigo_pet\\projeto-amigopet\\front\\node_modules\\@babel\\plugin-transform-block-scoped-functions': 'C:\\Users\\tupai\\OneDrive\\Área de Trabalho\\amigo_pet\\projeto-amigopet\\front\\node_modules\\@babel\\.plugin-transform-block-scoped-functions-8VhxecVy',
4507 silly reify   'C:\\Users\\tupai\\OneDrive\\Área de Trabalho\\amigo_pet\\projeto-amigopet\\front\\node_modules\\@babel\\plugin-transform-class-static-block': 'C:\\Users\\tupai\\OneDrive\\Área de Trabalho\\amigo_pet\\projeto-amigopet\\front\\node_modules\\@babel\\.plugin-transform-class-static-block-UbDvf0RY',
4507 silly reify   'C:\\Users\\tupai\\OneDrive\\Área de Trabalho\\amigo_pet\\projeto-amigopet\\front\\node_modules\\@babel\\plugin-transform-duplicate-keys': 'C:\\Users\\tupai\\OneDrive\\Área de Trabalho\\amigo_pet\\projeto-amigopet\\front\\node_modules\\@babel\\.plugin-transform-duplicate-keys-mFyleSYV',
4507 silly reify   'C:\\Users\\tupai\\OneDrive\\Área de Trabalho\\amigo_pet\\projeto-amigopet\\front\\node_modules\\@babel\\plugin-transform-dotall-regex': 'C:\\Users\\tupai\\OneDrive\\Área de Trabalho\\amigo_pet\\projeto-amigopet\\front\\node_modules\\@babel\\.plugin-transform-dotall-regex-aSkyM3ak',
4507 silly reify   'C:\\Users\\tupai\\OneDrive\\Área de Trabalho\\amigo_pet\\projeto-amigopet\\front\\node_modules\\@babel\\plugin-transform-duplicate-named-capturing-groups-regex': 'C:\\Users\\tupai\\OneDrive\\Área de Trabalho\\amigo_pet\\projeto-amigopet\\front\\node_modules\\@babel\\.plugin-transform-duplicate-named-capturing-groups-regex-DU2dNVhG',
4507 silly reify   'C:\\Users\\tupai\\OneDrive\\Área de Trabalho\\amigo_pet\\projeto-amigopet\\front\\node_modules\\@babel\\plugin-transform-exponentiation-operator': 'C:\\Users\\tupai\\OneDrive\\Área de Trabalho\\amigo_pet\\projeto-amigopet\\front\\node_modules\\@babel\\.plugin-transform-exponentiation-operator-WnyloR2m',
4507 silly reify   'C:\\Users\\tupai\\OneDrive\\Área de Trabalho\\amigo_pet\\projeto-amigopet\\front\\node_modules\\@babel\\plugin-transform-computed-properties': 'C:\\Users\\tupai\\OneDrive\\Área de Trabalho\\amigo_pet\\projeto-amigopet\\front\\node_modules\\@babel\\.plugin-transform-computed-properties-snlwYJP3',
4507 silly reify   'C:\\Users\\tupai\\OneDrive\\Área de Trabalho\\amigo_pet\\projeto-amigopet\\front\\node_modules\\@babel\\plugin-transform-for-of': 'C:\\Users\\tupai\\OneDrive\\Área de Trabalho\\amigo_pet\\projeto-amigopet\\front\\node_modules\\@babel\\.plugin-transform-for-of-3YZi3pME',
4507 silly reify   'C:\\Users\\tupai\\OneDrive\\Área de Trabalho\\amigo_pet\\projeto-amigopet\\front\\node_modules\\@babel\\plugin-transform-function-name': 'C:\\Users\\tupai\\OneDrive\\Área de Trabalho\\amigo_pet\\projeto-amigopet\\front\\node_modules\\@babel\\.plugin-transform-function-name-uaz2Hz6j',
4507 silly reify   'C:\\Users\\tupai\\OneDrive\\Área de Trabalho\\amigo_pet\\projeto-amigopet\\front\\node_modules\\@babel\\plugin-transform-dynamic-import': 'C:\\Users\\tupai\\OneDrive\\Área de Trabalho\\amigo_pet\\projeto-amigopet\\front\\node_modules\\@babel\\.plugin-transform-dynamic-import-c6Sv99LH',
4507 silly reify   'C:\\Users\\tupai\\OneDrive\\Área de Trabalho\\amigo_pet\\projeto-amigopet\\front\\node_modules\\@babel\\plugin-transform-export-namespace-from': 'C:\\Users\\tupai\\OneDrive\\Área de Trabalho\\amigo_pet\\projeto-amigopet\\front\\node_modules\\@babel\\.plugin-transform-export-namespace-from-cJbeTshl',
4507 silly reify   'C:\\Users\\tupai\\OneDrive\\Área de Trabalho\\amigo_pet\\projeto-amigopet\\front\\node_modules\\@babel\\plugin-transform-json-strings': 'C:\\Users\\tupai\\OneDrive\\Área de Trabalho\\amigo_pet\\projeto-amigopet\\front\\node_modules\\@babel\\.plugin-transform-json-strings-Qdounll3',
4507 silly reify   'C:\\Users\\tupai\\OneDrive\\Área de Trabalho\\amigo_pet\\projeto-amigopet\\front\\node_modules\\@babel\\plugin-transform-literals': 'C:\\Users\\tupai\\OneDrive\\Área de Trabalho\\amigo_pet\\projeto-amigopet\\front\\node_modules\\@babel\\.plugin-transform-literals-mAsYpFqr',
4507 silly reify   'C:\\Users\\tupai\\OneDrive\\Área de Trabalho\\amigo_pet\\projeto-amigopet\\front\\node_modules\\@babel\\plugin-transform-modules-systemjs': 'C:\\Users\\tupai\\OneDrive\\Área de Trabalho\\amigo_pet\\projeto-amigopet\\front\\node_modules\\@babel\\.plugin-transform-modules-systemjs-AIfRSW4T',
4507 silly reify   'C:\\Users\\tupai\\OneDrive\\Área de Trabalho\\amigo_pet\\projeto-amigopet\\front\\node_modules\\@babel\\plugin-transform-modules-amd': 'C:\\Users\\tupai\\OneDrive\\Área de Trabalho\\amigo_pet\\projeto-amigopet\\front\\node_modules\\@babel\\.plugin-transform-modules-amd-YacOmWCT',
4507 silly reify   'C:\\Users\\tupai\\OneDrive\\Área de Trabalho\\amigo_pet\\projeto-amigopet\\front\\node_modules\\@babel\\plugin-transform-modules-umd': 'C:\\Users\\tupai\\OneDrive\\Área de Trabalho\\amigo_pet\\projeto-amigopet\\front\\node_modules\\@babel\\.plugin-transform-modules-umd-TOiVHoaN',
4507 silly reify   'C:\\Users\\tupai\\OneDrive\\Área de Trabalho\\amigo_pet\\projeto-amigopet\\front\\node_modules\\@babel\\plugin-transform-nullish-coalescing-operator': 'C:\\Users\\tupai\\OneDrive\\Área de Trabalho\\amigo_pet\\projeto-amigopet\\front\\node_modules\\@babel\\.plugin-transform-nullish-coalescing-operator-G80qGvjr',
4507 silly reify   'C:\\Users\\tupai\\OneDrive\\Área de Trabalho\\amigo_pet\\projeto-amigopet\\front\\node_modules\\@babel\\plugin-transform-logical-assignment-operators': 'C:\\Users\\tupai\\OneDrive\\Área de Trabalho\\amigo_pet\\projeto-amigopet\\front\\node_modules\\@babel\\.plugin-transform-logical-assignment-operators-5BBO3Jlu',
4507 silly reify   'C:\\Users\\tupai\\OneDrive\\Área de Trabalho\\amigo_pet\\projeto-amigopet\\front\\node_modules\\@babel\\plugin-transform-member-expression-literals': 'C:\\Users\\tupai\\OneDrive\\Área de Trabalho\\amigo_pet\\projeto-amigopet\\front\\node_modules\\@babel\\.plugin-transform-member-expression-literals-M76SVhLq',
4507 silly reify   'C:\\Users\\tupai\\OneDrive\\Área de Trabalho\\amigo_pet\\projeto-amigopet\\front\\node_modules\\@babel\\plugin-transform-named-capturing-groups-regex': 'C:\\Users\\tupai\\OneDrive\\Área de Trabalho\\amigo_pet\\projeto-amigopet\\front\\node_modules\\@babel\\.plugin-transform-named-capturing-groups-regex-vD1JOUwg',
4507 silly reify   'C:\\Users\\tupai\\OneDrive\\Área de Trabalho\\amigo_pet\\projeto-amigopet\\front\\node_modules\\@babel\\plugin-transform-numeric-separator': 'C:\\Users\\tupai\\OneDrive\\Área de Trabalho\\amigo_pet\\projeto-amigopet\\front\\node_modules\\@babel\\.plugin-transform-numeric-separator-vJIGGboF',
4507 silly reify   'C:\\Users\\tupai\\OneDrive\\Área de Trabalho\\amigo_pet\\projeto-amigopet\\front\\node_modules\\@babel\\plugin-transform-optional-catch-binding': 'C:\\Users\\tupai\\OneDrive\\Área de Trabalho\\amigo_pet\\projeto-amigopet\\front\\node_modules\\@babel\\.plugin-transform-optional-catch-binding-M03o7MGa',
4507 silly reify   'C:\\Users\\tupai\\OneDrive\\Área de Trabalho\\amigo_pet\\projeto-amigopet\\front\\node_modules\\@babel\\plugin-transform-object-super': 'C:\\Users\\tupai\\OneDrive\\Área de Trabalho\\amigo_pet\\projeto-amigopet\\front\\node_modules\\@babel\\.plugin-transform-object-super-Qk6ZBrJV',
4507 silly reify   'C:\\Users\\tupai\\OneDrive\\Área de Trabalho\\amigo_pet\\projeto-amigopet\\front\\node_modules\\@babel\\plugin-transform-new-target': 'C:\\Users\\tupai\\OneDrive\\Área de Trabalho\\amigo_pet\\projeto-amigopet\\front\\node_modules\\@babel\\.plugin-transform-new-target-4CgX5EEx',
4507 silly reify   'C:\\Users\\tupai\\OneDrive\\Área de Trabalho\\amigo_pet\\projeto-amigopet\\front\\node_modules\\@babel\\plugin-transform-private-methods': 'C:\\Users\\tupai\\OneDrive\\Área de Trabalho\\amigo_pet\\projeto-amigopet\\front\\node_modules\\@babel\\.plugin-transform-private-methods-zOcnpruW',
4507 silly reify   'C:\\Users\\tupai\\OneDrive\\Área de Trabalho\\amigo_pet\\projeto-amigopet\\front\\node_modules\\@babel\\plugin-transform-optional-chaining': 'C:\\Users\\tupai\\OneDrive\\Área de Trabalho\\amigo_pet\\projeto-amigopet\\front\\node_modules\\@babel\\.plugin-transform-optional-chaining-rKKLuw8t',
4507 silly reify   'C:\\Users\\tupai\\OneDrive\\Área de Trabalho\\amigo_pet\\projeto-amigopet\\front\\node_modules\\@babel\\plugin-transform-property-literals': 'C:\\Users\\tupai\\OneDrive\\Área de Trabalho\\amigo_pet\\projeto-amigopet\\front\\node_modules\\@babel\\.plugin-transform-property-literals-6ZQR8BeM',
4507 silly reify   'C:\\Users\\tupai\\OneDrive\\Área de Trabalho\\amigo_pet\\projeto-amigopet\\front\\node_modules\\@babel\\plugin-transform-private-property-in-object': 'C:\\Users\\tupai\\OneDrive\\Área de Trabalho\\amigo_pet\\projeto-amigopet\\front\\node_modules\\@babel\\.plugin-transform-private-property-in-object-CBIuzxcS',
4507 silly reify   'C:\\Users\\tupai\\OneDrive\\Área de Trabalho\\amigo_pet\\projeto-amigopet\\front\\node_modules\\@babel\\plugin-transform-reserved-words': 'C:\\Users\\tupai\\OneDrive\\Área de Trabalho\\amigo_pet\\projeto-amigopet\\front\\node_modules\\@babel\\.plugin-transform-reserved-words-hR6PFCYi',
4507 silly reify   'C:\\Users\\tupai\\OneDrive\\Área de Trabalho\\amigo_pet\\projeto-amigopet\\front\\node_modules\\@babel\\plugin-transform-regexp-modifiers': 'C:\\Users\\tupai\\OneDrive\\Área de Trabalho\\amigo_pet\\projeto-amigopet\\front\\node_modules\\@babel\\.plugin-transform-regexp-modifiers-wv6hsPuN',
4507 silly reify   'C:\\Users\\tupai\\OneDrive\\Área de Trabalho\\amigo_pet\\projeto-amigopet\\front\\node_modules\\@babel\\plugin-transform-object-rest-spread': 'C:\\Users\\tupai\\OneDrive\\Área de Trabalho\\amigo_pet\\projeto-amigopet\\front\\node_modules\\@babel\\.plugin-transform-object-rest-spread-dJVhCZbB',
4507 silly reify   'C:\\Users\\tupai\\OneDrive\\Área de Trabalho\\amigo_pet\\projeto-amigopet\\front\\node_modules\\@babel\\plugin-transform-spread': 'C:\\Users\\tupai\\OneDrive\\Área de Trabalho\\amigo_pet\\projeto-amigopet\\front\\node_modules\\@babel\\.plugin-transform-spread-3MK9psUf',
4507 silly reify   'C:\\Users\\tupai\\OneDrive\\Área de Trabalho\\amigo_pet\\projeto-amigopet\\front\\node_modules\\@babel\\plugin-transform-template-literals': 'C:\\Users\\tupai\\OneDrive\\Área de Trabalho\\amigo_pet\\projeto-amigopet\\front\\node_modules\\@babel\\.plugin-transform-template-literals-81j4ep0j',
4507 silly reify   'C:\\Users\\tupai\\OneDrive\\Área de Trabalho\\amigo_pet\\projeto-amigopet\\front\\node_modules\\@babel\\plugin-transform-typeof-symbol': 'C:\\Users\\tupai\\OneDrive\\Área de Trabalho\\amigo_pet\\projeto-amigopet\\front\\node_modules\\@babel\\.plugin-transform-typeof-symbol-CaagPdBO',
4507 silly reify   'C:\\Users\\tupai\\OneDrive\\Área de Trabalho\\amigo_pet\\projeto-amigopet\\front\\node_modules\\@babel\\plugin-transform-sticky-regex': 'C:\\Users\\tupai\\OneDrive\\Área de Trabalho\\amigo_pet\\projeto-amigopet\\front\\node_modules\\@babel\\.plugin-transform-sticky-regex-aGa0CF3G',
4507 silly reify   'C:\\Users\\tupai\\OneDrive\\Área de Trabalho\\amigo_pet\\projeto-amigopet\\front\\node_modules\\@babel\\plugin-transform-shorthand-properties': 'C:\\Users\\tupai\\OneDrive\\Área de Trabalho\\amigo_pet\\projeto-amigopet\\front\\node_modules\\@babel\\.plugin-transform-shorthand-properties-SWgWgiUa',
4507 silly reify   'C:\\Users\\tupai\\OneDrive\\Área de Trabalho\\amigo_pet\\projeto-amigopet\\front\\node_modules\\@babel\\plugin-transform-unicode-escapes': 'C:\\Users\\tupai\\OneDrive\\Área de Trabalho\\amigo_pet\\projeto-amigopet\\front\\node_modules\\@babel\\.plugin-transform-unicode-escapes-ouDIOkPH',
4507 silly reify   'C:\\Users\\tupai\\OneDrive\\Área de Trabalho\\amigo_pet\\projeto-amigopet\\front\\node_modules\\@babel\\plugin-transform-unicode-regex': 'C:\\Users\\tupai\\OneDrive\\Área de Trabalho\\amigo_pet\\projeto-amigopet\\front\\node_modules\\@babel\\.plugin-transform-unicode-regex-HjLbRjMA',
4507 silly reify   'C:\\Users\\tupai\\OneDrive\\Área de Trabalho\\amigo_pet\\projeto-amigopet\\front\\node_modules\\@babel\\plugin-transform-unicode-property-regex': 'C:\\Users\\tupai\\OneDrive\\Área de Trabalho\\amigo_pet\\projeto-amigopet\\front\\node_modules\\@babel\\.plugin-transform-unicode-property-regex-MaYkQgfS',
4507 silly reify   'C:\\Users\\tupai\\OneDrive\\Área de Trabalho\\amigo_pet\\projeto-amigopet\\front\\node_modules\\@inquirer\\ansi': 'C:\\Users\\tupai\\OneDrive\\Área de Trabalho\\amigo_pet\\projeto-amigopet\\front\\node_modules\\@inquirer\\.ansi-odyq166d',
4507 silly reify   'C:\\Users\\tupai\\OneDrive\\Área de Trabalho\\amigo_pet\\projeto-amigopet\\front\\node_modules\\@babel\\plugin-transform-unicode-sets-regex': 'C:\\Users\\tupai\\OneDrive\\Área de Trabalho\\amigo_pet\\projeto-amigopet\\front\\node_modules\\@babel\\.plugin-transform-unicode-sets-regex-1dCOwYKl',
4507 silly reify   'C:\\Users\\tupai\\OneDrive\\Área de Trabalho\\amigo_pet\\projeto-amigopet\\front\\node_modules\\@inquirer\\confirm': 'C:\\Users\\tupai\\OneDrive\\Área de Trabalho\\amigo_pet\\projeto-amigopet\\front\\node_modules\\@inquirer\\.confirm-ouj0wyYm',
4507 silly reify   'C:\\Users\\tupai\\OneDrive\\Área de Trabalho\\amigo_pet\\projeto-amigopet\\front\\node_modules\\@inquirer\\password': 'C:\\Users\\tupai\\OneDrive\\Área de Trabalho\\amigo_pet\\projeto-amigopet\\front\\node_modules\\@inquirer\\.password-x5cKS2it',
4507 silly reify   'C:\\Users\\tupai\\OneDrive\\Área de Trabalho\\amigo_pet\\projeto-amigopet\\front\\node_modules\\@inquirer\\editor': 'C:\\Users\\tupai\\OneDrive\\Área de Trabalho\\amigo_pet\\projeto-amigopet\\front\\node_modules\\@inquirer\\.editor-uFCFCats',
4507 silly reify   'C:\\Users\\tupai\\OneDrive\\Área de Trabalho\\amigo_pet\\projeto-amigopet\\front\\node_modules\\@inquirer\\search': 'C:\\Users\\tupai\\OneDrive\\Área de Trabalho\\amigo_pet\\projeto-amigopet\\front\\node_modules\\@inquirer\\.search-hJjEOHi9',
4507 silly reify   'C:\\Users\\tupai\\OneDrive\\Área de Trabalho\\amigo_pet\\projeto-amigopet\\front\\node_modules\\@inquirer\\checkbox': 'C:\\Users\\tupai\\OneDrive\\Área de Trabalho\\amigo_pet\\projeto-amigopet\\front\\node_modules\\@inquirer\\.checkbox-yHIyjZJ0',
4507 silly reify   'C:\\Users\\tupai\\OneDrive\\Área de Trabalho\\amigo_pet\\projeto-amigopet\\front\\node_modules\\@inquirer\\number': 'C:\\Users\\tupai\\OneDrive\\Área de Trabalho\\amigo_pet\\projeto-amigopet\\front\\node_modules\\@inquirer\\.number-YEfbJKep',
4507 silly reify   'C:\\Users\\tupai\\OneDrive\\Área de Trabalho\\amigo_pet\\projeto-amigopet\\front\\node_modules\\@inquirer\\expand': 'C:\\Users\\tupai\\OneDrive\\Área de Trabalho\\amigo_pet\\projeto-amigopet\\front\\node_modules\\@inquirer\\.expand-L3lMagVw',
4507 silly reify   'C:\\Users\\tupai\\OneDrive\\Área de Trabalho\\amigo_pet\\projeto-amigopet\\front\\node_modules\\@inquirer\\prompts': 'C:\\Users\\tupai\\OneDrive\\Área de Trabalho\\amigo_pet\\projeto-amigopet\\front\\node_modules\\@inquirer\\.prompts-VDhoAiDw',
4507 silly reify   'C:\\Users\\tupai\\OneDrive\\Área de Trabalho\\amigo_pet\\projeto-amigopet\\front\\node_modules\\@inquirer\\input': 'C:\\Users\\tupai\\OneDrive\\Área de Trabalho\\amigo_pet\\projeto-amigopet\\front\\node_modules\\@inquirer\\.input-R8dwUk4t',
4507 silly reify   'C:\\Users\\tupai\\OneDrive\\Área de Trabalho\\amigo_pet\\projeto-amigopet\\front\\node_modules\\@inquirer\\select': 'C:\\Users\\tupai\\OneDrive\\Área de Trabalho\\amigo_pet\\projeto-amigopet\\front\\node_modules\\@inquirer\\.select-bycORwcI',
4507 silly reify   'C:\\Users\\tupai\\OneDrive\\Área de Trabalho\\amigo_pet\\projeto-amigopet\\front\\node_modules\\@isaacs\\fs-minipass': 'C:\\Users\\tupai\\OneDrive\\Área de Trabalho\\amigo_pet\\projeto-amigopet\\front\\node_modules\\@isaacs\\.fs-minipass-lxAnQJMt',
4507 silly reify   'C:\\Users\\tupai\\OneDrive\\Área de Trabalho\\amigo_pet\\projeto-amigopet\\front\\node_modules\\@isaacs\\cliui\\node_modules\\ansi-styles': 'C:\\Users\\tupai\\OneDrive\\Área de Trabalho\\amigo_pet\\projeto-amigopet\\front\\node_modules\\@isaacs\\cliui\\node_modules\\.ansi-styles-JYxN0umY',
4507 silly reify   'C:\\Users\\tupai\\OneDrive\\Área de Trabalho\\amigo_pet\\projeto-amigopet\\front\\node_modules\\@isaacs\\cliui\\node_modules\\emoji-regex': 'C:\\Users\\tupai\\OneDrive\\Área de Trabalho\\amigo_pet\\projeto-amigopet\\front\\node_modules\\@isaacs\\cliui\\node_modules\\.emoji-regex-KglK3iHx',
4507 silly reify   'C:\\Users\\tupai\\OneDrive\\Área de Trabalho\\amigo_pet\\projeto-amigopet\\front\\node_modules\\@isaacs\\cliui\\node_modules\\ansi-regex': 'C:\\Users\\tupai\\OneDrive\\Área de Trabalho\\amigo_pet\\projeto-amigopet\\front\\node_modules\\@isaacs\\cliui\\node_modules\\.ansi-regex-osOZCr78',
4507 silly reify   'C:\\Users\\tupai\\OneDrive\\Área de Trabalho\\amigo_pet\\projeto-amigopet\\front\\node_modules\\@isaacs\\cliui\\node_modules\\string-width': 'C:\\Users\\tupai\\OneDrive\\Área de Trabalho\\amigo_pet\\projeto-amigopet\\front\\node_modules\\@isaacs\\cliui\\node_modules\\.string-width-4ZZjttGj',
4507 silly reify   'C:\\Users\\tupai\\OneDrive\\Área de Trabalho\\amigo_pet\\projeto-amigopet\\front\\node_modules\\@isaacs\\cliui\\node_modules\\wrap-ansi': 'C:\\Users\\tupai\\OneDrive\\Área de Trabalho\\amigo_pet\\projeto-amigopet\\front\\node_modules\\@isaacs\\cliui\\node_modules\\.wrap-ansi-Q6EUVXjj',
4507 silly reify   'C:\\Users\\tupai\\OneDrive\\Área de Trabalho\\amigo_pet\\projeto-amigopet\\front\\node_modules\\@isaacs\\cliui\\node_modules\\strip-ansi': 'C:\\Users\\tupai\\OneDrive\\Área de Trabalho\\amigo_pet\\projeto-amigopet\\front\\node_modules\\@isaacs\\cliui\\node_modules\\.strip-ansi-PN0ZYcbo',
4507 silly reify   'C:\\Users\\tupai\\OneDrive\\Área de Trabalho\\amigo_pet\\projeto-amigopet\\front\\node_modules\\@jsonjoy.com\\codegen': 'C:\\Users\\tupai\\OneDrive\\Área de Trabalho\\amigo_pet\\projeto-amigopet\\front\\node_modules\\@jsonjoy.com\\.codegen-4rZoHdIx',
4507 silly reify   'C:\\Users\\tupai\\OneDrive\\Área de Trabalho\\amigo_pet\\projeto-amigopet\\front\\node_modules\\@inquirer\\figures': 'C:\\Users\\tupai\\OneDrive\\Área de Trabalho\\amigo_pet\\projeto-amigopet\\front\\node_modules\\@inquirer\\.figures-JqQDiYBd',
4507 silly reify   'C:\\Users\\tupai\\OneDrive\\Área de Trabalho\\amigo_pet\\projeto-amigopet\\front\\node_modules\\@jsonjoy.com\\fs-print': 'C:\\Users\\tupai\\OneDrive\\Área de Trabalho\\amigo_pet\\projeto-amigopet\\front\\node_modules\\@jsonjoy.com\\.fs-print-MDwHaUD6',
4507 silly reify   'C:\\Users\\tupai\\OneDrive\\Área de Trabalho\\amigo_pet\\projeto-amigopet\\front\\node_modules\\@listr2\\prompt-adapter-inquirer': 'C:\\Users\\tupai\\OneDrive\\Área de Trabalho\\amigo_pet\\projeto-amigopet\\front\\node_modules\\@listr2\\.prompt-adapter-inquirer-wWNP4g0h',
4507 silly reify   'C:\\Users\\tupai\\OneDrive\\Área de Trabalho\\amigo_pet\\projeto-amigopet\\front\\node_modules\\@napi-rs\\nice-win32-x64-msvc': 'C:\\Users\\tupai\\OneDrive\\Área de Trabalho\\amigo_pet\\projeto-amigopet\\front\\node_modules\\@napi-rs\\.nice-win32-x64-msvc-R0ifkhui',
4507 silly reify   'C:\\Users\\tupai\\OneDrive\\Área de Trabalho\\amigo_pet\\projeto-amigopet\\front\\node_modules\\@msgpackr-extract\\msgpackr-extract-win32-x64': 'C:\\Users\\tupai\\OneDrive\\Área de Trabalho\\amigo_pet\\projeto-amigopet\\front\\node_modules\\@msgpackr-extract\\.msgpackr-extract-win32-x64-EkqZqPTO',
4507 silly reify   'C:\\Users\\tupai\\OneDrive\\Área de Trabalho\\amigo_pet\\projeto-amigopet\\front\\node_modules\\@inquirer\\rawlist': 'C:\\Users\\tupai\\OneDrive\\Área de Trabalho\\amigo_pet\\projeto-amigopet\\front\\node_modules\\@inquirer\\.rawlist-o8UrxNTZ',
4507 silly reify   'C:\\Users\\tupai\\OneDrive\\Área de Trabalho\\amigo_pet\\projeto-amigopet\\front\\node_modules\\@napi-rs\\nice': 'C:\\Users\\tupai\\OneDrive\\Área de Trabalho\\amigo_pet\\projeto-amigopet\\front\\node_modules\\@napi-rs\\.nice-pSRftLPw',
4507 silly reify   'C:\\Users\\tupai\\OneDrive\\Área de Trabalho\\amigo_pet\\projeto-amigopet\\front\\node_modules\\@npmcli\\agent': 'C:\\Users\\tupai\\OneDrive\\Área de Trabalho\\amigo_pet\\projeto-amigopet\\front\\node_modules\\@npmcli\\.agent-Eqzw8V32',
4507 silly reify   'C:\\Users\\tupai\\OneDrive\\Área de Trabalho\\amigo_pet\\projeto-amigopet\\front\\node_modules\\@lmdb\\lmdb-win32-x64': 'C:\\Users\\tupai\\OneDrive\\Área de Trabalho\\amigo_pet\\projeto-amigopet\\front\\node_modules\\@lmdb\\.lmdb-win32-x64-gH8xcmKs',
4507 silly reify   'C:\\Users\\tupai\\OneDrive\\Área de Trabalho\\amigo_pet\\projeto-amigopet\\front\\node_modules\\@npmcli\\package-json': 'C:\\Users\\tupai\\OneDrive\\Área de Trabalho\\amigo_pet\\projeto-amigopet\\front\\node_modules\\@npmcli\\.package-json-mHWqlkCX',
4507 silly reify   'C:\\Users\\tupai\\OneDrive\\Área de Trabalho\\amigo_pet\\projeto-amigopet\\front\\node_modules\\@npmcli\\redact': 'C:\\Users\\tupai\\OneDrive\\Área de Trabalho\\amigo_pet\\projeto-amigopet\\front\\node_modules\\@npmcli\\.redact-YOBMkbIT',
4507 silly reify   'C:\\Users\\tupai\\OneDrive\\Área de Trabalho\\amigo_pet\\projeto-amigopet\\front\\node_modules\\@npmcli\\installed-package-contents': 'C:\\Users\\tupai\\OneDrive\\Área de Trabalho\\amigo_pet\\projeto-amigopet\\front\\node_modules\\@npmcli\\.installed-package-contents-gv767Vh4',
4507 silly reify   'C:\\Users\\tupai\\OneDrive\\Área de Trabalho\\amigo_pet\\projeto-amigopet\\front\\node_modules\\.bin\\installed-package-contents': 'C:\\Users\\tupai\\OneDrive\\Área de Trabalho\\amigo_pet\\projeto-amigopet\\front\\node_modules\\.bin\\.installed-package-contents-4DquTDFl',
4507 silly reify   'C:\\Users\\tupai\\OneDrive\\Área de Trabalho\\amigo_pet\\projeto-amigopet\\front\\node_modules\\.bin\\installed-package-contents.cmd': 'C:\\Users\\tupai\\OneDrive\\Área de Trabalho\\amigo_pet\\projeto-amigopet\\front\\node_modules\\.bin\\.installed-package-contents.cmd-NUrNIMwy',
4507 silly reify   'C:\\Users\\tupai\\OneDrive\\Área de Trabalho\\amigo_pet\\projeto-amigopet\\front\\node_modules\\.bin\\installed-package-contents.ps1': 'C:\\Users\\tupai\\OneDrive\\Área de Trabalho\\amigo_pet\\projeto-amigopet\\front\\node_modules\\.bin\\.installed-package-contents.ps1-Fb6WVOor',
4507 silly reify   'C:\\Users\\tupai\\OneDrive\\Área de Trabalho\\amigo_pet\\projeto-amigopet\\front\\node_modules\\@parcel\\watcher-win32-x64': 'C:\\Users\\tupai\\OneDrive\\Área de Trabalho\\amigo_pet\\projeto-amigopet\\front\\node_modules\\@parcel\\.watcher-win32-x64-iQbj3MoS',
4507 silly reify   'C:\\Users\\tupai\\OneDrive\\Área de Trabalho\\amigo_pet\\projeto-amigopet\\front\\node_modules\\@npmcli\\node-gyp': 'C:\\Users\\tupai\\OneDrive\\Área de Trabalho\\amigo_pet\\projeto-amigopet\\front\\node_modules\\@npmcli\\.node-gyp-p9Q8foO2',
4507 silly reify   'C:\\Users\\tupai\\OneDrive\\Área de Trabalho\\amigo_pet\\projeto-amigopet\\front\\node_modules\\@primeng\\themes': 'C:\\Users\\tupai\\OneDrive\\Área de Trabalho\\amigo_pet\\projeto-amigopet\\front\\node_modules\\@primeng\\.themes-86nd5XKi',
4507 silly reify   'C:\\Users\\tupai\\OneDrive\\Área de Trabalho\\amigo_pet\\projeto-amigopet\\front\\node_modules\\@rollup\\rollup-win32-x64-gnu': 'C:\\Users\\tupai\\OneDrive\\Área de Trabalho\\amigo_pet\\projeto-amigopet\\front\\node_modules\\@rollup\\.rollup-win32-x64-gnu-bCxANdgQ',
4507 silly reify   'C:\\Users\\tupai\\OneDrive\\Área de Trabalho\\amigo_pet\\projeto-amigopet\\front\\node_modules\\@npmcli\\promise-spawn': 'C:\\Users\\tupai\\OneDrive\\Área de Trabalho\\amigo_pet\\projeto-amigopet\\front\\node_modules\\@npmcli\\.promise-spawn-1kMbGqTX',
4507 silly reify   'C:\\Users\\tupai\\OneDrive\\Área de Trabalho\\amigo_pet\\projeto-amigopet\\front\\node_modules\\@rollup\\rollup-win32-x64-msvc': 'C:\\Users\\tupai\\OneDrive\\Área de Trabalho\\amigo_pet\\projeto-amigopet\\front\\node_modules\\@rollup\\.rollup-win32-x64-msvc-CJDp6ymI',
4507 silly reify   'C:\\Users\\tupai\\OneDrive\\Área de Trabalho\\amigo_pet\\projeto-amigopet\\front\\node_modules\\@tufjs\\canonical-json': 'C:\\Users\\tupai\\OneDrive\\Área de Trabalho\\amigo_pet\\projeto-amigopet\\front\\node_modules\\@tufjs\\.canonical-json-HMtD8wcg',
4507 silly reify   'C:\\Users\\tupai\\OneDrive\\Área de Trabalho\\amigo_pet\\projeto-amigopet\\front\\node_modules\\@primeuix\\utils': 'C:\\Users\\tupai\\OneDrive\\Área de Trabalho\\amigo_pet\\projeto-amigopet\\front\\node_modules\\@primeuix\\.utils-JiR88SOP',
4507 silly reify   'C:\\Users\\tupai\\OneDrive\\Área de Trabalho\\amigo_pet\\projeto-amigopet\\front\\node_modules\\@sigstore\\bundle': 'C:\\Users\\tupai\\OneDrive\\Área de Trabalho\\amigo_pet\\projeto-amigopet\\front\\node_modules\\@sigstore\\.bundle-RiLIJhyp',
4507 silly reify   'C:\\Users\\tupai\\OneDrive\\Área de Trabalho\\amigo_pet\\projeto-amigopet\\front\\node_modules\\@primeuix\\styled': 'C:\\Users\\tupai\\OneDrive\\Área de Trabalho\\amigo_pet\\projeto-amigopet\\front\\node_modules\\@primeuix\\.styled-q77NBpSK',
4507 silly reify   'C:\\Users\\tupai\\OneDrive\\Área de Trabalho\\amigo_pet\\projeto-amigopet\\front\\node_modules\\@sigstore\\tuf': 'C:\\Users\\tupai\\OneDrive\\Área de Trabalho\\amigo_pet\\projeto-amigopet\\front\\node_modules\\@sigstore\\.tuf-4dqj9ark',
4507 silly reify   'C:\\Users\\tupai\\OneDrive\\Área de Trabalho\\amigo_pet\\projeto-amigopet\\front\\node_modules\\@sindresorhus\\merge-streams': 'C:\\Users\\tupai\\OneDrive\\Área de Trabalho\\amigo_pet\\projeto-amigopet\\front\\node_modules\\@sindresorhus\\.merge-streams-97QFdgS1',
4507 silly reify   'C:\\Users\\tupai\\OneDrive\\Área de Trabalho\\amigo_pet\\projeto-amigopet\\front\\node_modules\\@types\\eslint': 'C:\\Users\\tupai\\OneDrive\\Área de Trabalho\\amigo_pet\\projeto-amigopet\\front\\node_modules\\@types\\.eslint-3G2MU9gc',
4507 silly reify   'C:\\Users\\tupai\\OneDrive\\Área de Trabalho\\amigo_pet\\projeto-amigopet\\front\\node_modules\\@types\\eslint-scope': 'C:\\Users\\tupai\\OneDrive\\Área de Trabalho\\amigo_pet\\projeto-amigopet\\front\\node_modules\\@types\\.eslint-scope-gpPPfoaV',
4507 silly reify   'C:\\Users\\tupai\\OneDrive\\Área de Trabalho\\amigo_pet\\projeto-amigopet\\front\\node_modules\\socks-proxy-agent': 'C:\\Users\\tupai\\OneDrive\\Área de Trabalho\\amigo_pet\\projeto-amigopet\\front\\node_modules\\.socks-proxy-agent-I3RfRsF4',
4507 silly reify   'C:\\Users\\tupai\\OneDrive\\Área de Trabalho\\amigo_pet\\projeto-amigopet\\front\\node_modules\\@types\\express-serve-static-core': 'C:\\Users\\tupai\\OneDrive\\Área de Trabalho\\amigo_pet\\projeto-amigopet\\front\\node_modules\\@types\\.express-serve-static-core-lPdEIXPW',
4507 silly reify   'C:\\Users\\tupai\\OneDrive\\Área de Trabalho\\amigo_pet\\projeto-amigopet\\front\\node_modules\\@types\\jasmine': 'C:\\Users\\tupai\\OneDrive\\Área de Trabalho\\amigo_pet\\projeto-amigopet\\front\\node_modules\\@types\\.jasmine-twYxif68',
4507 silly reify   'C:\\Users\\tupai\\OneDrive\\Área de Trabalho\\amigo_pet\\projeto-amigopet\\front\\node_modules\\@types\\qs': 'C:\\Users\\tupai\\OneDrive\\Área de Trabalho\\amigo_pet\\projeto-amigopet\\front\\node_modules\\@types\\.qs-2omCgE0b',
4507 silly reify   'C:\\Users\\tupai\\OneDrive\\Área de Trabalho\\amigo_pet\\projeto-amigopet\\front\\node_modules\\@types\\retry': 'C:\\Users\\tupai\\OneDrive\\Área de Trabalho\\amigo_pet\\projeto-amigopet\\front\\node_modules\\@types\\.retry-NahCJW5M',
4507 silly reify   'C:\\Users\\tupai\\OneDrive\\Área de Trabalho\\amigo_pet\\projeto-amigopet\\front\\node_modules\\@types\\serve-static\\node_modules\\@types\\send': 'C:\\Users\\tupai\\OneDrive\\Área de Trabalho\\amigo_pet\\projeto-amigopet\\front\\node_modules\\@types\\serve-static\\node_modules\\@types\\.send-WT15voVR'
4507 silly reify }
4508 http cache @types/retry@https://registry.npmjs.org/@types/retry/-/retry-0.12.2.tgz 25ms (cache hit)
4509 http cache @types/qs@https://registry.npmjs.org/@types/qs/-/qs-6.15.1.tgz 1ms (cache hit)
4510 http cache socks-proxy-agent@https://registry.npmjs.org/socks-proxy-agent/-/socks-proxy-agent-8.0.5.tgz 1ms (cache hit)
4511 http cache @types/eslint-scope@https://registry.npmjs.org/@types/eslint-scope/-/eslint-scope-3.7.7.tgz 1ms (cache hit)
4512 http cache @types/jasmine@https://registry.npmjs.org/@types/jasmine/-/jasmine-5.1.15.tgz 0ms (cache hit)
4513 http cache @types/eslint@https://registry.npmjs.org/@types/eslint/-/eslint-9.6.1.tgz 0ms (cache hit)
4514 http cache @sigstore/tuf@https://registry.npmjs.org/@sigstore/tuf/-/tuf-3.1.1.tgz 0ms (cache hit)
4515 http cache @types/express-serve-static-core@https://registry.npmjs.org/@types/express-serve-static-core/-/express-serve-static-core-4.19.8.tgz 0ms (cache hit)
4516 http cache @primeuix/styled@https://registry.npmjs.org/@primeuix/styled/-/styled-0.3.2.tgz 0ms (cache hit)
4517 http cache @sigstore/bundle@https://registry.npmjs.org/@sigstore/bundle/-/bundle-3.1.0.tgz 0ms (cache hit)
4518 http cache @primeuix/utils@https://registry.npmjs.org/@primeuix/utils/-/utils-0.3.2.tgz 0ms (cache hit)
4519 http cache @sindresorhus/merge-streams@https://registry.npmjs.org/@sindresorhus/merge-streams/-/merge-streams-2.3.0.tgz 0ms (cache hit)
4520 http cache @tufjs/canonical-json@https://registry.npmjs.org/@tufjs/canonical-json/-/canonical-json-2.0.0.tgz 0ms (cache hit)
4521 http cache @rollup/rollup-win32-x64-msvc@https://registry.npmjs.org/@rollup/rollup-win32-x64-msvc/-/rollup-win32-x64-msvc-4.59.0.tgz 0ms (cache hit)
4522 http cache @rollup/rollup-win32-x64-gnu@https://registry.npmjs.org/@rollup/rollup-win32-x64-gnu/-/rollup-win32-x64-gnu-4.59.0.tgz 0ms (cache hit)
4523 http cache @primeng/themes@https://registry.npmjs.org/@primeng/themes/-/themes-19.1.4.tgz 0ms (cache hit)
4524 http cache @npmcli/package-json@https://registry.npmjs.org/@npmcli/package-json/-/package-json-6.2.0.tgz 0ms (cache hit)
4525 http cache @npmcli/redact@https://registry.npmjs.org/@npmcli/redact/-/redact-3.2.2.tgz 0ms (cache hit)
4526 http cache @npmcli/node-gyp@https://registry.npmjs.org/@npmcli/node-gyp/-/node-gyp-4.0.0.tgz 0ms (cache hit)
4527 http cache @parcel/watcher-win32-x64@https://registry.npmjs.org/@parcel/watcher-win32-x64/-/watcher-win32-x64-2.5.6.tgz 1ms (cache hit)
4528 http cache @lmdb/lmdb-win32-x64@https://registry.npmjs.org/@lmdb/lmdb-win32-x64/-/lmdb-win32-x64-3.2.6.tgz 0ms (cache hit)
4529 http cache @npmcli/agent@https://registry.npmjs.org/@npmcli/agent/-/agent-3.0.0.tgz 0ms (cache hit)
4530 http cache @napi-rs/nice@https://registry.npmjs.org/@napi-rs/nice/-/nice-1.1.1.tgz 0ms (cache hit)
4531 http cache @inquirer/rawlist@https://registry.npmjs.org/@inquirer/rawlist/-/rawlist-4.1.11.tgz 0ms (cache hit)
4532 http cache @napi-rs/nice-win32-x64-msvc@https://registry.npmjs.org/@napi-rs/nice-win32-x64-msvc/-/nice-win32-x64-msvc-1.1.1.tgz 0ms (cache hit)
4533 http cache @msgpackr-extract/msgpackr-extract-win32-x64@https://registry.npmjs.org/@msgpackr-extract/msgpackr-extract-win32-x64/-/msgpackr-extract-win32-x64-3.0.4.tgz 0ms (cache hit)
4534 http cache @listr2/prompt-adapter-inquirer@https://registry.npmjs.org/@listr2/prompt-adapter-inquirer/-/prompt-adapter-inquirer-2.0.18.tgz 0ms (cache hit)
4535 http cache @inquirer/figures@https://registry.npmjs.org/@inquirer/figures/-/figures-1.0.15.tgz 0ms (cache hit)
4536 http cache @jsonjoy.com/codegen@https://registry.npmjs.org/@jsonjoy.com/codegen/-/codegen-1.0.0.tgz 0ms (cache hit)
4537 http cache @npmcli/promise-spawn@https://registry.npmjs.org/@npmcli/promise-spawn/-/promise-spawn-8.0.3.tgz 0ms (cache hit)
4538 http cache @inquirer/select@https://registry.npmjs.org/@inquirer/select/-/select-4.4.2.tgz 0ms (cache hit)
4539 http cache @jsonjoy.com/fs-print@https://registry.npmjs.org/@jsonjoy.com/fs-print/-/fs-print-4.57.7.tgz 0ms (cache hit)
4540 http cache @inquirer/input@https://registry.npmjs.org/@inquirer/input/-/input-4.3.1.tgz 0ms (cache hit)
4541 http cache @isaacs/fs-minipass@https://registry.npmjs.org/@isaacs/fs-minipass/-/fs-minipass-4.0.1.tgz 0ms (cache hit)
4542 http cache @npmcli/installed-package-contents@https://registry.npmjs.org/@npmcli/installed-package-contents/-/installed-package-contents-3.0.0.tgz 0ms (cache hit)
4543 http cache @inquirer/prompts@https://registry.npmjs.org/@inquirer/prompts/-/prompts-7.3.2.tgz 0ms (cache hit)
4544 http cache @inquirer/expand@https://registry.npmjs.org/@inquirer/expand/-/expand-4.0.23.tgz 0ms (cache hit)
4545 http cache @inquirer/number@https://registry.npmjs.org/@inquirer/number/-/number-3.0.23.tgz 0ms (cache hit)
4546 http cache @inquirer/checkbox@https://registry.npmjs.org/@inquirer/checkbox/-/checkbox-4.3.2.tgz 0ms (cache hit)
4547 http cache @babel/plugin-transform-unicode-sets-regex@https://registry.npmjs.org/@babel/plugin-transform-unicode-sets-regex/-/plugin-transform-unicode-sets-regex-7.29.7.tgz 0ms (cache hit)
4548 http cache @inquirer/editor@https://registry.npmjs.org/@inquirer/editor/-/editor-4.2.23.tgz 0ms (cache hit)
4549 http cache @inquirer/search@https://registry.npmjs.org/@inquirer/search/-/search-3.2.2.tgz 0ms (cache hit)
4550 http cache @babel/plugin-transform-unicode-property-regex@https://registry.npmjs.org/@babel/plugin-transform-unicode-property-regex/-/plugin-transform-unicode-property-regex-7.29.7.tgz 0ms (cache hit)
4551 http cache @inquirer/password@https://registry.npmjs.org/@inquirer/password/-/password-4.0.23.tgz 0ms (cache hit)
4552 http cache @inquirer/confirm@https://registry.npmjs.org/@inquirer/confirm/-/confirm-5.1.6.tgz 0ms (cache hit)
4553 http cache @inquirer/ansi@https://registry.npmjs.org/@inquirer/ansi/-/ansi-1.0.2.tgz 1ms (cache hit)
4554 http cache @babel/plugin-transform-unicode-regex@https://registry.npmjs.org/@babel/plugin-transform-unicode-regex/-/plugin-transform-unicode-regex-7.29.7.tgz 0ms (cache hit)
4555 http cache @babel/plugin-transform-typeof-symbol@https://registry.npmjs.org/@babel/plugin-transform-typeof-symbol/-/plugin-transform-typeof-symbol-7.29.7.tgz 0ms (cache hit)
4556 http cache @babel/plugin-transform-unicode-escapes@https://registry.npmjs.org/@babel/plugin-transform-unicode-escapes/-/plugin-transform-unicode-escapes-7.29.7.tgz 0ms (cache hit)
4557 http cache @babel/plugin-transform-shorthand-properties@https://registry.npmjs.org/@babel/plugin-transform-shorthand-properties/-/plugin-transform-shorthand-properties-7.29.7.tgz 0ms (cache hit)
4558 http cache @babel/plugin-transform-sticky-regex@https://registry.npmjs.org/@babel/plugin-transform-sticky-regex/-/plugin-transform-sticky-regex-7.29.7.tgz 0ms (cache hit)
4559 http cache @babel/plugin-transform-template-literals@https://registry.npmjs.org/@babel/plugin-transform-template-literals/-/plugin-transform-template-literals-7.29.7.tgz 0ms (cache hit)
4560 http cache @babel/plugin-transform-spread@https://registry.npmjs.org/@babel/plugin-transform-spread/-/plugin-transform-spread-7.29.7.tgz 0ms (cache hit)
4561 http cache @babel/plugin-transform-regexp-modifiers@https://registry.npmjs.org/@babel/plugin-transform-regexp-modifiers/-/plugin-transform-regexp-modifiers-7.29.7.tgz 1ms (cache hit)
4562 http cache @babel/plugin-transform-object-rest-spread@https://registry.npmjs.org/@babel/plugin-transform-object-rest-spread/-/plugin-transform-object-rest-spread-7.29.7.tgz 0ms (cache hit)
4563 http cache @babel/plugin-transform-reserved-words@https://registry.npmjs.org/@babel/plugin-transform-reserved-words/-/plugin-transform-reserved-words-7.29.7.tgz 0ms (cache hit)
4564 http cache @babel/plugin-transform-private-property-in-object@https://registry.npmjs.org/@babel/plugin-transform-private-property-in-object/-/plugin-transform-private-property-in-object-7.29.7.tgz 0ms (cache hit)
4565 http cache @babel/plugin-transform-property-literals@https://registry.npmjs.org/@babel/plugin-transform-property-literals/-/plugin-transform-property-literals-7.29.7.tgz 0ms (cache hit)
4566 http cache @babel/plugin-transform-optional-chaining@https://registry.npmjs.org/@babel/plugin-transform-optional-chaining/-/plugin-transform-optional-chaining-7.29.7.tgz 0ms (cache hit)
4567 http cache @babel/plugin-transform-private-methods@https://registry.npmjs.org/@babel/plugin-transform-private-methods/-/plugin-transform-private-methods-7.29.7.tgz 0ms (cache hit)
4568 http cache @babel/plugin-transform-new-target@https://registry.npmjs.org/@babel/plugin-transform-new-target/-/plugin-transform-new-target-7.29.7.tgz 0ms (cache hit)
4569 http cache @babel/plugin-transform-object-super@https://registry.npmjs.org/@babel/plugin-transform-object-super/-/plugin-transform-object-super-7.29.7.tgz 0ms (cache hit)
4570 http cache @babel/plugin-transform-optional-catch-binding@https://registry.npmjs.org/@babel/plugin-transform-optional-catch-binding/-/plugin-transform-optional-catch-binding-7.29.7.tgz 0ms (cache hit)
4571 http cache @babel/plugin-transform-numeric-separator@https://registry.npmjs.org/@babel/plugin-transform-numeric-separator/-/plugin-transform-numeric-separator-7.29.7.tgz 0ms (cache hit)
4572 http cache @babel/plugin-transform-named-capturing-groups-regex@https://registry.npmjs.org/@babel/plugin-transform-named-capturing-groups-regex/-/plugin-transform-named-capturing-groups-regex-7.29.7.tgz 0ms (cache hit)
4573 http cache @babel/plugin-transform-member-expression-literals@https://registry.npmjs.org/@babel/plugin-transform-member-expression-literals/-/plugin-transform-member-expression-literals-7.29.7.tgz 0ms (cache hit)
4574 http cache @babel/plugin-transform-modules-umd@https://registry.npmjs.org/@babel/plugin-transform-modules-umd/-/plugin-transform-modules-umd-7.29.7.tgz 0ms (cache hit)
4575 http cache @babel/plugin-transform-logical-assignment-operators@https://registry.npmjs.org/@babel/plugin-transform-logical-assignment-operators/-/plugin-transform-logical-assignment-operators-7.29.7.tgz 0ms (cache hit)
4576 http cache @babel/plugin-transform-nullish-coalescing-operator@https://registry.npmjs.org/@babel/plugin-transform-nullish-coalescing-operator/-/plugin-transform-nullish-coalescing-operator-7.29.7.tgz 0ms (cache hit)
4577 http cache @babel/plugin-transform-modules-amd@https://registry.npmjs.org/@babel/plugin-transform-modules-amd/-/plugin-transform-modules-amd-7.29.7.tgz 1ms (cache hit)
4578 http cache @babel/plugin-transform-modules-systemjs@https://registry.npmjs.org/@babel/plugin-transform-modules-systemjs/-/plugin-transform-modules-systemjs-7.29.7.tgz 0ms (cache hit)
4579 http cache @babel/plugin-transform-json-strings@https://registry.npmjs.org/@babel/plugin-transform-json-strings/-/plugin-transform-json-strings-7.29.7.tgz 0ms (cache hit)
4580 http cache @babel/plugin-transform-literals@https://registry.npmjs.org/@babel/plugin-transform-literals/-/plugin-transform-literals-7.29.7.tgz 0ms (cache hit)
4581 http cache @babel/plugin-transform-export-namespace-from@https://registry.npmjs.org/@babel/plugin-transform-export-namespace-from/-/plugin-transform-export-namespace-from-7.29.7.tgz 0ms (cache hit)
4582 http cache @babel/plugin-transform-dynamic-import@https://registry.npmjs.org/@babel/plugin-transform-dynamic-import/-/plugin-transform-dynamic-import-7.29.7.tgz 0ms (cache hit)
4583 http cache @babel/plugin-transform-for-of@https://registry.npmjs.org/@babel/plugin-transform-for-of/-/plugin-transform-for-of-7.29.7.tgz 0ms (cache hit)
4584 http cache @babel/plugin-transform-function-name@https://registry.npmjs.org/@babel/plugin-transform-function-name/-/plugin-transform-function-name-7.29.7.tgz 0ms (cache hit)
4585 http cache @babel/plugin-transform-computed-properties@https://registry.npmjs.org/@babel/plugin-transform-computed-properties/-/plugin-transform-computed-properties-7.29.7.tgz 0ms (cache hit)
4586 http cache @babel/plugin-transform-duplicate-named-capturing-groups-regex@https://registry.npmjs.org/@babel/plugin-transform-duplicate-named-capturing-groups-regex/-/plugin-transform-duplicate-named-capturing-groups-regex-7.29.7.tgz 0ms (cache hit)
4587 http cache @babel/plugin-transform-exponentiation-operator@https://registry.npmjs.org/@babel/plugin-transform-exponentiation-operator/-/plugin-transform-exponentiation-operator-7.29.7.tgz 0ms (cache hit)
4588 http cache @babel/plugin-transform-dotall-regex@https://registry.npmjs.org/@babel/plugin-transform-dotall-regex/-/plugin-transform-dotall-regex-7.29.7.tgz 0ms (cache hit)
4589 http cache @babel/plugin-transform-duplicate-keys@https://registry.npmjs.org/@babel/plugin-transform-duplicate-keys/-/plugin-transform-duplicate-keys-7.29.7.tgz 0ms (cache hit)
4590 http cache @babel/plugin-transform-class-static-block@https://registry.npmjs.org/@babel/plugin-transform-class-static-block/-/plugin-transform-class-static-block-7.29.7.tgz 0ms (cache hit)
4591 http cache @babel/plugin-transform-block-scoped-functions@https://registry.npmjs.org/@babel/plugin-transform-block-scoped-functions/-/plugin-transform-block-scoped-functions-7.29.7.tgz 32ms (cache hit)
4592 http cache @babel/plugin-transform-destructuring@https://registry.npmjs.org/@babel/plugin-transform-destructuring/-/plugin-transform-destructuring-7.29.7.tgz 1ms (cache hit)
4593 http cache @babel/plugin-syntax-import-attributes@https://registry.npmjs.org/@babel/plugin-syntax-import-attributes/-/plugin-syntax-import-attributes-7.26.0.tgz 0ms (cache hit)
4594 http cache @babel/plugin-transform-class-properties@https://registry.npmjs.org/@babel/plugin-transform-class-properties/-/plugin-transform-class-properties-7.29.7.tgz 0ms (cache hit)
4595 http cache @babel/plugin-syntax-import-assertions@https://registry.npmjs.org/@babel/plugin-syntax-import-assertions/-/plugin-syntax-import-assertions-7.29.7.tgz 0ms (cache hit)
4596 http cache @babel/plugin-transform-arrow-functions@https://registry.npmjs.org/@babel/plugin-transform-arrow-functions/-/plugin-transform-arrow-functions-7.29.7.tgz 0ms (cache hit)
4597 http cache @babel/plugin-bugfix-safari-id-destructuring-collision-in-function-expression@https://registry.npmjs.org/@babel/plugin-bugfix-safari-id-destructuring-collision-in-function-expression/-/plugin-bugfix-safari-id-destructuring-collision-in-function-expression-7.29.7.tgz 0ms (cache hit)
4598 http cache @babel/plugin-bugfix-safari-class-field-initializer-scope@https://registry.npmjs.org/@babel/plugin-bugfix-safari-class-field-initializer-scope/-/plugin-bugfix-safari-class-field-initializer-scope-7.29.7.tgz 0ms (cache hit)
4599 http cache @babel/helper-skip-transparent-expression-wrappers@https://registry.npmjs.org/@babel/helper-skip-transparent-expression-wrappers/-/helper-skip-transparent-expression-wrappers-7.29.7.tgz 0ms (cache hit)
4600 http cache @babel/plugin-transform-async-to-generator@https://registry.npmjs.org/@babel/plugin-transform-async-to-generator/-/plugin-transform-async-to-generator-7.25.9.tgz 0ms (cache hit)
4601 http cache @babel/helper-wrap-function@https://registry.npmjs.org/@babel/helper-wrap-function/-/helper-wrap-function-7.29.7.tgz 0ms (cache hit)
4602 http cache @babel/plugin-bugfix-v8-static-class-fields-redefine-readonly@https://registry.npmjs.org/@babel/plugin-bugfix-v8-static-class-fields-redefine-readonly/-/plugin-bugfix-v8-static-class-fields-redefine-readonly-7.29.7.tgz 0ms (cache hit)
4603 http cache @babel/helper-string-parser@https://registry.npmjs.org/@babel/helper-string-parser/-/helper-string-parser-7.29.7.tgz 0ms (cache hit)
4604 http cache @babel/helper-split-export-declaration@https://registry.npmjs.org/@babel/helper-split-export-declaration/-/helper-split-export-declaration-7.24.7.tgz 0ms (cache hit)
4605 http cache @babel/helper-remap-async-to-generator@https://registry.npmjs.org/@babel/helper-remap-async-to-generator/-/helper-remap-async-to-generator-7.29.7.tgz 1ms (cache hit)
4606 http cache @babel/helper-plugin-utils@https://registry.npmjs.org/@babel/helper-plugin-utils/-/helper-plugin-utils-7.29.7.tgz 0ms (cache hit)
4607 http cache @babel/helper-optimise-call-expression@https://registry.npmjs.org/@babel/helper-optimise-call-expression/-/helper-optimise-call-expression-7.29.7.tgz 0ms (cache hit)
4608 http cache @babel/helper-member-expression-to-functions@https://registry.npmjs.org/@babel/helper-member-expression-to-functions/-/helper-member-expression-to-functions-7.29.7.tgz 0ms (cache hit)
4609 http cache @babel/code-frame@https://registry.npmjs.org/@babel/code-frame/-/code-frame-7.29.7.tgz 0ms (cache hit)
4610 http cache @babel/helper-globals@https://registry.npmjs.org/@babel/helper-globals/-/helper-globals-7.29.7.tgz 0ms (cache hit)
4611 http cache @babel/helper-replace-supers@https://registry.npmjs.org/@babel/helper-replace-supers/-/helper-replace-supers-7.29.7.tgz 1ms (cache hit)
4612 http cache @ampproject/remapping@https://registry.npmjs.org/@ampproject/remapping/-/remapping-2.3.0.tgz 0ms (cache hit)
4613 http cache yoctocolors-cjs@https://registry.npmjs.org/yoctocolors-cjs/-/yoctocolors-cjs-2.1.3.tgz 0ms (cache hit)
4614 http cache @babel/plugin-bugfix-v8-spread-parameters-in-optional-chaining@https://registry.npmjs.org/@babel/plugin-bugfix-v8-spread-parameters-in-optional-chaining/-/plugin-bugfix-v8-spread-parameters-in-optional-chaining-7.29.7.tgz 0ms (cache hit)
4615 http cache @babel/helper-annotate-as-pure@https://registry.npmjs.org/@babel/helper-annotate-as-pure/-/helper-annotate-as-pure-7.25.9.tgz 0ms (cache hit)
4616 http cache @angular/router@https://registry.npmjs.org/@angular/router/-/router-19.2.25.tgz 0ms (cache hit)
4617 http cache @angular/platform-browser@https://registry.npmjs.org/@angular/platform-browser/-/platform-browser-19.2.25.tgz 0ms (cache hit)
4618 http cache which@https://registry.npmjs.org/which/-/which-1.3.1.tgz 1ms (cache hit)
4619 http cache @babel/plugin-bugfix-firefox-class-in-computed-class-key@https://registry.npmjs.org/@babel/plugin-bugfix-firefox-class-in-computed-class-key/-/plugin-bugfix-firefox-class-in-computed-class-key-7.29.7.tgz 0ms (cache hit)
4620 http cache @angular/forms@https://registry.npmjs.org/@angular/forms/-/forms-19.2.25.tgz 0ms (cache hit)
4621 http cache @angular/platform-browser-dynamic@https://registry.npmjs.org/@angular/platform-browser-dynamic/-/platform-browser-dynamic-19.2.25.tgz 0ms (cache hit)
4622 http cache @angular/compiler@https://registry.npmjs.org/@angular/compiler/-/compiler-19.2.25.tgz 0ms (cache hit)
4623 http cache update-browserslist-db@https://registry.npmjs.org/update-browserslist-db/-/update-browserslist-db-1.2.3.tgz 1ms (cache hit)
4624 http cache terser-webpack-plugin@https://registry.npmjs.org/terser-webpack-plugin/-/terser-webpack-plugin-5.6.1.tgz 0ms (cache hit)
4625 http cache unicorn-magic@https://registry.npmjs.org/unicorn-magic/-/unicorn-magic-0.3.0.tgz 0ms (cache hit)
4626 http cache validate-npm-package-name@https://registry.npmjs.org/validate-npm-package-name/-/validate-npm-package-name-6.0.2.tgz 0ms (cache hit)
4627 http cache unique-filename@https://registry.npmjs.org/unique-filename/-/unique-filename-4.0.0.tgz 0ms (cache hit)
4628 http cache tree-dump@https://registry.npmjs.org/tree-dump/-/tree-dump-1.1.0.tgz 0ms (cache hit)
4629 http cache unique-slug@https://registry.npmjs.org/unique-slug/-/unique-slug-5.0.0.tgz 1ms (cache hit)
4630 http cache tuf-js@https://registry.npmjs.org/tuf-js/-/tuf-js-3.1.0.tgz 0ms (cache hit)
4631 http cache weak-lru-cache@https://registry.npmjs.org/weak-lru-cache/-/weak-lru-cache-1.2.2.tgz 0ms (cache hit)
4632 http cache ssri@https://registry.npmjs.org/ssri/-/ssri-12.0.0.tgz 1ms (cache hit)
4633 http cache tinyglobby@https://registry.npmjs.org/tinyglobby/-/tinyglobby-0.2.17.tgz 0ms (cache hit)
4634 http cache tree-kill@https://registry.npmjs.org/tree-kill/-/tree-kill-1.2.2.tgz 0ms (cache hit)
4635 http cache spdx-license-ids@https://registry.npmjs.org/spdx-license-ids/-/spdx-license-ids-3.0.23.tgz 0ms (cache hit)
4636 http cache slice-ansi@https://registry.npmjs.org/slice-ansi/-/slice-ansi-5.0.0.tgz 0ms (cache hit)
4637 http cache socks@https://registry.npmjs.org/socks/-/socks-2.8.9.tgz 0ms (cache hit)
4638 http cache side-channel-list@https://registry.npmjs.org/side-channel-list/-/side-channel-list-1.0.1.tgz 0ms (cache hit)
4639 http cache sigstore@https://registry.npmjs.org/sigstore/-/sigstore-3.1.0.tgz 1ms (cache hit)
4640 http cache slash@https://registry.npmjs.org/slash/-/slash-5.1.0.tgz 0ms (cache hit)
4641 http cache shell-quote@https://registry.npmjs.org/shell-quote/-/shell-quote-1.8.4.tgz 0ms (cache hit)
4642 http cache send@https://registry.npmjs.org/send/-/send-0.19.2.tgz 0ms (cache hit)
4643 http cache side-channel@https://registry.npmjs.org/side-channel/-/side-channel-1.1.1.tgz 0ms (cache hit)
4644 http cache serve-index@https://registry.npmjs.org/serve-index/-/serve-index-1.9.2.tgz 0ms (cache hit)
4645 http cache rimraf@https://registry.npmjs.org/rimraf/-/rimraf-3.0.2.tgz 0ms (cache hit)
4646 http cache sass-loader@https://registry.npmjs.org/sass-loader/-/sass-loader-16.0.5.tgz 0ms (cache hit)
4647 http cache sax@https://registry.npmjs.org/sax/-/sax-1.6.0.tgz 0ms (cache hit)
4648 http cache serve-static@https://registry.npmjs.org/serve-static/-/serve-static-1.16.3.tgz 1ms (cache hit)
4649 http cache rfdc@https://registry.npmjs.org/rfdc/-/rfdc-1.4.1.tgz 0ms (cache hit)
4650 http cache reflect-metadata@https://registry.npmjs.org/reflect-metadata/-/reflect-metadata-0.2.2.tgz 0ms (cache hit)
4651 http cache resolve-from@https://registry.npmjs.org/resolve-from/-/resolve-from-4.0.0.tgz 0ms (cache hit)
4652 http cache regjsparser@https://registry.npmjs.org/regjsparser/-/regjsparser-0.13.1.tgz 1ms (cache hit)
4653 http cache run-applescript@https://registry.npmjs.org/run-applescript/-/run-applescript-7.1.0.tgz 0ms (cache hit)
4654 http cache primeng@https://registry.npmjs.org/primeng/-/primeng-19.1.4.tgz 1ms (cache hit)
4655 http cache regexpu-core@https://registry.npmjs.org/regexpu-core/-/regexpu-core-6.4.0.tgz 0ms (cache hit)
4656 http cache raw-body@https://registry.npmjs.org/raw-body/-/raw-body-2.5.3.tgz 0ms (cache hit)
4657 http cache regenerator-runtime@https://registry.npmjs.org/regenerator-runtime/-/regenerator-runtime-0.14.1.tgz 0ms (cache hit)
4658 http cache postcss-loader@https://registry.npmjs.org/postcss-loader/-/postcss-loader-8.1.1.tgz 0ms (cache hit)
4659 http cache primeicons@https://registry.npmjs.org/primeicons/-/primeicons-7.0.0.tgz 0ms (cache hit)
4660 http cache proc-log@https://registry.npmjs.org/proc-log/-/proc-log-5.0.0.tgz 0ms (cache hit)
4661 http cache postcss-media-query-parser@https://registry.npmjs.org/postcss-media-query-parser/-/postcss-media-query-parser-0.2.3.tgz 0ms (cache hit)
4662 http cache path-type@https://registry.npmjs.org/path-type/-/path-type-6.0.0.tgz 1ms (cache hit)
4663 http cache path-exists@https://registry.npmjs.org/path-exists/-/path-exists-5.0.0.tgz 1ms (cache hit)
4664 http cache path-to-regexp@https://registry.npmjs.org/path-to-regexp/-/path-to-regexp-0.1.13.tgz 0ms (cache hit)
4665 http cache open@https://registry.npmjs.org/open/-/open-10.1.0.tgz 0ms (cache hit)
4666 http cache p-retry@https://registry.npmjs.org/p-retry/-/p-retry-6.2.1.tgz 0ms (cache hit)
4667 http cache p-locate@https://registry.npmjs.org/p-locate/-/p-locate-6.0.0.tgz 0ms (cache hit)
4668 http cache p-map@https://registry.npmjs.org/p-map/-/p-map-7.0.4.tgz 0ms (cache hit)
4669 http cache npm-pick-manifest@https://registry.npmjs.org/npm-pick-manifest/-/npm-pick-manifest-10.0.0.tgz 0ms (cache hit)
4670 http cache ordered-binary@https://registry.npmjs.org/ordered-binary/-/ordered-binary-1.6.1.tgz 0ms (cache hit)
4671 http cache p-limit@https://registry.npmjs.org/p-limit/-/p-limit-4.0.0.tgz 0ms (cache hit)
4672 http cache npm-packlist@https://registry.npmjs.org/npm-packlist/-/npm-packlist-9.0.0.tgz 0ms (cache hit)
4673 http cache npm-package-arg@https://registry.npmjs.org/npm-package-arg/-/npm-package-arg-12.0.2.tgz 0ms (cache hit)
4674 http cache npm-install-checks@https://registry.npmjs.org/npm-install-checks/-/npm-install-checks-7.1.2.tgz 0ms (cache hit)
4675 http cache npm-normalize-package-bin@https://registry.npmjs.org/npm-normalize-package-bin/-/npm-normalize-package-bin-4.0.0.tgz 0ms (cache hit)
4676 http cache npm-bundled@https://registry.npmjs.org/npm-bundled/-/npm-bundled-4.0.0.tgz 0ms (cache hit)
4677 http cache node-gyp-build-optional-packages@https://registry.npmjs.org/node-gyp-build-optional-packages/-/node-gyp-build-optional-packages-5.2.2.tgz 0ms (cache hit)
4678 http cache multicast-dns@https://registry.npmjs.org/multicast-dns/-/multicast-dns-7.2.5.tgz 1ms (cache hit)
4679 http cache negotiator@https://registry.npmjs.org/negotiator/-/negotiator-1.0.0.tgz 0ms (cache hit)
4680 http cache npm-registry-fetch@https://registry.npmjs.org/npm-registry-fetch/-/npm-registry-fetch-18.0.2.tgz 0ms (cache hit)
4681 http cache nopt@https://registry.npmjs.org/nopt/-/nopt-8.1.0.tgz 0ms (cache hit)
4682 http cache mute-stream@https://registry.npmjs.org/mute-stream/-/mute-stream-2.0.0.tgz 0ms (cache hit)
4683 http cache mkdirp@https://registry.npmjs.org/mkdirp/-/mkdirp-0.5.6.tgz 0ms (cache hit)
4684 http cache msgpackr-extract@https://registry.npmjs.org/msgpackr-extract/-/msgpackr-extract-3.0.4.tgz 0ms (cache hit)
4685 http cache mrmime@https://registry.npmjs.org/mrmime/-/mrmime-2.0.1.tgz 1ms (cache hit)
4686 http cache minipass-flush@https://registry.npmjs.org/minipass-flush/-/minipass-flush-1.0.7.tgz 0ms (cache hit)
4687 http cache minizlib@https://registry.npmjs.org/minizlib/-/minizlib-3.1.0.tgz 0ms (cache hit)
4688 http cache node-releases@https://registry.npmjs.org/node-releases/-/node-releases-2.0.47.tgz 0ms (cache hit)
4689 http cache minipass-collect@https://registry.npmjs.org/minipass-collect/-/minipass-collect-2.0.1.tgz 0ms (cache hit)
4690 http cache minipass@https://registry.npmjs.org/minipass/-/minipass-7.1.3.tgz 0ms (cache hit)
4691 http cache minipass-fetch@https://registry.npmjs.org/minipass-fetch/-/minipass-fetch-4.0.1.tgz 13ms (cache hit)
4692 http cache mimic-function@https://registry.npmjs.org/mimic-function/-/mimic-function-5.0.1.tgz 0ms (cache hit)
4693 http cache locate-path@https://registry.npmjs.org/locate-path/-/locate-path-7.2.0.tgz 0ms (cache hit)
4694 http cache launch-editor@https://registry.npmjs.org/launch-editor/-/launch-editor-2.14.1.tgz 0ms (cache hit)
4695 http cache magic-string@https://registry.npmjs.org/magic-string/-/magic-string-0.30.17.tgz 0ms (cache hit)
4696 http cache less-loader@https://registry.npmjs.org/less-loader/-/less-loader-12.2.0.tgz 0ms (cache hit)
4697 http cache log-update@https://registry.npmjs.org/log-update/-/log-update-6.1.0.tgz 0ms (cache hit)
4698 http cache jsesc@https://registry.npmjs.org/jsesc/-/jsesc-3.1.0.tgz 0ms (cache hit)
4699 http cache loader-runner@https://registry.npmjs.org/loader-runner/-/loader-runner-4.3.2.tgz 0ms (cache hit)
4700 http cache is-wsl@https://registry.npmjs.org/is-wsl/-/is-wsl-3.1.1.tgz 0ms (cache hit)
4701 http cache is-plain-object@https://registry.npmjs.org/is-plain-object/-/is-plain-object-5.0.0.tgz 0ms (cache hit)
4702 http cache is-network-error@https://registry.npmjs.org/is-network-error/-/is-network-error-1.3.2.tgz 0ms (cache hit)
4703 http cache is-inside-container@https://registry.npmjs.org/is-inside-container/-/is-inside-container-1.0.0.tgz 1ms (cache hit)
4704 http cache is-docker@https://registry.npmjs.org/is-docker/-/is-docker-3.0.0.tgz 0ms (cache hit)
4705 http cache is-core-module@https://registry.npmjs.org/is-core-module/-/is-core-module-2.16.2.tgz 0ms (cache hit)
4706 http cache ini@https://registry.npmjs.org/ini/-/ini-5.0.0.tgz 0ms (cache hit)
4707 http cache immutable@https://registry.npmjs.org/immutable/-/immutable-5.1.6.tgz 0ms (cache hit)
4708 http cache ipaddr.js@https://registry.npmjs.org/ipaddr.js/-/ipaddr.js-2.4.0.tgz 0ms (cache hit)
4709 http cache ignore@https://registry.npmjs.org/ignore/-/ignore-7.0.5.tgz 0ms (cache hit)
4710 http cache json-parse-even-better-errors@https://registry.npmjs.org/json-parse-even-better-errors/-/json-parse-even-better-errors-4.0.0.tgz 0ms (cache hit)
4711 http cache ignore-walk@https://registry.npmjs.org/ignore-walk/-/ignore-walk-7.0.0.tgz 0ms (cache hit)
4712 http cache image-size@https://registry.npmjs.org/image-size/-/image-size-0.5.5.tgz 0ms (cache hit)
4713 http cache http-proxy-agent@https://registry.npmjs.org/http-proxy-agent/-/http-proxy-agent-7.0.2.tgz 0ms (cache hit)
4714 http cache hasown@https://registry.npmjs.org/hasown/-/hasown-2.0.4.tgz 0ms (cache hit)
4715 http cache https-proxy-agent@https://registry.npmjs.org/https-proxy-agent/-/https-proxy-agent-7.0.6.tgz 0ms (cache hit)
4716 http cache globby@https://registry.npmjs.org/globby/-/globby-14.1.0.tgz 0ms (cache hit)
4717 http cache get-east-asian-width@https://registry.npmjs.org/get-east-asian-width/-/get-east-asian-width-1.6.0.tgz 0ms (cache hit)
4718 http cache hosted-git-info@https://registry.npmjs.org/hosted-git-info/-/hosted-git-info-8.1.0.tgz 0ms (cache hit)
4719 http cache find-up@https://registry.npmjs.org/find-up/-/find-up-6.3.0.tgz 0ms (cache hit)
4720 http cache glob-to-regex.js@https://registry.npmjs.org/glob-to-regex.js/-/glob-to-regex.js-1.2.0.tgz 1ms (cache hit)
4721 http cache flat@https://registry.npmjs.org/flat/-/flat-5.0.2.tgz 0ms (cache hit)
4722 http cache fastq@https://registry.npmjs.org/fastq/-/fastq-1.20.1.tgz 1ms (cache hit)
4723 http cache estraverse@https://registry.npmjs.org/estraverse/-/estraverse-4.3.0.tgz 1ms (cache hit)
4724 http cache es-module-lexer@https://registry.npmjs.org/es-module-lexer/-/es-module-lexer-2.1.0.tgz 0ms (cache hit)
4725 http cache esbuild@https://registry.npmjs.org/esbuild/-/esbuild-0.28.0.tgz 0ms (cache hit)
4726 http cache fdir@https://registry.npmjs.org/fdir/-/fdir-6.5.0.tgz 0ms (cache hit)
4727 http cache environment@https://registry.npmjs.org/environment/-/environment-1.1.0.tgz 0ms (cache hit)
4728 http cache electron-to-chromium@https://registry.npmjs.org/electron-to-chromium/-/electron-to-chromium-1.5.371.tgz 0ms (cache hit)
4729 http cache errno@https://registry.npmjs.org/errno/-/errno-0.1.8.tgz 0ms (cache hit)
4730 http cache detect-libc@https://registry.npmjs.org/detect-libc/-/detect-libc-2.1.2.tgz 0ms (cache hit)
4731 http cache default-browser-id@https://registry.npmjs.org/default-browser-id/-/default-browser-id-5.0.1.tgz 0ms (cache hit)
4732 http cache default-browser@https://registry.npmjs.org/default-browser/-/default-browser-5.5.0.tgz 0ms (cache hit)
4733 http cache cssesc@https://registry.npmjs.org/cssesc/-/cssesc-3.0.0.tgz 0ms (cache hit)
4734 http cache copy-webpack-plugin@https://registry.npmjs.org/copy-webpack-plugin/-/copy-webpack-plugin-12.0.2.tgz 0ms (cache hit)
4735 http cache cookie-signature@https://registry.npmjs.org/cookie-signature/-/cookie-signature-1.0.7.tgz 0ms (cache hit)
4736 http cache chokidar@https://registry.npmjs.org/chokidar/-/chokidar-3.6.0.tgz 1ms (cache hit)
4737 http cache cli-truncate@https://registry.npmjs.org/cli-truncate/-/cli-truncate-4.0.0.tgz 0ms (cache hit)
4738 http cache cli-width@https://registry.npmjs.org/cli-width/-/cli-width-4.1.0.tgz 0ms (cache hit)
4739 http cache bundle-name@https://registry.npmjs.org/bundle-name/-/bundle-name-4.1.0.tgz 0ms (cache hit)
4740 http cache browserslist@https://registry.npmjs.org/browserslist/-/browserslist-4.28.2.tgz 0ms (cache hit)
4741 http cache define-lazy-prop@https://registry.npmjs.org/define-lazy-prop/-/define-lazy-prop-3.0.0.tgz 0ms (cache hit)
4742 http cache beasties@https://registry.npmjs.org/beasties/-/beasties-0.3.2.tgz 0ms (cache hit)
4743 http cache ansi-html-community@https://registry.npmjs.org/ansi-html-community/-/ansi-html-community-0.0.8.tgz 0ms (cache hit)
4744 http cache body-parser@https://registry.npmjs.org/body-parser/-/body-parser-1.20.5.tgz 0ms (cache hit)
4745 http cache babel-plugin-polyfill-regenerator@https://registry.npmjs.org/babel-plugin-polyfill-regenerator/-/babel-plugin-polyfill-regenerator-0.6.8.tgz 0ms (cache hit)
4746 http cache baseline-browser-mapping@https://registry.npmjs.org/baseline-browser-mapping/-/baseline-browser-mapping-2.10.35.tgz 0ms (cache hit)
4747 http cache ajv-formats@https://registry.npmjs.org/ajv-formats/-/ajv-formats-3.0.1.tgz 0ms (cache hit)
4748 http cache acorn@https://registry.npmjs.org/acorn/-/acorn-8.16.0.tgz 0ms (cache hit)
4749 http cache agent-base@https://registry.npmjs.org/agent-base/-/agent-base-7.1.4.tgz 0ms (cache hit)
4750 http cache @nodelib/fs.walk@https://registry.npmjs.org/@nodelib/fs.walk/-/fs.walk-1.2.8.tgz 1ms (cache hit)
4751 http cache @yarnpkg/lockfile@https://registry.npmjs.org/@yarnpkg/lockfile/-/lockfile-1.1.0.tgz 0ms (cache hit)
4752 http cache @webassemblyjs/ast@https://registry.npmjs.org/@webassemblyjs/ast/-/ast-1.14.1.tgz 1ms (cache hit)
4753 http cache ansi-escapes@https://registry.npmjs.org/ansi-escapes/-/ansi-escapes-7.3.0.tgz 0ms (cache hit)
4754 http cache acorn-import-phases@https://registry.npmjs.org/acorn-import-phases/-/acorn-import-phases-1.0.4.tgz 0ms (cache hit)
4755 http cache abbrev@https://registry.npmjs.org/abbrev/-/abbrev-3.0.1.tgz 0ms (cache hit)
4756 http cache @vitejs/plugin-basic-ssl@https://registry.npmjs.org/@vitejs/plugin-basic-ssl/-/plugin-basic-ssl-1.2.0.tgz 0ms (cache hit)
4757 http cache @tufjs/models@https://registry.npmjs.org/@tufjs/models/-/models-3.0.1.tgz 0ms (cache hit)
4758 http cache @sigstore/verify@https://registry.npmjs.org/@sigstore/verify/-/verify-2.1.1.tgz 0ms (cache hit)
4759 http cache @sigstore/sign@https://registry.npmjs.org/@sigstore/sign/-/sign-3.1.0.tgz 0ms (cache hit)
4760 http cache @socket.io/component-emitter@https://registry.npmjs.org/@socket.io/component-emitter/-/component-emitter-3.1.2.tgz 0ms (cache hit)
4761 http cache @types/cors@https://registry.npmjs.org/@types/cors/-/cors-2.8.19.tgz 0ms (cache hit)
4762 http cache @sigstore/protobuf-specs@https://registry.npmjs.org/@sigstore/protobuf-specs/-/protobuf-specs-0.4.3.tgz 0ms (cache hit)
4763 http cache @types/node@https://registry.npmjs.org/@types/node/-/node-24.10.0.tgz 0ms (cache hit)
4764 http cache @schematics/angular@https://registry.npmjs.org/@schematics/angular/-/angular-19.2.27.tgz 1ms (cache hit)
4765 http cache @parcel/watcher@https://registry.npmjs.org/@parcel/watcher/-/watcher-2.5.6.tgz 0ms (cache hit)
4766 http cache @sigstore/core@https://registry.npmjs.org/@sigstore/core/-/core-2.0.0.tgz 0ms (cache hit)
4767 http cache @nodelib/fs.scandir@https://registry.npmjs.org/@nodelib/fs.scandir/-/fs.scandir-2.1.5.tgz 0ms (cache hit)
4768 http cache @npmcli/run-script@https://registry.npmjs.org/@npmcli/run-script/-/run-script-9.1.0.tgz 1ms (cache hit)
4769 http cache @npmcli/git@https://registry.npmjs.org/@npmcli/git/-/git-6.0.3.tgz 0ms (cache hit)
4770 http cache @jsonjoy.com/json-pointer@https://registry.npmjs.org/@jsonjoy.com/json-pointer/-/json-pointer-1.0.2.tgz 0ms (cache hit)
4771 http cache @ngtools/webpack@https://registry.npmjs.org/@ngtools/webpack/-/webpack-19.2.27.tgz 0ms (cache hit)
4772 http cache @jsonjoy.com/util@https://registry.npmjs.org/@jsonjoy.com/util/-/util-1.9.0.tgz 0ms (cache hit)
4773 http cache @jsonjoy.com/fs-snapshot@https://registry.npmjs.org/@jsonjoy.com/fs-snapshot/-/fs-snapshot-4.57.7.tgz 0ms (cache hit)
4774 http cache argparse@https://registry.npmjs.org/argparse/-/argparse-2.0.1.tgz 0ms (cache hit)
4775 http cache @npmcli/fs@https://registry.npmjs.org/@npmcli/fs/-/fs-4.0.0.tgz 0ms (cache hit)
4776 http cache @jsonjoy.com/fs-node-utils@https://registry.npmjs.org/@jsonjoy.com/fs-node-utils/-/fs-node-utils-4.57.7.tgz 0ms (cache hit)
4777 http cache @jsonjoy.com/fs-node-to-fsa@https://registry.npmjs.org/@jsonjoy.com/fs-node-to-fsa/-/fs-node-to-fsa-4.57.7.tgz 0ms (cache hit)
4778 http cache @jsonjoy.com/json-pack@https://registry.npmjs.org/@jsonjoy.com/json-pack/-/json-pack-1.21.0.tgz 0ms (cache hit)
4779 http cache @jsonjoy.com/fs-core@https://registry.npmjs.org/@jsonjoy.com/fs-core/-/fs-core-4.57.7.tgz 0ms (cache hit)
4780 http cache @jsonjoy.com/fs-node@https://registry.npmjs.org/@jsonjoy.com/fs-node/-/fs-node-4.57.7.tgz 0ms (cache hit)
4781 http cache @jsonjoy.com/base64@https://registry.npmjs.org/@jsonjoy.com/base64/-/base64-1.1.2.tgz 0ms (cache hit)
4782 http cache @jsonjoy.com/fs-node-builtins@https://registry.npmjs.org/@jsonjoy.com/fs-node-builtins/-/fs-node-builtins-4.57.7.tgz 0ms (cache hit)
4783 http cache @jridgewell/trace-mapping@https://registry.npmjs.org/@jridgewell/trace-mapping/-/trace-mapping-0.3.31.tgz 0ms (cache hit)
4784 http cache @inquirer/type@https://registry.npmjs.org/@inquirer/type/-/type-3.0.10.tgz 0ms (cache hit)
4785 http cache @jridgewell/sourcemap-codec@https://registry.npmjs.org/@jridgewell/sourcemap-codec/-/sourcemap-codec-1.5.5.tgz 0ms (cache hit)
4786 http cache @jsonjoy.com/buffers@https://registry.npmjs.org/@jsonjoy.com/buffers/-/buffers-17.67.0.tgz 0ms (cache hit)
4787 http cache @jridgewell/resolve-uri@https://registry.npmjs.org/@jridgewell/resolve-uri/-/resolve-uri-3.1.2.tgz 0ms (cache hit)
4788 http cache @jridgewell/gen-mapping@https://registry.npmjs.org/@jridgewell/gen-mapping/-/gen-mapping-0.3.13.tgz 0ms (cache hit)
4789 http cache @inquirer/external-editor@https://registry.npmjs.org/@inquirer/external-editor/-/external-editor-1.0.3.tgz 0ms (cache hit)
4790 http cache @istanbuljs/schema@https://registry.npmjs.org/@istanbuljs/schema/-/schema-0.1.3.tgz 0ms (cache hit)
4791 http cache @babel/traverse@https://registry.npmjs.org/@babel/traverse/-/traverse-7.29.7.tgz 0ms (cache hit)
4792 http cache @inquirer/core@https://registry.npmjs.org/@inquirer/core/-/core-10.3.2.tgz 0ms (cache hit)
4793 http cache @colors/colors@https://registry.npmjs.org/@colors/colors/-/colors-1.5.0.tgz 0ms (cache hit)
4794 http cache @esbuild/win32-x64@https://registry.npmjs.org/@esbuild/win32-x64/-/win32-x64-0.28.0.tgz 0ms (cache hit)
4795 http cache @discoveryjs/json-ext@https://registry.npmjs.org/@discoveryjs/json-ext/-/json-ext-0.6.3.tgz 0ms (cache hit)
4796 http cache @jsonjoy.com/fs-fsa@https://registry.npmjs.org/@jsonjoy.com/fs-fsa/-/fs-fsa-4.57.7.tgz 0ms (cache hit)
4797 http cache @babel/preset-modules@https://registry.npmjs.org/@babel/preset-modules/-/preset-modules-0.1.6-no-external-plugins.tgz 0ms (cache hit)
4798 http cache @babel/types@https://registry.npmjs.org/@babel/types/-/types-7.29.7.tgz 0ms (cache hit)
4799 http cache @babel/preset-env@https://registry.npmjs.org/@babel/preset-env/-/preset-env-7.26.9.tgz 0ms (cache hit)
4800 http cache @babel/template@https://registry.npmjs.org/@babel/template/-/template-7.29.7.tgz 0ms (cache hit)
4801 http cache @babel/runtime@https://registry.npmjs.org/@babel/runtime/-/runtime-7.26.10.tgz 0ms (cache hit)
4802 http cache @babel/plugin-transform-regenerator@https://registry.npmjs.org/@babel/plugin-transform-regenerator/-/plugin-transform-regenerator-7.29.7.tgz 0ms (cache hit)
4803 http cache @babel/plugin-transform-classes@https://registry.npmjs.org/@babel/plugin-transform-classes/-/plugin-transform-classes-7.29.7.tgz 0ms (cache hit)
4804 http cache @babel/plugin-transform-parameters@https://registry.npmjs.org/@babel/plugin-transform-parameters/-/plugin-transform-parameters-7.29.7.tgz 0ms (cache hit)
4805 http cache @babel/plugin-transform-runtime@https://registry.npmjs.org/@babel/plugin-transform-runtime/-/plugin-transform-runtime-7.26.10.tgz 0ms (cache hit)
4806 http cache @babel/helper-validator-identifier@https://registry.npmjs.org/@babel/helper-validator-identifier/-/helper-validator-identifier-7.29.7.tgz 0ms (cache hit)
4807 http cache @babel/plugin-transform-block-scoping@https://registry.npmjs.org/@babel/plugin-transform-block-scoping/-/plugin-transform-block-scoping-7.29.7.tgz 0ms (cache hit)
4808 http cache @babel/helpers@https://registry.npmjs.org/@babel/helpers/-/helpers-7.28.4.tgz 0ms (cache hit)
4809 http cache @babel/helper-create-regexp-features-plugin@https://registry.npmjs.org/@babel/helper-create-regexp-features-plugin/-/helper-create-regexp-features-plugin-7.29.7.tgz 0ms (cache hit)
4810 http cache @babel/helper-define-polyfill-provider@https://registry.npmjs.org/@babel/helper-define-polyfill-provider/-/helper-define-polyfill-provider-0.6.8.tgz 0ms (cache hit)
4811 http cache @babel/plugin-transform-modules-commonjs@https://registry.npmjs.org/@babel/plugin-transform-modules-commonjs/-/plugin-transform-modules-commonjs-7.29.7.tgz 1ms (cache hit)
4812 http cache @babel/plugin-transform-async-generator-functions@https://registry.npmjs.org/@babel/plugin-transform-async-generator-functions/-/plugin-transform-async-generator-functions-7.26.8.tgz 0ms (cache hit)
4813 http cache @babel/helper-validator-option@https://registry.npmjs.org/@babel/helper-validator-option/-/helper-validator-option-7.29.7.tgz 0ms (cache hit)
4814 http cache @babel/parser@https://registry.npmjs.org/@babel/parser/-/parser-7.29.7.tgz 0ms (cache hit)
4815 http cache @babel/helper-module-transforms@https://registry.npmjs.org/@babel/helper-module-transforms/-/helper-module-transforms-7.29.7.tgz 0ms (cache hit)
4816 http cache @babel/helper-create-class-features-plugin@https://registry.npmjs.org/@babel/helper-create-class-features-plugin/-/helper-create-class-features-plugin-7.29.7.tgz 0ms (cache hit)
4817 http cache @babel/generator@https://registry.npmjs.org/@babel/generator/-/generator-7.26.10.tgz 0ms (cache hit)
4818 http cache @babel/core@https://registry.npmjs.org/@babel/core/-/core-7.26.9.tgz 0ms (cache hit)
4819 http cache @babel/helper-module-imports@https://registry.npmjs.org/@babel/helper-module-imports/-/helper-module-imports-7.29.7.tgz 0ms (cache hit)
4820 http cache @babel/helper-compilation-targets@https://registry.npmjs.org/@babel/helper-compilation-targets/-/helper-compilation-targets-7.29.7.tgz 0ms (cache hit)
4821 http cache @angular/core@https://registry.npmjs.org/@angular/core/-/core-19.2.25.tgz 0ms (cache hit)
4822 http cache @angular-devkit/schematics@https://registry.npmjs.org/@angular-devkit/schematics/-/schematics-19.2.27.tgz 0ms (cache hit)
4823 http cache @angular-devkit/build-webpack@https://registry.npmjs.org/@angular-devkit/build-webpack/-/build-webpack-0.1902.27.tgz 0ms (cache hit)
4824 http cache @angular-devkit/architect@https://registry.npmjs.org/@angular-devkit/architect/-/architect-0.1902.27.tgz 0ms (cache hit)
4825 http cache @angular-devkit/core@https://registry.npmjs.org/@angular-devkit/core/-/core-19.2.27.tgz 0ms (cache hit)
4826 http cache @angular-devkit/build-angular@https://registry.npmjs.org/@angular-devkit/build-angular/-/build-angular-19.2.27.tgz 0ms (cache hit)
4827 http cache @angular/compiler-cli@https://registry.npmjs.org/@angular/compiler-cli/-/compiler-cli-19.2.25.tgz 0ms (cache hit)
4828 http cache @angular/common@https://registry.npmjs.org/@angular/common/-/common-19.2.25.tgz 0ms (cache hit)
4829 http cache @angular/build@https://registry.npmjs.org/@angular/build/-/build-19.2.27.tgz 0ms (cache hit)
4830 http cache @angular/animations@https://registry.npmjs.org/@angular/animations/-/animations-19.2.25.tgz 1ms (cache hit)
4831 http cache @angular/cli@https://registry.npmjs.org/@angular/cli/-/cli-19.2.27.tgz 0ms (cache hit)
4832 http cache zone.js@https://registry.npmjs.org/zone.js/-/zone.js-0.15.1.tgz 0ms (cache hit)
4833 http cache y18n@https://registry.npmjs.org/y18n/-/y18n-5.0.8.tgz 0ms (cache hit)
4834 http cache yargs@https://registry.npmjs.org/yargs/-/yargs-17.7.2.tgz 0ms (cache hit)
4835 http cache yargs-parser@https://registry.npmjs.org/yargs-parser/-/yargs-parser-21.1.1.tgz 0ms (cache hit)
4836 http cache ws@https://registry.npmjs.org/ws/-/ws-8.21.0.tgz 0ms (cache hit)
4837 http cache webpack-dev-server@https://registry.npmjs.org/webpack-dev-server/-/webpack-dev-server-5.2.2.tgz 0ms (cache hit)
4838 http cache webpack-sources@https://registry.npmjs.org/webpack-sources/-/webpack-sources-3.3.3.tgz 0ms (cache hit)
4839 http cache websocket-driver@https://registry.npmjs.org/websocket-driver/-/websocket-driver-0.7.5.tgz 0ms (cache hit)
4840 http cache webpack-merge@https://registry.npmjs.org/webpack-merge/-/webpack-merge-6.0.1.tgz 0ms (cache hit)
4841 http cache watchpack@https://registry.npmjs.org/watchpack/-/watchpack-2.4.2.tgz 0ms (cache hit)
4842 http cache webpack@https://registry.npmjs.org/webpack/-/webpack-5.105.0.tgz 1ms (cache hit)
4843 http cache webpack-dev-middleware@https://registry.npmjs.org/webpack-dev-middleware/-/webpack-dev-middleware-7.4.2.tgz 0ms (cache hit)
4844 http cache vite@https://registry.npmjs.org/vite/-/vite-6.4.2.tgz 0ms (cache hit)
4845 http cache uuid@https://registry.npmjs.org/uuid/-/uuid-8.3.2.tgz 0ms (cache hit)
4846 http cache ua-parser-js@https://registry.npmjs.org/ua-parser-js/-/ua-parser-js-0.7.41.tgz 0ms (cache hit)
4847 http cache typescript@https://registry.npmjs.org/typescript/-/typescript-5.5.4.tgz 0ms (cache hit)
4848 http cache typed-assert@https://registry.npmjs.org/typed-assert/-/typed-assert-1.0.9.tgz 0ms (cache hit)
4849 http cache tslib@https://registry.npmjs.org/tslib/-/tslib-2.8.1.tgz 0ms (cache hit)
4850 http cache thingies@https://registry.npmjs.org/thingies/-/thingies-2.6.0.tgz 0ms (cache hit)
4851 http cache symbol-observable@https://registry.npmjs.org/symbol-observable/-/symbol-observable-4.0.0.tgz 0ms (cache hit)
4852 http cache tar@https://registry.npmjs.org/tar/-/tar-6.2.1.tgz 1ms (cache hit)
4853 http cache terser@https://registry.npmjs.org/terser/-/terser-5.39.0.tgz 0ms (cache hit)
4854 http cache tapable@https://registry.npmjs.org/tapable/-/tapable-2.3.3.tgz 1ms (cache hit)
4855 http cache spdy@https://registry.npmjs.org/spdy/-/spdy-4.0.2.tgz 0ms (cache hit)
4856 http cache streamroller@https://registry.npmjs.org/streamroller/-/streamroller-3.1.5.tgz 0ms (cache hit)
4857 http cache piscina@https://registry.npmjs.org/piscina/-/piscina-4.8.0.tgz 0ms (cache hit)
4858 http cache source-map-support@https://registry.npmjs.org/source-map-support/-/source-map-support-0.5.21.tgz 0ms (cache hit)
4859 http cache source-map-loader@https://registry.npmjs.org/source-map-loader/-/source-map-loader-5.0.0.tgz 0ms (cache hit)
4860 http cache source-map@https://registry.npmjs.org/source-map/-/source-map-0.7.4.tgz 1ms (cache hit)
4861 http cache source-map-js@https://registry.npmjs.org/source-map-js/-/source-map-js-1.2.1.tgz 0ms (cache hit)
4862 http cache socket.io-parser@https://registry.npmjs.org/socket.io-parser/-/socket.io-parser-4.2.4.tgz 0ms (cache hit)
4863 http cache sockjs@https://registry.npmjs.org/sockjs/-/sockjs-0.3.24.tgz 0ms (cache hit)
4864 http cache socket.io@https://registry.npmjs.org/socket.io/-/socket.io-4.8.1.tgz 0ms (cache hit)
4865 http cache socket.io-adapter@https://registry.npmjs.org/socket.io-adapter/-/socket.io-adapter-2.5.5.tgz 0ms (cache hit)
4866 http cache schema-utils@https://registry.npmjs.org/schema-utils/-/schema-utils-4.3.3.tgz 0ms (cache hit)
4867 http cache safe-regex-test@https://registry.npmjs.org/safe-regex-test/-/safe-regex-test-1.1.0.tgz 0ms (cache hit)
4868 http cache semver@https://registry.npmjs.org/semver/-/semver-7.5.4.tgz 1ms (cache hit)
4869 http cache rxjs@https://registry.npmjs.org/rxjs/-/rxjs-7.8.2.tgz 0ms (cache hit)
4870 http cache sass@https://registry.npmjs.org/sass/-/sass-1.85.0.tgz 0ms (cache hit)
4871 http cache rollup@https://registry.npmjs.org/rollup/-/rollup-4.59.0.tgz 0ms (cache hit)
4872 http cache resolve@https://registry.npmjs.org/resolve/-/resolve-1.22.10.tgz 1ms (cache hit)
4873 http cache readable-stream@https://registry.npmjs.org/readable-stream/-/readable-stream-3.6.2.tgz 0ms (cache hit)
4874 http cache regenerate-unicode-properties@https://registry.npmjs.org/regenerate-unicode-properties/-/regenerate-unicode-properties-10.2.2.tgz 0ms (cache hit)
4875 http cache qs@https://registry.npmjs.org/qs/-/qs-6.15.2.tgz 0ms (cache hit)
4876 http cache primeflex@https://registry.npmjs.org/primeflex/-/primeflex-3.3.1.tgz 0ms (cache hit)
4877 http cache resolve-url-loader@https://registry.npmjs.org/resolve-url-loader/-/resolve-url-loader-5.0.0.tgz 0ms (cache hit)
4878 http cache postcss@https://registry.npmjs.org/postcss/-/postcss-8.5.12.tgz 0ms (cache hit)
4879 http cache parse5@https://registry.npmjs.org/parse5/-/parse5-7.3.0.tgz 0ms (cache hit)
4880 http cache postcss-selector-parser@https://registry.npmjs.org/postcss-selector-parser/-/postcss-selector-parser-7.1.2.tgz 0ms (cache hit)
4881 http cache pacote@https://registry.npmjs.org/pacote/-/pacote-20.0.0.tgz 0ms (cache hit)
4882 http cache object-inspect@https://registry.npmjs.org/object-inspect/-/object-inspect-1.13.4.tgz 0ms (cache hit)
4883 http cache picomatch@https://registry.npmjs.org/picomatch/-/picomatch-2.3.1.tgz 0ms (cache hit)
4884 http cache nth-check@https://registry.npmjs.org/nth-check/-/nth-check-2.1.1.tgz 0ms (cache hit)
4885 http cache neo-async@https://registry.npmjs.org/neo-async/-/neo-async-2.6.2.tgz 0ms (cache hit)
4886 http cache node-addon-api@https://registry.npmjs.org/node-addon-api/-/node-addon-api-6.1.0.tgz 0ms (cache hit)
4887 http cache node-gyp@https://registry.npmjs.org/node-gyp/-/node-gyp-11.5.0.tgz 0ms (cache hit)
4888 http cache needle@https://registry.npmjs.org/needle/-/needle-3.5.0.tgz 0ms (cache hit)
4889 http cache node-forge@https://registry.npmjs.org/node-forge/-/node-forge-1.4.0.tgz 0ms (cache hit)
4890 http cache msgpackr@https://registry.npmjs.org/msgpackr/-/msgpackr-1.12.1.tgz 1ms (cache hit)
4891 http cache nanoid@https://registry.npmjs.org/nanoid/-/nanoid-3.3.11.tgz 0ms (cache hit)
4892 http cache mime-db@https://registry.npmjs.org/mime-db/-/mime-db-1.52.0.tgz 0ms (cache hit)
4893 http cache mini-css-extract-plugin@https://registry.npmjs.org/mini-css-extract-plugin/-/mini-css-extract-plugin-2.9.2.tgz 0ms (cache hit)
4894 http cache minimist@https://registry.npmjs.org/minimist/-/minimist-1.2.8.tgz 0ms (cache hit)
4895 http cache mime@https://registry.npmjs.org/mime/-/mime-2.6.0.tgz 0ms (cache hit)
4896 http cache make-fetch-happen@https://registry.npmjs.org/make-fetch-happen/-/make-fetch-happen-14.0.3.tgz 0ms (cache hit)
4897 http cache math-intrinsics@https://registry.npmjs.org/math-intrinsics/-/math-intrinsics-1.1.0.tgz 0ms (cache hit)
4898 http cache memfs@https://registry.npmjs.org/memfs/-/memfs-4.57.7.tgz 0ms (cache hit)
4899 http cache lodash@https://registry.npmjs.org/lodash/-/lodash-4.17.21.tgz 0ms (cache hit)
4900 http cache log4js@https://registry.npmjs.org/log4js/-/log4js-6.9.1.tgz 1ms (cache hit)
4901 http cache lmdb@https://registry.npmjs.org/lmdb/-/lmdb-3.2.6.tgz 0ms (cache hit)
4902 http cache license-webpack-plugin@https://registry.npmjs.org/license-webpack-plugin/-/license-webpack-plugin-4.0.2.tgz 0ms (cache hit)
4903 http cache loader-utils@https://registry.npmjs.org/loader-utils/-/loader-utils-3.3.1.tgz 0ms (cache hit)
4904 http cache listr2@https://registry.npmjs.org/listr2/-/listr2-8.2.5.tgz 0ms (cache hit)
4905 http cache karma-chrome-launcher@https://registry.npmjs.org/karma-chrome-launcher/-/karma-chrome-launcher-3.2.0.tgz 1ms (cache hit)
4906 http cache karma-coverage@https://registry.npmjs.org/karma-coverage/-/karma-coverage-2.2.1.tgz 0ms (cache hit)
4907 http cache less@https://registry.npmjs.org/less/-/less-4.2.2.tgz 0ms (cache hit)
4908 http cache karma-jasmine-html-reporter@https://registry.npmjs.org/karma-jasmine-html-reporter/-/karma-jasmine-html-reporter-2.1.0.tgz 0ms (cache hit)
4909 http cache karma-jasmine@https://registry.npmjs.org/karma-jasmine/-/karma-jasmine-5.1.0.tgz 0ms (cache hit)
4910 http cache jsonc-parser@https://registry.npmjs.org/jsonc-parser/-/jsonc-parser-3.3.1.tgz 0ms (cache hit)
4911 http cache json5@https://registry.npmjs.org/json5/-/json5-2.2.3.tgz 0ms (cache hit)
4912 http cache karma@https://registry.npmjs.org/karma/-/karma-6.4.4.tgz 0ms (cache hit)
4913 http cache js-yaml@https://registry.npmjs.org/js-yaml/-/js-yaml-4.2.0.tgz 0ms (cache hit)
4914 http cache jest-worker@https://registry.npmjs.org/jest-worker/-/jest-worker-27.5.1.tgz 0ms (cache hit)
4915 http cache jiti@https://registry.npmjs.org/jiti/-/jiti-1.21.7.tgz 0ms (cache hit)
4916 http cache jasmine-core@https://registry.npmjs.org/jasmine-core/-/jasmine-core-5.2.0.tgz 1ms (cache hit)
4917 http cache istanbul-lib-report@https://registry.npmjs.org/istanbul-lib-report/-/istanbul-lib-report-3.0.1.tgz 0ms (cache hit)
4918 http cache istanbul-reports@https://registry.npmjs.org/istanbul-reports/-/istanbul-reports-3.2.0.tgz 0ms (cache hit)
4919 http cache istanbul-lib-source-maps@https://registry.npmjs.org/istanbul-lib-source-maps/-/istanbul-lib-source-maps-4.0.1.tgz 0ms (cache hit)
4920 http cache istanbul-lib-instrument@https://registry.npmjs.org/istanbul-lib-instrument/-/istanbul-lib-instrument-5.2.1.tgz 0ms (cache hit)
4921 http cache is-regex@https://registry.npmjs.org/is-regex/-/is-regex-1.2.1.tgz 0ms (cache hit)
4922 http cache http-proxy-middleware@https://registry.npmjs.org/http-proxy-middleware/-/http-proxy-middleware-3.0.5.tgz 0ms (cache hit)
4923 http cache ip-address@https://registry.npmjs.org/ip-address/-/ip-address-10.2.0.tgz 0ms (cache hit)
4924 http cache html-escaper@https://registry.npmjs.org/html-escaper/-/html-escaper-2.0.2.tgz 0ms (cache hit)
4925 http cache has-tostringtag@https://registry.npmjs.org/has-tostringtag/-/has-tostringtag-1.0.2.tgz 0ms (cache hit)
4926 http cache istanbul-lib-coverage@https://registry.npmjs.org/istanbul-lib-coverage/-/istanbul-lib-coverage-3.2.2.tgz 0ms (cache hit)
4927 http cache htmlparser2@https://registry.npmjs.org/htmlparser2/-/htmlparser2-10.1.0.tgz 0ms (cache hit)
4928 http cache graceful-fs@https://registry.npmjs.org/graceful-fs/-/graceful-fs-4.2.11.tgz 0ms (cache hit)
4929 http cache hyperdyperid@https://registry.npmjs.org/hyperdyperid/-/hyperdyperid-1.2.0.tgz 0ms (cache hit)
4930 http cache has-symbols@https://registry.npmjs.org/has-symbols/-/has-symbols-1.1.0.tgz 0ms (cache hit)
4931 http cache get-intrinsic@https://registry.npmjs.org/get-intrinsic/-/get-intrinsic-1.3.0.tgz 0ms (cache hit)
4932 http cache gopd@https://registry.npmjs.org/gopd/-/gopd-1.2.0.tgz 0ms (cache hit)
4933 http cache glob@https://registry.npmjs.org/glob/-/glob-7.2.3.tgz 0ms (cache hit)
4934 http cache function-bind@https://registry.npmjs.org/function-bind/-/function-bind-1.1.2.tgz 0ms (cache hit)
4935 http cache get-proto@https://registry.npmjs.org/get-proto/-/get-proto-1.0.1.tgz 0ms (cache hit)
4936 http cache follow-redirects@https://registry.npmjs.org/follow-redirects/-/follow-redirects-1.15.11.tgz 0ms (cache hit)
4937 http cache gensync@https://registry.npmjs.org/gensync/-/gensync-1.0.0-beta.2.tgz 0ms (cache hit)
4938 http cache flatted@https://registry.npmjs.org/flatted/-/flatted-3.3.3.tgz 0ms (cache hit)
4939 http cache foreground-child@https://registry.npmjs.org/foreground-child/-/foreground-child-3.3.1.tgz 0ms (cache hit)
4940 http cache exponential-backoff@https://registry.npmjs.org/exponential-backoff/-/exponential-backoff-3.1.3.tgz 0ms (cache hit)
4941 http cache fast-glob@https://registry.npmjs.org/fast-glob/-/fast-glob-3.3.3.tgz 0ms (cache hit)
4942 http cache fast-uri@https://registry.npmjs.org/fast-uri/-/fast-uri-3.1.2.tgz 0ms (cache hit)
4943 http cache express@https://registry.npmjs.org/express/-/express-4.22.2.tgz 0ms (cache hit)
4944 http cache events@https://registry.npmjs.org/events/-/events-3.3.0.tgz 0ms (cache hit)
4945 http cache es-object-atoms@https://registry.npmjs.org/es-object-atoms/-/es-object-atoms-1.1.1.tgz 0ms (cache hit)
4946 http cache escalade@https://registry.npmjs.org/escalade/-/escalade-3.2.0.tgz 0ms (cache hit)
4947 http cache eventemitter3@https://registry.npmjs.org/eventemitter3/-/eventemitter3-4.0.7.tgz 0ms (cache hit)
4948 http cache @babel/compat-data@https://registry.npmjs.org/@babel/compat-data/-/compat-data-7.29.7.tgz 0ms (cache hit)
4949 http cache es-errors@https://registry.npmjs.org/es-errors/-/es-errors-1.3.0.tgz 0ms (cache hit)
4950 http cache es-define-property@https://registry.npmjs.org/es-define-property/-/es-define-property-1.0.1.tgz 0ms (cache hit)
4951 http cache esbuild-wasm@https://registry.npmjs.org/esbuild-wasm/-/esbuild-wasm-0.28.0.tgz 0ms (cache hit)
4952 http cache engine.io-parser@https://registry.npmjs.org/engine.io-parser/-/engine.io-parser-5.2.3.tgz 0ms (cache hit)
4953 http cache ent@https://registry.npmjs.org/ent/-/ent-2.2.2.tgz 0ms (cache hit)
4954 http cache enhanced-resolve@https://registry.npmjs.org/enhanced-resolve/-/enhanced-resolve-5.23.0.tgz 0ms (cache hit)
4955 http cache entities@https://registry.npmjs.org/entities/-/entities-4.5.0.tgz 0ms (cache hit)
4956 http cache dunder-proto@https://registry.npmjs.org/dunder-proto/-/dunder-proto-1.0.1.tgz 0ms (cache hit)
4957 http cache domutils@https://registry.npmjs.org/domutils/-/domutils-3.2.2.tgz 0ms (cache hit)
4958 http cache engine.io@https://registry.npmjs.org/engine.io/-/engine.io-6.6.4.tgz 1ms (cache hit)
4959 http cache defaults@https://registry.npmjs.org/defaults/-/defaults-1.0.4.tgz 0ms (cache hit)
4960 http cache debug@https://registry.npmjs.org/debug/-/debug-4.4.3.tgz 4ms (cache hit)
4961 http cache css-what@https://registry.npmjs.org/css-what/-/css-what-6.2.2.tgz 0ms (cache hit)
4962 http cache css-select@https://registry.npmjs.org/css-select/-/css-select-5.2.2.tgz 0ms (cache hit)
4963 http cache date-format@https://registry.npmjs.org/date-format/-/date-format-4.0.14.tgz 0ms (cache hit)
4964 http cache css-loader@https://registry.npmjs.org/css-loader/-/css-loader-7.1.2.tgz 0ms (cache hit)
4965 http cache cookie@https://registry.npmjs.org/cookie/-/cookie-0.7.2.tgz 0ms (cache hit)
4966 http cache core-js-compat@https://registry.npmjs.org/core-js-compat/-/core-js-compat-3.49.0.tgz 0ms (cache hit)
4967 http cache destroy@https://registry.npmjs.org/destroy/-/destroy-1.2.0.tgz 0ms (cache hit)
4968 http cache convert-source-map@https://registry.npmjs.org/convert-source-map/-/convert-source-map-1.9.0.tgz 0ms (cache hit)
4969 http cache content-type@https://registry.npmjs.org/content-type/-/content-type-1.0.5.tgz 0ms (cache hit)
4970 http cache cli-spinners@https://registry.npmjs.org/cli-spinners/-/cli-spinners-2.9.2.tgz 0ms (cache hit)
4971 http cache cliui@https://registry.npmjs.org/cliui/-/cliui-8.0.1.tgz 1ms (cache hit)
4972 http cache caniuse-lite@https://registry.npmjs.org/caniuse-lite/-/caniuse-lite-1.0.30001797.tgz 0ms (cache hit)
4973 http cache chalk@https://registry.npmjs.org/chalk/-/chalk-4.1.2.tgz 0ms (cache hit)
4974 http cache chardet@https://registry.npmjs.org/chardet/-/chardet-2.1.1.tgz 0ms (cache hit)
4975 http cache call-bind-apply-helpers@https://registry.npmjs.org/call-bind-apply-helpers/-/call-bind-apply-helpers-1.0.2.tgz 1ms (cache hit)
4976 http cache call-bound@https://registry.npmjs.org/call-bound/-/call-bound-1.0.4.tgz 0ms (cache hit)
4977 http cache cacache@https://registry.npmjs.org/cacache/-/cacache-19.0.1.tgz 0ms (cache hit)
4978 http cache bytes@https://registry.npmjs.org/bytes/-/bytes-3.1.2.tgz 0ms (cache hit)
4979 http cache buffer@https://registry.npmjs.org/buffer/-/buffer-5.7.1.tgz 1ms (cache hit)
4980 http cache bonjour-service@https://registry.npmjs.org/bonjour-service/-/bonjour-service-1.4.1.tgz 0ms (cache hit)
4981 http cache buffer-from@https://registry.npmjs.org/buffer-from/-/buffer-from-1.1.2.tgz 0ms (cache hit)
4982 http cache binary-extensions@https://registry.npmjs.org/binary-extensions/-/binary-extensions-2.3.0.tgz 1ms (cache hit)
4983 http cache braces@https://registry.npmjs.org/braces/-/braces-3.0.3.tgz 0ms (cache hit)
4984 http cache bl@https://registry.npmjs.org/bl/-/bl-4.1.0.tgz 0ms (cache hit)
4985 http cache brace-expansion@https://registry.npmjs.org/brace-expansion/-/brace-expansion-1.1.12.tgz 0ms (cache hit)
4986 http cache babel-plugin-polyfill-corejs3@https://registry.npmjs.org/babel-plugin-polyfill-corejs3/-/babel-plugin-polyfill-corejs3-0.11.1.tgz 0ms (cache hit)
4987 http cache babel-loader@https://registry.npmjs.org/babel-loader/-/babel-loader-9.2.1.tgz 0ms (cache hit)
4988 http cache base64-js@https://registry.npmjs.org/base64-js/-/base64-js-1.5.1.tgz 0ms (cache hit)
4989 http cache autoprefixer@https://registry.npmjs.org/autoprefixer/-/autoprefixer-10.4.20.tgz 0ms (cache hit)
4990 http cache babel-plugin-polyfill-corejs2@https://registry.npmjs.org/babel-plugin-polyfill-corejs2/-/babel-plugin-polyfill-corejs2-0.4.17.tgz 0ms (cache hit)
4991 http cache anymatch@https://registry.npmjs.org/anymatch/-/anymatch-3.1.3.tgz 0ms (cache hit)
4992 http cache ansi-styles@https://registry.npmjs.org/ansi-styles/-/ansi-styles-4.3.0.tgz 0ms (cache hit)
4993 http cache @types/send@https://registry.npmjs.org/@types/send/-/send-0.17.6.tgz 0ms (cache hit)
4994 http cache ansi-regex@https://registry.npmjs.org/ansi-regex/-/ansi-regex-5.0.1.tgz 0ms (cache hit)
4995 http cache ansi-colors@https://registry.npmjs.org/ansi-colors/-/ansi-colors-4.1.3.tgz 1ms (cache hit)
4996 http cache ajv-keywords@https://registry.npmjs.org/ajv-keywords/-/ajv-keywords-5.1.0.tgz 0ms (cache hit)
4997 http cache ajv@https://registry.npmjs.org/ajv/-/ajv-8.18.0.tgz 0ms (cache hit)
4998 http cache accepts@https://registry.npmjs.org/accepts/-/accepts-1.3.8.tgz 0ms (cache hit)
4999 http cache which@https://registry.npmjs.org/which/-/which-5.0.0.tgz 0ms (cache hit)
5000 http cache isexe@https://registry.npmjs.org/isexe/-/isexe-3.1.5.tgz 0ms (cache hit)
5001 http cache @inquirer/type@https://registry.npmjs.org/@inquirer/type/-/type-1.5.5.tgz 0ms (cache hit)
5002 http cache brace-expansion@https://registry.npmjs.org/brace-expansion/-/brace-expansion-2.1.1.tgz 0ms (cache hit)
5003 http cache lru-cache@https://registry.npmjs.org/lru-cache/-/lru-cache-10.4.3.tgz 0ms (cache hit)
5004 http cache minimatch@https://registry.npmjs.org/minimatch/-/minimatch-9.0.9.tgz 0ms (cache hit)
5005 http cache glob@https://registry.npmjs.org/glob/-/glob-10.5.0.tgz 0ms (cache hit)
5006 http cache mute-stream@https://registry.npmjs.org/mute-stream/-/mute-stream-1.0.0.tgz 1ms (cache hit)
5007 http cache wrap-ansi@https://registry.npmjs.org/wrap-ansi/-/wrap-ansi-8.1.0.tgz 0ms (cache hit)
5008 http cache strip-ansi@https://registry.npmjs.org/strip-ansi/-/strip-ansi-7.2.0.tgz 0ms (cache hit)
5009 http cache string-width@https://registry.npmjs.org/string-width/-/string-width-5.1.2.tgz 0ms (cache hit)
5010 http cache ansi-regex@https://registry.npmjs.org/ansi-regex/-/ansi-regex-6.2.2.tgz 0ms (cache hit)
5011 http cache @babel/helper-annotate-as-pure@https://registry.npmjs.org/@babel/helper-annotate-as-pure/-/helper-annotate-as-pure-7.29.7.tgz 2ms (cache hit)
5012 http cache picomatch@https://registry.npmjs.org/picomatch/-/picomatch-4.0.4.tgz 1ms (cache hit)
5013 http cache ansi-styles@https://registry.npmjs.org/ansi-styles/-/ansi-styles-6.2.3.tgz 1ms (cache hit)
5014 http cache emoji-regex@https://registry.npmjs.org/emoji-regex/-/emoji-regex-9.2.2.tgz 0ms (cache hit)
5015 http cache is-fullwidth-code-point@https://registry.npmjs.org/is-fullwidth-code-point/-/is-fullwidth-code-point-4.0.0.tgz 0ms (cache hit)
5016 http cache @babel/helper-annotate-as-pure@https://registry.npmjs.org/@babel/helper-annotate-as-pure/-/helper-annotate-as-pure-7.29.7.tgz 0ms (cache hit)
5017 http cache ansi-styles@https://registry.npmjs.org/ansi-styles/-/ansi-styles-6.2.3.tgz 0ms (cache hit)
5018 http cache mime@https://registry.npmjs.org/mime/-/mime-1.6.0.tgz 0ms (cache hit)
5019 http cache encodeurl@https://registry.npmjs.org/encodeurl/-/encodeurl-2.0.0.tgz 0ms (cache hit)
5020 http cache statuses@https://registry.npmjs.org/statuses/-/statuses-2.0.2.tgz 1ms (cache hit)
5021 http cache encodeurl@https://registry.npmjs.org/encodeurl/-/encodeurl-2.0.0.tgz 1ms (cache hit)
5022 http cache http-errors@https://registry.npmjs.org/http-errors/-/http-errors-2.0.1.tgz 0ms (cache hit)
5023 http cache http-errors@https://registry.npmjs.org/http-errors/-/http-errors-2.0.1.tgz 0ms (cache hit)
5024 http cache statuses@https://registry.npmjs.org/statuses/-/statuses-2.0.2.tgz 0ms (cache hit)
5025 http cache json-parse-even-better-errors@https://registry.npmjs.org/json-parse-even-better-errors/-/json-parse-even-better-errors-2.3.1.tgz 0ms (cache hit)
5026 http cache http-errors@https://registry.npmjs.org/http-errors/-/http-errors-1.8.1.tgz 0ms (cache hit)
5027 http cache retry@https://registry.npmjs.org/retry/-/retry-0.13.1.tgz 1ms (cache hit)
5028 http cache lru-cache@https://registry.npmjs.org/lru-cache/-/lru-cache-10.4.3.tgz 1ms (cache hit)
5029 http cache yallist@https://registry.npmjs.org/yallist/-/yallist-4.0.0.tgz 0ms (cache hit)
5030 http cache minipass@https://registry.npmjs.org/minipass/-/minipass-3.3.6.tgz 0ms (cache hit)
5031 http cache minipass@https://registry.npmjs.org/minipass/-/minipass-3.3.6.tgz 0ms (cache hit)
5032 http cache yallist@https://registry.npmjs.org/yallist/-/yallist-4.0.0.tgz 0ms (cache hit)
5033 http cache minipass@https://registry.npmjs.org/minipass/-/minipass-3.3.6.tgz 0ms (cache hit)
5034 http cache is-fullwidth-code-point@https://registry.npmjs.org/is-fullwidth-code-point/-/is-fullwidth-code-point-5.1.0.tgz 0ms (cache hit)
5035 http cache yallist@https://registry.npmjs.org/yallist/-/yallist-4.0.0.tgz 0ms (cache hit)
5036 http cache strip-ansi@https://registry.npmjs.org/strip-ansi/-/strip-ansi-7.2.0.tgz 0ms (cache hit)
5037 http cache wrap-ansi@https://registry.npmjs.org/wrap-ansi/-/wrap-ansi-9.0.2.tgz 0ms (cache hit)
5038 http cache string-width@https://registry.npmjs.org/string-width/-/string-width-7.2.0.tgz 0ms (cache hit)
5039 http cache onetime@https://registry.npmjs.org/onetime/-/onetime-7.0.0.tgz 0ms (cache hit)
5040 http cache slice-ansi@https://registry.npmjs.org/slice-ansi/-/slice-ansi-7.1.2.tgz 0ms (cache hit)
5041 http cache signal-exit@https://registry.npmjs.org/signal-exit/-/signal-exit-4.1.0.tgz 0ms (cache hit)
5042 http cache restore-cursor@https://registry.npmjs.org/restore-cursor/-/restore-cursor-5.1.0.tgz 0ms (cache hit)
5043 http cache emoji-regex@https://registry.npmjs.org/emoji-regex/-/emoji-regex-10.6.0.tgz 0ms (cache hit)
5044 http cache brace-expansion@https://registry.npmjs.org/brace-expansion/-/brace-expansion-2.1.1.tgz 0ms (cache hit)
5045 http cache ansi-regex@https://registry.npmjs.org/ansi-regex/-/ansi-regex-6.2.2.tgz 0ms (cache hit)
5046 http cache cli-cursor@https://registry.npmjs.org/cli-cursor/-/cli-cursor-5.0.0.tgz 0ms (cache hit)
5047 http cache ansi-styles@https://registry.npmjs.org/ansi-styles/-/ansi-styles-6.2.3.tgz 0ms (cache hit)
5048 http cache statuses@https://registry.npmjs.org/statuses/-/statuses-2.0.1.tgz 0ms (cache hit)
5049 http cache readable-stream@https://registry.npmjs.org/readable-stream/-/readable-stream-2.3.8.tgz 0ms (cache hit)
5050 http cache minimatch@https://registry.npmjs.org/minimatch/-/minimatch-9.0.9.tgz 0ms (cache hit)
5051 http cache lru-cache@https://registry.npmjs.org/lru-cache/-/lru-cache-10.4.3.tgz 0ms (cache hit)
5052 http cache ms@https://registry.npmjs.org/ms/-/ms-2.0.0.tgz 0ms (cache hit)
5053 http cache estraverse@https://registry.npmjs.org/estraverse/-/estraverse-5.3.0.tgz 0ms (cache hit)
5054 http cache on-finished@https://registry.npmjs.org/on-finished/-/on-finished-2.3.0.tgz 0ms (cache hit)
5055 http cache debug@https://registry.npmjs.org/debug/-/debug-2.6.9.tgz 0ms (cache hit)
5056 http cache glob-parent@https://registry.npmjs.org/glob-parent/-/glob-parent-6.0.2.tgz 0ms (cache hit)
5057 http cache iconv-lite@https://registry.npmjs.org/iconv-lite/-/iconv-lite-0.6.3.tgz 0ms (cache hit)
5058 http cache which@https://registry.npmjs.org/which/-/which-2.0.2.tgz 0ms (cache hit)
5059 http cache ms@https://registry.npmjs.org/ms/-/ms-2.0.0.tgz 0ms (cache hit)
5060 http cache debug@https://registry.npmjs.org/debug/-/debug-2.6.9.tgz 0ms (cache hit)
5061 http cache ms@https://registry.npmjs.org/ms/-/ms-2.0.0.tgz 0ms (cache hit)
5062 http cache is-plain-object@https://registry.npmjs.org/is-plain-object/-/is-plain-object-2.0.4.tgz 0ms (cache hit)
5063 http cache debug@https://registry.npmjs.org/debug/-/debug-2.6.9.tgz 1ms (cache hit)
5064 http cache statuses@https://registry.npmjs.org/statuses/-/statuses-2.0.2.tgz 0ms (cache hit)
5065 http cache http-errors@https://registry.npmjs.org/http-errors/-/http-errors-2.0.1.tgz 0ms (cache hit)
5066 http cache strip-ansi@https://registry.npmjs.org/strip-ansi/-/strip-ansi-7.2.0.tgz 0ms (cache hit)
5067 http cache negotiator@https://registry.npmjs.org/negotiator/-/negotiator-0.6.4.tgz 0ms (cache hit)
5068 http cache string-width@https://registry.npmjs.org/string-width/-/string-width-7.2.0.tgz 0ms (cache hit)
5069 http cache ansi-regex@https://registry.npmjs.org/ansi-regex/-/ansi-regex-6.2.2.tgz 0ms (cache hit)
5070 http cache cosmiconfig@https://registry.npmjs.org/cosmiconfig/-/cosmiconfig-9.0.2.tgz 0ms (cache hit)
5071 http cache loader-utils@https://registry.npmjs.org/loader-utils/-/loader-utils-2.0.4.tgz 1ms (cache hit)
5072 http cache emoji-regex@https://registry.npmjs.org/emoji-regex/-/emoji-regex-10.6.0.tgz 0ms (cache hit)
5073 http cache picomatch@https://registry.npmjs.org/picomatch/-/picomatch-4.0.4.tgz 0ms (cache hit)
5074 http cache isexe@https://registry.npmjs.org/isexe/-/isexe-3.1.5.tgz 1ms (cache hit)
5075 http cache node-addon-api@https://registry.npmjs.org/node-addon-api/-/node-addon-api-7.1.1.tgz 0ms (cache hit)
5076 http cache which@https://registry.npmjs.org/which/-/which-5.0.0.tgz 0ms (cache hit)
5077 http cache brace-expansion@https://registry.npmjs.org/brace-expansion/-/brace-expansion-2.1.1.tgz 0ms (cache hit)
5078 http cache isexe@https://registry.npmjs.org/isexe/-/isexe-3.1.5.tgz 0ms (cache hit)
5079 http cache @jsonjoy.com/buffers@https://registry.npmjs.org/@jsonjoy.com/buffers/-/buffers-1.2.1.tgz 0ms (cache hit)
5080 http cache which@https://registry.npmjs.org/which/-/which-5.0.0.tgz 0ms (cache hit)
5081 http cache lru-cache@https://registry.npmjs.org/lru-cache/-/lru-cache-10.4.3.tgz 0ms (cache hit)
5082 http cache @jsonjoy.com/base64@https://registry.npmjs.org/@jsonjoy.com/base64/-/base64-17.67.0.tgz 0ms (cache hit)
5083 http cache @jsonjoy.com/buffers@https://registry.npmjs.org/@jsonjoy.com/buffers/-/buffers-1.2.1.tgz 0ms (cache hit)
5084 http cache @jsonjoy.com/json-pointer@https://registry.npmjs.org/@jsonjoy.com/json-pointer/-/json-pointer-17.67.0.tgz 0ms (cache hit)
5085 http cache @jsonjoy.com/util@https://registry.npmjs.org/@jsonjoy.com/util/-/util-17.67.0.tgz 0ms (cache hit)
5086 http cache minimatch@https://registry.npmjs.org/minimatch/-/minimatch-9.0.9.tgz 0ms (cache hit)
5087 http cache @jsonjoy.com/json-pack@https://registry.npmjs.org/@jsonjoy.com/json-pack/-/json-pack-17.67.0.tgz 0ms (cache hit)
5088 http cache @jsonjoy.com/codegen@https://registry.npmjs.org/@jsonjoy.com/codegen/-/codegen-17.67.0.tgz 1ms (cache hit)
5089 http cache wrap-ansi@https://registry.npmjs.org/wrap-ansi/-/wrap-ansi-6.2.0.tgz 0ms (cache hit)
5090 http cache semver@https://registry.npmjs.org/semver/-/semver-6.3.1.tgz 0ms (cache hit)
5091 http cache semver@https://registry.npmjs.org/semver/-/semver-6.3.1.tgz 0ms (cache hit)
5092 http cache iconv-lite@https://registry.npmjs.org/iconv-lite/-/iconv-lite-0.7.2.tgz 0ms (cache hit)
5093 http cache @babel/generator@https://registry.npmjs.org/@babel/generator/-/generator-7.29.7.tgz 0ms (cache hit)
5094 http cache signal-exit@https://registry.npmjs.org/signal-exit/-/signal-exit-4.1.0.tgz 0ms (cache hit)
5095 http cache @babel/helper-annotate-as-pure@https://registry.npmjs.org/@babel/helper-annotate-as-pure/-/helper-annotate-as-pure-7.29.7.tgz 1ms (cache hit)
5096 http cache @babel/helper-annotate-as-pure@https://registry.npmjs.org/@babel/helper-annotate-as-pure/-/helper-annotate-as-pure-7.29.7.tgz 0ms (cache hit)
5097 http cache semver@https://registry.npmjs.org/semver/-/semver-6.3.1.tgz 0ms (cache hit)
5098 http cache resolve@https://registry.npmjs.org/resolve/-/resolve-1.22.12.tgz 0ms (cache hit)
5099 http cache @babel/helper-annotate-as-pure@https://registry.npmjs.org/@babel/helper-annotate-as-pure/-/helper-annotate-as-pure-7.29.7.tgz 0ms (cache hit)
5100 http cache semver@https://registry.npmjs.org/semver/-/semver-6.3.1.tgz 0ms (cache hit)
5101 http cache semver@https://registry.npmjs.org/semver/-/semver-6.3.1.tgz 0ms (cache hit)
5102 http cache convert-source-map@https://registry.npmjs.org/convert-source-map/-/convert-source-map-2.0.0.tgz 0ms (cache hit)
5103 http cache semver@https://registry.npmjs.org/semver/-/semver-6.3.1.tgz 0ms (cache hit)
5104 http cache rxjs@https://registry.npmjs.org/rxjs/-/rxjs-7.8.1.tgz 0ms (cache hit)
5105 http cache rxjs@https://registry.npmjs.org/rxjs/-/rxjs-7.8.1.tgz 0ms (cache hit)
5106 http cache rxjs@https://registry.npmjs.org/rxjs/-/rxjs-7.8.1.tgz 1ms (cache hit)
5107 http cache rxjs@https://registry.npmjs.org/rxjs/-/rxjs-7.8.1.tgz 0ms (cache hit)
5108 http cache picomatch@https://registry.npmjs.org/picomatch/-/picomatch-4.0.4.tgz 0ms (cache hit)
5109 http cache @babel/core@https://registry.npmjs.org/@babel/core/-/core-7.26.10.tgz 0ms (cache hit)
5110 http cache picomatch@https://registry.npmjs.org/picomatch/-/picomatch-4.0.4.tgz 0ms (cache hit)
5111 http cache semver@https://registry.npmjs.org/semver/-/semver-6.3.1.tgz 0ms (cache hit)
5112 http cache rxjs@https://registry.npmjs.org/rxjs/-/rxjs-7.8.1.tgz 0ms (cache hit)
5113 http cache semver@https://registry.npmjs.org/semver/-/semver-6.3.1.tgz 0ms (cache hit)
5114 http cache readdirp@https://registry.npmjs.org/readdirp/-/readdirp-4.1.2.tgz 0ms (cache hit)
5115 http cache chokidar@https://registry.npmjs.org/chokidar/-/chokidar-4.0.3.tgz 0ms (cache hit)
5116 http cache @babel/core@https://registry.npmjs.org/@babel/core/-/core-7.26.10.tgz 0ms (cache hit)
5117 http cache convert-source-map@https://registry.npmjs.org/convert-source-map/-/convert-source-map-2.0.0.tgz 0ms (cache hit)
5118 http cache semver@https://registry.npmjs.org/semver/-/semver-7.7.1.tgz 0ms (cache hit)
5119 http cache istanbul-lib-instrument@https://registry.npmjs.org/istanbul-lib-instrument/-/istanbul-lib-instrument-6.0.3.tgz 0ms (cache hit)
5120 http cache convert-source-map@https://registry.npmjs.org/convert-source-map/-/convert-source-map-2.0.0.tgz 0ms (cache hit)
5121 http cache semver@https://registry.npmjs.org/semver/-/semver-7.7.1.tgz 0ms (cache hit)
5122 http cache json-parse-even-better-errors@https://registry.npmjs.org/json-parse-even-better-errors/-/json-parse-even-better-errors-2.3.1.tgz 0ms (cache hit)
5123 http cache istanbul-lib-instrument@https://registry.npmjs.org/istanbul-lib-instrument/-/istanbul-lib-instrument-6.0.3.tgz 0ms (cache hit)
5124 http cache picomatch@https://registry.npmjs.org/picomatch/-/picomatch-4.0.4.tgz 0ms (cache hit)
5125 http cache watchpack@https://registry.npmjs.org/watchpack/-/watchpack-2.5.1.tgz 0ms (cache hit)
5126 http cache esbuild@https://registry.npmjs.org/esbuild/-/esbuild-0.25.12.tgz 0ms (cache hit)
5127 http cache @esbuild/win32-x64@https://registry.npmjs.org/@esbuild/win32-x64/-/win32-x64-0.25.12.tgz 0ms (cache hit)
5128 http cache picomatch@https://registry.npmjs.org/picomatch/-/picomatch-4.0.4.tgz 0ms (cache hit)
5129 http cache mkdirp@https://registry.npmjs.org/mkdirp/-/mkdirp-1.0.4.tgz 0ms (cache hit)
5130 http cache minipass@https://registry.npmjs.org/minipass/-/minipass-3.3.6.tgz 0ms (cache hit)
5131 http cache yallist@https://registry.npmjs.org/yallist/-/yallist-4.0.0.tgz 0ms (cache hit)
5132 http cache fs-minipass@https://registry.npmjs.org/fs-minipass/-/fs-minipass-2.1.0.tgz 0ms (cache hit)
5133 http cache minipass@https://registry.npmjs.org/minipass/-/minipass-3.3.6.tgz 0ms (cache hit)
5134 http cache iconv-lite@https://registry.npmjs.org/iconv-lite/-/iconv-lite-0.6.3.tgz 0ms (cache hit)
5135 http cache source-map@https://registry.npmjs.org/source-map/-/source-map-0.6.1.tgz 0ms (cache hit)
5136 http cache minizlib@https://registry.npmjs.org/minizlib/-/minizlib-2.1.2.tgz 0ms (cache hit)
5137 http cache debug@https://registry.npmjs.org/debug/-/debug-4.3.7.tgz 0ms (cache hit)
5138 http cache debug@https://registry.npmjs.org/debug/-/debug-4.3.7.tgz 0ms (cache hit)
5139 http cache lru-cache@https://registry.npmjs.org/lru-cache/-/lru-cache-6.0.0.tgz 0ms (cache hit)
5140 http cache yallist@https://registry.npmjs.org/yallist/-/yallist-4.0.0.tgz 0ms (cache hit)
5141 http cache readdirp@https://registry.npmjs.org/readdirp/-/readdirp-4.1.2.tgz 1ms (cache hit)
5142 http cache ajv-formats@https://registry.npmjs.org/ajv-formats/-/ajv-formats-2.1.1.tgz 0ms (cache hit)
5143 http cache chokidar@https://registry.npmjs.org/chokidar/-/chokidar-4.0.3.tgz 0ms (cache hit)
5144 http cache source-map@https://registry.npmjs.org/source-map/-/source-map-0.6.1.tgz 1ms (cache hit)
5145 http cache ws@https://registry.npmjs.org/ws/-/ws-8.17.1.tgz 0ms (cache hit)
5146 http cache debug@https://registry.npmjs.org/debug/-/debug-4.3.7.tgz 0ms (cache hit)
5147 http cache loader-utils@https://registry.npmjs.org/loader-utils/-/loader-utils-2.0.4.tgz 0ms (cache hit)
5148 http cache entities@https://registry.npmjs.org/entities/-/entities-6.0.1.tgz 0ms (cache hit)
5149 http cache tar@https://registry.npmjs.org/tar/-/tar-7.5.16.tgz 0ms (cache hit)
5150 http cache which@https://registry.npmjs.org/which/-/which-5.0.0.tgz 0ms (cache hit)
5151 http cache yallist@https://registry.npmjs.org/yallist/-/yallist-5.0.0.tgz 0ms (cache hit)
5152 http cache chownr@https://registry.npmjs.org/chownr/-/chownr-3.0.0.tgz 0ms (cache hit)
5153 http cache iconv-lite@https://registry.npmjs.org/iconv-lite/-/iconv-lite-0.6.3.tgz 1ms (cache hit)
5154 http cache isexe@https://registry.npmjs.org/isexe/-/isexe-3.1.5.tgz 0ms (cache hit)
5155 http cache wrap-ansi@https://registry.npmjs.org/wrap-ansi/-/wrap-ansi-9.0.2.tgz 0ms (cache hit)
5156 http cache string-width@https://registry.npmjs.org/string-width/-/string-width-7.2.0.tgz 0ms (cache hit)
5157 http cache eventemitter3@https://registry.npmjs.org/eventemitter3/-/eventemitter3-5.0.4.tgz 0ms (cache hit)
5158 http cache ansi-regex@https://registry.npmjs.org/ansi-regex/-/ansi-regex-6.2.2.tgz 0ms (cache hit)
5159 http cache ansi-styles@https://registry.npmjs.org/ansi-styles/-/ansi-styles-6.2.3.tgz 0ms (cache hit)
5160 http cache source-map@https://registry.npmjs.org/source-map/-/source-map-0.6.1.tgz 0ms (cache hit)
5161 http cache strip-ansi@https://registry.npmjs.org/strip-ansi/-/strip-ansi-7.2.0.tgz 0ms (cache hit)
5162 http cache emoji-regex@https://registry.npmjs.org/emoji-regex/-/emoji-regex-10.6.0.tgz 0ms (cache hit)
5163 http cache semver@https://registry.npmjs.org/semver/-/semver-5.7.2.tgz 0ms (cache hit)
5164 http cache jasmine-core@https://registry.npmjs.org/jasmine-core/-/jasmine-core-4.6.1.tgz 0ms (cache hit)
5165 http cache make-dir@https://registry.npmjs.org/make-dir/-/make-dir-2.1.0.tgz 0ms (cache hit)
5166 http cache mime@https://registry.npmjs.org/mime/-/mime-1.6.0.tgz 0ms (cache hit)
5167 http cache yargs-parser@https://registry.npmjs.org/yargs-parser/-/yargs-parser-20.2.9.tgz 0ms (cache hit)
5168 http cache yargs@https://registry.npmjs.org/yargs/-/yargs-16.2.0.tgz 0ms (cache hit)
5169 http cache source-map@https://registry.npmjs.org/source-map/-/source-map-0.6.1.tgz 0ms (cache hit)
5170 http cache tmp@https://registry.npmjs.org/tmp/-/tmp-0.2.5.tgz 0ms (cache hit)
5171 http cache supports-color@https://registry.npmjs.org/supports-color/-/supports-color-8.1.1.tgz 0ms (cache hit)
5172 http cache cliui@https://registry.npmjs.org/cliui/-/cliui-7.0.4.tgz 0ms (cache hit)
5173 http cache source-map@https://registry.npmjs.org/source-map/-/source-map-0.6.1.tgz 0ms (cache hit)
5174 http cache semver@https://registry.npmjs.org/semver/-/semver-6.3.1.tgz 0ms (cache hit)
5175 http cache signal-exit@https://registry.npmjs.org/signal-exit/-/signal-exit-4.1.0.tgz 0ms (cache hit)
5176 http cache entities@https://registry.npmjs.org/entities/-/entities-7.0.1.tgz 0ms (cache hit)
5177 http cache statuses@https://registry.npmjs.org/statuses/-/statuses-2.0.2.tgz 0ms (cache hit)
5178 http cache minipass@https://registry.npmjs.org/minipass/-/minipass-5.0.0.tgz 0ms (cache hit)
5179 http cache debug@https://registry.npmjs.org/debug/-/debug-2.6.9.tgz 0ms (cache hit)
5180 http cache http-proxy-middleware@https://registry.npmjs.org/http-proxy-middleware/-/http-proxy-middleware-2.0.9.tgz 0ms (cache hit)
5181 http cache encodeurl@https://registry.npmjs.org/encodeurl/-/encodeurl-2.0.0.tgz 0ms (cache hit)
5182 http cache ms@https://registry.npmjs.org/ms/-/ms-2.0.0.tgz 0ms (cache hit)
5183 http cache finalhandler@https://registry.npmjs.org/finalhandler/-/finalhandler-1.3.2.tgz 0ms (cache hit)
5184 http cache clone@https://registry.npmjs.org/clone/-/clone-1.0.4.tgz 0ms (cache hit)
5185 http cache debug@https://registry.npmjs.org/debug/-/debug-4.3.7.tgz 0ms (cache hit)
5186 http cache yallist@https://registry.npmjs.org/yallist/-/yallist-5.0.0.tgz 0ms (cache hit)
5187 http cache glob@https://registry.npmjs.org/glob/-/glob-10.5.0.tgz 0ms (cache hit)
5188 http cache ws@https://registry.npmjs.org/ws/-/ws-8.17.1.tgz 0ms (cache hit)
5189 http cache tar@https://registry.npmjs.org/tar/-/tar-7.5.16.tgz 0ms (cache hit)
5190 http cache brace-expansion@https://registry.npmjs.org/brace-expansion/-/brace-expansion-2.1.1.tgz 0ms (cache hit)
5191 http cache lru-cache@https://registry.npmjs.org/lru-cache/-/lru-cache-10.4.3.tgz 0ms (cache hit)
5192 http cache minimatch@https://registry.npmjs.org/minimatch/-/minimatch-9.0.9.tgz 0ms (cache hit)
5193 http cache chownr@https://registry.npmjs.org/chownr/-/chownr-3.0.0.tgz 0ms (cache hit)
5194 http cache semver@https://registry.npmjs.org/semver/-/semver-6.3.1.tgz 0ms (cache hit)
5195 http cache negotiator@https://registry.npmjs.org/negotiator/-/negotiator-0.6.3.tgz 0ms (cache hit)
5196 silly tarball no local data for @types/eslint@https://registry.npmjs.org/@types/eslint/-/eslint-9.6.1.tgz. Extracting by manifest.
5197 silly tarball no local data for @rollup/rollup-win32-x64-msvc@https://registry.npmjs.org/@rollup/rollup-win32-x64-msvc/-/rollup-win32-x64-msvc-4.59.0.tgz. Extracting by manifest.
5198 silly tarball no local data for @rollup/rollup-win32-x64-gnu@https://registry.npmjs.org/@rollup/rollup-win32-x64-gnu/-/rollup-win32-x64-gnu-4.59.0.tgz. Extracting by manifest.
5199 silly tarball no local data for @primeng/themes@https://registry.npmjs.org/@primeng/themes/-/themes-19.1.4.tgz. Extracting by manifest.
5200 silly tarball no local data for @lmdb/lmdb-win32-x64@https://registry.npmjs.org/@lmdb/lmdb-win32-x64/-/lmdb-win32-x64-3.2.6.tgz. Extracting by manifest.
5201 silly tarball no local data for @jsonjoy.com/codegen@https://registry.npmjs.org/@jsonjoy.com/codegen/-/codegen-1.0.0.tgz. Extracting by manifest.
5202 silly tarball no local data for @angular/router@https://registry.npmjs.org/@angular/router/-/router-19.2.25.tgz. Extracting by manifest.
5203 silly tarball no local data for @angular/platform-browser@https://registry.npmjs.org/@angular/platform-browser/-/platform-browser-19.2.25.tgz. Extracting by manifest.
5204 silly tarball no local data for @angular/forms@https://registry.npmjs.org/@angular/forms/-/forms-19.2.25.tgz. Extracting by manifest.
5205 silly tarball no local data for @angular/compiler@https://registry.npmjs.org/@angular/compiler/-/compiler-19.2.25.tgz. Extracting by manifest.
5206 silly tarball no local data for socks@https://registry.npmjs.org/socks/-/socks-2.8.9.tgz. Extracting by manifest.
5207 silly tarball no local data for primeng@https://registry.npmjs.org/primeng/-/primeng-19.1.4.tgz. Extracting by manifest.
5208 silly tarball no local data for primeicons@https://registry.npmjs.org/primeicons/-/primeicons-7.0.0.tgz. Extracting by manifest.
5209 http cache semver@https://registry.npmjs.org/semver/-/semver-7.7.1.tgz 4ms (cache hit)
5210 silly tarball no local data for minipass@https://registry.npmjs.org/minipass/-/minipass-7.1.3.tgz. Extracting by manifest.
5211 silly tarball no local data for magic-string@https://registry.npmjs.org/magic-string/-/magic-string-0.30.17.tgz. Extracting by manifest.
5212 silly tarball no local data for immutable@https://registry.npmjs.org/immutable/-/immutable-5.1.6.tgz. Extracting by manifest.
5213 silly tarball no local data for acorn@https://registry.npmjs.org/acorn/-/acorn-8.16.0.tgz. Extracting by manifest.
5214 silly tarball no local data for @yarnpkg/lockfile@https://registry.npmjs.org/@yarnpkg/lockfile/-/lockfile-1.1.0.tgz. Extracting by manifest.
5215 silly tarball no local data for @webassemblyjs/ast@https://registry.npmjs.org/@webassemblyjs/ast/-/ast-1.14.1.tgz. Extracting by manifest.
5216 silly tarball no local data for @vitejs/plugin-basic-ssl@https://registry.npmjs.org/@vitejs/plugin-basic-ssl/-/plugin-basic-ssl-1.2.0.tgz. Extracting by manifest.
5217 silly tarball no local data for @socket.io/component-emitter@https://registry.npmjs.org/@socket.io/component-emitter/-/component-emitter-3.1.2.tgz. Extracting by manifest.
5218 silly tarball no local data for @types/cors@https://registry.npmjs.org/@types/cors/-/cors-2.8.19.tgz. Extracting by manifest.
5219 silly tarball no local data for @sigstore/protobuf-specs@https://registry.npmjs.org/@sigstore/protobuf-specs/-/protobuf-specs-0.4.3.tgz. Extracting by manifest.
5220 silly tarball no local data for @types/node@https://registry.npmjs.org/@types/node/-/node-24.10.0.tgz. Extracting by manifest.
5221 silly tarball no local data for @schematics/angular@https://registry.npmjs.org/@schematics/angular/-/angular-19.2.27.tgz. Extracting by manifest.
5222 silly tarball no local data for @sigstore/core@https://registry.npmjs.org/@sigstore/core/-/core-2.0.0.tgz. Extracting by manifest.
5223 silly tarball no local data for @jsonjoy.com/json-pointer@https://registry.npmjs.org/@jsonjoy.com/json-pointer/-/json-pointer-1.0.2.tgz. Extracting by manifest.
5224 silly tarball no local data for @jsonjoy.com/util@https://registry.npmjs.org/@jsonjoy.com/util/-/util-1.9.0.tgz. Extracting by manifest.
5225 silly tarball no local data for @jsonjoy.com/fs-node-utils@https://registry.npmjs.org/@jsonjoy.com/fs-node-utils/-/fs-node-utils-4.57.7.tgz. Extracting by manifest.
5226 silly tarball no local data for @jsonjoy.com/json-pack@https://registry.npmjs.org/@jsonjoy.com/json-pack/-/json-pack-1.21.0.tgz. Extracting by manifest.
5227 silly tarball no local data for @jsonjoy.com/fs-core@https://registry.npmjs.org/@jsonjoy.com/fs-core/-/fs-core-4.57.7.tgz. Extracting by manifest.
5228 silly tarball no local data for @jsonjoy.com/fs-node@https://registry.npmjs.org/@jsonjoy.com/fs-node/-/fs-node-4.57.7.tgz. Extracting by manifest.
5229 silly tarball no local data for @jridgewell/trace-mapping@https://registry.npmjs.org/@jridgewell/trace-mapping/-/trace-mapping-0.3.31.tgz. Extracting by manifest.
5230 silly tarball no local data for @jridgewell/sourcemap-codec@https://registry.npmjs.org/@jridgewell/sourcemap-codec/-/sourcemap-codec-1.5.5.tgz. Extracting by manifest.
5231 silly tarball no local data for @jsonjoy.com/buffers@https://registry.npmjs.org/@jsonjoy.com/buffers/-/buffers-17.67.0.tgz. Extracting by manifest.
5232 silly tarball no local data for @jridgewell/resolve-uri@https://registry.npmjs.org/@jridgewell/resolve-uri/-/resolve-uri-3.1.2.tgz. Extracting by manifest.
5233 silly tarball no local data for @jridgewell/gen-mapping@https://registry.npmjs.org/@jridgewell/gen-mapping/-/gen-mapping-0.3.13.tgz. Extracting by manifest.
5234 silly tarball no local data for @istanbuljs/schema@https://registry.npmjs.org/@istanbuljs/schema/-/schema-0.1.3.tgz. Extracting by manifest.
5235 silly tarball no local data for @babel/traverse@https://registry.npmjs.org/@babel/traverse/-/traverse-7.29.7.tgz. Extracting by manifest.
5236 silly tarball no local data for @colors/colors@https://registry.npmjs.org/@colors/colors/-/colors-1.5.0.tgz. Extracting by manifest.
5237 silly tarball no local data for @esbuild/win32-x64@https://registry.npmjs.org/@esbuild/win32-x64/-/win32-x64-0.28.0.tgz. Extracting by manifest.
5238 silly tarball no local data for @jsonjoy.com/fs-fsa@https://registry.npmjs.org/@jsonjoy.com/fs-fsa/-/fs-fsa-4.57.7.tgz. Extracting by manifest.
5239 silly tarball no local data for @babel/types@https://registry.npmjs.org/@babel/types/-/types-7.29.7.tgz. Extracting by manifest.
5240 silly tarball no local data for @babel/helpers@https://registry.npmjs.org/@babel/helpers/-/helpers-7.28.4.tgz. Extracting by manifest.
5241 silly tarball no local data for @babel/parser@https://registry.npmjs.org/@babel/parser/-/parser-7.29.7.tgz. Extracting by manifest.
5242 silly tarball no local data for @babel/helper-create-class-features-plugin@https://registry.npmjs.org/@babel/helper-create-class-features-plugin/-/helper-create-class-features-plugin-7.29.7.tgz. Extracting by manifest.
5243 silly tarball no local data for @babel/generator@https://registry.npmjs.org/@babel/generator/-/generator-7.26.10.tgz. Extracting by manifest.
5244 silly tarball no local data for @babel/core@https://registry.npmjs.org/@babel/core/-/core-7.26.9.tgz. Extracting by manifest.
5245 silly tarball no local data for @angular/core@https://registry.npmjs.org/@angular/core/-/core-19.2.25.tgz. Extracting by manifest.
5246 silly tarball no local data for @angular-devkit/build-angular@https://registry.npmjs.org/@angular-devkit/build-angular/-/build-angular-19.2.27.tgz. Extracting by manifest.
5247 silly tarball no local data for @angular/compiler-cli@https://registry.npmjs.org/@angular/compiler-cli/-/compiler-cli-19.2.25.tgz. Extracting by manifest.
5248 silly tarball no local data for @angular/common@https://registry.npmjs.org/@angular/common/-/common-19.2.25.tgz. Extracting by manifest.
5249 silly tarball no local data for @angular/build@https://registry.npmjs.org/@angular/build/-/build-19.2.27.tgz. Extracting by manifest.
5250 silly tarball no local data for @angular/animations@https://registry.npmjs.org/@angular/animations/-/animations-19.2.25.tgz. Extracting by manifest.
5251 silly tarball no local data for @angular/cli@https://registry.npmjs.org/@angular/cli/-/cli-19.2.27.tgz. Extracting by manifest.
5252 silly tarball no local data for zone.js@https://registry.npmjs.org/zone.js/-/zone.js-0.15.1.tgz. Extracting by manifest.
5253 silly tarball no local data for yargs@https://registry.npmjs.org/yargs/-/yargs-17.7.2.tgz. Extracting by manifest.
5254 silly tarball no local data for ws@https://registry.npmjs.org/ws/-/ws-8.21.0.tgz. Extracting by manifest.
5255 silly tarball no local data for webpack-dev-server@https://registry.npmjs.org/webpack-dev-server/-/webpack-dev-server-5.2.2.tgz. Extracting by manifest.
5256 silly tarball no local data for websocket-driver@https://registry.npmjs.org/websocket-driver/-/websocket-driver-0.7.5.tgz. Extracting by manifest.
5257 silly tarball no local data for webpack@https://registry.npmjs.org/webpack/-/webpack-5.105.0.tgz. Extracting by manifest.
5258 silly tarball no local data for vite@https://registry.npmjs.org/vite/-/vite-6.4.2.tgz. Extracting by manifest.
5259 silly tarball no local data for uuid@https://registry.npmjs.org/uuid/-/uuid-8.3.2.tgz. Extracting by manifest.
5260 silly tarball no local data for typescript@https://registry.npmjs.org/typescript/-/typescript-5.5.4.tgz. Extracting by manifest.
5261 silly tarball no local data for terser@https://registry.npmjs.org/terser/-/terser-5.39.0.tgz. Extracting by manifest.
5262 silly tarball no local data for spdy@https://registry.npmjs.org/spdy/-/spdy-4.0.2.tgz. Extracting by manifest.
5263 silly tarball no local data for piscina@https://registry.npmjs.org/piscina/-/piscina-4.8.0.tgz. Extracting by manifest.
5264 silly tarball no local data for source-map@https://registry.npmjs.org/source-map/-/source-map-0.7.4.tgz. Extracting by manifest.
5265 silly tarball no local data for sockjs@https://registry.npmjs.org/sockjs/-/sockjs-0.3.24.tgz. Extracting by manifest.
5266 silly tarball no local data for socket.io@https://registry.npmjs.org/socket.io/-/socket.io-4.8.1.tgz. Extracting by manifest.
5267 silly tarball no local data for rxjs@https://registry.npmjs.org/rxjs/-/rxjs-7.8.2.tgz. Extracting by manifest.
5268 silly tarball no local data for sass@https://registry.npmjs.org/sass/-/sass-1.85.0.tgz. Extracting by manifest.
5269 silly tarball no local data for rollup@https://registry.npmjs.org/rollup/-/rollup-4.59.0.tgz. Extracting by manifest.
5270 silly tarball no local data for regenerate-unicode-properties@https://registry.npmjs.org/regenerate-unicode-properties/-/regenerate-unicode-properties-10.2.2.tgz. Extracting by manifest.
5271 silly tarball no local data for qs@https://registry.npmjs.org/qs/-/qs-6.15.2.tgz. Extracting by manifest.
5272 silly tarball no local data for primeflex@https://registry.npmjs.org/primeflex/-/primeflex-3.3.1.tgz. Extracting by manifest.
5273 silly tarball no local data for parse5@https://registry.npmjs.org/parse5/-/parse5-7.3.0.tgz. Extracting by manifest.
5274 silly tarball no local data for object-inspect@https://registry.npmjs.org/object-inspect/-/object-inspect-1.13.4.tgz. Extracting by manifest.
5275 silly tarball no local data for node-addon-api@https://registry.npmjs.org/node-addon-api/-/node-addon-api-6.1.0.tgz. Extracting by manifest.
5276 silly tarball no local data for node-gyp@https://registry.npmjs.org/node-gyp/-/node-gyp-11.5.0.tgz. Extracting by manifest.
5277 silly tarball no local data for needle@https://registry.npmjs.org/needle/-/needle-3.5.0.tgz. Extracting by manifest.
5278 silly tarball no local data for node-forge@https://registry.npmjs.org/node-forge/-/node-forge-1.4.0.tgz. Extracting by manifest.
5279 silly tarball no local data for msgpackr@https://registry.npmjs.org/msgpackr/-/msgpackr-1.12.1.tgz. Extracting by manifest.
5280 silly tarball no local data for lodash@https://registry.npmjs.org/lodash/-/lodash-4.17.21.tgz. Extracting by manifest.
5281 silly tarball no local data for lmdb@https://registry.npmjs.org/lmdb/-/lmdb-3.2.6.tgz. Extracting by manifest.
5282 silly tarball no local data for less@https://registry.npmjs.org/less/-/less-4.2.2.tgz. Extracting by manifest.
5283 silly tarball no local data for karma@https://registry.npmjs.org/karma/-/karma-6.4.4.tgz. Extracting by manifest.
5284 silly tarball no local data for js-yaml@https://registry.npmjs.org/js-yaml/-/js-yaml-4.2.0.tgz. Extracting by manifest.
5285 silly tarball no local data for jest-worker@https://registry.npmjs.org/jest-worker/-/jest-worker-27.5.1.tgz. Extracting by manifest.
5286 silly tarball no local data for jiti@https://registry.npmjs.org/jiti/-/jiti-1.21.7.tgz. Extracting by manifest.
5287 silly tarball no local data for jasmine-core@https://registry.npmjs.org/jasmine-core/-/jasmine-core-5.2.0.tgz. Extracting by manifest.
5288 silly tarball no local data for istanbul-reports@https://registry.npmjs.org/istanbul-reports/-/istanbul-reports-3.2.0.tgz. Extracting by manifest.
5289 silly tarball no local data for ip-address@https://registry.npmjs.org/ip-address/-/ip-address-10.2.0.tgz. Extracting by manifest.
5290 silly tarball no local data for hyperdyperid@https://registry.npmjs.org/hyperdyperid/-/hyperdyperid-1.2.0.tgz. Extracting by manifest.
5291 silly tarball no local data for foreground-child@https://registry.npmjs.org/foreground-child/-/foreground-child-3.3.1.tgz. Extracting by manifest.
5292 silly tarball no local data for express@https://registry.npmjs.org/express/-/express-4.22.2.tgz. Extracting by manifest.
5293 silly tarball no local data for esbuild-wasm@https://registry.npmjs.org/esbuild-wasm/-/esbuild-wasm-0.28.0.tgz. Extracting by manifest.
5294 silly tarball no local data for enhanced-resolve@https://registry.npmjs.org/enhanced-resolve/-/enhanced-resolve-5.23.0.tgz. Extracting by manifest.
5295 silly tarball no local data for entities@https://registry.npmjs.org/entities/-/entities-4.5.0.tgz. Extracting by manifest.
5296 silly tarball no local data for core-js-compat@https://registry.npmjs.org/core-js-compat/-/core-js-compat-3.49.0.tgz. Extracting by manifest.
5297 silly tarball no local data for cliui@https://registry.npmjs.org/cliui/-/cliui-8.0.1.tgz. Extracting by manifest.
5298 silly tarball no local data for caniuse-lite@https://registry.npmjs.org/caniuse-lite/-/caniuse-lite-1.0.30001797.tgz. Extracting by manifest.
5299 silly tarball no local data for chalk@https://registry.npmjs.org/chalk/-/chalk-4.1.2.tgz. Extracting by manifest.
5300 silly tarball no local data for buffer@https://registry.npmjs.org/buffer/-/buffer-5.7.1.tgz. Extracting by manifest.
5301 silly tarball no local data for bl@https://registry.npmjs.org/bl/-/bl-4.1.0.tgz. Extracting by manifest.
5302 silly tarball no local data for base64-js@https://registry.npmjs.org/base64-js/-/base64-js-1.5.1.tgz. Extracting by manifest.
5303 silly tarball no local data for anymatch@https://registry.npmjs.org/anymatch/-/anymatch-3.1.3.tgz. Extracting by manifest.
5304 silly tarball no local data for ansi-styles@https://registry.npmjs.org/ansi-styles/-/ansi-styles-4.3.0.tgz. Extracting by manifest.
5305 silly tarball no local data for @types/send@https://registry.npmjs.org/@types/send/-/send-0.17.6.tgz. Extracting by manifest.
5306 silly tarball no local data for ansi-regex@https://registry.npmjs.org/ansi-regex/-/ansi-regex-5.0.1.tgz. Extracting by manifest.
5307 silly tarball no local data for ansi-colors@https://registry.npmjs.org/ansi-colors/-/ansi-colors-4.1.3.tgz. Extracting by manifest.
5308 silly tarball no local data for ajv-keywords@https://registry.npmjs.org/ajv-keywords/-/ajv-keywords-5.1.0.tgz. Extracting by manifest.
5309 silly tarball no local data for ajv@https://registry.npmjs.org/ajv/-/ajv-8.18.0.tgz. Extracting by manifest.
5310 silly tarball no local data for accepts@https://registry.npmjs.org/accepts/-/accepts-1.3.8.tgz. Extracting by manifest.
5311 silly tarball no local data for which@https://registry.npmjs.org/which/-/which-5.0.0.tgz. Extracting by manifest.
5312 silly tarball no local data for isexe@https://registry.npmjs.org/isexe/-/isexe-3.1.5.tgz. Extracting by manifest.
5313 silly tarball no local data for @inquirer/type@https://registry.npmjs.org/@inquirer/type/-/type-1.5.5.tgz. Extracting by manifest.
5314 silly tarball no local data for brace-expansion@https://registry.npmjs.org/brace-expansion/-/brace-expansion-2.1.1.tgz. Extracting by manifest.
5315 silly tarball no local data for lru-cache@https://registry.npmjs.org/lru-cache/-/lru-cache-10.4.3.tgz. Extracting by manifest.
5316 silly tarball no local data for minimatch@https://registry.npmjs.org/minimatch/-/minimatch-9.0.9.tgz. Extracting by manifest.
5317 silly tarball no local data for glob@https://registry.npmjs.org/glob/-/glob-10.5.0.tgz. Extracting by manifest.
5318 silly tarball no local data for mute-stream@https://registry.npmjs.org/mute-stream/-/mute-stream-1.0.0.tgz. Extracting by manifest.
5319 silly tarball no local data for wrap-ansi@https://registry.npmjs.org/wrap-ansi/-/wrap-ansi-8.1.0.tgz. Extracting by manifest.
5320 silly tarball no local data for strip-ansi@https://registry.npmjs.org/strip-ansi/-/strip-ansi-7.2.0.tgz. Extracting by manifest.
5321 silly tarball no local data for string-width@https://registry.npmjs.org/string-width/-/string-width-5.1.2.tgz. Extracting by manifest.
5322 silly tarball no local data for ansi-regex@https://registry.npmjs.org/ansi-regex/-/ansi-regex-6.2.2.tgz. Extracting by manifest.
5323 silly tarball no local data for @babel/helper-annotate-as-pure@https://registry.npmjs.org/@babel/helper-annotate-as-pure/-/helper-annotate-as-pure-7.29.7.tgz. Extracting by manifest.
5324 silly tarball no local data for picomatch@https://registry.npmjs.org/picomatch/-/picomatch-4.0.4.tgz. Extracting by manifest.
5325 silly tarball no local data for ansi-styles@https://registry.npmjs.org/ansi-styles/-/ansi-styles-6.2.3.tgz. Extracting by manifest.
5326 silly tarball no local data for emoji-regex@https://registry.npmjs.org/emoji-regex/-/emoji-regex-9.2.2.tgz. Extracting by manifest.
5327 silly tarball no local data for is-fullwidth-code-point@https://registry.npmjs.org/is-fullwidth-code-point/-/is-fullwidth-code-point-4.0.0.tgz. Extracting by manifest.
5328 silly tarball no local data for @babel/helper-annotate-as-pure@https://registry.npmjs.org/@babel/helper-annotate-as-pure/-/helper-annotate-as-pure-7.29.7.tgz. Extracting by manifest.
5329 silly tarball no local data for ansi-styles@https://registry.npmjs.org/ansi-styles/-/ansi-styles-6.2.3.tgz. Extracting by manifest.
5330 silly tarball no local data for mime@https://registry.npmjs.org/mime/-/mime-1.6.0.tgz. Extracting by manifest.
5331 silly tarball no local data for encodeurl@https://registry.npmjs.org/encodeurl/-/encodeurl-2.0.0.tgz. Extracting by manifest.
5332 silly tarball no local data for statuses@https://registry.npmjs.org/statuses/-/statuses-2.0.2.tgz. Extracting by manifest.
5333 silly tarball no local data for encodeurl@https://registry.npmjs.org/encodeurl/-/encodeurl-2.0.0.tgz. Extracting by manifest.
5334 silly tarball no local data for http-errors@https://registry.npmjs.org/http-errors/-/http-errors-2.0.1.tgz. Extracting by manifest.
5335 silly tarball no local data for http-errors@https://registry.npmjs.org/http-errors/-/http-errors-2.0.1.tgz. Extracting by manifest.
5336 silly tarball no local data for statuses@https://registry.npmjs.org/statuses/-/statuses-2.0.2.tgz. Extracting by manifest.
5337 silly tarball no local data for json-parse-even-better-errors@https://registry.npmjs.org/json-parse-even-better-errors/-/json-parse-even-better-errors-2.3.1.tgz. Extracting by manifest.
5338 silly tarball no local data for http-errors@https://registry.npmjs.org/http-errors/-/http-errors-1.8.1.tgz. Extracting by manifest.
5339 silly tarball no local data for retry@https://registry.npmjs.org/retry/-/retry-0.13.1.tgz. Extracting by manifest.
5340 silly tarball no local data for lru-cache@https://registry.npmjs.org/lru-cache/-/lru-cache-10.4.3.tgz. Extracting by manifest.
5341 silly tarball no local data for yallist@https://registry.npmjs.org/yallist/-/yallist-4.0.0.tgz. Extracting by manifest.
5342 silly tarball no local data for minipass@https://registry.npmjs.org/minipass/-/minipass-3.3.6.tgz. Extracting by manifest.
5343 silly tarball no local data for minipass@https://registry.npmjs.org/minipass/-/minipass-3.3.6.tgz. Extracting by manifest.
5344 silly tarball no local data for yallist@https://registry.npmjs.org/yallist/-/yallist-4.0.0.tgz. Extracting by manifest.
5345 silly tarball no local data for minipass@https://registry.npmjs.org/minipass/-/minipass-3.3.6.tgz. Extracting by manifest.
5346 silly tarball no local data for is-fullwidth-code-point@https://registry.npmjs.org/is-fullwidth-code-point/-/is-fullwidth-code-point-5.1.0.tgz. Extracting by manifest.
5347 silly tarball no local data for yallist@https://registry.npmjs.org/yallist/-/yallist-4.0.0.tgz. Extracting by manifest.
5348 silly tarball no local data for strip-ansi@https://registry.npmjs.org/strip-ansi/-/strip-ansi-7.2.0.tgz. Extracting by manifest.
5349 silly tarball no local data for wrap-ansi@https://registry.npmjs.org/wrap-ansi/-/wrap-ansi-9.0.2.tgz. Extracting by manifest.
5350 silly tarball no local data for string-width@https://registry.npmjs.org/string-width/-/string-width-7.2.0.tgz. Extracting by manifest.
5351 silly tarball no local data for onetime@https://registry.npmjs.org/onetime/-/onetime-7.0.0.tgz. Extracting by manifest.
5352 silly tarball no local data for slice-ansi@https://registry.npmjs.org/slice-ansi/-/slice-ansi-7.1.2.tgz. Extracting by manifest.
5353 silly tarball no local data for signal-exit@https://registry.npmjs.org/signal-exit/-/signal-exit-4.1.0.tgz. Extracting by manifest.
5354 silly tarball no local data for restore-cursor@https://registry.npmjs.org/restore-cursor/-/restore-cursor-5.1.0.tgz. Extracting by manifest.
5355 silly tarball no local data for emoji-regex@https://registry.npmjs.org/emoji-regex/-/emoji-regex-10.6.0.tgz. Extracting by manifest.
5356 silly tarball no local data for brace-expansion@https://registry.npmjs.org/brace-expansion/-/brace-expansion-2.1.1.tgz. Extracting by manifest.
5357 silly tarball no local data for ansi-regex@https://registry.npmjs.org/ansi-regex/-/ansi-regex-6.2.2.tgz. Extracting by manifest.
5358 silly tarball no local data for ansi-styles@https://registry.npmjs.org/ansi-styles/-/ansi-styles-6.2.3.tgz. Extracting by manifest.
5359 silly tarball no local data for statuses@https://registry.npmjs.org/statuses/-/statuses-2.0.1.tgz. Extracting by manifest.
5360 silly tarball no local data for cli-cursor@https://registry.npmjs.org/cli-cursor/-/cli-cursor-5.0.0.tgz. Extracting by manifest.
5361 silly tarball no local data for readable-stream@https://registry.npmjs.org/readable-stream/-/readable-stream-2.3.8.tgz. Extracting by manifest.
5362 silly tarball no local data for minimatch@https://registry.npmjs.org/minimatch/-/minimatch-9.0.9.tgz. Extracting by manifest.
5363 silly tarball no local data for lru-cache@https://registry.npmjs.org/lru-cache/-/lru-cache-10.4.3.tgz. Extracting by manifest.
5364 silly tarball no local data for ms@https://registry.npmjs.org/ms/-/ms-2.0.0.tgz. Extracting by manifest.
5365 silly tarball no local data for estraverse@https://registry.npmjs.org/estraverse/-/estraverse-5.3.0.tgz. Extracting by manifest.
5366 silly tarball no local data for on-finished@https://registry.npmjs.org/on-finished/-/on-finished-2.3.0.tgz. Extracting by manifest.
5367 silly tarball no local data for debug@https://registry.npmjs.org/debug/-/debug-2.6.9.tgz. Extracting by manifest.
5368 silly tarball no local data for iconv-lite@https://registry.npmjs.org/iconv-lite/-/iconv-lite-0.6.3.tgz. Extracting by manifest.
5369 silly tarball no local data for which@https://registry.npmjs.org/which/-/which-2.0.2.tgz. Extracting by manifest.
5370 silly tarball no local data for glob-parent@https://registry.npmjs.org/glob-parent/-/glob-parent-6.0.2.tgz. Extracting by manifest.
5371 silly tarball no local data for ms@https://registry.npmjs.org/ms/-/ms-2.0.0.tgz. Extracting by manifest.
5372 silly tarball no local data for debug@https://registry.npmjs.org/debug/-/debug-2.6.9.tgz. Extracting by manifest.
5373 silly tarball no local data for ms@https://registry.npmjs.org/ms/-/ms-2.0.0.tgz. Extracting by manifest.
5374 silly tarball no local data for debug@https://registry.npmjs.org/debug/-/debug-2.6.9.tgz. Extracting by manifest.
5375 silly tarball no local data for is-plain-object@https://registry.npmjs.org/is-plain-object/-/is-plain-object-2.0.4.tgz. Extracting by manifest.
5376 silly tarball no local data for statuses@https://registry.npmjs.org/statuses/-/statuses-2.0.2.tgz. Extracting by manifest.
5377 silly tarball no local data for http-errors@https://registry.npmjs.org/http-errors/-/http-errors-2.0.1.tgz. Extracting by manifest.
5378 silly tarball no local data for strip-ansi@https://registry.npmjs.org/strip-ansi/-/strip-ansi-7.2.0.tgz. Extracting by manifest.
5379 silly tarball no local data for negotiator@https://registry.npmjs.org/negotiator/-/negotiator-0.6.4.tgz. Extracting by manifest.
5380 silly tarball no local data for string-width@https://registry.npmjs.org/string-width/-/string-width-7.2.0.tgz. Extracting by manifest.
5381 silly tarball no local data for ansi-regex@https://registry.npmjs.org/ansi-regex/-/ansi-regex-6.2.2.tgz. Extracting by manifest.
5382 silly tarball no local data for cosmiconfig@https://registry.npmjs.org/cosmiconfig/-/cosmiconfig-9.0.2.tgz. Extracting by manifest.
5383 silly tarball no local data for loader-utils@https://registry.npmjs.org/loader-utils/-/loader-utils-2.0.4.tgz. Extracting by manifest.
5384 silly tarball no local data for emoji-regex@https://registry.npmjs.org/emoji-regex/-/emoji-regex-10.6.0.tgz. Extracting by manifest.
5385 silly tarball no local data for picomatch@https://registry.npmjs.org/picomatch/-/picomatch-4.0.4.tgz. Extracting by manifest.
5386 silly tarball no local data for isexe@https://registry.npmjs.org/isexe/-/isexe-3.1.5.tgz. Extracting by manifest.
5387 silly tarball no local data for node-addon-api@https://registry.npmjs.org/node-addon-api/-/node-addon-api-7.1.1.tgz. Extracting by manifest.
5388 silly tarball no local data for which@https://registry.npmjs.org/which/-/which-5.0.0.tgz. Extracting by manifest.
5389 silly tarball no local data for brace-expansion@https://registry.npmjs.org/brace-expansion/-/brace-expansion-2.1.1.tgz. Extracting by manifest.
5390 silly tarball no local data for isexe@https://registry.npmjs.org/isexe/-/isexe-3.1.5.tgz. Extracting by manifest.
5391 silly tarball no local data for @jsonjoy.com/buffers@https://registry.npmjs.org/@jsonjoy.com/buffers/-/buffers-1.2.1.tgz. Extracting by manifest.
5392 silly tarball no local data for which@https://registry.npmjs.org/which/-/which-5.0.0.tgz. Extracting by manifest.
5393 silly tarball no local data for lru-cache@https://registry.npmjs.org/lru-cache/-/lru-cache-10.4.3.tgz. Extracting by manifest.
5394 silly tarball no local data for @jsonjoy.com/base64@https://registry.npmjs.org/@jsonjoy.com/base64/-/base64-17.67.0.tgz. Extracting by manifest.
5395 silly tarball no local data for @jsonjoy.com/buffers@https://registry.npmjs.org/@jsonjoy.com/buffers/-/buffers-1.2.1.tgz. Extracting by manifest.
5396 silly tarball no local data for @jsonjoy.com/json-pointer@https://registry.npmjs.org/@jsonjoy.com/json-pointer/-/json-pointer-17.67.0.tgz. Extracting by manifest.
5397 silly tarball no local data for @jsonjoy.com/util@https://registry.npmjs.org/@jsonjoy.com/util/-/util-17.67.0.tgz. Extracting by manifest.
5398 silly tarball no local data for minimatch@https://registry.npmjs.org/minimatch/-/minimatch-9.0.9.tgz. Extracting by manifest.
5399 silly tarball no local data for @jsonjoy.com/json-pack@https://registry.npmjs.org/@jsonjoy.com/json-pack/-/json-pack-17.67.0.tgz. Extracting by manifest.
5400 silly tarball no local data for @jsonjoy.com/codegen@https://registry.npmjs.org/@jsonjoy.com/codegen/-/codegen-17.67.0.tgz. Extracting by manifest.
5401 silly tarball no local data for wrap-ansi@https://registry.npmjs.org/wrap-ansi/-/wrap-ansi-6.2.0.tgz. Extracting by manifest.
5402 silly tarball no local data for semver@https://registry.npmjs.org/semver/-/semver-6.3.1.tgz. Extracting by manifest.
5403 silly tarball no local data for semver@https://registry.npmjs.org/semver/-/semver-6.3.1.tgz. Extracting by manifest.
5404 silly tarball no local data for iconv-lite@https://registry.npmjs.org/iconv-lite/-/iconv-lite-0.7.2.tgz. Extracting by manifest.
5405 silly tarball no local data for @babel/generator@https://registry.npmjs.org/@babel/generator/-/generator-7.29.7.tgz. Extracting by manifest.
5406 silly tarball no local data for signal-exit@https://registry.npmjs.org/signal-exit/-/signal-exit-4.1.0.tgz. Extracting by manifest.
5407 silly tarball no local data for @babel/helper-annotate-as-pure@https://registry.npmjs.org/@babel/helper-annotate-as-pure/-/helper-annotate-as-pure-7.29.7.tgz. Extracting by manifest.
5408 silly tarball no local data for @babel/helper-annotate-as-pure@https://registry.npmjs.org/@babel/helper-annotate-as-pure/-/helper-annotate-as-pure-7.29.7.tgz. Extracting by manifest.
5409 silly tarball no local data for semver@https://registry.npmjs.org/semver/-/semver-6.3.1.tgz. Extracting by manifest.
5410 silly tarball no local data for resolve@https://registry.npmjs.org/resolve/-/resolve-1.22.12.tgz. Extracting by manifest.
5411 silly tarball no local data for @babel/helper-annotate-as-pure@https://registry.npmjs.org/@babel/helper-annotate-as-pure/-/helper-annotate-as-pure-7.29.7.tgz. Extracting by manifest.
5412 silly tarball no local data for semver@https://registry.npmjs.org/semver/-/semver-6.3.1.tgz. Extracting by manifest.
5413 silly tarball no local data for semver@https://registry.npmjs.org/semver/-/semver-6.3.1.tgz. Extracting by manifest.
5414 silly tarball no local data for convert-source-map@https://registry.npmjs.org/convert-source-map/-/convert-source-map-2.0.0.tgz. Extracting by manifest.
5415 silly tarball no local data for semver@https://registry.npmjs.org/semver/-/semver-6.3.1.tgz. Extracting by manifest.
5416 silly tarball no local data for rxjs@https://registry.npmjs.org/rxjs/-/rxjs-7.8.1.tgz. Extracting by manifest.
5417 silly tarball no local data for rxjs@https://registry.npmjs.org/rxjs/-/rxjs-7.8.1.tgz. Extracting by manifest.
5418 silly tarball no local data for rxjs@https://registry.npmjs.org/rxjs/-/rxjs-7.8.1.tgz. Extracting by manifest.
5419 silly tarball no local data for rxjs@https://registry.npmjs.org/rxjs/-/rxjs-7.8.1.tgz. Extracting by manifest.
5420 silly tarball no local data for picomatch@https://registry.npmjs.org/picomatch/-/picomatch-4.0.4.tgz. Extracting by manifest.
5421 silly tarball no local data for picomatch@https://registry.npmjs.org/picomatch/-/picomatch-4.0.4.tgz. Extracting by manifest.
5422 silly tarball no local data for @babel/core@https://registry.npmjs.org/@babel/core/-/core-7.26.10.tgz. Extracting by manifest.
5423 silly tarball no local data for semver@https://registry.npmjs.org/semver/-/semver-6.3.1.tgz. Extracting by manifest.
5424 silly tarball no local data for semver@https://registry.npmjs.org/semver/-/semver-6.3.1.tgz. Extracting by manifest.
5425 silly tarball no local data for rxjs@https://registry.npmjs.org/rxjs/-/rxjs-7.8.1.tgz. Extracting by manifest.
5426 silly tarball no local data for readdirp@https://registry.npmjs.org/readdirp/-/readdirp-4.1.2.tgz. Extracting by manifest.
5427 silly tarball no local data for chokidar@https://registry.npmjs.org/chokidar/-/chokidar-4.0.3.tgz. Extracting by manifest.
5428 silly tarball no local data for @babel/core@https://registry.npmjs.org/@babel/core/-/core-7.26.10.tgz. Extracting by manifest.
5429 silly tarball no local data for convert-source-map@https://registry.npmjs.org/convert-source-map/-/convert-source-map-2.0.0.tgz. Extracting by manifest.
5430 silly tarball no local data for semver@https://registry.npmjs.org/semver/-/semver-7.7.1.tgz. Extracting by manifest.
5431 silly tarball no local data for istanbul-lib-instrument@https://registry.npmjs.org/istanbul-lib-instrument/-/istanbul-lib-instrument-6.0.3.tgz. Extracting by manifest.
5432 silly tarball no local data for convert-source-map@https://registry.npmjs.org/convert-source-map/-/convert-source-map-2.0.0.tgz. Extracting by manifest.
5433 silly tarball no local data for semver@https://registry.npmjs.org/semver/-/semver-7.7.1.tgz. Extracting by manifest.
5434 silly tarball no local data for json-parse-even-better-errors@https://registry.npmjs.org/json-parse-even-better-errors/-/json-parse-even-better-errors-2.3.1.tgz. Extracting by manifest.
5435 silly tarball no local data for istanbul-lib-instrument@https://registry.npmjs.org/istanbul-lib-instrument/-/istanbul-lib-instrument-6.0.3.tgz. Extracting by manifest.
5436 silly tarball no local data for picomatch@https://registry.npmjs.org/picomatch/-/picomatch-4.0.4.tgz. Extracting by manifest.
5437 silly tarball no local data for watchpack@https://registry.npmjs.org/watchpack/-/watchpack-2.5.1.tgz. Extracting by manifest.
5438 silly tarball no local data for esbuild@https://registry.npmjs.org/esbuild/-/esbuild-0.25.12.tgz. Extracting by manifest.
5439 silly tarball no local data for @esbuild/win32-x64@https://registry.npmjs.org/@esbuild/win32-x64/-/win32-x64-0.25.12.tgz. Extracting by manifest.
5440 silly tarball no local data for picomatch@https://registry.npmjs.org/picomatch/-/picomatch-4.0.4.tgz. Extracting by manifest.
5441 silly tarball no local data for mkdirp@https://registry.npmjs.org/mkdirp/-/mkdirp-1.0.4.tgz. Extracting by manifest.
5442 silly tarball no local data for minipass@https://registry.npmjs.org/minipass/-/minipass-3.3.6.tgz. Extracting by manifest.
5443 silly tarball no local data for yallist@https://registry.npmjs.org/yallist/-/yallist-4.0.0.tgz. Extracting by manifest.
5444 silly tarball no local data for fs-minipass@https://registry.npmjs.org/fs-minipass/-/fs-minipass-2.1.0.tgz. Extracting by manifest.
5445 silly tarball no local data for minipass@https://registry.npmjs.org/minipass/-/minipass-3.3.6.tgz. Extracting by manifest.
5446 silly tarball no local data for iconv-lite@https://registry.npmjs.org/iconv-lite/-/iconv-lite-0.6.3.tgz. Extracting by manifest.
5447 silly tarball no local data for source-map@https://registry.npmjs.org/source-map/-/source-map-0.6.1.tgz. Extracting by manifest.
5448 silly tarball no local data for minizlib@https://registry.npmjs.org/minizlib/-/minizlib-2.1.2.tgz. Extracting by manifest.
5449 silly tarball no local data for debug@https://registry.npmjs.org/debug/-/debug-4.3.7.tgz. Extracting by manifest.
5450 silly tarball no local data for debug@https://registry.npmjs.org/debug/-/debug-4.3.7.tgz. Extracting by manifest.
5451 silly tarball no local data for lru-cache@https://registry.npmjs.org/lru-cache/-/lru-cache-6.0.0.tgz. Extracting by manifest.
5452 silly tarball no local data for yallist@https://registry.npmjs.org/yallist/-/yallist-4.0.0.tgz. Extracting by manifest.
5453 silly tarball no local data for readdirp@https://registry.npmjs.org/readdirp/-/readdirp-4.1.2.tgz. Extracting by manifest.
5454 silly tarball no local data for ajv-formats@https://registry.npmjs.org/ajv-formats/-/ajv-formats-2.1.1.tgz. Extracting by manifest.
5455 silly tarball no local data for ws@https://registry.npmjs.org/ws/-/ws-8.17.1.tgz. Extracting by manifest.
5456 silly tarball no local data for chokidar@https://registry.npmjs.org/chokidar/-/chokidar-4.0.3.tgz. Extracting by manifest.
5457 silly tarball no local data for loader-utils@https://registry.npmjs.org/loader-utils/-/loader-utils-2.0.4.tgz. Extracting by manifest.
5458 silly tarball no local data for entities@https://registry.npmjs.org/entities/-/entities-6.0.1.tgz. Extracting by manifest.
5459 silly tarball no local data for source-map@https://registry.npmjs.org/source-map/-/source-map-0.6.1.tgz. Extracting by manifest.
5460 silly tarball no local data for debug@https://registry.npmjs.org/debug/-/debug-4.3.7.tgz. Extracting by manifest.
5461 silly tarball no local data for tar@https://registry.npmjs.org/tar/-/tar-7.5.16.tgz. Extracting by manifest.
5462 silly tarball no local data for which@https://registry.npmjs.org/which/-/which-5.0.0.tgz. Extracting by manifest.
5463 silly tarball no local data for yallist@https://registry.npmjs.org/yallist/-/yallist-5.0.0.tgz. Extracting by manifest.
5464 silly tarball no local data for chownr@https://registry.npmjs.org/chownr/-/chownr-3.0.0.tgz. Extracting by manifest.
5465 silly tarball no local data for iconv-lite@https://registry.npmjs.org/iconv-lite/-/iconv-lite-0.6.3.tgz. Extracting by manifest.
5466 silly tarball no local data for isexe@https://registry.npmjs.org/isexe/-/isexe-3.1.5.tgz. Extracting by manifest.
5467 silly tarball no local data for wrap-ansi@https://registry.npmjs.org/wrap-ansi/-/wrap-ansi-9.0.2.tgz. Extracting by manifest.
5468 silly tarball no local data for string-width@https://registry.npmjs.org/string-width/-/string-width-7.2.0.tgz. Extracting by manifest.
5469 silly tarball no local data for eventemitter3@https://registry.npmjs.org/eventemitter3/-/eventemitter3-5.0.4.tgz. Extracting by manifest.
5470 silly tarball no local data for ansi-regex@https://registry.npmjs.org/ansi-regex/-/ansi-regex-6.2.2.tgz. Extracting by manifest.
5471 silly tarball no local data for ansi-styles@https://registry.npmjs.org/ansi-styles/-/ansi-styles-6.2.3.tgz. Extracting by manifest.
5472 silly tarball no local data for source-map@https://registry.npmjs.org/source-map/-/source-map-0.6.1.tgz. Extracting by manifest.
5473 silly tarball no local data for strip-ansi@https://registry.npmjs.org/strip-ansi/-/strip-ansi-7.2.0.tgz. Extracting by manifest.
5474 silly tarball no local data for emoji-regex@https://registry.npmjs.org/emoji-regex/-/emoji-regex-10.6.0.tgz. Extracting by manifest.
5475 silly tarball no local data for semver@https://registry.npmjs.org/semver/-/semver-5.7.2.tgz. Extracting by manifest.
5476 silly tarball no local data for jasmine-core@https://registry.npmjs.org/jasmine-core/-/jasmine-core-4.6.1.tgz. Extracting by manifest.
5477 silly tarball no local data for make-dir@https://registry.npmjs.org/make-dir/-/make-dir-2.1.0.tgz. Extracting by manifest.
5478 silly tarball no local data for mime@https://registry.npmjs.org/mime/-/mime-1.6.0.tgz. Extracting by manifest.
5479 silly tarball no local data for yargs-parser@https://registry.npmjs.org/yargs-parser/-/yargs-parser-20.2.9.tgz. Extracting by manifest.
5480 silly tarball no local data for yargs@https://registry.npmjs.org/yargs/-/yargs-16.2.0.tgz. Extracting by manifest.
5481 silly tarball no local data for source-map@https://registry.npmjs.org/source-map/-/source-map-0.6.1.tgz. Extracting by manifest.
5482 silly tarball no local data for tmp@https://registry.npmjs.org/tmp/-/tmp-0.2.5.tgz. Extracting by manifest.
5483 silly tarball no local data for supports-color@https://registry.npmjs.org/supports-color/-/supports-color-8.1.1.tgz. Extracting by manifest.
5484 silly tarball no local data for cliui@https://registry.npmjs.org/cliui/-/cliui-7.0.4.tgz. Extracting by manifest.
5485 silly tarball no local data for source-map@https://registry.npmjs.org/source-map/-/source-map-0.6.1.tgz. Extracting by manifest.
5486 silly tarball no local data for semver@https://registry.npmjs.org/semver/-/semver-6.3.1.tgz. Extracting by manifest.
5487 silly tarball no local data for signal-exit@https://registry.npmjs.org/signal-exit/-/signal-exit-4.1.0.tgz. Extracting by manifest.
5488 silly tarball no local data for entities@https://registry.npmjs.org/entities/-/entities-7.0.1.tgz. Extracting by manifest.
5489 silly tarball no local data for statuses@https://registry.npmjs.org/statuses/-/statuses-2.0.2.tgz. Extracting by manifest.
5490 silly tarball no local data for minipass@https://registry.npmjs.org/minipass/-/minipass-5.0.0.tgz. Extracting by manifest.
5491 silly tarball no local data for debug@https://registry.npmjs.org/debug/-/debug-2.6.9.tgz. Extracting by manifest.
5492 silly tarball no local data for http-proxy-middleware@https://registry.npmjs.org/http-proxy-middleware/-/http-proxy-middleware-2.0.9.tgz. Extracting by manifest.
5493 silly tarball no local data for encodeurl@https://registry.npmjs.org/encodeurl/-/encodeurl-2.0.0.tgz. Extracting by manifest.
5494 silly tarball no local data for ms@https://registry.npmjs.org/ms/-/ms-2.0.0.tgz. Extracting by manifest.
5495 silly tarball no local data for finalhandler@https://registry.npmjs.org/finalhandler/-/finalhandler-1.3.2.tgz. Extracting by manifest.
5496 silly tarball no local data for clone@https://registry.npmjs.org/clone/-/clone-1.0.4.tgz. Extracting by manifest.
5497 silly tarball no local data for debug@https://registry.npmjs.org/debug/-/debug-4.3.7.tgz. Extracting by manifest.
5498 silly tarball no local data for yallist@https://registry.npmjs.org/yallist/-/yallist-5.0.0.tgz. Extracting by manifest.
5499 silly tarball no local data for glob@https://registry.npmjs.org/glob/-/glob-10.5.0.tgz. Extracting by manifest.
5500 silly tarball no local data for ws@https://registry.npmjs.org/ws/-/ws-8.17.1.tgz. Extracting by manifest.
5501 silly tarball no local data for tar@https://registry.npmjs.org/tar/-/tar-7.5.16.tgz. Extracting by manifest.
5502 silly tarball no local data for brace-expansion@https://registry.npmjs.org/brace-expansion/-/brace-expansion-2.1.1.tgz. Extracting by manifest.
5503 silly tarball no local data for lru-cache@https://registry.npmjs.org/lru-cache/-/lru-cache-10.4.3.tgz. Extracting by manifest.
5504 silly tarball no local data for minimatch@https://registry.npmjs.org/minimatch/-/minimatch-9.0.9.tgz. Extracting by manifest.
5505 silly tarball no local data for chownr@https://registry.npmjs.org/chownr/-/chownr-3.0.0.tgz. Extracting by manifest.
5506 silly tarball no local data for semver@https://registry.npmjs.org/semver/-/semver-6.3.1.tgz. Extracting by manifest.
5507 silly tarball no local data for negotiator@https://registry.npmjs.org/negotiator/-/negotiator-0.6.3.tgz. Extracting by manifest.
5508 silly tarball no local data for semver@https://registry.npmjs.org/semver/-/semver-7.7.1.tgz. Extracting by manifest.
5509 http fetch GET https://registry.npmjs.org/@angular/forms/-/forms-19.2.25.tgz attempt 1 failed with ECONNRESET
5510 http fetch GET https://registry.npmjs.org/@angular/platform-browser/-/platform-browser-19.2.25.tgz attempt 1 failed with ECONNRESET
5511 http fetch GET https://registry.npmjs.org/socks/-/socks-2.8.9.tgz attempt 1 failed with ECONNRESET
5512 http fetch GET https://registry.npmjs.org/@angular/compiler/-/compiler-19.2.25.tgz attempt 1 failed with ECONNRESET
5513 http fetch GET https://registry.npmjs.org/primeng/-/primeng-19.1.4.tgz attempt 1 failed with ECONNRESET
5514 http fetch GET https://registry.npmjs.org/minipass/-/minipass-7.1.3.tgz attempt 1 failed with ECONNRESET
5515 http fetch GET https://registry.npmjs.org/primeicons/-/primeicons-7.0.0.tgz attempt 1 failed with ECONNRESET
5516 http fetch GET https://registry.npmjs.org/magic-string/-/magic-string-0.30.17.tgz attempt 1 failed with ECONNRESET
5517 http fetch GET 200 https://registry.npmjs.org/@jsonjoy.com/codegen/-/codegen-1.0.0.tgz 69654ms (cache miss)
5518 http fetch GET https://registry.npmjs.org/@angular/forms/-/forms-19.2.25.tgz attempt 2 failed with ECONNRESET
5519 http fetch GET https://registry.npmjs.org/socks/-/socks-2.8.9.tgz attempt 2 failed with ECONNRESET
5520 http fetch GET https://registry.npmjs.org/@angular/platform-browser/-/platform-browser-19.2.25.tgz attempt 2 failed with ECONNRESET
5521 http fetch GET 200 https://registry.npmjs.org/@socket.io/component-emitter/-/component-emitter-3.1.2.tgz 103244ms (cache miss)
5522 http fetch GET 200 https://registry.npmjs.org/@types/cors/-/cors-2.8.19.tgz 103283ms (cache miss)
5523 http fetch GET 200 https://registry.npmjs.org/@jsonjoy.com/json-pointer/-/json-pointer-1.0.2.tgz 107361ms (cache miss)
5524 http fetch GET 200 https://registry.npmjs.org/@jridgewell/resolve-uri/-/resolve-uri-3.1.2.tgz 117030ms (cache miss)
5525 http fetch GET 200 https://registry.npmjs.org/@colors/colors/-/colors-1.5.0.tgz 116435ms (cache miss)
5526 warn deprecated rimraf@3.0.2: Rimraf versions prior to v4 are no longer supported
5527 warn deprecated glob@7.2.3: Glob versions prior to v9 are no longer supported
5528 http fetch GET 200 https://registry.npmjs.org/@yarnpkg/lockfile/-/lockfile-1.1.0.tgz 122806ms (cache miss)
5529 http fetch GET https://registry.npmjs.org/@angular/compiler/-/compiler-19.2.25.tgz attempt 2 failed with ECONNRESET
5530 http fetch GET https://registry.npmjs.org/minipass/-/minipass-7.1.3.tgz attempt 2 failed with ECONNRESET
5531 http fetch GET https://registry.npmjs.org/magic-string/-/magic-string-0.30.17.tgz attempt 2 failed with ECONNRESET
5532 http fetch GET https://registry.npmjs.org/primeicons/-/primeicons-7.0.0.tgz attempt 2 failed with ECONNRESET
5533 http fetch GET https://registry.npmjs.org/primeng/-/primeng-19.1.4.tgz attempt 2 failed with ECONNRESET
5534 http fetch GET 200 https://registry.npmjs.org/@istanbuljs/schema/-/schema-0.1.3.tgz 145607ms (cache miss)
5535 http fetch GET 200 https://registry.npmjs.org/@types/send/-/send-0.17.6.tgz 189744ms (cache miss)
5536 http fetch GET 200 https://registry.npmjs.org/cliui/-/cliui-8.0.1.tgz 189908ms (cache miss)
5537 http fetch GET 200 https://registry.npmjs.org/anymatch/-/anymatch-3.1.3.tgz 189845ms (cache miss)
5538 http fetch GET 200 https://registry.npmjs.org/ansi-styles/-/ansi-styles-4.3.0.tgz 211603ms (cache miss)
5539 http fetch GET 200 https://registry.npmjs.org/base64-js/-/base64-js-1.5.1.tgz 211731ms (cache miss)
5540 http fetch GET 200 https://registry.npmjs.org/ansi-regex/-/ansi-regex-5.0.1.tgz 211733ms (cache miss)
